Edge,Weighted frequency,Node_u_label,Node_v_label,Source_id,Target_id
1043469376771332113858820724324827897913309990452-1043469376771332113858820724324827897913309990452,14290.015489972282,LLC >,LLC >,1043469376771332113858820724324827897913309990452,1043469376771332113858820724324827897913309990452
1043469376771332113858820724324827897913309990452-1043754360836331848364792327262011021650379248223,638.1446616137974,LLC >,DNS >,1043469376771332113858820724324827897913309990452,1043754360836331848364792327262011021650379248223
1043469376771332113858820724324827897913309990452-1077028023530208599426324724984012030801332581683,767.6830262514268,LLC >,Time_To_Live >,1043469376771332113858820724324827897913309990452,1077028023530208599426324724984012030801332581683
1043469376771332113858820724324827897913309990452-1085488307210616684491611463585545838953333018237,132.32431110386435,LLC >,Type >,1043469376771332113858820724324827897913309990452,1085488307210616684491611463585545838953333018237
1043469376771332113858820724324827897913309990452-1091995366823138898995898948102109473193356840202,15466.792760476113,LLC >,DNS <=,1043469376771332113858820724324827897913309990452,1091995366823138898995898948102109473193356840202
1043469376771332113858820724324827897913309990452-109928824856976412487775174607761519739702474552,16229.343780079213,LLC >,Number <=,1043469376771332113858820724324827897913309990452,109928824856976412487775174607761519739702474552
1043469376771332113858820724324827897913309990452-1118614325010621431186771152252517336813918651911,1744.295745385882,LLC >,sum >,1043469376771332113858820724324827897913309990452,1118614325010621431186771152252517336813918651911
1043469376771332113858820724324827897913309990452-1184472685782376059334758133512718430805424685192,122.22321865318767,LLC >,SSH >,1043469376771332113858820724324827897913309990452,1184472685782376059334758133512718430805424685192
1043469376771332113858820724324827897913309990452-1232849963170894971818913290506039176322619533319,623.2374042067504,LLC >,psh_flag_number >,1043469376771332113858820724324827897913309990452,1232849963170894971818913290506039176322619533319
1043469376771332113858820724324827897913309990452-1233133706649643691022119102239698495899057226060,2007.4454958106069,LLC >,Time_To_Live <=,1043469376771332113858820724324827897913309990452,1233133706649643691022119102239698495899057226060
1043469376771332113858820724324827897913309990452-1236189254858718471128603624930063881324958313531,3629.322517528127,LLC >,HTTPS >,1043469376771332113858820724324827897913309990452,1236189254858718471128603624930063881324958313531
1043469376771332113858820724324827897913309990452-1239329028096551917906154637654656383307088642249,4.040436980270667,LLC >,cwr_flag_number <=,1043469376771332113858820724324827897913309990452,1239329028096551917906154637654656383307088642249
1043469376771332113858820724324827897913309990452-1251276136943778783713685275011300537715092657394,4788.129618720513,LLC >,fin_flag_number >,1043469376771332113858820724324827897913309990452,1251276136943778783713685275011300537715092657394
1043469376771332113858820724324827897913309990452-1329847435934461746074927120436757452470095790255,633.1755758114484,LLC >,Min >,1043469376771332113858820724324827897913309990452,1329847435934461746074927120436757452470095790255
1043469376771332113858820724324827897913309990452-1338222599102815322204523610829624561969283441716,19869.484241780323,LLC >,SSH <=,1043469376771332113858820724324827897913309990452,1338222599102815322204523610829624561969283441716
1043469376771332113858820724324827897913309990452-1345309773886921328764805451107636357621530213384,6994.354838709678,LLC >,Class -1,1043469376771332113858820724324827897913309990452,1345309773886921328764805451107636357621530213384
1043469376771332113858820724324827897913309990452-1375509225989204300559045429796274689340158771149,6479.280584148157,LLC >,rst_count <=,1043469376771332113858820724324827897913309990452,1375509225989204300559045429796274689340158771149
1043469376771332113858820724324827897913309990452-1379366653555122327876205020011632492492609315477,2238.4020870699496,LLC >,Type <=,1043469376771332113858820724324827897913309990452,1379366653555122327876205020011632492492609315477
1043469376771332113858820724324827897913309990452-1418162538066850581097605911983264533342366443794,4330.256873182098,LLC >,Header_Length <=,1043469376771332113858820724324827897913309990452,1418162538066850581097605911983264533342366443794
1043469376771332113858820724324827897913309990452-1429650867505148313720594668477948880050562903683,628.2879504320887,LLC >,syn_flag_number >,1043469376771332113858820724324827897913309990452,1429650867505148313720594668477948880050562903683
1043469376771332113858820724324827897913309990452-1454952188391427871478129207189215566009723810659,398.911691378739,LLC >,Std >,1043469376771332113858820724324827897913309990452,1454952188391427871478129207189215566009723810659
1043469376771332113858820724324827897913309990452-1455733501014453866297060548284701359849809242142,1058.5944888309148,LLC >,DHCP <=,1043469376771332113858820724324827897913309990452,1455733501014453866297060548284701359849809242142
1043469376771332113858820724324827897913309990452-153155765823982001952501641876618811106762500815,847.4816566117725,LLC >,ack_flag_number >,1043469376771332113858820724324827897913309990452,153155765823982001952501641876618811106762500815
1043469376771332113858820724324827897913309990452-160227321490815016489601533331665083666172936667,1569.7097668351541,LLC >,IGMP <=,1043469376771332113858820724324827897913309990452,160227321490815016489601533331665083666172936667
1043469376771332113858820724324827897913309990452-161772624339136553719839337862344762258727720981,1541.4267079732595,LLC >,ack_flag_number <=,1043469376771332113858820724324827897913309990452,161772624339136553719839337862344762258727720981
1043469376771332113858820724324827897913309990452-171982518954274878349485416184092168691833932185,52333.75998695581,LLC >,Class 1,1043469376771332113858820724324827897913309990452,171982518954274878349485416184092168691833932185
1043469376771332113858820724324827897913309990452-207766774224049171901964708681563529125144087827,328.2855046469917,LLC >,HTTP >,1043469376771332113858820724324827897913309990452,207766774224049171901964708681563529125144087827
1043469376771332113858820724324827897913309990452-215123608059624622405742600984392925785664489773,44797.57929077492,LLC >,Variance <=,1043469376771332113858820724324827897913309990452,215123608059624622405742600984392925785664489773
1043469376771332113858820724324827897913309990452-218607780770691257170847497927336330511308420255,7398.642918005712,LLC >,ack_count >,1043469376771332113858820724324827897913309990452,218607780770691257170847497927336330511308420255
1043469376771332113858820724324827897913309990452-223165296026140232481876277255273629987157553131,4175.302856571799,LLC >,Header_Length >,1043469376771332113858820724324827897913309990452,223165296026140232481876277255273629987157553131
1043469376771332113858820724324827897913309990452-335418722972519651500040442315750311827115323662,6744.450553063018,LLC >,Rate >,1043469376771332113858820724324827897913309990452,335418722972519651500040442315750311827115323662
1043469376771332113858820724324827897913309990452-337274849629170698169636561573185333120886675912,3.0303277352030005,LLC >,ece_flag_number >,1043469376771332113858820724324827897913309990452,337274849629170698169636561573185333120886675912
1043469376771332113858820724324827897913309990452-338730224709676774412755851787278702947952010784,9922.53120348406,LLC >,sum <=,1043469376771332113858820724324827897913309990452,338730224709676774412755851787278702947952010784
1043469376771332113858820724324827897913309990452-371266811264664269299964157380215767396824640058,242.3447583932507,LLC >,ICMP >,1043469376771332113858820724324827897913309990452,371266811264664269299964157380215767396824640058
1043469376771332113858820724324827897913309990452-378316838538499851440768051160724422589084218125,7616.223707810207,LLC >,IAT <=,1043469376771332113858820724324827897913309990452,378316838538499851440768051160724422589084218125
1043469376771332113858820724324827897913309990452-40351198695966294513339726256484683518911283460,4123.103017520237,LLC >,fin_flag_number <=,1043469376771332113858820724324827897913309990452,40351198695966294513339726256484683518911283460
1043469376771332113858820724324827897913309990452-426624906449189252299067265451872698344494536313,12304.222174592238,LLC >,Number >,1043469376771332113858820724324827897913309990452,426624906449189252299067265451872698344494536313
1043469376771332113858820724324827897913309990452-450410814915736770904937984733342042835793211647,2648.506440567422,LLC >,ece_flag_number <=,1043469376771332113858820724324827897913309990452,450410814915736770904937984733342042835793211647
1043469376771332113858820724324827897913309990452-475011065740486827108472353828139148231878458661,3378.24520179042,LLC >,syn_flag_number <=,1043469376771332113858820724324827897913309990452,475011065740486827108472353828139148231878458661
1043469376771332113858820724324827897913309990452-505469541859377927785473031559292540931343582537,5362.5885216412535,LLC >,ICMP <=,1043469376771332113858820724324827897913309990452,505469541859377927785473031559292540931343582537
1043469376771332113858820724324827897913309990452-520582048177068818674784514618258893555315007951,1541.1823267042914,LLC >,LLC <=,1043469376771332113858820724324827897913309990452,520582048177068818674784514618258893555315007951
1043469376771332113858820724324827897913309990452-565103970815292376991711972572924808853013487374,1.0101092450676668,LLC >,IGMP >,1043469376771332113858820724324827897913309990452,565103970815292376991711972572924808853013487374
1043469376771332113858820724324827897913309990452-629827923182617752624696690572530002196221478554,15.151638676015,LLC >,DHCP >,1043469376771332113858820724324827897913309990452,629827923182617752624696690572530002196221478554
1043469376771332113858820724324827897913309990452-681503808608794911981134712221284126975357543438,9485.935920430458,LLC >,syn_count <=,1043469376771332113858820724324827897913309990452,681503808608794911981134712221284126975357543438
1043469376771332113858820724324827897913309990452-684418957212367241623111035135876005715150589706,7034.400782651232,LLC >,HTTP <=,1043469376771332113858820724324827897913309990452,684418957212367241623111035135876005715150589706
1043469376771332113858820724324827897913309990452-714914936218336719861297767221934377853836589461,1670.3948496499636,LLC >,UDP >,1043469376771332113858820724324827897913309990452,714914936218336719861297767221934377853836589461
1043469376771332113858820724324827897913309990452-786396322989194697344344278946426998739971577495,10969.688648927273,LLC >,HTTPS <=,1043469376771332113858820724324827897913309990452,786396322989194697344344278946426998739971577495
1043469376771332113858820724324827897913309990452-795584812918386367255521286735341258439959854242,252.44585084392736,LLC >,syn_count >,1043469376771332113858820724324827897913309990452,795584812918386367255521286735341258439959854242
1043469376771332113858820724324827897913309990452-835140271881840015202809914014108690929910415575,5046.505788358063,LLC >,IAT >,1043469376771332113858820724324827897913309990452,835140271881840015202809914014108690929910415575
1043469376771332113858820724324827897913309990452-841356973986788424033641854148712928121319667477,3389.2749430631748,LLC >,Variance >,1043469376771332113858820724324827897913309990452,841356973986788424033641854148712928121319667477
1043469376771332113858820724324827897913309990452-841518471221275042570144506781210008737201997031,12764.750529920104,LLC >,Min <=,1043469376771332113858820724324827897913309990452,841518471221275042570144506781210008737201997031
1043469376771332113858820724324827897913309990452-843826879422383561066103188424018239931401286651,10538.388293367978,LLC >,ack_count <=,1043469376771332113858820724324827897913309990452,843826879422383561066103188424018239931401286651
1043469376771332113858820724324827897913309990452-896530251803066355404557928035950607124936193677,1421.223707810207,LLC >,psh_flag_number <=,1043469376771332113858820724324827897913309990452,896530251803066355404557928035950607124936193677
1043469376771332113858820724324827897913309990452-922599836131670820904126277297069322180441856169,19263.614199754895,LLC >,Rate <=,1043469376771332113858820724324827897913309990452,922599836131670820904126277297069322180441856169
1043469376771332113858820724324827897913309990452-926368966621798523173828527325665066772113177503,27295.31864897987,LLC >,UDP <=,1043469376771332113858820724324827897913309990452,926368966621798523173828527325665066772113177503
1043469376771332113858820724324827897913309990452-940331364486966071141541838460909450599289486914,1400.8911862320708,LLC >,rst_count >,1043469376771332113858820724324827897913309990452,940331364486966071141541838460909450599289486914
1043469376771332113858820724324827897913309990452-974265510705878984211701297112044370513255377925,6191.594954319046,LLC >,Std <=,1043469376771332113858820724324827897913309990452,974265510705878984211701297112044370513255377925
1043754360836331848364792327262011021650379248223-1043469376771332113858820724324827897913309990452,151.51638676015,DNS >,LLC >,1043754360836331848364792327262011021650379248223,1043469376771332113858820724324827897913309990452
1043754360836331848364792327262011021650379248223-1043754360836331848364792327262011021650379248223,1074.1045533680829,DNS >,DNS >,1043754360836331848364792327262011021650379248223,1043754360836331848364792327262011021650379248223
1043754360836331848364792327262011021650379248223-1077028023530208599426324724984012030801332581683,203.96060708067935,DNS >,Time_To_Live >,1043754360836331848364792327262011021650379248223,1077028023530208599426324724984012030801332581683
1043754360836331848364792327262011021650379248223-1085488307210616684491611463585545838953333018237,1654.672988013023,DNS >,Type >,1043754360836331848364792327262011021650379248223,1085488307210616684491611463585545838953333018237
1043754360836331848364792327262011021650379248223-1091995366823138898995898948102109473193356840202,681.8237404206751,DNS >,DNS <=,1043754360836331848364792327262011021650379248223,1091995366823138898995898948102109473193356840202
1043754360836331848364792327262011021650379248223-109928824856976412487775174607761519739702474552,57.57622696885701,DNS >,Number <=,1043754360836331848364792327262011021650379248223,109928824856976412487775174607761519739702474552
1043754360836331848364792327262011021650379248223-1118614325010621431186771152252517336813918651911,389.82070817313,DNS >,sum >,1043754360836331848364792327262011021650379248223,1118614325010621431186771152252517336813918651911
1043754360836331848364792327262011021650379248223-1184472685782376059334758133512718430805424685192,11.111201695744334,DNS >,SSH >,1043754360836331848364792327262011021650379248223,1184472685782376059334758133512718430805424685192
1043754360836331848364792327262011021650379248223-1232849963170894971818913290506039176322619533319,232.32512636556336,DNS >,psh_flag_number >,1043754360836331848364792327262011021650379248223,1232849963170894971818913290506039176322619533319
1043754360836331848364792327262011021650379248223-1233133706649643691022119102239698495899057226060,480.6490798062307,DNS >,Time_To_Live <=,1043754360836331848364792327262011021650379248223,1233133706649643691022119102239698495899057226060
1043754360836331848364792327262011021650379248223-1236189254858718471128603624930063881324958313531,213.13305070927768,DNS >,HTTPS >,1043754360836331848364792327262011021650379248223,1236189254858718471128603624930063881324958313531
1043754360836331848364792327262011021650379248223-1239329028096551917906154637654656383307088642249,223.152682736965,DNS >,cwr_flag_number <=,1043754360836331848364792327262011021650379248223,1239329028096551917906154637654656383307088642249
1043754360836331848364792327262011021650379248223-1251276136943778783713685275011300537715092657394,93.94015979129301,DNS >,fin_flag_number >,1043754360836331848364792327262011021650379248223,1251276136943778783713685275011300537715092657394
1043754360836331848364792327262011021650379248223-1329847435934461746074927120436757452470095790255,40.40436980270667,DNS >,Min >,1043754360836331848364792327262011021650379248223,1329847435934461746074927120436757452470095790255
1043754360836331848364792327262011021650379248223-1338222599102815322204523610829624561969283441716,121.21310940812,DNS >,SSH <=,1043754360836331848364792327262011021650379248223,1338222599102815322204523610829624561969283441716
1043754360836331848364792327262011021650379248223-1345309773886921328764805451107636357621530213384,2398.064516129032,DNS >,Class -1,1043754360836331848364792327262011021650379248223,1345309773886921328764805451107636357621530213384
1043754360836331848364792327262011021650379248223-1375509225989204300559045429796274689340158771149,49.49535300831567,DNS >,rst_count <=,1043754360836331848364792327262011021650379248223,1375509225989204300559045429796274689340158771149
1043754360836331848364792327262011021650379248223-1379366653555122327876205020011632492492609315477,790.9155388879831,DNS >,Type <=,1043754360836331848364792327262011021650379248223,1379366653555122327876205020011632492492609315477
1043754360836331848364792327262011021650379248223-1418162538066850581097605911983264533342366443794,92.93005054622535,DNS >,Header_Length <=,1043754360836331848364792327262011021650379248223,1418162538066850581097605911983264533342366443794
1043754360836331848364792327262011021650379248223-1429650867505148313720594668477948880050562903683,118.1013212499277,DNS >,syn_flag_number >,1043754360836331848364792327262011021650379248223,1429650867505148313720594668477948880050562903683
1043754360836331848364792327262011021650379248223-1454952188391427871478129207189215566009723810659,138.38496657427035,DNS >,Std >,1043754360836331848364792327262011021650379248223,1454952188391427871478129207189215566009723810659
1043754360836331848364792327262011021650379248223-1455733501014453866297060548284701359849809242142,373.7404206750367,DNS >,DHCP <=,1043754360836331848364792327262011021650379248223,1455733501014453866297060548284701359849809242142
1043754360836331848364792327262011021650379248223-153155765823982001952501641876618811106762500815,139.39507581933802,DNS >,ack_flag_number >,1043754360836331848364792327262011021650379248223,153155765823982001952501641876618811106762500815
1043754360836331848364792327262011021650379248223-160227321490815016489601533331665083666172936667,811.7205309194575,DNS >,IGMP <=,1043754360836331848364792327262011021650379248223,160227321490815016489601533331665083666172936667
1043754360836331848364792327262011021650379248223-161772624339136553719839337862344762258727720981,237.29421216791238,DNS >,ack_flag_number <=,1043754360836331848364792327262011021650379248223,161772624339136553719839337862344762258727720981
1043754360836331848364792327262011021650379248223-171982518954274878349485416184092168691833932185,5312.164519810859,DNS >,Class 1,1043754360836331848364792327262011021650379248223,171982518954274878349485416184092168691833932185
1043754360836331848364792327262011021650379248223-207766774224049171901964708681563529125144087827,87.87950432088701,DNS >,HTTP >,1043754360836331848364792327262011021650379248223,207766774224049171901964708681563529125144087827
1043754360836331848364792327262011021650379248223-215123608059624622405742600984392925785664489773,546.4691015816077,DNS >,Variance <=,1043754360836331848364792327262011021650379248223,215123608059624622405742600984392925785664489773
1043754360836331848364792327262011021650379248223-218607780770691257170847497927336330511308420255,236.36556334583403,DNS >,ack_count >,1043754360836331848364792327262011021650379248223,218607780770691257170847497927336330511308420255
1043754360836331848364792327262011021650379248223-223165296026140232481876277255273629987157553131,249.49698353171368,DNS >,Header_Length >,1043754360836331848364792327262011021650379248223,223165296026140232481876277255273629987157553131
1043754360836331848364792327262011021650379248223-335418722972519651500040442315750311827115323662,176.76911788684168,DNS >,Rate >,1043754360836331848364792327262011021650379248223,335418722972519651500040442315750311827115323662
1043754360836331848364792327262011021650379248223-338730224709676774412755851787278702947952010784,226.26447089515736,DNS >,sum <=,1043754360836331848364792327262011021650379248223,338730224709676774412755851787278702947952010784
1043754360836331848364792327262011021650379248223-371266811264664269299964157380215767396824640058,49.49535300831567,DNS >,ICMP >,1043754360836331848364792327262011021650379248223,371266811264664269299964157380215767396824640058
1043754360836331848364792327262011021650379248223-378316838538499851440768051160724422589084218125,3196.8328397931864,DNS >,IAT <=,1043754360836331848364792327262011021650379248223,378316838538499851440768051160724422589084218125
1043754360836331848364792327262011021650379248223-40351198695966294513339726256484683518911283460,617.1767487363444,DNS >,fin_flag_number <=,1043754360836331848364792327262011021650379248223,40351198695966294513339726256484683518911283460
1043754360836331848364792327262011021650379248223-450410814915736770904937984733342042835793211647,931.3207239523888,DNS >,ece_flag_number <=,1043754360836331848364792327262011021650379248223,450410814915736770904937984733342042835793211647
1043754360836331848364792327262011021650379248223-475011065740486827108472353828139148231878458661,434.2655149561074,DNS >,syn_flag_number <=,1043754360836331848364792327262011021650379248223,475011065740486827108472353828139148231878458661
1043754360836331848364792327262011021650379248223-505469541859377927785473031559292540931343582537,497.82093697238105,DNS >,ICMP <=,1043754360836331848364792327262011021650379248223,505469541859377927785473031559292540931343582537
1043754360836331848364792327262011021650379248223-510505520442458443414009447271658614884328320759,15.151638676015,DNS >,IRC <=,1043754360836331848364792327262011021650379248223,510505520442458443414009447271658614884328320759
1043754360836331848364792327262011021650379248223-520582048177068818674784514618258893555315007951,12.121310940812002,DNS >,LLC <=,1043754360836331848364792327262011021650379248223,520582048177068818674784514618258893555315007951
1043754360836331848364792327262011021650379248223-629827923182617752624696690572530002196221478554,2.0202184901353335,DNS >,DHCP >,1043754360836331848364792327262011021650379248223,629827923182617752624696690572530002196221478554
1043754360836331848364792327262011021650379248223-681503808608794911981134712221284126975357543438,285.8609163541497,DNS >,syn_count <=,1043754360836331848364792327262011021650379248223,681503808608794911981134712221284126975357543438
1043754360836331848364792327262011021650379248223-684418957212367241623111035135876005715150589706,160.607369965759,DNS >,HTTP <=,1043754360836331848364792327262011021650379248223,684418957212367241623111035135876005715150589706
1043754360836331848364792327262011021650379248223-714914936218336719861297767221934377853836589461,870.3883275563715,DNS >,UDP >,1043754360836331848364792327262011021650379248223,714914936218336719861297767221934377853836589461
1043754360836331848364792327262011021650379248223-786396322989194697344344278946426998739971577495,547.3162899806968,DNS >,HTTPS <=,1043754360836331848364792327262011021650379248223,786396322989194697344344278946426998739971577495
1043754360836331848364792327262011021650379248223-795584812918386367255521286735341258439959854242,16.161747921082668,DNS >,syn_count >,1043754360836331848364792327262011021650379248223,795584812918386367255521286735341258439959854242
1043754360836331848364792327262011021650379248223-835140271881840015202809914014108690929910415575,1011.6407010198661,DNS >,IAT >,1043754360836331848364792327262011021650379248223,835140271881840015202809914014108690929910415575
1043754360836331848364792327262011021650379248223-841356973986788424033641854148712928121319667477,82.82895809554867,DNS >,Variance >,1043754360836331848364792327262011021650379248223,841356973986788424033641854148712928121319667477
1043754360836331848364792327262011021650379248223-841518471221275042570144506781210008737201997031,253.45596008899503,DNS >,Min <=,1043754360836331848364792327262011021650379248223,841518471221275042570144506781210008737201997031
1043754360836331848364792327262011021650379248223-843826879422383561066103188424018239931401286651,491.6788210789857,DNS >,ack_count <=,1043754360836331848364792327262011021650379248223,843826879422383561066103188424018239931401286651
1043754360836331848364792327262011021650379248223-896530251803066355404557928035950607124936193677,163.637697700962,DNS >,psh_flag_number <=,1043754360836331848364792327262011021650379248223,896530251803066355404557928035950607124936193677
1043754360836331848364792327262011021650379248223-922599836131670820904126277297069322180441856169,553.458405874092,DNS >,Rate <=,1043754360836331848364792327262011021650379248223,922599836131670820904126277297069322180441856169
1043754360836331848364792327262011021650379248223-926368966621798523173828527325665066772113177503,686.8742866460134,DNS >,UDP <=,1043754360836331848364792327262011021650379248223,926368966621798523173828527325665066772113177503
1043754360836331848364792327262011021650379248223-974265510705878984211701297112044370513255377925,521.1349100319267,DNS >,Std <=,1043754360836331848364792327262011021650379248223,974265510705878984211701297112044370513255377925
1077028023530208599426324724984012030801332581683-1043469376771332113858820724324827897913309990452,808.0059356311441,Time_To_Live >,LLC >,1077028023530208599426324724984012030801332581683,1043469376771332113858820724324827897913309990452
1077028023530208599426324724984012030801332581683-1043754360836331848364792327262011021650379248223,205.9808255708147,Time_To_Live >,DNS >,1077028023530208599426324724984012030801332581683,1043754360836331848364792327262011021650379248223
1077028023530208599426324724984012030801332581683-1077028023530208599426324724984012030801332581683,5400.0440241317465,Time_To_Live >,Time_To_Live >,1077028023530208599426324724984012030801332581683,1077028023530208599426324724984012030801332581683
1077028023530208599426324724984012030801332581683-1085488307210616684491611463585545838953333018237,502.8714831977194,Time_To_Live >,Type >,1077028023530208599426324724984012030801332581683,1085488307210616684491611463585545838953333018237
1077028023530208599426324724984012030801332581683-1091995366823138898995898948102109473193356840202,1009.0991358225991,Time_To_Live >,DNS <=,1077028023530208599426324724984012030801332581683,1091995366823138898995898948102109473193356840202
1077028023530208599426324724984012030801332581683-109928824856976412487775174607761519739702474552,986.8767324311104,Time_To_Live >,Number <=,1077028023530208599426324724984012030801332581683,109928824856976412487775174607761519739702474552
1077028023530208599426324724984012030801332581683-1118614325010621431186771152252517336813918651911,1807.6067861331876,Time_To_Live >,sum >,1077028023530208599426324724984012030801332581683,1118614325010621431186771152252517336813918651911
1077028023530208599426324724984012030801332581683-1184472685782376059334758133512718430805424685192,114.14234469264635,Time_To_Live >,SSH >,1077028023530208599426324724984012030801332581683,1184472685782376059334758133512718430805424685192
1077028023530208599426324724984012030801332581683-1232849963170894971818913290506039176322619533319,607.0756562856677,Time_To_Live >,psh_flag_number >,1077028023530208599426324724984012030801332581683,1232849963170894971818913290506039176322619533319
1077028023530208599426324724984012030801332581683-1233133706649643691022119102239698495899057226060,10021.130899470343,Time_To_Live >,Time_To_Live <=,1077028023530208599426324724984012030801332581683,1233133706649643691022119102239698495899057226060
1077028023530208599426324724984012030801332581683-1236189254858718471128603624930063881324958313531,4428.318930376651,Time_To_Live >,HTTPS >,1077028023530208599426324724984012030801332581683,1236189254858718471128603624930063881324958313531
1077028023530208599426324724984012030801332581683-1239329028096551917906154637654656383307088642249,14.141529430947335,Time_To_Live >,cwr_flag_number <=,1077028023530208599426324724984012030801332581683,1239329028096551917906154637654656383307088642249
1077028023530208599426324724984012030801332581683-1251276136943778783713685275011300537715092657394,31.31338659709767,Time_To_Live >,fin_flag_number >,1077028023530208599426324724984012030801332581683,1251276136943778783713685275011300537715092657394
1077028023530208599426324724984012030801332581683-1329847435934461746074927120436757452470095790255,1169.6250453653688,Time_To_Live >,Min >,1077028023530208599426324724984012030801332581683,1329847435934461746074927120436757452470095790255
1077028023530208599426324724984012030801332581683-1338222599102815322204523610829624561969283441716,4552.480907096985,Time_To_Live >,SSH <=,1077028023530208599426324724984012030801332581683,1338222599102815322204523610829624561969283441716
1077028023530208599426324724984012030801332581683-1345309773886921328764805451107636357621530213384,3996.7741935483873,Time_To_Live >,Class -1,1077028023530208599426324724984012030801332581683,1345309773886921328764805451107636357621530213384
1077028023530208599426324724984012030801332581683-1375509225989204300559045429796274689340158771149,2293.9580955486713,Time_To_Live >,rst_count <=,1077028023530208599426324724984012030801332581683,1375509225989204300559045429796274689340158771149
1077028023530208599426324724984012030801332581683-1379366653555122327876205020011632492492609315477,4387.833100150955,Time_To_Live >,Type <=,1077028023530208599426324724984012030801332581683,1379366653555122327876205020011632492492609315477
1077028023530208599426324724984012030801332581683-1418162538066850581097605911983264533342366443794,1561.6288928746128,Time_To_Live >,Header_Length <=,1077028023530208599426324724984012030801332581683,1418162538066850581097605911983264533342366443794
1077028023530208599426324724984012030801332581683-1429650867505148313720594668477948880050562903683,362.6292189792924,Time_To_Live >,syn_flag_number >,1077028023530208599426324724984012030801332581683,1429650867505148313720594668477948880050562903683
1077028023530208599426324724984012030801332581683-1454952188391427871478129207189215566009723810659,1193.6232859780248,Time_To_Live >,Std >,1077028023530208599426324724984012030801332581683,1454952188391427871478129207189215566009723810659
1077028023530208599426324724984012030801332581683-1455733501014453866297060548284701359849809242142,3065.6815587803685,Time_To_Live >,DHCP <=,1077028023530208599426324724984012030801332581683,1455733501014453866297060548284701359849809242142
1077028023530208599426324724984012030801332581683-153155765823982001952501641876618811106762500815,2988.8317957322365,Time_To_Live >,ack_flag_number >,1077028023530208599426324724984012030801332581683,153155765823982001952501641876618811106762500815
1077028023530208599426324724984012030801332581683-160227321490815016489601533331665083666172936667,1334.3543127343878,Time_To_Live >,IGMP <=,1077028023530208599426324724984012030801332581683,160227321490815016489601533331665083666172936667
1077028023530208599426324724984012030801332581683-161772624339136553719839337862344762258727720981,8974.331879888283,Time_To_Live >,ack_flag_number <=,1077028023530208599426324724984012030801332581683,161772624339136553719839337862344762258727720981
1077028023530208599426324724984012030801332581683-171982518954274878349485416184092168691833932185,25570.915538887984,Time_To_Live >,Class 1,1077028023530208599426324724984012030801332581683,171982518954274878349485416184092168691833932185
1077028023530208599426324724984012030801332581683-207766774224049171901964708681563529125144087827,369.69998369476605,Time_To_Live >,HTTP >,1077028023530208599426324724984012030801332581683,207766774224049171901964708681563529125144087827
1077028023530208599426324724984012030801332581683-215123608059624622405742600984392925785664489773,2366.604500770554,Time_To_Live >,Variance <=,1077028023530208599426324724984012030801332581683,215123608059624622405742600984392925785664489773
1077028023530208599426324724984012030801332581683-218607780770691257170847497927336330511308420255,2940.0207102770314,Time_To_Live >,ack_count >,1077028023530208599426324724984012030801332581683,218607780770691257170847497927336330511308420255
1077028023530208599426324724984012030801332581683-223165296026140232481876277255273629987157553131,3916.193543127344,Time_To_Live >,Header_Length >,1077028023530208599426324724984012030801332581683,223165296026140232481876277255273629987157553131
1077028023530208599426324724984012030801332581683-335418722972519651500040442315750311827115323662,1458.5977498777108,Time_To_Live >,Rate >,1077028023530208599426324724984012030801332581683,335418722972519651500040442315750311827115323662
1077028023530208599426324724984012030801332581683-337274849629170698169636561573185333120886675912,13.131420185879668,Time_To_Live >,ece_flag_number >,1077028023530208599426324724984012030801332581683,337274849629170698169636561573185333120886675912
1077028023530208599426324724984012030801332581683-338730224709676774412755851787278702947952010784,10008.162400130443,Time_To_Live >,sum <=,1077028023530208599426324724984012030801332581683,338730224709676774412755851787278702947952010784
1077028023530208599426324724984012030801332581683-371266811264664269299964157380215767396824640058,18.181966411218003,Time_To_Live >,ICMP >,1077028023530208599426324724984012030801332581683,371266811264664269299964157380215767396824640058
1077028023530208599426324724984012030801332581683-378316838538499851440768051160724422589084218125,6433.222860989991,Time_To_Live >,IAT <=,1077028023530208599426324724984012030801332581683,378316838538499851440768051160724422589084218125
1077028023530208599426324724984012030801332581683-40351198695966294513339726256484683518911283460,4629.3306701451165,Time_To_Live >,fin_flag_number <=,1077028023530208599426324724984012030801332581683,40351198695966294513339726256484683518911283460
1077028023530208599426324724984012030801332581683-450410814915736770904937984733342042835793211647,19.192075656285667,Time_To_Live >,ece_flag_number <=,1077028023530208599426324724984012030801332581683,450410814915736770904937984733342042835793211647
1077028023530208599426324724984012030801332581683-475011065740486827108472353828139148231878458661,3888.8391330875274,Time_To_Live >,syn_flag_number <=,1077028023530208599426324724984012030801332581683,475011065740486827108472353828139148231878458661
1077028023530208599426324724984012030801332581683-505469541859377927785473031559292540931343582537,711.1169085276374,Time_To_Live >,ICMP <=,1077028023530208599426324724984012030801332581683,505469541859377927785473031559292540931343582537
1077028023530208599426324724984012030801332581683-520582048177068818674784514618258893555315007951,290.91146257948805,Time_To_Live >,LLC <=,1077028023530208599426324724984012030801332581683,520582048177068818674784514618258893555315007951
1077028023530208599426324724984012030801332581683-629827923182617752624696690572530002196221478554,115.07099351472469,Time_To_Live >,DHCP >,1077028023530208599426324724984012030801332581683,629827923182617752624696690572530002196221478554
1077028023530208599426324724984012030801332581683-681503808608794911981134712221284126975357543438,8140.29119306975,Time_To_Live >,syn_count <=,1077028023530208599426324724984012030801332581683,681503808608794911981134712221284126975357543438
1077028023530208599426324724984012030801332581683-684418957212367241623111035135876005715150589706,4151.386076382131,Time_To_Live >,HTTP <=,1077028023530208599426324724984012030801332581683,684418957212367241623111035135876005715150589706
1077028023530208599426324724984012030801332581683-714914936218336719861297767221934377853836589461,571.7218327082994,Time_To_Live >,UDP >,1077028023530208599426324724984012030801332581683,714914936218336719861297767221934377853836589461
1077028023530208599426324724984012030801332581683-786396322989194697344344278946426998739971577495,2984.98686376714,Time_To_Live >,HTTPS <=,1077028023530208599426324724984012030801332581683,786396322989194697344344278946426998739971577495
1077028023530208599426324724984012030801332581683-795584812918386367255521286735341258439959854242,233.17231476465236,Time_To_Live >,syn_count >,1077028023530208599426324724984012030801332581683,795584812918386367255521286735341258439959854242
1077028023530208599426324724984012030801332581683-835140271881840015202809914014108690929910415575,5611.026519674106,Time_To_Live >,IAT >,1077028023530208599426324724984012030801332581683,835140271881840015202809914014108690929910415575
1077028023530208599426324724984012030801332581683-841356973986788424033641854148712928121319667477,297.9822272949617,Time_To_Live >,Variance >,1077028023530208599426324724984012030801332581683,841356973986788424033641854148712928121319667477
1077028023530208599426324724984012030801332581683-841518471221275042570144506781210008737201997031,5164.525649185001,Time_To_Live >,Min <=,1077028023530208599426324724984012030801332581683,841518471221275042570144506781210008737201997031
1077028023530208599426324724984012030801332581683-843826879422383561066103188424018239931401286651,2567.5673642852257,Time_To_Live >,ack_count <=,1077028023530208599426324724984012030801332581683,843826879422383561066103188424018239931401286651
1077028023530208599426324724984012030801332581683-896530251803066355404557928035950607124936193677,1623.0826359777618,Time_To_Live >,psh_flag_number <=,1077028023530208599426324724984012030801332581683,896530251803066355404557928035950607124936193677
1077028023530208599426324724984012030801332581683-922599836131670820904126277297069322180441856169,4146.416990579783,Time_To_Live >,Rate <=,1077028023530208599426324724984012030801332581683,922599836131670820904126277297069322180441856169
1077028023530208599426324724984012030801332581683-926368966621798523173828527325665066772113177503,3087.903962171857,Time_To_Live >,UDP <=,1077028023530208599426324724984012030801332581683,926368966621798523173828527325665066772113177503
1077028023530208599426324724984012030801332581683-940331364486966071141541838460909450599289486914,15.151638676015,Time_To_Live >,rst_count >,1077028023530208599426324724984012030801332581683,940331364486966071141541838460909450599289486914
1077028023530208599426324724984012030801332581683-974265510705878984211701297112044370513255377925,3148.8689427370705,Time_To_Live >,Std <=,1077028023530208599426324724984012030801332581683,974265510705878984211701297112044370513255377925
1085488307210616684491611463585545838953333018237-1043469376771332113858820724324827897913309990452,117.17267242784935,Type >,LLC >,1085488307210616684491611463585545838953333018237,1043469376771332113858820724324827897913309990452
1085488307210616684491611463585545838953333018237-1043754360836331848364792327262011021650379248223,1110.8757883054654,Type >,DNS >,1085488307210616684491611463585545838953333018237,1043754360836331848364792327262011021650379248223
1085488307210616684491611463585545838953333018237-1077028023530208599426324724984012030801332581683,289.9013533344204,Type >,Time_To_Live >,1085488307210616684491611463585545838953333018237,1077028023530208599426324724984012030801332581683
1085488307210616684491611463585545838953333018237-1091995366823138898995898948102109473193356840202,3573.277746511469,Type >,DNS <=,1085488307210616684491611463585545838953333018237,1091995366823138898995898948102109473193356840202
1085488307210616684491611463585545838953333018237-109928824856976412487775174607761519739702474552,275.6783634804837,Type >,Number <=,1085488307210616684491611463585545838953333018237,109928824856976412487775174607761519739702474552
1085488307210616684491611463585545838953333018237-1118614325010621431186771152252517336813918651911,672.5698363690874,Type >,sum >,1085488307210616684491611463585545838953333018237,1118614325010621431186771152252517336813918651911
1085488307210616684491611463585545838953333018237-1184472685782376059334758133512718430805424685192,5.0505462253383335,Type >,SSH >,1085488307210616684491611463585545838953333018237,1184472685782376059334758133512718430805424685192
1085488307210616684491611463585545838953333018237-1232849963170894971818913290506039176322619533319,285.8609163541497,Type >,psh_flag_number >,1085488307210616684491611463585545838953333018237,1232849963170894971818913290506039176322619533319
1085488307210616684491611463585545838953333018237-1233133706649643691022119102239698495899057226060,804.0469590738627,Type >,Time_To_Live <=,1085488307210616684491611463585545838953333018237,1233133706649643691022119102239698495899057226060
1085488307210616684491611463585545838953333018237-1236189254858718471128603624930063881324958313531,1200.0097831403882,Type >,HTTPS >,1085488307210616684491611463585545838953333018237,1236189254858718471128603624930063881324958313531
1085488307210616684491611463585545838953333018237-1239329028096551917906154637654656383307088642249,6.060655470406001,Type >,cwr_flag_number <=,1085488307210616684491611463585545838953333018237,1239329028096551917906154637654656383307088642249
1085488307210616684491611463585545838953333018237-1251276136943778783713685275011300537715092657394,42.424588292842,Type >,fin_flag_number >,1085488307210616684491611463585545838953333018237,1251276136943778783713685275011300537715092657394
1085488307210616684491611463585545838953333018237-1329847435934461746074927120436757452470095790255,420.97117392424906,Type >,Min >,1085488307210616684491611463585545838953333018237,1329847435934461746074927120436757452470095790255
1085488307210616684491611463585545838953333018237-1338222599102815322204523610829624561969283441716,108.08168922224034,Type >,SSH <=,1085488307210616684491611463585545838953333018237,1338222599102815322204523610829624561969283441716
1085488307210616684491611463585545838953333018237-1345309773886921328764805451107636357621530213384,3497.177419354839,Type >,Class -1,1085488307210616684491611463585545838953333018237,1345309773886921328764805451107636357621530213384
1085488307210616684491611463585545838953333018237-1375509225989204300559045429796274689340158771149,599.8419707242153,Type >,rst_count <=,1085488307210616684491611463585545838953333018237,1375509225989204300559045429796274689340158771149
1085488307210616684491611463585545838953333018237-1418162538066850581097605911983264533342366443794,191.83929613986734,Type >,Header_Length <=,1085488307210616684491611463585545838953333018237,1418162538066850581097605911983264533342366443794
1085488307210616684491611463585545838953333018237-1429650867505148313720594668477948880050562903683,526.0225354112864,Type >,syn_flag_number >,1085488307210616684491611463585545838953333018237,1429650867505148313720594668477948880050562903683
1085488307210616684491611463585545838953333018237-1454952188391427871478129207189215566009723810659,438.3874123593674,Type >,Std >,1085488307210616684491611463585545838953333018237,1454952188391427871478129207189215566009723810659
1085488307210616684491611463585545838953333018237-1455733501014453866297060548284701359849809242142,17060.74514919289,Type >,DHCP <=,1085488307210616684491611463585545838953333018237,1455733501014453866297060548284701359849809242142
1085488307210616684491611463585545838953333018237-153155765823982001952501641876618811106762500815,1468.6988423283874,Type >,ack_flag_number >,1085488307210616684491611463585545838953333018237,153155765823982001952501641876618811106762500815
1085488307210616684491611463585545838953333018237-160227321490815016489601533331665083666172936667,19.192075656285667,Type >,IGMP <=,1085488307210616684491611463585545838953333018237,160227321490815016489601533331665083666172936667
1085488307210616684491611463585545838953333018237-161772624339136553719839337862344762258727720981,615.0750698232197,Type >,ack_flag_number <=,1085488307210616684491611463585545838953333018237,161772624339136553719839337862344762258727720981
1085488307210616684491611463585545838953333018237-171982518954274878349485416184092168691833932185,4840.443502364259,Type >,Class 1,1085488307210616684491611463585545838953333018237,171982518954274878349485416184092168691833932185
1085488307210616684491611463585545838953333018237-207766774224049171901964708681563529125144087827,76.76830262514267,Type >,HTTP >,1085488307210616684491611463585545838953333018237,207766774224049171901964708681563529125144087827
1085488307210616684491611463585545838953333018237-215123608059624622405742600984392925785664489773,2357.7904830031084,Type >,Variance <=,1085488307210616684491611463585545838953333018237,215123608059624622405742600984392925785664489773
1085488307210616684491611463585545838953333018237-218607780770691257170847497927336330511308420255,1983.7730968899082,Type >,ack_count >,1085488307210616684491611463585545838953333018237,218607780770691257170847497927336330511308420255
1085488307210616684491611463585545838953333018237-223165296026140232481876277255273629987157553131,514.064145316453,Type >,Header_Length >,1085488307210616684491611463585545838953333018237,223165296026140232481876277255273629987157553131
1085488307210616684491611463585545838953333018237-335418722972519651500040442315750311827115323662,1661.5808318825182,Type >,Rate >,1085488307210616684491611463585545838953333018237,335418722972519651500040442315750311827115323662
1085488307210616684491611463585545838953333018237-337274849629170698169636561573185333120886675912,11.111201695744334,Type >,ece_flag_number >,1085488307210616684491611463585545838953333018237,337274849629170698169636561573185333120886675912
1085488307210616684491611463585545838953333018237-338730224709676774412755851787278702947952010784,977.7857492255014,Type >,sum <=,1085488307210616684491611463585545838953333018237,338730224709676774412755851787278702947952010784
1085488307210616684491611463585545838953333018237-371266811264664269299964157380215767396824640058,197.89995161027338,Type >,ICMP >,1085488307210616684491611463585545838953333018237,371266811264664269299964157380215767396824640058
1085488307210616684491611463585545838953333018237-378316838538499851440768051160724422589084218125,1596.9012560289918,Type >,IAT <=,1085488307210616684491611463585545838953333018237,378316838538499851440768051160724422589084218125
1085488307210616684491611463585545838953333018237-40351198695966294513339726256484683518911283460,1087.8876569378772,Type >,fin_flag_number <=,1085488307210616684491611463585545838953333018237,40351198695966294513339726256484683518911283460
1085488307210616684491611463585545838953333018237-450410814915736770904937984733342042835793211647,4749.077491939429,Type >,ece_flag_number <=,1085488307210616684491611463585545838953333018237,450410814915736770904937984733342042835793211647
1085488307210616684491611463585545838953333018237-475011065740486827108472353828139148231878458661,1654.1516413058914,Type >,syn_flag_number <=,1085488307210616684491611463585545838953333018237,475011065740486827108472353828139148231878458661
1085488307210616684491611463585545838953333018237-505469541859377927785473031559292540931343582537,175.75900864177402,Type >,ICMP <=,1085488307210616684491611463585545838953333018237,505469541859377927785473031559292540931343582537
1085488307210616684491611463585545838953333018237-510505520442458443414009447271658614884328320759,111.03055653445402,Type >,IRC <=,1085488307210616684491611463585545838953333018237,510505520442458443414009447271658614884328320759
1085488307210616684491611463585545838953333018237-520582048177068818674784514618258893555315007951,245.29362570546436,Type >,LLC <=,1085488307210616684491611463585545838953333018237,520582048177068818674784514618258893555315007951
1085488307210616684491611463585545838953333018237-629827923182617752624696690572530002196221478554,487.63838409871505,Type >,DHCP >,1085488307210616684491611463585545838953333018237,629827923182617752624696690572530002196221478554
1085488307210616684491611463585545838953333018237-681503808608794911981134712221284126975357543438,727.9629240018304,Type >,syn_count <=,1085488307210616684491611463585545838953333018237,681503808608794911981134712221284126975357543438
1085488307210616684491611463585545838953333018237-684418957212367241623111035135876005715150589706,832.3300179357574,Type >,HTTP <=,1085488307210616684491611463585545838953333018237,684418957212367241623111035135876005715150589706
1085488307210616684491611463585545838953333018237-714914936218336719861297767221934377853836589461,554.549975542149,Type >,UDP >,1085488307210616684491611463585545838953333018237,714914936218336719861297767221934377853836589461
1085488307210616684491611463585545838953333018237-786396322989194697344344278946426998739971577495,1358.3525533470438,Type >,HTTPS <=,1085488307210616684491611463585545838953333018237,786396322989194697344344278946426998739971577495
1085488307210616684491611463585545838953333018237-795584812918386367255521286735341258439959854242,33.333605087233,Type >,syn_count >,1085488307210616684491611463585545838953333018237,795584812918386367255521286735341258439959854242
1085488307210616684491611463585545838953333018237-835140271881840015202809914014108690929910415575,1398.5125418807825,Type >,IAT >,1085488307210616684491611463585545838953333018237,835140271881840015202809914014108690929910415575
1085488307210616684491611463585545838953333018237-841356973986788424033641854148712928121319667477,952.2071764068525,Type >,Variance >,1085488307210616684491611463585545838953333018237,841356973986788424033641854148712928121319667477
1085488307210616684491611463585545838953333018237-841518471221275042570144506781210008737201997031,2114.354154941801,Type >,Min <=,1085488307210616684491611463585545838953333018237,841518471221275042570144506781210008737201997031
1085488307210616684491611463585545838953333018237-843826879422383561066103188424018239931401286651,945.8206792444892,Type >,ack_count <=,1085488307210616684491611463585545838953333018237,843826879422383561066103188424018239931401286651
1085488307210616684491611463585545838953333018237-896530251803066355404557928035950607124936193677,993.947497146584,Type >,psh_flag_number <=,1085488307210616684491611463585545838953333018237,896530251803066355404557928035950607124936193677
1085488307210616684491611463585545838953333018237-922599836131670820904126277297069322180441856169,1140.9346843885276,Type >,Rate <=,1085488307210616684491611463585545838953333018237,922599836131670820904126277297069322180441856169
1085488307210616684491611463585545838953333018237-926368966621798523173828527325665066772113177503,1490.6768644509082,Type >,UDP <=,1085488307210616684491611463585545838953333018237,926368966621798523173828527325665066772113177503
1085488307210616684491611463585545838953333018237-940331364486966071141541838460909450599289486914,1.0101092450676668,Type >,rst_count >,1085488307210616684491611463585545838953333018237,940331364486966071141541838460909450599289486914
1085488307210616684491611463585545838953333018237-974265510705878984211701297112044370513255377925,1031.3215392140878,Type >,Std <=,1085488307210616684491611463585545838953333018237,974265510705878984211701297112044370513255377925
1091995366823138898995898948102109473193356840202-1043469376771332113858820724324827897913309990452,7537.435186694929,DNS <=,LLC >,1091995366823138898995898948102109473193356840202,1043469376771332113858820724324827897913309990452
1091995366823138898995898948102109473193356840202-1043754360836331848364792327262011021650379248223,432.32675688896137,DNS <=,DNS >,1091995366823138898995898948102109473193356840202,1043754360836331848364792327262011021650379248223
1091995366823138898995898948102109473193356840202-1077028023530208599426324724984012030801332581683,898.9972281102234,DNS <=,Time_To_Live >,1091995366823138898995898948102109473193356840202,1077028023530208599426324724984012030801332581683
1091995366823138898995898948102109473193356840202-1085488307210616684491611463585545838953333018237,2721.7556529194258,DNS <=,Type >,1091995366823138898995898948102109473193356840202,1085488307210616684491611463585545838953333018237
1091995366823138898995898948102109473193356840202-1091995366823138898995898948102109473193356840202,989.9070601663134,DNS <=,DNS <=,1091995366823138898995898948102109473193356840202,1091995366823138898995898948102109473193356840202
1091995366823138898995898948102109473193356840202-109928824856976412487775174607761519739702474552,12778.810598928063,DNS <=,Number <=,1091995366823138898995898948102109473193356840202,109928824856976412487775174607761519739702474552
1091995366823138898995898948102109473193356840202-1118614325010621431186771152252517336813918651911,4135.224328461049,DNS <=,sum >,1091995366823138898995898948102109473193356840202,1118614325010621431186771152252517336813918651911
1091995366823138898995898948102109473193356840202-1184472685782376059334758133512718430805424685192,68.68742866460134,DNS <=,SSH >,1091995366823138898995898948102109473193356840202,1184472685782376059334758133512718430805424685192
1091995366823138898995898948102109473193356840202-1232849963170894971818913290506039176322619533319,7408.988391725357,DNS <=,psh_flag_number >,1091995366823138898995898948102109473193356840202,1232849963170894971818913290506039176322619533319
1091995366823138898995898948102109473193356840202-1233133706649643691022119102239698495899057226060,3720.672235868359,DNS <=,Time_To_Live <=,1091995366823138898995898948102109473193356840202,1233133706649643691022119102239698495899057226060
1091995366823138898995898948102109473193356840202-1236189254858718471128603624930063881324958313531,5348.528452633295,DNS <=,HTTPS >,1091995366823138898995898948102109473193356840202,1236189254858718471128603624930063881324958313531
1091995366823138898995898948102109473193356840202-1239329028096551917906154637654656383307088642249,1142.433556171531,DNS <=,cwr_flag_number <=,1091995366823138898995898948102109473193356840202,1239329028096551917906154637654656383307088642249
1091995366823138898995898948102109473193356840202-1251276136943778783713685275011300537715092657394,209.0111533060177,DNS <=,fin_flag_number >,1091995366823138898995898948102109473193356840202,1251276136943778783713685275011300537715092657394
1091995366823138898995898948102109473193356840202-1329847435934461746074927120436757452470095790255,487.882765367683,DNS <=,Min >,1091995366823138898995898948102109473193356840202,1329847435934461746074927120436757452470095790255
1091995366823138898995898948102109473193356840202-1338222599102815322204523610829624561969283441716,1491.8498945419544,DNS <=,SSH <=,1091995366823138898995898948102109473193356840202,1338222599102815322204523610829624561969283441716
1091995366823138898995898948102109473193356840202-1345309773886921328764805451107636357621530213384,7194.193548387097,DNS <=,Class -1,1091995366823138898995898948102109473193356840202,1345309773886921328764805451107636357621530213384
1091995366823138898995898948102109473193356840202-1375509225989204300559045429796274689340158771149,763.6425892711561,DNS <=,rst_count <=,1091995366823138898995898948102109473193356840202,1375509225989204300559045429796274689340158771149
1091995366823138898995898948102109473193356840202-1379366653555122327876205020011632492492609315477,8950.447683867813,DNS <=,Type <=,1091995366823138898995898948102109473193356840202,1379366653555122327876205020011632492492609315477
1091995366823138898995898948102109473193356840202-1418162538066850581097605911983264533342366443794,4321.931617952589,DNS <=,Header_Length <=,1091995366823138898995898948102109473193356840202,1418162538066850581097605911983264533342366443794
1091995366823138898995898948102109473193356840202-1429650867505148313720594668477948880050562903683,3556.8553252368206,DNS <=,syn_flag_number >,1091995366823138898995898948102109473193356840202,1429650867505148313720594668477948880050562903683
1091995366823138898995898948102109473193356840202-1454952188391427871478129207189215566009723810659,487.882765367683,DNS <=,Std >,1091995366823138898995898948102109473193356840202,1454952188391427871478129207189215566009723810659
1091995366823138898995898948102109473193356840202-1455733501014453866297060548284701359849809242142,5998.550043918937,DNS <=,DHCP <=,1091995366823138898995898948102109473193356840202,1455733501014453866297060548284701359849809242142
1091995366823138898995898948102109473193356840202-153155765823982001952501641876618811106762500815,240.40600032610467,DNS <=,ack_flag_number >,1091995366823138898995898948102109473193356840202,153155765823982001952501641876618811106762500815
1091995366823138898995898948102109473193356840202-160227321490815016489601533331665083666172936667,3836.3949127669985,DNS <=,IGMP <=,1091995366823138898995898948102109473193356840202,160227321490815016489601533331665083666172936667
1091995366823138898995898948102109473193356840202-161772624339136553719839337862344762258727720981,1987.7646576163852,DNS <=,ack_flag_number <=,1091995366823138898995898948102109473193356840202,161772624339136553719839337862344762258727720981
1091995366823138898995898948102109473193356840202-171982518954274878349485416184092168691833932185,40457.90559269526,DNS <=,Class 1,1091995366823138898995898948102109473193356840202,171982518954274878349485416184092168691833932185
1091995366823138898995898948102109473193356840202-207766774224049171901964708681563529125144087827,2520.6950368971666,DNS <=,HTTP >,1091995366823138898995898948102109473193356840202,207766774224049171901964708681563529125144087827
1091995366823138898995898948102109473193356840202-215123608059624622405742600984392925785664489773,8527.260786438253,DNS <=,Variance <=,1091995366823138898995898948102109473193356840202,215123608059624622405742600984392925785664489773
1091995366823138898995898948102109473193356840202-218607780770691257170847497927336330511308420255,10155.638349910321,DNS <=,ack_count >,1091995366823138898995898948102109473193356840202,218607780770691257170847497927336330511308420255
1091995366823138898995898948102109473193356840202-223165296026140232481876277255273629987157553131,8964.230787437606,DNS <=,Header_Length >,1091995366823138898995898948102109473193356840202,223165296026140232481876277255273629987157553131
1091995366823138898995898948102109473193356840202-335418722972519651500040442315750311827115323662,2434.9172114894045,DNS <=,Rate >,1091995366823138898995898948102109473193356840202,335418722972519651500040442315750311827115323662
1091995366823138898995898948102109473193356840202-337274849629170698169636561573185333120886675912,4.040436980270667,DNS <=,ece_flag_number >,1091995366823138898995898948102109473193356840202,337274849629170698169636561573185333120886675912
1091995366823138898995898948102109473193356840202-338730224709676774412755851787278702947952010784,10998.069460296756,DNS <=,sum <=,1091995366823138898995898948102109473193356840202,338730224709676774412755851787278702947952010784
1091995366823138898995898948102109473193356840202-371266811264664269299964157380215767396824640058,205.05217674873634,DNS <=,ICMP >,1091995366823138898995898948102109473193356840202,371266811264664269299964157380215767396824640058
1091995366823138898995898948102109473193356840202-378316838538499851440768051160724422589084218125,21846.31691063154,DNS <=,IAT <=,1091995366823138898995898948102109473193356840202,378316838538499851440768051160724422589084218125
1091995366823138898995898948102109473193356840202-40351198695966294513339726256484683518911283460,3824.8764089563074,DNS <=,fin_flag_number <=,1091995366823138898995898948102109473193356840202,40351198695966294513339726256484683518911283460
1091995366823138898995898948102109473193356840202-426624906449189252299067265451872698344494536313,12598.929692883028,DNS <=,Number >,1091995366823138898995898948102109473193356840202,426624906449189252299067265451872698344494536313
1091995366823138898995898948102109473193356840202-450410814915736770904937984733342042835793211647,8453.995282001652,DNS <=,ece_flag_number <=,1091995366823138898995898948102109473193356840202,450410814915736770904937984733342042835793211647
1091995366823138898995898948102109473193356840202-475011065740486827108472353828139148231878458661,19293.26579372301,DNS <=,syn_flag_number <=,1091995366823138898995898948102109473193356840202,475011065740486827108472353828139148231878458661
1091995366823138898995898948102109473193356840202-505469541859377927785473031559292540931343582537,3522.250937550954,DNS <=,ICMP <=,1091995366823138898995898948102109473193356840202,505469541859377927785473031559292540931343582537
1091995366823138898995898948102109473193356840202-510505520442458443414009447271658614884328320759,22.22240339148867,DNS <=,IRC <=,1091995366823138898995898948102109473193356840202,510505520442458443414009447271658614884328320759
1091995366823138898995898948102109473193356840202-520582048177068818674784514618258893555315007951,149.4961682700147,DNS <=,LLC <=,1091995366823138898995898948102109473193356840202,520582048177068818674784514618258893555315007951
1091995366823138898995898948102109473193356840202-565103970815292376991711972572924808853013487374,2.0202184901353335,DNS <=,IGMP >,1091995366823138898995898948102109473193356840202,565103970815292376991711972572924808853013487374
1091995366823138898995898948102109473193356840202-629827923182617752624696690572530002196221478554,117.09121200486001,DNS <=,DHCP >,1091995366823138898995898948102109473193356840202,629827923182617752624696690572530002196221478554
1091995366823138898995898948102109473193356840202-681503808608794911981134712221284126975357543438,4408.116745475298,DNS <=,syn_count <=,1091995366823138898995898948102109473193356840202,681503808608794911981134712221284126975357543438
1091995366823138898995898948102109473193356840202-684418957212367241623111035135876005715150589706,1290.9196151964782,DNS <=,HTTP <=,1091995366823138898995898948102109473193356840202,684418957212367241623111035135876005715150589706
1091995366823138898995898948102109473193356840202-714914936218336719861297767221934377853836589461,2585.7982069502377,DNS <=,UDP >,1091995366823138898995898948102109473193356840202,714914936218336719861297767221934377853836589461
1091995366823138898995898948102109473193356840202-786396322989194697344344278946426998739971577495,1109.947139483387,DNS <=,HTTPS <=,1091995366823138898995898948102109473193356840202,786396322989194697344344278946426998739971577495
1091995366823138898995898948102109473193356840202-795584812918386367255521286735341258439959854242,351.27363601458006,DNS <=,syn_count >,1091995366823138898995898948102109473193356840202,795584812918386367255521286735341258439959854242
1091995366823138898995898948102109473193356840202-835140271881840015202809914014108690929910415575,3485.887004728518,DNS <=,IAT >,1091995366823138898995898948102109473193356840202,835140271881840015202809914014108690929910415575
1091995366823138898995898948102109473193356840202-841356973986788424033641854148712928121319667477,633.3384966574271,DNS <=,Variance >,1091995366823138898995898948102109473193356840202,841356973986788424033641854148712928121319667477
1091995366823138898995898948102109473193356840202-841518471221275042570144506781210008737201997031,15882.51788315985,DNS <=,Min <=,1091995366823138898995898948102109473193356840202,841518471221275042570144506781210008737201997031
1091995366823138898995898948102109473193356840202-843826879422383561066103188424018239931401286651,10597.935862573177,DNS <=,ack_count <=,1091995366823138898995898948102109473193356840202,843826879422383561066103188424018239931401286651
1091995366823138898995898948102109473193356840202-896530251803066355404557928035950607124936193677,4005.083156693299,DNS <=,psh_flag_number <=,1091995366823138898995898948102109473193356840202,896530251803066355404557928035950607124936193677
1091995366823138898995898948102109473193356840202-922599836131670820904126277297069322180441856169,4676.398502548351,DNS <=,Rate <=,1091995366823138898995898948102109473193356840202,922599836131670820904126277297069322180441856169
1091995366823138898995898948102109473193356840202-926368966621798523173828527325665066772113177503,12752.629218979293,DNS <=,UDP <=,1091995366823138898995898948102109473193356840202,926368966621798523173828527325665066772113177503
1091995366823138898995898948102109473193356840202-974265510705878984211701297112044370513255377925,26633.631925122158,DNS <=,Std <=,1091995366823138898995898948102109473193356840202,974265510705878984211701297112044370513255377925
109928824856976412487775174607761519739702474552-1043469376771332113858820724324827897913309990452,19718.179652119943,Number <=,LLC >,109928824856976412487775174607761519739702474552,1043469376771332113858820724324827897913309990452
109928824856976412487775174607761519739702474552-1043754360836331848364792327262011021650379248223,74.74808413500735,Number <=,DNS >,109928824856976412487775174607761519739702474552,1043754360836331848364792327262011021650379248223
109928824856976412487775174607761519739702474552-1077028023530208599426324724984012030801332581683,1280.8185227458014,Number <=,Time_To_Live >,109928824856976412487775174607761519739702474552,1077028023530208599426324724984012030801332581683
109928824856976412487775174607761519739702474552-1085488307210616684491611463585545838953333018237,179.7994456220447,Number <=,Type >,109928824856976412487775174607761519739702474552,1085488307210616684491611463585545838953333018237
109928824856976412487775174607761519739702474552-1091995366823138898995898948102109473193356840202,8632.39360834828,Number <=,DNS <=,109928824856976412487775174607761519739702474552,1091995366823138898995898948102109473193356840202
109928824856976412487775174607761519739702474552-1118614325010621431186771152252517336813918651911,248.486874286646,Number <=,sum >,109928824856976412487775174607761519739702474552,1118614325010621431186771152252517336813918651911
109928824856976412487775174607761519739702474552-1184472685782376059334758133512718430805424685192,3.0303277352030005,Number <=,SSH >,109928824856976412487775174607761519739702474552,1184472685782376059334758133512718430805424685192
109928824856976412487775174607761519739702474552-1232849963170894971818913290506039176322619533319,62.62677319419534,Number <=,psh_flag_number >,109928824856976412487775174607761519739702474552,1232849963170894971818913290506039176322619533319
109928824856976412487775174607761519739702474552-1233133706649643691022119102239698495899057226060,1346.4756236751998,Number <=,Time_To_Live <=,109928824856976412487775174607761519739702474552,1233133706649643691022119102239698495899057226060
109928824856976412487775174607761519739702474552-1236189254858718471128603624930063881324958313531,8156.632153921409,Number <=,HTTPS >,109928824856976412487775174607761519739702474552,1236189254858718471128603624930063881324958313531
109928824856976412487775174607761519739702474552-1239329028096551917906154637654656383307088642249,1058.5944888309148,Number <=,cwr_flag_number <=,109928824856976412487775174607761519739702474552,1239329028096551917906154637654656383307088642249
109928824856976412487775174607761519739702474552-1251276136943778783713685275011300537715092657394,43.43469753790967,Number <=,fin_flag_number >,109928824856976412487775174607761519739702474552,1251276136943778783713685275011300537715092657394
109928824856976412487775174607761519739702474552-1329847435934461746074927120436757452470095790255,900.9359861773694,Number <=,Min >,109928824856976412487775174607761519739702474552,1329847435934461746074927120436757452470095790255
109928824856976412487775174607761519739702474552-1338222599102815322204523610829624561969283441716,560.610631012555,Number <=,SSH <=,109928824856976412487775174607761519739702474552,1338222599102815322204523610829624561969283441716
109928824856976412487775174607761519739702474552-1345309773886921328764805451107636357621530213384,799.3548387096774,Number <=,Class -1,109928824856976412487775174607761519739702474552,1345309773886921328764805451107636357621530213384
109928824856976412487775174607761519739702474552-1375509225989204300559045429796274689340158771149,2357.5949779879343,Number <=,rst_count <=,109928824856976412487775174607761519739702474552,1375509225989204300559045429796274689340158771149
109928824856976412487775174607761519739702474552-1379366653555122327876205020011632492492609315477,2696.99168433067,Number <=,Type <=,109928824856976412487775174607761519739702474552,1379366653555122327876205020011632492492609315477
109928824856976412487775174607761519739702474552-1418162538066850581097605911983264533342366443794,475.6799940038817,Number <=,Header_Length <=,109928824856976412487775174607761519739702474552,1418162538066850581097605911983264533342366443794
109928824856976412487775174607761519739702474552-1429650867505148313720594668477948880050562903683,302.02266427523233,Number <=,syn_flag_number >,109928824856976412487775174607761519739702474552,1429650867505148313720594668477948880050562903683
109928824856976412487775174607761519739702474552-1454952188391427871478129207189215566009723810659,64.64699168433067,Number <=,Std >,109928824856976412487775174607761519739702474552,1454952188391427871478129207189215566009723810659
109928824856976412487775174607761519739702474552-1455733501014453866297060548284701359849809242142,16340.537257459646,Number <=,DHCP <=,109928824856976412487775174607761519739702474552,1455733501014453866297060548284701359849809242142
109928824856976412487775174607761519739702474552-153155765823982001952501641876618811106762500815,1632.3365400293494,Number <=,ack_flag_number >,109928824856976412487775174607761519739702474552,153155765823982001952501641876618811106762500815
109928824856976412487775174607761519739702474552-160227321490815016489601533331665083666172936667,5376.81151149519,Number <=,IGMP <=,109928824856976412487775174607761519739702474552,160227321490815016489601533331665083666172936667
109928824856976412487775174607761519739702474552-161772624339136553719839337862344762258727720981,317.17430295124734,Number <=,ack_flag_number <=,109928824856976412487775174607761519739702474552,161772624339136553719839337862344762258727720981
109928824856976412487775174607761519739702474552-171982518954274878349485416184092168691833932185,15709.218979292353,Number <=,Class 1,109928824856976412487775174607761519739702474552,171982518954274878349485416184092168691833932185
109928824856976412487775174607761519739702474552-207766774224049171901964708681563529125144087827,2045.2268399930572,Number <=,HTTP >,109928824856976412487775174607761519739702474552,207766774224049171901964708681563529125144087827
109928824856976412487775174607761519739702474552-215123608059624622405742600984392925785664489773,1644.3763905471722,Number <=,Variance <=,109928824856976412487775174607761519739702474552,215123608059624622405742600984392925785664489773
109928824856976412487775174607761519739702474552-218607780770691257170847497927336330511308420255,214.14315995434535,Number <=,ack_count >,109928824856976412487775174607761519739702474552,218607780770691257170847497927336330511308420255
109928824856976412487775174607761519739702474552-223165296026140232481876277255273629987157553131,42.424588292842,Number <=,Header_Length >,109928824856976412487775174607761519739702474552,223165296026140232481876277255273629987157553131
109928824856976412487775174607761519739702474552-335418722972519651500040442315750311827115323662,98.99070601663134,Number <=,Rate >,109928824856976412487775174607761519739702474552,335418722972519651500040442315750311827115323662
109928824856976412487775174607761519739702474552-337274849629170698169636561573185333120886675912,22.22240339148867,Number <=,ece_flag_number >,109928824856976412487775174607761519739702474552,337274849629170698169636561573185333120886675912
109928824856976412487775174607761519739702474552-338730224709676774412755851787278702947952010784,1367.6879178216209,Number <=,sum <=,109928824856976412487775174607761519739702474552,338730224709676774412755851787278702947952010784
109928824856976412487775174607761519739702474552-371266811264664269299964157380215767396824640058,26.262840371759335,Number <=,ICMP >,109928824856976412487775174607761519739702474552,371266811264664269299964157380215767396824640058
109928824856976412487775174607761519739702474552-378316838538499851440768051160724422589084218125,4644.400848398142,Number <=,IAT <=,109928824856976412487775174607761519739702474552,378316838538499851440768051160724422589084218125
109928824856976412487775174607761519739702474552-40351198695966294513339726256484683518911283460,7144.502690363607,Number <=,fin_flag_number <=,109928824856976412487775174607761519739702474552,40351198695966294513339726256484683518911283460
109928824856976412487775174607761519739702474552-450410814915736770904937984733342042835793211647,2792.9520626120984,Number <=,ece_flag_number <=,109928824856976412487775174607761519739702474552,450410814915736770904937984733342042835793211647
109928824856976412487775174607761519739702474552-475011065740486827108472353828139148231878458661,16228.415131257134,Number <=,syn_flag_number <=,109928824856976412487775174607761519739702474552,475011065740486827108472353828139148231878458661
109928824856976412487775174607761519739702474552-505469541859377927785473031559292540931343582537,5702.9138768060675,Number <=,ICMP <=,109928824856976412487775174607761519739702474552,505469541859377927785473031559292540931343582537
109928824856976412487775174607761519739702474552-520582048177068818674784514618258893555315007951,410.02289307448336,Number <=,LLC <=,109928824856976412487775174607761519739702474552,520582048177068818674784514618258893555315007951
109928824856976412487775174607761519739702474552-629827923182617752624696690572530002196221478554,206.99093481588235,Number <=,DHCP >,109928824856976412487775174607761519739702474552,629827923182617752624696690572530002196221478554
109928824856976412487775174607761519739702474552-681503808608794911981134712221284126975357543438,2028.2993640958748,Number <=,syn_count <=,109928824856976412487775174607761519739702474552,681503808608794911981134712221284126975357543438
109928824856976412487775174607761519739702474552-684418957212367241623111035135876005715150589706,10902.027621592339,Number <=,HTTP <=,109928824856976412487775174607761519739702474552,684418957212367241623111035135876005715150589706
109928824856976412487775174607761519739702474552-714914936218336719861297767221934377853836589461,6982.396448614844,Number <=,UDP >,109928824856976412487775174607761519739702474552,714914936218336719861297767221934377853836589461
109928824856976412487775174607761519739702474552-786396322989194697344344278946426998739971577495,1537.3862709929888,Number <=,HTTPS <=,109928824856976412487775174607761519739702474552,786396322989194697344344278946426998739971577495
109928824856976412487775174607761519739702474552-795584812918386367255521286735341258439959854242,104.04125224196967,Number <=,syn_count >,109928824856976412487775174607761519739702474552,795584812918386367255521286735341258439959854242
109928824856976412487775174607761519739702474552-835140271881840015202809914014108690929910415575,320.20463068645034,Number <=,IAT >,109928824856976412487775174607761519739702474552,835140271881840015202809914014108690929910415575
109928824856976412487775174607761519739702474552-841356973986788424033641854148712928121319667477,26.262840371759335,Number <=,Variance >,109928824856976412487775174607761519739702474552,841356973986788424033641854148712928121319667477
109928824856976412487775174607761519739702474552-841518471221275042570144506781210008737201997031,19493.853939291934,Number <=,Min <=,109928824856976412487775174607761519739702474552,841518471221275042570144506781210008737201997031
109928824856976412487775174607761519739702474552-843826879422383561066103188424018239931401286651,573.7420511984348,Number <=,ack_count <=,109928824856976412487775174607761519739702474552,843826879422383561066103188424018239931401286651
109928824856976412487775174607761519739702474552-896530251803066355404557928035950607124936193677,1233.343388227621,Number <=,psh_flag_number <=,109928824856976412487775174607761519739702474552,896530251803066355404557928035950607124936193677
109928824856976412487775174607761519739702474552-922599836131670820904126277297069322180441856169,1726.2766998206425,Number <=,Rate <=,109928824856976412487775174607761519739702474552,922599836131670820904126277297069322180441856169
109928824856976412487775174607761519739702474552-926368966621798523173828527325665066772113177503,18706.13164898513,Number <=,UDP <=,109928824856976412487775174607761519739702474552,926368966621798523173828527325665066772113177503
109928824856976412487775174607761519739702474552-940331364486966071141541838460909450599289486914,18.181966411218003,Number <=,rst_count >,109928824856976412487775174607761519739702474552,940331364486966071141541838460909450599289486914
109928824856976412487775174607761519739702474552-974265510705878984211701297112044370513255377925,2963.6605250285343,Number <=,Std <=,109928824856976412487775174607761519739702474552,974265510705878984211701297112044370513255377925
1118614325010621431186771152252517336813918651911-1043469376771332113858820724324827897913309990452,1456.4960709645861,sum >,LLC >,1118614325010621431186771152252517336813918651911,1043469376771332113858820724324827897913309990452
1118614325010621431186771152252517336813918651911-1043754360836331848364792327262011021650379248223,224.24425240502202,sum >,DNS >,1118614325010621431186771152252517336813918651911,1043754360836331848364792327262011021650379248223
1118614325010621431186771152252517336813918651911-1077028023530208599426324724984012030801332581683,1645.1421185232718,sum >,Time_To_Live >,1118614325010621431186771152252517336813918651911,1077028023530208599426324724984012030801332581683
1118614325010621431186771152252517336813918651911-1085488307210616684491611463585545838953333018237,247.47676504157835,sum >,Type >,1118614325010621431186771152252517336813918651911,1085488307210616684491611463585545838953333018237
1118614325010621431186771152252517336813918651911-1091995366823138898995898948102109473193356840202,2241.3509543821633,sum >,DNS <=,1118614325010621431186771152252517336813918651911,1091995366823138898995898948102109473193356840202
1118614325010621431186771152252517336813918651911-109928824856976412487775174607761519739702474552,282.8305886189467,sum >,Number <=,1118614325010621431186771152252517336813918651911,109928824856976412487775174607761519739702474552
1118614325010621431186771152252517336813918651911-1118614325010621431186771152252517336813918651911,75.758193380075,sum >,sum >,1118614325010621431186771152252517336813918651911,1118614325010621431186771152252517336813918651911
1118614325010621431186771152252517336813918651911-1184472685782376059334758133512718430805424685192,10.101092450676667,sum >,SSH >,1118614325010621431186771152252517336813918651911,1184472685782376059334758133512718430805424685192
1118614325010621431186771152252517336813918651911-1232849963170894971818913290506039176322619533319,2601.0313060492417,sum >,psh_flag_number >,1118614325010621431186771152252517336813918651911,1232849963170894971818913290506039176322619533319
1118614325010621431186771152252517336813918651911-1233133706649643691022119102239698495899057226060,4597.284139741115,sum >,Time_To_Live <=,1118614325010621431186771152252517336813918651911,1233133706649643691022119102239698495899057226060
1118614325010621431186771152252517336813918651911-1236189254858718471128603624930063881324958313531,2718.2039784770914,sum >,HTTPS >,1118614325010621431186771152252517336813918651911,1236189254858718471128603624930063881324958313531
1118614325010621431186771152252517336813918651911-1239329028096551917906154637654656383307088642249,256.56774824718735,sum >,cwr_flag_number <=,1118614325010621431186771152252517336813918651911,1239329028096551917906154637654656383307088642249
1118614325010621431186771152252517336813918651911-1251276136943778783713685275011300537715092657394,3866.7959426266157,sum >,fin_flag_number >,1118614325010621431186771152252517336813918651911,1251276136943778783713685275011300537715092657394
1118614325010621431186771152252517336813918651911-1329847435934461746074927120436757452470095790255,966.6745475297571,sum >,Min >,1118614325010621431186771152252517336813918651911,1329847435934461746074927120436757452470095790255
1118614325010621431186771152252517336813918651911-1338222599102815322204523610829624561969283441716,5730.9036781452005,sum >,SSH <=,1118614325010621431186771152252517336813918651911,1338222599102815322204523610829624561969283441716
1118614325010621431186771152252517336813918651911-1345309773886921328764805451107636357621530213384,15287.661290322581,sum >,Class -1,1118614325010621431186771152252517336813918651911,1345309773886921328764805451107636357621530213384
1118614325010621431186771152252517336813918651911-1375509225989204300559045429796274689340158771149,1662.0695944204542,sum >,rst_count <=,1118614325010621431186771152252517336813918651911,1375509225989204300559045429796274689340158771149
1118614325010621431186771152252517336813918651911-1379366653555122327876205020011632492492609315477,268.68905918799936,sum >,Type <=,1118614325010621431186771152252517336813918651911,1379366653555122327876205020011632492492609315477
1118614325010621431186771152252517336813918651911-1418162538066850581097605911983264533342366443794,3262.60398531477,sum >,Header_Length <=,1118614325010621431186771152252517336813918651911,1418162538066850581097605911983264533342366443794
1118614325010621431186771152252517336813918651911-1429650867505148313720594668477948880050562903683,475.4356127349137,sum >,syn_flag_number >,1118614325010621431186771152252517336813918651911,1429650867505148313720594668477948880050562903683
1118614325010621431186771152252517336813918651911-1454952188391427871478129207189215566009723810659,2513.624272181693,sum >,Std >,1118614325010621431186771152252517336813918651911,1454952188391427871478129207189215566009723810659
1118614325010621431186771152252517336813918651911-1455733501014453866297060548284701359849809242142,866.5108114220794,sum >,DHCP <=,1118614325010621431186771152252517336813918651911,1455733501014453866297060548284701359849809242142
1118614325010621431186771152252517336813918651911-153155765823982001952501641876618811106762500815,6062.024005512221,sum >,ack_flag_number >,1118614325010621431186771152252517336813918651911,153155765823982001952501641876618811106762500815
1118614325010621431186771152252517336813918651911-160227321490815016489601533331665083666172936667,1346.3941632522105,sum >,IGMP <=,1118614325010621431186771152252517336813918651911,160227321490815016489601533331665083666172936667
1118614325010621431186771152252517336813918651911-161772624339136553719839337862344762258727720981,5132.299905850423,sum >,ack_flag_number <=,1118614325010621431186771152252517336813918651911,161772624339136553719839337862344762258727720981
1118614325010621431186771152252517336813918651911-171982518954274878349485416184092168691833932185,17798.124898092286,sum >,Class 1,1118614325010621431186771152252517336813918651911,171982518954274878349485416184092168691833932185
1118614325010621431186771152252517336813918651911-207766774224049171901964708681563529125144087827,340.24389474182505,sum >,HTTP >,1118614325010621431186771152252517336813918651911,207766774224049171901964708681563529125144087827
1118614325010621431186771152252517336813918651911-215123608059624622405742600984392925785664489773,6509.746782346166,sum >,Variance <=,1118614325010621431186771152252517336813918651911,215123608059624622405742600984392925785664489773
1118614325010621431186771152252517336813918651911-218607780770691257170847497927336330511308420255,2746.405576915997,sum >,ack_count >,1118614325010621431186771152252517336813918651911,218607780770691257170847497927336330511308420255
1118614325010621431186771152252517336813918651911-223165296026140232481876277255273629987157553131,4499.0917458697795,sum >,Header_Length >,1118614325010621431186771152252517336813918651911,223165296026140232481876277255273629987157553131
1118614325010621431186771152252517336813918651911-335418722972519651500040442315750311827115323662,2356.86183418103,sum >,Rate >,1118614325010621431186771152252517336813918651911,335418722972519651500040442315750311827115323662
1118614325010621431186771152252517336813918651911-338730224709676774412755851787278702947952010784,3829.324148051525,sum >,sum <=,1118614325010621431186771152252517336813918651911,338730224709676774412755851787278702947952010784
1118614325010621431186771152252517336813918651911-371266811264664269299964157380215767396824640058,14.141529430947335,sum >,ICMP >,1118614325010621431186771152252517336813918651911,371266811264664269299964157380215767396824640058
1118614325010621431186771152252517336813918651911-378316838538499851440768051160724422589084218125,3040.8687139378194,sum >,IAT <=,1118614325010621431186771152252517336813918651911,378316838538499851440768051160724422589084218125
1118614325010621431186771152252517336813918651911-40351198695966294513339726256484683518911283460,8009.92193211763,sum >,fin_flag_number <=,1118614325010621431186771152252517336813918651911,40351198695966294513339726256484683518911283460
1118614325010621431186771152252517336813918651911-450410814915736770904937984733342042835793211647,475.6799940038817,sum >,ece_flag_number <=,1118614325010621431186771152252517336813918651911,450410814915736770904937984733342042835793211647
1118614325010621431186771152252517336813918651911-475011065740486827108472353828139148231878458661,3139.2566128243297,sum >,syn_flag_number <=,1118614325010621431186771152252517336813918651911,475011065740486827108472353828139148231878458661
1118614325010621431186771152252517336813918651911-505469541859377927785473031559292540931343582537,1412.65407131173,sum >,ICMP <=,1118614325010621431186771152252517336813918651911,505469541859377927785473031559292540931343582537
1118614325010621431186771152252517336813918651911-510505520442458443414009447271658614884328320759,5.0505462253383335,sum >,IRC <=,1118614325010621431186771152252517336813918651911,510505520442458443414009447271658614884328320759
1118614325010621431186771152252517336813918651911-520582048177068818674784514618258893555315007951,620.8913440246578,sum >,LLC <=,1118614325010621431186771152252517336813918651911,520582048177068818674784514618258893555315007951
1118614325010621431186771152252517336813918651911-629827923182617752624696690572530002196221478554,23.232512636556336,sum >,DHCP >,1118614325010621431186771152252517336813918651911,629827923182617752624696690572530002196221478554
1118614325010621431186771152252517336813918651911-681503808608794911981134712221284126975357543438,1252.4540034609174,sum >,syn_count <=,1118614325010621431186771152252517336813918651911,681503808608794911981134712221284126975357543438
1118614325010621431186771152252517336813918651911-684418957212367241623111035135876005715150589706,2920.062906644646,sum >,HTTP <=,1118614325010621431186771152252517336813918651911,684418957212367241623111035135876005715150589706
1118614325010621431186771152252517336813918651911-714914936218336719861297767221934377853836589461,1215.9271497925029,sum >,UDP >,1118614325010621431186771152252517336813918651911,714914936218336719861297767221934377853836589461
1118614325010621431186771152252517336813918651911-786396322989194697344344278946426998739971577495,2447.201443276195,sum >,HTTPS <=,1118614325010621431186771152252517336813918651911,786396322989194697344344278946426998739971577495
1118614325010621431186771152252517336813918651911-795584812918386367255521286735341258439959854242,47.47513451818034,sum >,syn_count >,1118614325010621431186771152252517336813918651911,795584812918386367255521286735341258439959854242
1118614325010621431186771152252517336813918651911-835140271881840015202809914014108690929910415575,2334.3950495205736,sum >,IAT >,1118614325010621431186771152252517336813918651911,835140271881840015202809914014108690929910415575
1118614325010621431186771152252517336813918651911-841356973986788424033641854148712928121319667477,826.2693624653514,sum >,Variance >,1118614325010621431186771152252517336813918651911,841356973986788424033641854148712928121319667477
1118614325010621431186771152252517336813918651911-841518471221275042570144506781210008737201997031,7738.968273170527,sum >,Min <=,1118614325010621431186771152252517336813918651911,841518471221275042570144506781210008737201997031
1118614325010621431186771152252517336813918651911-843826879422383561066103188424018239931401286651,1753.2238077455122,sum >,ack_count <=,1118614325010621431186771152252517336813918651911,843826879422383561066103188424018239931401286651
1118614325010621431186771152252517336813918651911-896530251803066355404557928035950607124936193677,2654.4041751918494,sum >,psh_flag_number <=,1118614325010621431186771152252517336813918651911,896530251803066355404557928035950607124936193677
1118614325010621431186771152252517336813918651911-922599836131670820904126277297069322180441856169,6191.399449303872,sum >,Rate <=,1118614325010621431186771152252517336813918651911,922599836131670820904126277297069322180441856169
1118614325010621431186771152252517336813918651911-926368966621798523173828527325665066772113177503,6468.332303298391,sum >,UDP <=,1118614325010621431186771152252517336813918651911,926368966621798523173828527325665066772113177503
1118614325010621431186771152252517336813918651911-940331364486966071141541838460909450599289486914,200.84881892248703,sum >,rst_count >,1118614325010621431186771152252517336813918651911,940331364486966071141541838460909450599289486914
1118614325010621431186771152252517336813918651911-974265510705878984211701297112044370513255377925,4785.848726876811,sum >,Std <=,1118614325010621431186771152252517336813918651911,974265510705878984211701297112044370513255377925
1184472685782376059334758133512718430805424685192-1043469376771332113858820724324827897913309990452,101.01092450676667,SSH >,LLC >,1184472685782376059334758133512718430805424685192,1043469376771332113858820724324827897913309990452
1184472685782376059334758133512718430805424685192-1043754360836331848364792327262011021650379248223,34.34371433230067,SSH >,DNS >,1184472685782376059334758133512718430805424685192,1043754360836331848364792327262011021650379248223
1184472685782376059334758133512718430805424685192-1077028023530208599426324724984012030801332581683,159.51580029770201,SSH >,Time_To_Live >,1184472685782376059334758133512718430805424685192,1077028023530208599426324724984012030801332581683
1184472685782376059334758133512718430805424685192-1085488307210616684491611463585545838953333018237,36.363932822436006,SSH >,Type >,1184472685782376059334758133512718430805424685192,1085488307210616684491611463585545838953333018237
1184472685782376059334758133512718430805424685192-1091995366823138898995898948102109473193356840202,167.67813468123268,SSH >,DNS <=,1184472685782376059334758133512718430805424685192,1091995366823138898995898948102109473193356840202
1184472685782376059334758133512718430805424685192-109928824856976412487775174607761519739702474552,2.0202184901353335,SSH >,Number <=,1184472685782376059334758133512718430805424685192,109928824856976412487775174607761519739702474552
1184472685782376059334758133512718430805424685192-1118614325010621431186771152252517336813918651911,14.141529430947335,SSH >,sum >,1184472685782376059334758133512718430805424685192,1118614325010621431186771152252517336813918651911
1184472685782376059334758133512718430805424685192-1232849963170894971818913290506039176322619533319,100.000815261699,SSH >,psh_flag_number >,1184472685782376059334758133512718430805424685192,1232849963170894971818913290506039176322619533319
1184472685782376059334758133512718430805424685192-1233133706649643691022119102239698495899057226060,48.48524376324801,SSH >,Time_To_Live <=,1184472685782376059334758133512718430805424685192,1233133706649643691022119102239698495899057226060
1184472685782376059334758133512718430805424685192-1236189254858718471128603624930063881324958313531,286.8710255992174,SSH >,HTTPS >,1184472685782376059334758133512718430805424685192,1236189254858718471128603624930063881324958313531
1184472685782376059334758133512718430805424685192-1329847435934461746074927120436757452470095790255,33.333605087233,SSH >,Min >,1184472685782376059334758133512718430805424685192,1329847435934461746074927120436757452470095790255
1184472685782376059334758133512718430805424685192-1375509225989204300559045429796274689340158771149,60.60655470406,SSH >,rst_count <=,1184472685782376059334758133512718430805424685192,1375509225989204300559045429796274689340158771149
1184472685782376059334758133512718430805424685192-1379366653555122327876205020011632492492609315477,456.5693787705854,SSH >,Type <=,1184472685782376059334758133512718430805424685192,1379366653555122327876205020011632492492609315477
1184472685782376059334758133512718430805424685192-1418162538066850581097605911983264533342366443794,445.45817707484105,SSH >,Header_Length <=,1184472685782376059334758133512718430805424685192,1418162538066850581097605911983264533342366443794
1184472685782376059334758133512718430805424685192-1429650867505148313720594668477948880050562903683,2.0202184901353335,SSH >,syn_flag_number >,1184472685782376059334758133512718430805424685192,1429650867505148313720594668477948880050562903683
1184472685782376059334758133512718430805424685192-1454952188391427871478129207189215566009723810659,93.94015979129301,SSH >,Std >,1184472685782376059334758133512718430805424685192,1454952188391427871478129207189215566009723810659
1184472685782376059334758133512718430805424685192-1455733501014453866297060548284701359849809242142,13.131420185879668,SSH >,DHCP <=,1184472685782376059334758133512718430805424685192,1455733501014453866297060548284701359849809242142
1184472685782376059334758133512718430805424685192-153155765823982001952501641876618811106762500815,92.93005054622535,SSH >,ack_flag_number >,1184472685782376059334758133512718430805424685192,153155765823982001952501641876618811106762500815
1184472685782376059334758133512718430805424685192-160227321490815016489601533331665083666172936667,107.07157997717268,SSH >,IGMP <=,1184472685782376059334758133512718430805424685192,160227321490815016489601533331665083666172936667
1184472685782376059334758133512718430805424685192-161772624339136553719839337862344762258727720981,39.394260557639,SSH >,ack_flag_number <=,1184472685782376059334758133512718430805424685192,161772624339136553719839337862344762258727720981
1184472685782376059334758133512718430805424685192-171982518954274878349485416184092168691833932185,1033.341757704223,SSH >,Class 1,1184472685782376059334758133512718430805424685192,171982518954274878349485416184092168691833932185
1184472685782376059334758133512718430805424685192-207766774224049171901964708681563529125144087827,16.161747921082668,SSH >,HTTP >,1184472685782376059334758133512718430805424685192,207766774224049171901964708681563529125144087827
1184472685782376059334758133512718430805424685192-215123608059624622405742600984392925785664489773,82.82895809554867,SSH >,Variance <=,1184472685782376059334758133512718430805424685192,215123608059624622405742600984392925785664489773
1184472685782376059334758133512718430805424685192-218607780770691257170847497927336330511308420255,222.2240339148867,SSH >,ack_count >,1184472685782376059334758133512718430805424685192,218607780770691257170847497927336330511308420255
1184472685782376059334758133512718430805424685192-223165296026140232481876277255273629987157553131,127.27376487852601,SSH >,Header_Length >,1184472685782376059334758133512718430805424685192,223165296026140232481876277255273629987157553131
1184472685782376059334758133512718430805424685192-335418722972519651500040442315750311827115323662,11.111201695744334,SSH >,Rate >,1184472685782376059334758133512718430805424685192,335418722972519651500040442315750311827115323662
1184472685782376059334758133512718430805424685192-338730224709676774412755851787278702947952010784,126.26365563345834,SSH >,sum <=,1184472685782376059334758133512718430805424685192,338730224709676774412755851787278702947952010784
1184472685782376059334758133512718430805424685192-371266811264664269299964157380215767396824640058,3.0303277352030005,SSH >,ICMP >,1184472685782376059334758133512718430805424685192,371266811264664269299964157380215767396824640058
1184472685782376059334758133512718430805424685192-378316838538499851440768051160724422589084218125,157.49558180756668,SSH >,IAT <=,1184472685782376059334758133512718430805424685192,378316838538499851440768051160724422589084218125
1184472685782376059334758133512718430805424685192-40351198695966294513339726256484683518911283460,10.101092450676667,SSH >,fin_flag_number <=,1184472685782376059334758133512718430805424685192,40351198695966294513339726256484683518911283460
1184472685782376059334758133512718430805424685192-475011065740486827108472353828139148231878458661,11.111201695744334,SSH >,syn_flag_number <=,1184472685782376059334758133512718430805424685192,475011065740486827108472353828139148231878458661
1184472685782376059334758133512718430805424685192-505469541859377927785473031559292540931343582537,338.38659709766836,SSH >,ICMP <=,1184472685782376059334758133512718430805424685192,505469541859377927785473031559292540931343582537
1184472685782376059334758133512718430805424685192-520582048177068818674784514618258893555315007951,23.232512636556336,SSH >,LLC <=,1184472685782376059334758133512718430805424685192,520582048177068818674784514618258893555315007951
1184472685782376059334758133512718430805424685192-681503808608794911981134712221284126975357543438,17.171857166150335,SSH >,syn_count <=,1184472685782376059334758133512718430805424685192,681503808608794911981134712221284126975357543438
1184472685782376059334758133512718430805424685192-684418957212367241623111035135876005715150589706,75.758193380075,SSH >,HTTP <=,1184472685782376059334758133512718430805424685192,684418957212367241623111035135876005715150589706
1184472685782376059334758133512718430805424685192-714914936218336719861297767221934377853836589461,10.101092450676667,SSH >,UDP >,1184472685782376059334758133512718430805424685192,714914936218336719861297767221934377853836589461
1184472685782376059334758133512718430805424685192-786396322989194697344344278946426998739971577495,135.35463883906735,SSH >,HTTPS <=,1184472685782376059334758133512718430805424685192,786396322989194697344344278946426998739971577495
1184472685782376059334758133512718430805424685192-835140271881840015202809914014108690929910415575,29.293168106962337,SSH >,IAT >,1184472685782376059334758133512718430805424685192,835140271881840015202809914014108690929910415575
1184472685782376059334758133512718430805424685192-841356973986788424033641854148712928121319667477,19.192075656285667,SSH >,Variance >,1184472685782376059334758133512718430805424685192,841356973986788424033641854148712928121319667477
1184472685782376059334758133512718430805424685192-841518471221275042570144506781210008737201997031,146.4658405348117,SSH >,Min <=,1184472685782376059334758133512718430805424685192,841518471221275042570144506781210008737201997031
1184472685782376059334758133512718430805424685192-843826879422383561066103188424018239931401286651,295.9620088048264,SSH >,ack_count <=,1184472685782376059334758133512718430805424685192,843826879422383561066103188424018239931401286651
1184472685782376059334758133512718430805424685192-896530251803066355404557928035950607124936193677,183.83988260231536,SSH >,psh_flag_number <=,1184472685782376059334758133512718430805424685192,896530251803066355404557928035950607124936193677
1184472685782376059334758133512718430805424685192-922599836131670820904126277297069322180441856169,107.07157997717268,SSH >,Rate <=,1184472685782376059334758133512718430805424685192,922599836131670820904126277297069322180441856169
1184472685782376059334758133512718430805424685192-926368966621798523173828527325665066772113177503,122.22321865318767,SSH >,UDP <=,1184472685782376059334758133512718430805424685192,926368966621798523173828527325665066772113177503
1184472685782376059334758133512718430805424685192-974265510705878984211701297112044370513255377925,55.55600847872167,SSH >,Std <=,1184472685782376059334758133512718430805424685192,974265510705878984211701297112044370513255377925
1232849963170894971818913290506039176322619533319-1043469376771332113858820724324827897913309990452,831.3199086906898,psh_flag_number >,LLC >,1232849963170894971818913290506039176322619533319,1043469376771332113858820724324827897913309990452
1232849963170894971818913290506039176322619533319-1043754360836331848364792327262011021650379248223,319.1945214413827,psh_flag_number >,DNS >,1232849963170894971818913290506039176322619533319,1043754360836331848364792327262011021650379248223
1232849963170894971818913290506039176322619533319-1077028023530208599426324724984012030801332581683,377.7808576553074,psh_flag_number >,Time_To_Live >,1232849963170894971818913290506039176322619533319,1077028023530208599426324724984012030801332581683
1232849963170894971818913290506039176322619533319-1085488307210616684491611463585545838953333018237,304.04288276536766,psh_flag_number >,Type >,1232849963170894971818913290506039176322619533319,1085488307210616684491611463585545838953333018237
1232849963170894971818913290506039176322619533319-1091995366823138898995898948102109473193356840202,5350.548671123431,psh_flag_number >,DNS <=,1232849963170894971818913290506039176322619533319,1091995366823138898995898948102109473193356840202
1232849963170894971818913290506039176322619533319-109928824856976412487775174607761519739702474552,71.71775639980434,psh_flag_number >,Number <=,1232849963170894971818913290506039176322619533319,109928824856976412487775174607761519739702474552
1232849963170894971818913290506039176322619533319-1118614325010621431186771152252517336813918651911,1926.2783303440406,psh_flag_number >,sum >,1232849963170894971818913290506039176322619533319,1118614325010621431186771152252517336813918651911
1232849963170894971818913290506039176322619533319-1184472685782376059334758133512718430805424685192,108.08168922224034,psh_flag_number >,SSH >,1232849963170894971818913290506039176322619533319,1184472685782376059334758133512718430805424685192
1232849963170894971818913290506039176322619533319-1232849963170894971818913290506039176322619533319,3448.512962661014,psh_flag_number >,psh_flag_number >,1232849963170894971818913290506039176322619533319,1232849963170894971818913290506039176322619533319
1232849963170894971818913290506039176322619533319-1233133706649643691022119102239698495899057226060,1501.0223381705528,psh_flag_number >,Time_To_Live <=,1232849963170894971818913290506039176322619533319,1233133706649643691022119102239698495899057226060
1232849963170894971818913290506039176322619533319-1236189254858718471128603624930063881324958313531,16636.417805841484,psh_flag_number >,HTTPS >,1232849963170894971818913290506039176322619533319,1236189254858718471128603624930063881324958313531
1232849963170894971818913290506039176322619533319-1239329028096551917906154637654656383307088642249,440.4076308495027,psh_flag_number >,cwr_flag_number <=,1232849963170894971818913290506039176322619533319,1239329028096551917906154637654656383307088642249
1232849963170894971818913290506039176322619533319-1251276136943778783713685275011300537715092657394,68.68742866460134,psh_flag_number >,fin_flag_number >,1232849963170894971818913290506039176322619533319,1251276136943778783713685275011300537715092657394
1232849963170894971818913290506039176322619533319-1329847435934461746074927120436757452470095790255,3015.1760965269855,psh_flag_number >,Min >,1232849963170894971818913290506039176322619533319,1329847435934461746074927120436757452470095790255
1232849963170894971818913290506039176322619533319-1338222599102815322204523610829624561969283441716,1646.4780694602969,psh_flag_number >,SSH <=,1232849963170894971818913290506039176322619533319,1338222599102815322204523610829624561969283441716
1232849963170894971818913290506039176322619533319-1345309773886921328764805451107636357621530213384,99.91935483870968,psh_flag_number >,Class -1,1232849963170894971818913290506039176322619533319,1345309773886921328764805451107636357621530213384
1232849963170894971818913290506039176322619533319-1375509225989204300559045429796274689340158771149,13463.66466708394,psh_flag_number >,rst_count <=,1232849963170894971818913290506039176322619533319,1375509225989204300559045429796274689340158771149
1232849963170894971818913290506039176322619533319-1379366653555122327876205020011632492492609315477,717.1775639980434,psh_flag_number >,Type <=,1232849963170894971818913290506039176322619533319,1379366653555122327876205020011632492492609315477
1232849963170894971818913290506039176322619533319-1418162538066850581097605911983264533342366443794,1905.0660361976195,psh_flag_number >,Header_Length <=,1232849963170894971818913290506039176322619533319,1418162538066850581097605911983264533342366443794
1232849963170894971818913290506039176322619533319-1429650867505148313720594668477948880050562903683,122.22321865318767,psh_flag_number >,syn_flag_number >,1232849963170894971818913290506039176322619533319,1429650867505148313720594668477948880050562903683
1232849963170894971818913290506039176322619533319-1454952188391427871478129207189215566009723810659,903.0376650904941,psh_flag_number >,Std >,1232849963170894971818913290506039176322619533319,1454952188391427871478129207189215566009723810659
1232849963170894971818913290506039176322619533319-1455733501014453866297060548284701359849809242142,1094.9584216533508,psh_flag_number >,DHCP <=,1232849963170894971818913290506039176322619533319,1455733501014453866297060548284701359849809242142
1232849963170894971818913290506039176322619533319-153155765823982001952501641876618811106762500815,2121.2294146421,psh_flag_number >,ack_flag_number >,1232849963170894971818913290506039176322619533319,153155765823982001952501641876618811106762500815
1232849963170894971818913290506039176322619533319-160227321490815016489601533331665083666172936667,18.181966411218003,psh_flag_number >,IGMP <=,1232849963170894971818913290506039176322619533319,160227321490815016489601533331665083666172936667
1232849963170894971818913290506039176322619533319-161772624339136553719839337862344762258727720981,858.5928583075167,psh_flag_number >,ack_flag_number <=,1232849963170894971818913290506039176322619533319,161772624339136553719839337862344762258727720981
1232849963170894971818913290506039176322619533319-171982518954274878349485416184092168691833932185,21666.843306701452,psh_flag_number >,Class 1,1232849963170894971818913290506039176322619533319,171982518954274878349485416184092168691833932185
1232849963170894971818913290506039176322619533319-207766774224049171901964708681563529125144087827,312.123756725909,psh_flag_number >,HTTP >,1232849963170894971818913290506039176322619533319,207766774224049171901964708681563529125144087827
1232849963170894971818913290506039176322619533319-215123608059624622405742600984392925785664489773,2984.872819174955,psh_flag_number >,Variance <=,1232849963170894971818913290506039176322619533319,215123608059624622405742600984392925785664489773
1232849963170894971818913290506039176322619533319-218607780770691257170847497927336330511308420255,706.9950111243774,psh_flag_number >,ack_count >,1232849963170894971818913290506039176322619533319,218607780770691257170847497927336330511308420255
1232849963170894971818913290506039176322619533319-223165296026140232481876277255273629987157553131,2589.9201043534977,psh_flag_number >,Header_Length >,1232849963170894971818913290506039176322619533319,223165296026140232481876277255273629987157553131
1232849963170894971818913290506039176322619533319-335418722972519651500040442315750311827115323662,866.5108114220794,psh_flag_number >,Rate >,1232849963170894971818913290506039176322619533319,335418722972519651500040442315750311827115323662
1232849963170894971818913290506039176322619533319-338730224709676774412755851787278702947952010784,2150.5225827490626,psh_flag_number >,sum <=,1232849963170894971818913290506039176322619533319,338730224709676774412755851787278702947952010784
1232849963170894971818913290506039176322619533319-371266811264664269299964157380215767396824640058,670.7125387249307,psh_flag_number >,ICMP >,1232849963170894971818913290506039176322619533319,371266811264664269299964157380215767396824640058
1232849963170894971818913290506039176322619533319-378316838538499851440768051160724422589084218125,1623.2455568237406,psh_flag_number >,IAT <=,1232849963170894971818913290506039176322619533319,378316838538499851440768051160724422589084218125
1232849963170894971818913290506039176322619533319-40351198695966294513339726256484683518911283460,1285.8690689711398,psh_flag_number >,fin_flag_number <=,1232849963170894971818913290506039176322619533319,40351198695966294513339726256484683518911283460
1232849963170894971818913290506039176322619533319-450410814915736770904937984733342042835793211647,68.68742866460134,psh_flag_number >,ece_flag_number <=,1232849963170894971818913290506039176322619533319,450410814915736770904937984733342042835793211647
1232849963170894971818913290506039176322619533319-475011065740486827108472353828139148231878458661,3466.6949290722323,psh_flag_number >,syn_flag_number <=,1232849963170894971818913290506039176322619533319,475011065740486827108472353828139148231878458661
1232849963170894971818913290506039176322619533319-505469541859377927785473031559292540931343582537,8126.328876569379,psh_flag_number >,ICMP <=,1232849963170894971818913290506039176322619533319,505469541859377927785473031559292540931343582537
1232849963170894971818913290506039176322619533319-520582048177068818674784514618258893555315007951,205.05217674873634,psh_flag_number >,LLC <=,1232849963170894971818913290506039176322619533319,520582048177068818674784514618258893555315007951
1232849963170894971818913290506039176322619533319-629827923182617752624696690572530002196221478554,9.090983205609001,psh_flag_number >,DHCP >,1232849963170894971818913290506039176322619533319,629827923182617752624696690572530002196221478554
1232849963170894971818913290506039176322619533319-681503808608794911981134712221284126975357543438,3163.6621555519323,psh_flag_number >,syn_count <=,1232849963170894971818913290506039176322619533319,681503808608794911981134712221284126975357543438
1232849963170894971818913290506039176322619533319-684418957212367241623111035135876005715150589706,1749.5092124571988,psh_flag_number >,HTTP <=,1232849963170894971818913290506039176322619533319,684418957212367241623111035135876005715150589706
1232849963170894971818913290506039176322619533319-714914936218336719861297767221934377853836589461,518.186042719713,psh_flag_number >,UDP >,1232849963170894971818913290506039176322619533319,714914936218336719861297767221934377853836589461
1232849963170894971818913290506039176322619533319-786396322989194697344344278946426998739971577495,2454.4025446684514,psh_flag_number >,HTTPS <=,1232849963170894971818913290506039176322619533319,786396322989194697344344278946426998739971577495
1232849963170894971818913290506039176322619533319-795584812918386367255521286735341258439959854242,74.74808413500735,psh_flag_number >,syn_count >,1232849963170894971818913290506039176322619533319,795584812918386367255521286735341258439959854242
1232849963170894971818913290506039176322619533319-835140271881840015202809914014108690929910415575,1535.3660525028536,psh_flag_number >,IAT >,1232849963170894971818913290506039176322619533319,835140271881840015202809914014108690929910415575
1232849963170894971818913290506039176322619533319-841356973986788424033641854148712928121319667477,546.4691015816077,psh_flag_number >,Variance >,1232849963170894971818913290506039176322619533319,841356973986788424033641854148712928121319667477
1232849963170894971818913290506039176322619533319-841518471221275042570144506781210008737201997031,13552.635741072885,psh_flag_number >,Min <=,1232849963170894971818913290506039176322619533319,841518471221275042570144506781210008737201997031
1232849963170894971818913290506039176322619533319-843826879422383561066103188424018239931401286651,405.05380727213435,psh_flag_number >,ack_count <=,1232849963170894971818913290506039176322619533319,843826879422383561066103188424018239931401286651
1232849963170894971818913290506039176322619533319-896530251803066355404557928035950607124936193677,3009.115441056579,psh_flag_number >,psh_flag_number <=,1232849963170894971818913290506039176322619533319,896530251803066355404557928035950607124936193677
1232849963170894971818913290506039176322619533319-922599836131670820904126277297069322180441856169,10368.364098504653,psh_flag_number >,Rate <=,1232849963170894971818913290506039176322619533319,922599836131670820904126277297069322180441856169
1232849963170894971818913290506039176322619533319-926368966621798523173828527325665066772113177503,2808.9508896872026,psh_flag_number >,UDP <=,1232849963170894971818913290506039176322619533319,926368966621798523173828527325665066772113177503
1232849963170894971818913290506039176322619533319-940331364486966071141541838460909450599289486914,880.1635783150908,psh_flag_number >,rst_count >,1232849963170894971818913290506039176322619533319,940331364486966071141541838460909450599289486914
1232849963170894971818913290506039176322619533319-974265510705878984211701297112044370513255377925,764.6526985162237,psh_flag_number >,Std <=,1232849963170894971818913290506039176322619533319,974265510705878984211701297112044370513255377925
1233133706649643691022119102239698495899057226060-1043469376771332113858820724324827897913309990452,2086.315477348874,Time_To_Live <=,LLC >,1233133706649643691022119102239698495899057226060,1043469376771332113858820724324827897913309990452
1233133706649643691022119102239698495899057226060-1043754360836331848364792327262011021650379248223,285.8609163541497,Time_To_Live <=,DNS >,1233133706649643691022119102239698495899057226060,1043754360836331848364792327262011021650379248223
1233133706649643691022119102239698495899057226060-1077028023530208599426324724984012030801332581683,9899.184646255319,Time_To_Live <=,Time_To_Live >,1233133706649643691022119102239698495899057226060,1077028023530208599426324724984012030801332581683
1233133706649643691022119102239698495899057226060-1085488307210616684491611463585545838953333018237,546.3876411586184,Time_To_Live <=,Type >,1233133706649643691022119102239698495899057226060,1085488307210616684491611463585545838953333018237
1233133706649643691022119102239698495899057226060-1091995366823138898995898948102109473193356840202,3790.614155046996,Time_To_Live <=,DNS <=,1233133706649643691022119102239698495899057226060,1091995366823138898995898948102109473193356840202
1233133706649643691022119102239698495899057226060-109928824856976412487775174607761519739702474552,1426.1927936125562,Time_To_Live <=,Number <=,1233133706649643691022119102239698495899057226060,109928824856976412487775174607761519739702474552
1233133706649643691022119102239698495899057226060-1118614325010621431186771152252517336813918651911,3806.5641058683063,Time_To_Live <=,sum >,1233133706649643691022119102239698495899057226060,1118614325010621431186771152252517336813918651911
1233133706649643691022119102239698495899057226060-1184472685782376059334758133512718430805424685192,71.71775639980434,Time_To_Live <=,SSH >,1233133706649643691022119102239698495899057226060,1184472685782376059334758133512718430805424685192
1233133706649643691022119102239698495899057226060-1232849963170894971818913290506039176322619533319,1517.1840860916354,Time_To_Live <=,psh_flag_number >,1233133706649643691022119102239698495899057226060,1232849963170894971818913290506039176322619533319
1233133706649643691022119102239698495899057226060-1233133706649643691022119102239698495899057226060,6252.0874644309215,Time_To_Live <=,Time_To_Live <=,1233133706649643691022119102239698495899057226060,1233133706649643691022119102239698495899057226060
1233133706649643691022119102239698495899057226060-1236189254858718471128603624930063881324958313531,4600.803230014254,Time_To_Live <=,HTTPS >,1233133706649643691022119102239698495899057226060,1236189254858718471128603624930063881324958313531
1233133706649643691022119102239698495899057226060-1239329028096551917906154637654656383307088642249,22188.89057347086,Time_To_Live <=,cwr_flag_number <=,1233133706649643691022119102239698495899057226060,1239329028096551917906154637654656383307088642249
1233133706649643691022119102239698495899057226060-1251276136943778783713685275011300537715092657394,1123.7628272223772,Time_To_Live <=,fin_flag_number >,1233133706649643691022119102239698495899057226060,1251276136943778783713685275011300537715092657394
1233133706649643691022119102239698495899057226060-1329847435934461746074927120436757452470095790255,1356.495255702887,Time_To_Live <=,Min >,1233133706649643691022119102239698495899057226060,1329847435934461746074927120436757452470095790255
1233133706649643691022119102239698495899057226060-1338222599102815322204523610829624561969283441716,4239.021199434051,Time_To_Live <=,SSH <=,1233133706649643691022119102239698495899057226060,1338222599102815322204523610829624561969283441716
1233133706649643691022119102239698495899057226060-1345309773886921328764805451107636357621530213384,14188.548387096775,Time_To_Live <=,Class -1,1233133706649643691022119102239698495899057226060,1345309773886921328764805451107636357621530213384
1233133706649643691022119102239698495899057226060-1375509225989204300559045429796274689340158771149,13663.65000552274,Time_To_Live <=,rst_count <=,1233133706649643691022119102239698495899057226060,1375509225989204300559045429796274689340158771149
1233133706649643691022119102239698495899057226060-1379366653555122327876205020011632492492609315477,1905.6688433277404,Time_To_Live <=,Type <=,1233133706649643691022119102239698495899057226060,1379366653555122327876205020011632492492609315477
1233133706649643691022119102239698495899057226060-1418162538066850581097605911983264533342366443794,3604.265291416609,Time_To_Live <=,Header_Length <=,1233133706649643691022119102239698495899057226060,1418162538066850581097605911983264533342366443794
1233133706649643691022119102239698495899057226060-1429650867505148313720594668477948880050562903683,578.4667557318157,Time_To_Live <=,syn_flag_number >,1233133706649643691022119102239698495899057226060,1429650867505148313720594668477948880050562903683
1233133706649643691022119102239698495899057226060-1454952188391427871478129207189215566009723810659,2182.5202368992705,Time_To_Live <=,Std >,1233133706649643691022119102239698495899057226060,1454952188391427871478129207189215566009723810659
1233133706649643691022119102239698495899057226060-1455733501014453866297060548284701359849809242142,16650.70596403381,Time_To_Live <=,DHCP <=,1233133706649643691022119102239698495899057226060,1455733501014453866297060548284701359849809242142
1233133706649643691022119102239698495899057226060-153155765823982001952501641876618811106762500815,1430.0703097468481,Time_To_Live <=,ack_flag_number >,1233133706649643691022119102239698495899057226060,153155765823982001952501641876618811106762500815
1233133706649643691022119102239698495899057226060-160227321490815016489601533331665083666172936667,4820.844124593027,Time_To_Live <=,IGMP <=,1233133706649643691022119102239698495899057226060,160227321490815016489601533331665083666172936667
1233133706649643691022119102239698495899057226060-161772624339136553719839337862344762258727720981,2153.3411133844934,Time_To_Live <=,ack_flag_number <=,1233133706649643691022119102239698495899057226060,161772624339136553719839337862344762258727720981
1233133706649643691022119102239698495899057226060-171982518954274878349485416184092168691833932185,35631.60361976195,Time_To_Live <=,Class 1,1233133706649643691022119102239698495899057226060,171982518954274878349485416184092168691833932185
1233133706649643691022119102239698495899057226060-207766774224049171901964708681563529125144087827,1265.3410423778291,Time_To_Live <=,HTTP >,1233133706649643691022119102239698495899057226060,207766774224049171901964708681563529125144087827
1233133706649643691022119102239698495899057226060-215123608059624622405742600984392925785664489773,32476.934694908035,Time_To_Live <=,Variance <=,1233133706649643691022119102239698495899057226060,215123608059624622405742600984392925785664489773
1233133706649643691022119102239698495899057226060-218607780770691257170847497927336330511308420255,1005.9873476644068,Time_To_Live <=,ack_count >,1233133706649643691022119102239698495899057226060,218607780770691257170847497927336330511308420255
1233133706649643691022119102239698495899057226060-223165296026140232481876277255273629987157553131,9817.968604534959,Time_To_Live <=,Header_Length >,1233133706649643691022119102239698495899057226060,223165296026140232481876277255273629987157553131
1233133706649643691022119102239698495899057226060-335418722972519651500040442315750311827115323662,2911.8516960073216,Time_To_Live <=,Rate >,1233133706649643691022119102239698495899057226060,335418722972519651500040442315750311827115323662
1233133706649643691022119102239698495899057226060-338730224709676774412755851787278702947952010784,12618.968956938403,Time_To_Live <=,sum <=,1233133706649643691022119102239698495899057226060,338730224709676774412755851787278702947952010784
1233133706649643691022119102239698495899057226060-371266811264664269299964157380215767396824640058,75.758193380075,Time_To_Live <=,ICMP >,1233133706649643691022119102239698495899057226060,371266811264664269299964157380215767396824640058
1233133706649643691022119102239698495899057226060-378316838538499851440768051160724422589084218125,4522.014708898976,Time_To_Live <=,IAT <=,1233133706649643691022119102239698495899057226060,378316838538499851440768051160724422589084218125
1233133706649643691022119102239698495899057226060-40351198695966294513339726256484683518911283460,5348.446992210306,Time_To_Live <=,fin_flag_number <=,1233133706649643691022119102239698495899057226060,40351198695966294513339726256484683518911283460
1233133706649643691022119102239698495899057226060-426624906449189252299067265451872698344494536313,399.6774193548387,Time_To_Live <=,Number >,1233133706649643691022119102239698495899057226060,426624906449189252299067265451872698344494536313
1233133706649643691022119102239698495899057226060-450410814915736770904937984733342042835793211647,95.96037828142835,Time_To_Live <=,ece_flag_number <=,1233133706649643691022119102239698495899057226060,450410814915736770904937984733342042835793211647
1233133706649643691022119102239698495899057226060-475011065740486827108472353828139148231878458661,7794.638326241434,Time_To_Live <=,syn_flag_number <=,1233133706649643691022119102239698495899057226060,475011065740486827108472353828139148231878458661
1233133706649643691022119102239698495899057226060-505469541859377927785473031559292540931343582537,2642.445785097016,Time_To_Live <=,ICMP <=,1233133706649643691022119102239698495899057226060,505469541859377927785473031559292540931343582537
1233133706649643691022119102239698495899057226060-520582048177068818674784514618258893555315007951,445.3767166518517,Time_To_Live <=,LLC <=,1233133706649643691022119102239698495899057226060,520582048177068818674784514618258893555315007951
1233133706649643691022119102239698495899057226060-565103970815292376991711972572924808853013487374,18.181966411218003,Time_To_Live <=,IGMP >,1233133706649643691022119102239698495899057226060,565103970815292376991711972572924808853013487374
1233133706649643691022119102239698495899057226060-579184915384053252333364217236378176158944003116,139.3136153963487,Time_To_Live <=,cwr_flag_number >,1233133706649643691022119102239698495899057226060,579184915384053252333364217236378176158944003116
1233133706649643691022119102239698495899057226060-629827923182617752624696690572530002196221478554,357.33429148498607,Time_To_Live <=,DHCP >,1233133706649643691022119102239698495899057226060,629827923182617752624696690572530002196221478554
1233133706649643691022119102239698495899057226060-681503808608794911981134712221284126975357543438,21470.344474366593,Time_To_Live <=,syn_count <=,1233133706649643691022119102239698495899057226060,681503808608794911981134712221284126975357543438
1233133706649643691022119102239698495899057226060-684418957212367241623111035135876005715150589706,6672.29291037907,Time_To_Live <=,HTTP <=,1233133706649643691022119102239698495899057226060,684418957212367241623111035135876005715150589706
1233133706649643691022119102239698495899057226060-714914936218336719861297767221934377853836589461,2065.1846436254427,Time_To_Live <=,UDP >,1233133706649643691022119102239698495899057226060,714914936218336719861297767221934377853836589461
1233133706649643691022119102239698495899057226060-786396322989194697344344278946426998739971577495,8938.244912504011,Time_To_Live <=,HTTPS <=,1233133706649643691022119102239698495899057226060,786396322989194697344344278946426998739971577495
1233133706649643691022119102239698495899057226060-795584812918386367255521286735341258439959854242,4908.251158460575,Time_To_Live <=,syn_count >,1233133706649643691022119102239698495899057226060,795584812918386367255521286735341258439959854242
1233133706649643691022119102239698495899057226060-835140271881840015202809914014108690929910415575,3725.1525591327722,Time_To_Live <=,IAT >,1233133706649643691022119102239698495899057226060,835140271881840015202809914014108690929910415575
1233133706649643691022119102239698495899057226060-841356973986788424033641854148712928121319667477,839.3193222282417,Time_To_Live <=,Variance >,1233133706649643691022119102239698495899057226060,841356973986788424033641854148712928121319667477
1233133706649643691022119102239698495899057226060-841518471221275042570144506781210008737201997031,10735.9135270325,Time_To_Live <=,Min <=,1233133706649643691022119102239698495899057226060,841518471221275042570144506781210008737201997031
1233133706649643691022119102239698495899057226060-843826879422383561066103188424018239931401286651,1347.404272497278,Time_To_Live <=,ack_count <=,1233133706649643691022119102239698495899057226060,843826879422383561066103188424018239931401286651
1233133706649643691022119102239698495899057226060-896530251803066355404557928035950607124936193677,2562.5656943136814,Time_To_Live <=,psh_flag_number <=,1233133706649643691022119102239698495899057226060,896530251803066355404557928035950607124936193677
1233133706649643691022119102239698495899057226060-922599836131670820904126277297069322180441856169,11947.637318998753,Time_To_Live <=,Rate <=,1233133706649643691022119102239698495899057226060,922599836131670820904126277297069322180441856169
1233133706649643691022119102239698495899057226060-926368966621798523173828527325665066772113177503,9685.888674700063,Time_To_Live <=,UDP <=,1233133706649643691022119102239698495899057226060,926368966621798523173828527325665066772113177503
1233133706649643691022119102239698495899057226060-940331364486966071141541838460909450599289486914,10710.56304339822,Time_To_Live <=,rst_count >,1233133706649643691022119102239698495899057226060,940331364486966071141541838460909450599289486914
1233133706649643691022119102239698495899057226060-974265510705878984211701297112044370513255377925,29651.4310472694,Time_To_Live <=,Std <=,1233133706649643691022119102239698495899057226060,974265510705878984211701297112044370513255377925
1236189254858718471128603624930063881324958313531-1043469376771332113858820724324827897913309990452,3685.888635251916,HTTPS >,LLC >,1236189254858718471128603624930063881324958313531,1043469376771332113858820724324827897913309990452
1236189254858718471128603624930063881324958313531-1043754360836331848364792327262011021650379248223,207.07239523887168,HTTPS >,DNS >,1236189254858718471128603624930063881324958313531,1043754360836331848364792327262011021650379248223
1236189254858718471128603624930063881324958313531-1077028023530208599426324724984012030801332581683,3836.3949127669985,HTTPS >,Time_To_Live >,1236189254858718471128603624930063881324958313531,1077028023530208599426324724984012030801332581683
1236189254858718471128603624930063881324958313531-1085488307210616684491611463585545838953333018237,1389.9103212131095,HTTPS >,Type >,1236189254858718471128603624930063881324958313531,1085488307210616684491611463585545838953333018237
1236189254858718471128603624930063881324958313531-1091995366823138898995898948102109473193356840202,4442.460459807598,HTTPS >,DNS <=,1236189254858718471128603624930063881324958313531,1091995366823138898995898948102109473193356840202
1236189254858718471128603624930063881324958313531-109928824856976412487775174607761519739702474552,4765.695418229252,HTTPS >,Number <=,1236189254858718471128603624930063881324958313531,109928824856976412487775174607761519739702474552
1236189254858718471128603624930063881324958313531-1118614325010621431186771152252517336813918651911,3079.8230882113157,HTTPS >,sum >,1236189254858718471128603624930063881324958313531,1118614325010621431186771152252517336813918651911
1236189254858718471128603624930063881324958313531-1184472685782376059334758133512718430805424685192,140.40518506440569,HTTPS >,SSH >,1236189254858718471128603624930063881324958313531,1184472685782376059334758133512718430805424685192
1236189254858718471128603624930063881324958313531-1232849963170894971818913290506039176322619533319,13307.17919452144,HTTPS >,psh_flag_number >,1236189254858718471128603624930063881324958313531,1232849963170894971818913290506039176322619533319
1236189254858718471128603624930063881324958313531-1233133706649643691022119102239698495899057226060,6430.795340384909,HTTPS >,Time_To_Live <=,1236189254858718471128603624930063881324958313531,1233133706649643691022119102239698495899057226060
1236189254858718471128603624930063881324958313531-1236189254858718471128603624930063881324958313531,5643.480352193054,HTTPS >,HTTPS >,1236189254858718471128603624930063881324958313531,1236189254858718471128603624930063881324958313531
1236189254858718471128603624930063881324958313531-1239329028096551917906154637654656383307088642249,330.305723137127,HTTPS >,cwr_flag_number <=,1236189254858718471128603624930063881324958313531,1239329028096551917906154637654656383307088642249
1236189254858718471128603624930063881324958313531-1251276136943778783713685275011300537715092657394,173.73879015163868,HTTPS >,fin_flag_number >,1236189254858718471128603624930063881324958313531,1251276136943778783713685275011300537715092657394
1236189254858718471128603624930063881324958313531-1329847435934461746074927120436757452470095790255,1272.73764878526,HTTPS >,Min >,1236189254858718471128603624930063881324958313531,1329847435934461746074927120436757452470095790255
1236189254858718471128603624930063881324958313531-1338222599102815322204523610829624561969283441716,2854.487266138237,HTTPS >,SSH <=,1236189254858718471128603624930063881324958313531,1338222599102815322204523610829624561969283441716
1236189254858718471128603624930063881324958313531-1345309773886921328764805451107636357621530213384,2497.983870967742,HTTPS >,Class -1,1236189254858718471128603624930063881324958313531,1345309773886921328764805451107636357621530213384
1236189254858718471128603624930063881324958313531-1375509225989204300559045429796274689340158771149,6825.3081689222245,HTTPS >,rst_count <=,1236189254858718471128603624930063881324958313531,1375509225989204300559045429796274689340158771149
1236189254858718471128603624930063881324958313531-1379366653555122327876205020011632492492609315477,6557.629218979292,HTTPS >,Type <=,1236189254858718471128603624930063881324958313531,1379366653555122327876205020011632492492609315477
1236189254858718471128603624930063881324958313531-1418162538066850581097605911983264533342366443794,14856.442395186275,HTTPS >,Header_Length <=,1236189254858718471128603624930063881324958313531,1418162538066850581097605911983264533342366443794
1236189254858718471128603624930063881324958313531-1429650867505148313720594668477948880050562903683,322.14338875359635,HTTPS >,syn_flag_number >,1236189254858718471128603624930063881324958313531,1429650867505148313720594668477948880050562903683
1236189254858718471128603624930063881324958313531-1454952188391427871478129207189215566009723810659,1897.9952714821459,HTTPS >,Std >,1236189254858718471128603624930063881324958313531,1454952188391427871478129207189215566009723810659
1236189254858718471128603624930063881324958313531-1455733501014453866297060548284701359849809242142,15350.630197293332,HTTPS >,DHCP <=,1236189254858718471128603624930063881324958313531,1455733501014453866297060548284701359849809242142
1236189254858718471128603624930063881324958313531-153155765823982001952501641876618811106762500815,4136.397358552095,HTTPS >,ack_flag_number >,1236189254858718471128603624930063881324958313531,153155765823982001952501641876618811106762500815
1236189254858718471128603624930063881324958313531-160227321490815016489601533331665083666172936667,219.1937061796837,HTTPS >,IGMP <=,1236189254858718471128603624930063881324958313531,160227321490815016489601533331665083666172936667
1236189254858718471128603624930063881324958313531-161772624339136553719839337862344762258727720981,1757.2642447257829,HTTPS >,ack_flag_number <=,1236189254858718471128603624930063881324958313531,161772624339136553719839337862344762258727720981
1236189254858718471128603624930063881324958313531-171982518954274878349485416184092168691833932185,49024.642100114135,HTTPS >,Class 1,1236189254858718471128603624930063881324958313531,171982518954274878349485416184092168691833932185
1236189254858718471128603624930063881324958313531-207766774224049171901964708681563529125144087827,258.5879667373227,HTTPS >,HTTP >,1236189254858718471128603624930063881324958313531,207766774224049171901964708681563529125144087827
1236189254858718471128603624930063881324958313531-215123608059624622405742600984392925785664489773,19211.104811095975,HTTPS >,Variance <=,1236189254858718471128603624930063881324958313531,215123608059624622405742600984392925785664489773
1236189254858718471128603624930063881324958313531-218607780770691257170847497927336330511308420255,4770.74596445459,HTTPS >,ack_count >,1236189254858718471128603624930063881324958313531,218607780770691257170847497927336330511308420255
1236189254858718471128603624930063881324958313531-223165296026140232481876277255273629987157553131,5879.520073846931,HTTPS >,Header_Length >,1236189254858718471128603624930063881324958313531,223165296026140232481876277255273629987157553131
1236189254858718471128603624930063881324958313531-335418722972519651500040442315750311827115323662,870.7141692483287,HTTPS >,Rate >,1236189254858718471128603624930063881324958313531,335418722972519651500040442315750311827115323662
1236189254858718471128603624930063881324958313531-337274849629170698169636561573185333120886675912,1.0101092450676668,HTTPS >,ece_flag_number >,1236189254858718471128603624930063881324958313531,337274849629170698169636561573185333120886675912
1236189254858718471128603624930063881324958313531-338730224709676774412755851787278702947952010784,12744.548345018751,HTTPS >,sum <=,1236189254858718471128603624930063881324958313531,338730224709676774412755851787278702947952010784
1236189254858718471128603624930063881324958313531-371266811264664269299964157380215767396824640058,240.40600032610467,HTTPS >,ICMP >,1236189254858718471128603624930063881324958313531,371266811264664269299964157380215767396824640058
1236189254858718471128603624930063881324958313531-378316838538499851440768051160724422589084218125,12692.022664275233,HTTPS >,IAT <=,1236189254858718471128603624930063881324958313531,378316838538499851440768051160724422589084218125
1236189254858718471128603624930063881324958313531-40351198695966294513339726256484683518911283460,5006.101418555357,HTTPS >,fin_flag_number <=,1236189254858718471128603624930063881324958313531,40351198695966294513339726256484683518911283460
1236189254858718471128603624930063881324958313531-450410814915736770904937984733342042835793211647,1628.2961030490787,HTTPS >,ece_flag_number <=,1236189254858718471128603624930063881324958313531,450410814915736770904937984733342042835793211647
1236189254858718471128603624930063881324958313531-475011065740486827108472353828139148231878458661,14103.748086764885,HTTPS >,syn_flag_number <=,1236189254858718471128603624930063881324958313531,475011065740486827108472353828139148231878458661
1236189254858718471128603624930063881324958313531-505469541859377927785473031559292540931343582537,10551.112411438911,HTTPS >,ICMP <=,1236189254858718471128603624930063881324958313531,505469541859377927785473031559292540931343582537
1236189254858718471128603624930063881324958313531-510505520442458443414009447271658614884328320759,25.252731126691668,HTTPS >,IRC <=,1236189254858718471128603624930063881324958313531,510505520442458443414009447271658614884328320759
1236189254858718471128603624930063881324958313531-520582048177068818674784514618258893555315007951,379.8010761454427,HTTPS >,LLC <=,1236189254858718471128603624930063881324958313531,520582048177068818674784514618258893555315007951
1236189254858718471128603624930063881324958313531-565103970815292376991711972572924808853013487374,1.0101092450676668,HTTPS >,IGMP >,1236189254858718471128603624930063881324958313531,565103970815292376991711972572924808853013487374
1236189254858718471128603624930063881324958313531-629827923182617752624696690572530002196221478554,96.97048752649602,HTTPS >,DHCP >,1236189254858718471128603624930063881324958313531,629827923182617752624696690572530002196221478554
1236189254858718471128603624930063881324958313531-681503808608794911981134712221284126975357543438,6687.933311593021,HTTPS >,syn_count <=,1236189254858718471128603624930063881324958313531,681503808608794911981134712221284126975357543438
1236189254858718471128603624930063881324958313531-684418957212367241623111035135876005715150589706,14610.220120658732,HTTPS >,HTTP <=,1236189254858718471128603624930063881324958313531,684418957212367241623111035135876005715150589706
1236189254858718471128603624930063881324958313531-714914936218336719861297767221934377853836589461,3505.0790803848035,HTTPS >,UDP >,1236189254858718471128603624930063881324958313531,714914936218336719861297767221934377853836589461
1236189254858718471128603624930063881324958313531-786396322989194697344344278946426998739971577495,1374.7586825370945,HTTPS >,HTTPS <=,1236189254858718471128603624930063881324958313531,786396322989194697344344278946426998739971577495
1236189254858718471128603624930063881324958313531-795584812918386367255521286735341258439959854242,50.505462253383335,HTTPS >,syn_count >,1236189254858718471128603624930063881324958313531,795584812918386367255521286735341258439959854242
1236189254858718471128603624930063881324958313531-835140271881840015202809914014108690929910415575,411.11446274254035,HTTPS >,IAT >,1236189254858718471128603624930063881324958313531,835140271881840015202809914014108690929910415575
1236189254858718471128603624930063881324958313531-841356973986788424033641854148712928121319667477,1281.828631990869,HTTPS >,Variance >,1236189254858718471128603624930063881324958313531,841356973986788424033641854148712928121319667477
1236189254858718471128603624930063881324958313531-841518471221275042570144506781210008737201997031,14963.758356432416,HTTPS >,Min <=,1236189254858718471128603624930063881324958313531,841518471221275042570144506781210008737201997031
1236189254858718471128603624930063881324958313531-843826879422383561066103188424018239931401286651,794.9559758682537,HTTPS >,ack_count <=,1236189254858718471128603624930063881324958313531,843826879422383561066103188424018239931401286651
1236189254858718471128603624930063881324958313531-896530251803066355404557928035950607124936193677,11927.28850533602,HTTPS >,psh_flag_number <=,1236189254858718471128603624930063881324958313531,896530251803066355404557928035950607124936193677
1236189254858718471128603624930063881324958313531-922599836131670820904126277297069322180441856169,8822.294146421002,HTTPS >,Rate <=,1236189254858718471128603624930063881324958313531,922599836131670820904126277297069322180441856169
1236189254858718471128603624930063881324958313531-926368966621798523173828527325665066772113177503,19013.9705874618,HTTPS >,UDP <=,1236189254858718471128603624930063881324958313531,926368966621798523173828527325665066772113177503
1236189254858718471128603624930063881324958313531-940331364486966071141541838460909450599289486914,348.24330827937706,HTTPS >,rst_count >,1236189254858718471128603624930063881324958313531,940331364486966071141541838460909450599289486914
1236189254858718471128603624930063881324958313531-974265510705878984211701297112044370513255377925,7270.766345997065,HTTPS >,Std <=,1236189254858718471128603624930063881324958313531,974265510705878984211701297112044370513255377925
1239329028096551917906154637654656383307088642249-1043469376771332113858820724324827897913309990452,8.080873960541334,cwr_flag_number <=,LLC >,1239329028096551917906154637654656383307088642249,1043469376771332113858820724324827897913309990452
1239329028096551917906154637654656383307088642249-1043754360836331848364792327262011021650379248223,161.61747921082667,cwr_flag_number <=,DNS >,1239329028096551917906154637654656383307088642249,1043754360836331848364792327262011021650379248223
1239329028096551917906154637654656383307088642249-1077028023530208599426324724984012030801332581683,10.101092450676667,cwr_flag_number <=,Time_To_Live >,1239329028096551917906154637654656383307088642249,1077028023530208599426324724984012030801332581683
1239329028096551917906154637654656383307088642249-1085488307210616684491611463585545838953333018237,3.0303277352030005,cwr_flag_number <=,Type >,1239329028096551917906154637654656383307088642249,1085488307210616684491611463585545838953333018237
1239329028096551917906154637654656383307088642249-1091995366823138898995898948102109473193356840202,1340.4149682047937,cwr_flag_number <=,DNS <=,1239329028096551917906154637654656383307088642249,1091995366823138898995898948102109473193356840202
1239329028096551917906154637654656383307088642249-109928824856976412487775174607761519739702474552,1255.5657916191099,cwr_flag_number <=,Number <=,1239329028096551917906154637654656383307088642249,109928824856976412487775174607761519739702474552
1239329028096551917906154637654656383307088642249-1118614325010621431186771152252517336813918651911,304.04288276536766,cwr_flag_number <=,sum >,1239329028096551917906154637654656383307088642249,1118614325010621431186771152252517336813918651911
1239329028096551917906154637654656383307088642249-1232849963170894971818913290506039176322619533319,579.8027066688408,cwr_flag_number <=,psh_flag_number >,1239329028096551917906154637654656383307088642249,1232849963170894971818913290506039176322619533319
1239329028096551917906154637654656383307088642249-1233133706649643691022119102239698495899057226060,9769.353024094928,cwr_flag_number <=,Time_To_Live <=,1239329028096551917906154637654656383307088642249,1233133706649643691022119102239698495899057226060
1239329028096551917906154637654656383307088642249-1236189254858718471128603624930063881324958313531,280.81037012881137,cwr_flag_number <=,HTTPS >,1239329028096551917906154637654656383307088642249,1236189254858718471128603624930063881324958313531
1239329028096551917906154637654656383307088642249-1329847435934461746074927120436757452470095790255,49.49535300831567,cwr_flag_number <=,Min >,1239329028096551917906154637654656383307088642249,1329847435934461746074927120436757452470095790255
1239329028096551917906154637654656383307088642249-1345309773886921328764805451107636357621530213384,599.516129032258,cwr_flag_number <=,Class -1,1239329028096551917906154637654656383307088642249,1345309773886921328764805451107636357621530213384
1239329028096551917906154637654656383307088642249-1375509225989204300559045429796274689340158771149,17.171857166150335,cwr_flag_number <=,rst_count <=,1239329028096551917906154637654656383307088642249,1375509225989204300559045429796274689340158771149
1239329028096551917906154637654656383307088642249-1379366653555122327876205020011632492492609315477,1690.6784949743062,cwr_flag_number <=,Type <=,1239329028096551917906154637654656383307088642249,1379366653555122327876205020011632492492609315477
1239329028096551917906154637654656383307088642249-1418162538066850581097605911983264533342366443794,113.13223544757868,cwr_flag_number <=,Header_Length <=,1239329028096551917906154637654656383307088642249,1418162538066850581097605911983264533342366443794
1239329028096551917906154637654656383307088642249-1429650867505148313720594668477948880050562903683,25.252731126691668,cwr_flag_number <=,syn_flag_number >,1239329028096551917906154637654656383307088642249,1429650867505148313720594668477948880050562903683
1239329028096551917906154637654656383307088642249-1454952188391427871478129207189215566009723810659,719.1977824881787,cwr_flag_number <=,Std >,1239329028096551917906154637654656383307088642249,1454952188391427871478129207189215566009723810659
1239329028096551917906154637654656383307088642249-1455733501014453866297060548284701359849809242142,26.262840371759335,cwr_flag_number <=,DHCP <=,1239329028096551917906154637654656383307088642249,1455733501014453866297060548284701359849809242142
1239329028096551917906154637654656383307088642249-153155765823982001952501641876618811106762500815,1024.2507744986142,cwr_flag_number <=,ack_flag_number >,1239329028096551917906154637654656383307088642249,153155765823982001952501641876618811106762500815
1239329028096551917906154637654656383307088642249-160227321490815016489601533331665083666172936667,20875.83001530588,cwr_flag_number <=,IGMP <=,1239329028096551917906154637654656383307088642249,160227321490815016489601533331665083666172936667
1239329028096551917906154637654656383307088642249-161772624339136553719839337862344762258727720981,2.0202184901353335,cwr_flag_number <=,ack_flag_number <=,1239329028096551917906154637654656383307088642249,161772624339136553719839337862344762258727720981
1239329028096551917906154637654656383307088642249-171982518954274878349485416184092168691833932185,5340.447578672754,cwr_flag_number <=,Class 1,1239329028096551917906154637654656383307088642249,171982518954274878349485416184092168691833932185
1239329028096551917906154637654656383307088642249-207766774224049171901964708681563529125144087827,57.57622696885701,cwr_flag_number <=,HTTP >,1239329028096551917906154637654656383307088642249,207766774224049171901964708681563529125144087827
1239329028096551917906154637654656383307088642249-215123608059624622405742600984392925785664489773,19585.936801439067,cwr_flag_number <=,Variance <=,1239329028096551917906154637654656383307088642249,215123608059624622405742600984392925785664489773
1239329028096551917906154637654656383307088642249-218607780770691257170847497927336330511308420255,5.0505462253383335,cwr_flag_number <=,ack_count >,1239329028096551917906154637654656383307088642249,218607780770691257170847497927336330511308420255
1239329028096551917906154637654656383307088642249-223165296026140232481876277255273629987157553131,8971.627393845038,cwr_flag_number <=,Header_Length >,1239329028096551917906154637654656383307088642249,223165296026140232481876277255273629987157553131
1239329028096551917906154637654656383307088642249-335418722972519651500040442315750311827115323662,15.151638676015,cwr_flag_number <=,Rate >,1239329028096551917906154637654656383307088642249,335418722972519651500040442315750311827115323662
1239329028096551917906154637654656383307088642249-338730224709676774412755851787278702947952010784,765.5813473383021,cwr_flag_number <=,sum <=,1239329028096551917906154637654656383307088642249,338730224709676774412755851787278702947952010784
1239329028096551917906154637654656383307088642249-371266811264664269299964157380215767396824640058,39.394260557639,cwr_flag_number <=,ICMP >,1239329028096551917906154637654656383307088642249,371266811264664269299964157380215767396824640058
1239329028096551917906154637654656383307088642249-378316838538499851440768051160724422589084218125,10235.11113857871,cwr_flag_number <=,IAT <=,1239329028096551917906154637654656383307088642249,378316838538499851440768051160724422589084218125
1239329028096551917906154637654656383307088642249-40351198695966294513339726256484683518911283460,21.212294146421,cwr_flag_number <=,fin_flag_number <=,1239329028096551917906154637654656383307088642249,40351198695966294513339726256484683518911283460
1239329028096551917906154637654656383307088642249-426624906449189252299067265451872698344494536313,999.1935483870968,cwr_flag_number <=,Number >,1239329028096551917906154637654656383307088642249,426624906449189252299067265451872698344494536313
1239329028096551917906154637654656383307088642249-475011065740486827108472353828139148231878458661,1229.3029512473504,cwr_flag_number <=,syn_flag_number <=,1239329028096551917906154637654656383307088642249,475011065740486827108472353828139148231878458661
1239329028096551917906154637654656383307088642249-505469541859377927785473031559292540931343582537,1072.736018261862,cwr_flag_number <=,ICMP <=,1239329028096551917906154637654656383307088642249,505469541859377927785473031559292540931343582537
1239329028096551917906154637654656383307088642249-520582048177068818674784514618258893555315007951,49.49535300831567,cwr_flag_number <=,LLC <=,1239329028096551917906154637654656383307088642249,520582048177068818674784514618258893555315007951
1239329028096551917906154637654656383307088642249-565103970815292376991711972572924808853013487374,50.505462253383335,cwr_flag_number <=,IGMP >,1239329028096551917906154637654656383307088642249,565103970815292376991711972572924808853013487374
1239329028096551917906154637654656383307088642249-681503808608794911981134712221284126975357543438,3632.874191970461,cwr_flag_number <=,syn_count <=,1239329028096551917906154637654656383307088642249,681503808608794911981134712221284126975357543438
1239329028096551917906154637654656383307088642249-684418957212367241623111035135876005715150589706,1407.0821783792599,cwr_flag_number <=,HTTP <=,1239329028096551917906154637654656383307088642249,684418957212367241623111035135876005715150589706
1239329028096551917906154637654656383307088642249-714914936218336719861297767221934377853836589461,11.111201695744334,cwr_flag_number <=,UDP >,1239329028096551917906154637654656383307088642249,714914936218336719861297767221934377853836589461
1239329028096551917906154637654656383307088642249-786396322989194697344344278946426998739971577495,158.50569105263435,cwr_flag_number <=,HTTPS <=,1239329028096551917906154637654656383307088642249,786396322989194697344344278946426998739971577495
1239329028096551917906154637654656383307088642249-835140271881840015202809914014108690929910415575,715.0758850849187,cwr_flag_number <=,IAT >,1239329028096551917906154637654656383307088642249,835140271881840015202809914014108690929910415575
1239329028096551917906154637654656383307088642249-841356973986788424033641854148712928121319667477,228.2846893852927,cwr_flag_number <=,Variance >,1239329028096551917906154637654656383307088642249,841356973986788424033641854148712928121319667477
1239329028096551917906154637654656383307088642249-841518471221275042570144506781210008737201997031,581.8229251589761,cwr_flag_number <=,Min <=,1239329028096551917906154637654656383307088642249,841518471221275042570144506781210008737201997031
1239329028096551917906154637654656383307088642249-843826879422383561066103188424018239931401286651,2.0202184901353335,cwr_flag_number <=,ack_count <=,1239329028096551917906154637654656383307088642249,843826879422383561066103188424018239931401286651
1239329028096551917906154637654656383307088642249-896530251803066355404557928035950607124936193677,7466.727539540193,cwr_flag_number <=,psh_flag_number <=,1239329028096551917906154637654656383307088642249,896530251803066355404557928035950607124936193677
1239329028096551917906154637654656383307088642249-922599836131670820904126277297069322180441856169,13.131420185879668,cwr_flag_number <=,Rate <=,1239329028096551917906154637654656383307088642249,922599836131670820904126277297069322180441856169
1239329028096551917906154637654656383307088642249-926368966621798523173828527325665066772113177503,30.30327735203,cwr_flag_number <=,UDP <=,1239329028096551917906154637654656383307088642249,926368966621798523173828527325665066772113177503
1239329028096551917906154637654656383307088642249-974265510705878984211701297112044370513255377925,704.0461438121637,cwr_flag_number <=,Std <=,1239329028096551917906154637654656383307088642249,974265510705878984211701297112044370513255377925
1251276136943778783713685275011300537715092657394-1043469376771332113858820724324827897913309990452,4709.422558028224,fin_flag_number >,LLC >,1251276136943778783713685275011300537715092657394,1043469376771332113858820724324827897913309990452
1251276136943778783713685275011300537715092657394-1043754360836331848364792327262011021650379248223,51.515571498451,fin_flag_number >,DNS >,1251276136943778783713685275011300537715092657394,1043754360836331848364792327262011021650379248223
1251276136943778783713685275011300537715092657394-1077028023530208599426324724984012030801332581683,16.161747921082668,fin_flag_number >,Time_To_Live >,1251276136943778783713685275011300537715092657394,1077028023530208599426324724984012030801332581683
1251276136943778783713685275011300537715092657394-1085488307210616684491611463585545838953333018237,55.55600847872167,fin_flag_number >,Type >,1251276136943778783713685275011300537715092657394,1085488307210616684491611463585545838953333018237
1251276136943778783713685275011300537715092657394-1091995366823138898995898948102109473193356840202,545.0516902215934,fin_flag_number >,DNS <=,1251276136943778783713685275011300537715092657394,1091995366823138898995898948102109473193356840202
1251276136943778783713685275011300537715092657394-109928824856976412487775174607761519739702474552,47.47513451818034,fin_flag_number >,Number <=,1251276136943778783713685275011300537715092657394,109928824856976412487775174607761519739702474552
1251276136943778783713685275011300537715092657394-1118614325010621431186771152252517336813918651911,1335.4784665716404,fin_flag_number >,sum >,1251276136943778783713685275011300537715092657394,1118614325010621431186771152252517336813918651911
1251276136943778783713685275011300537715092657394-1232849963170894971818913290506039176322619533319,46.46502527311267,fin_flag_number >,psh_flag_number >,1251276136943778783713685275011300537715092657394,1232849963170894971818913290506039176322619533319
1251276136943778783713685275011300537715092657394-1233133706649643691022119102239698495899057226060,1201.2968578236196,fin_flag_number >,Time_To_Live <=,1251276136943778783713685275011300537715092657394,1233133706649643691022119102239698495899057226060
1251276136943778783713685275011300537715092657394-1236189254858718471128603624930063881324958313531,166.668025436165,fin_flag_number >,HTTPS >,1251276136943778783713685275011300537715092657394,1236189254858718471128603624930063881324958313531
1251276136943778783713685275011300537715092657394-1251276136943778783713685275011300537715092657394,2094.5103959016005,fin_flag_number >,fin_flag_number >,1251276136943778783713685275011300537715092657394,1251276136943778783713685275011300537715092657394
1251276136943778783713685275011300537715092657394-1338222599102815322204523610829624561969283441716,897.3354354812411,fin_flag_number >,SSH <=,1251276136943778783713685275011300537715092657394,1338222599102815322204523610829624561969283441716
1251276136943778783713685275011300537715092657394-1345309773886921328764805451107636357621530213384,28177.25806451613,fin_flag_number >,Class -1,1251276136943778783713685275011300537715092657394,1345309773886921328764805451107636357621530213384
1251276136943778783713685275011300537715092657394-1375509225989204300559045429796274689340158771149,1104.5707515660915,fin_flag_number >,rst_count <=,1251276136943778783713685275011300537715092657394,1375509225989204300559045429796274689340158771149
1251276136943778783713685275011300537715092657394-1379366653555122327876205020011632492492609315477,278.79015163867604,fin_flag_number >,Type <=,1251276136943778783713685275011300537715092657394,1379366653555122327876205020011632492492609315477
1251276136943778783713685275011300537715092657394-1418162538066850581097605911983264533342366443794,17.171857166150335,fin_flag_number >,Header_Length <=,1251276136943778783713685275011300537715092657394,1418162538066850581097605911983264533342366443794
1251276136943778783713685275011300537715092657394-1429650867505148313720594668477948880050562903683,5640.417440288656,fin_flag_number >,syn_flag_number >,1251276136943778783713685275011300537715092657394,1429650867505148313720594668477948880050562903683
1251276136943778783713685275011300537715092657394-1454952188391427871478129207189215566009723810659,102.02103375183434,fin_flag_number >,Std >,1251276136943778783713685275011300537715092657394,1454952188391427871478129207189215566009723810659
1251276136943778783713685275011300537715092657394-1455733501014453866297060548284701359849809242142,89.89972281102234,fin_flag_number >,DHCP <=,1251276136943778783713685275011300537715092657394,1455733501014453866297060548284701359849809242142
1251276136943778783713685275011300537715092657394-153155765823982001952501641876618811106762500815,1234.467542064874,fin_flag_number >,ack_flag_number >,1251276136943778783713685275011300537715092657394,153155765823982001952501641876618811106762500815
1251276136943778783713685275011300537715092657394-160227321490815016489601533331665083666172936667,46.46502527311267,fin_flag_number >,IGMP <=,1251276136943778783713685275011300537715092657394,160227321490815016489601533331665083666172936667
1251276136943778783713685275011300537715092657394-161772624339136553719839337862344762258727720981,1365.7817439236705,fin_flag_number >,ack_flag_number <=,1251276136943778783713685275011300537715092657394,161772624339136553719839337862344762258727720981
1251276136943778783713685275011300537715092657394-171982518954274878349485416184092168691833932185,2688.9108103701287,fin_flag_number >,Class 1,1251276136943778783713685275011300537715092657394,171982518954274878349485416184092168691833932185
1251276136943778783713685275011300537715092657394-207766774224049171901964708681563529125144087827,23.232512636556336,fin_flag_number >,HTTP >,1251276136943778783713685275011300537715092657394,207766774224049171901964708681563529125144087827
1251276136943778783713685275011300537715092657394-215123608059624622405742600984392925785664489773,1221.5805031479622,fin_flag_number >,Variance <=,1251276136943778783713685275011300537715092657394,215123608059624622405742600984392925785664489773
1251276136943778783713685275011300537715092657394-218607780770691257170847497927336330511308420255,39.394260557639,fin_flag_number >,ack_count >,1251276136943778783713685275011300537715092657394,218607780770691257170847497927336330511308420255
1251276136943778783713685275011300537715092657394-223165296026140232481876277255273629987157553131,254.38460891107337,fin_flag_number >,Header_Length >,1251276136943778783713685275011300537715092657394,223165296026140232481876277255273629987157553131
1251276136943778783713685275011300537715092657394-335418722972519651500040442315750311827115323662,3246.0675194479363,fin_flag_number >,Rate >,1251276136943778783713685275011300537715092657394,335418722972519651500040442315750311827115323662
1251276136943778783713685275011300537715092657394-338730224709676774412755851787278702947952010784,3012.1294767071845,fin_flag_number >,sum <=,1251276136943778783713685275011300537715092657394,338730224709676774412755851787278702947952010784
1251276136943778783713685275011300537715092657394-371266811264664269299964157380215767396824640058,2.0202184901353335,fin_flag_number >,ICMP >,1251276136943778783713685275011300537715092657394,371266811264664269299964157380215767396824640058
1251276136943778783713685275011300537715092657394-378316838538499851440768051160724422589084218125,271.71938692320236,fin_flag_number >,IAT <=,1251276136943778783713685275011300537715092657394,378316838538499851440768051160724422589084218125
1251276136943778783713685275011300537715092657394-40351198695966294513339726256484683518911283460,7997.311858638881,fin_flag_number >,fin_flag_number <=,1251276136943778783713685275011300537715092657394,40351198695966294513339726256484683518911283460
1251276136943778783713685275011300537715092657394-426624906449189252299067265451872698344494536313,600.5262382773258,fin_flag_number >,Number >,1251276136943778783713685275011300537715092657394,426624906449189252299067265451872698344494536313
1251276136943778783713685275011300537715092657394-450410814915736770904937984733342042835793211647,168.60678350331102,fin_flag_number >,ece_flag_number <=,1251276136943778783713685275011300537715092657394,450410814915736770904937984733342042835793211647
1251276136943778783713685275011300537715092657394-475011065740486827108472353828139148231878458661,7149.471776165956,fin_flag_number >,syn_flag_number <=,1251276136943778783713685275011300537715092657394,475011065740486827108472353828139148231878458661
1251276136943778783713685275011300537715092657394-505469541859377927785473031559292540931343582537,31.31338659709767,fin_flag_number >,ICMP <=,1251276136943778783713685275011300537715092657394,505469541859377927785473031559292540931343582537
1251276136943778783713685275011300537715092657394-520582048177068818674784514618258893555315007951,20.202184901353334,fin_flag_number >,LLC <=,1251276136943778783713685275011300537715092657394,520582048177068818674784514618258893555315007951
1251276136943778783713685275011300537715092657394-681503808608794911981134712221284126975357543438,121.21310940812,fin_flag_number >,syn_count <=,1251276136943778783713685275011300537715092657394,681503808608794911981134712221284126975357543438
1251276136943778783713685275011300537715092657394-684418957212367241623111035135876005715150589706,1766.3878121005876,fin_flag_number >,HTTP <=,1251276136943778783713685275011300537715092657394,684418957212367241623111035135876005715150589706
1251276136943778783713685275011300537715092657394-714914936218336719861297767221934377853836589461,419.1953367030817,fin_flag_number >,UDP >,1251276136943778783713685275011300537715092657394,714914936218336719861297767221934377853836589461
1251276136943778783713685275011300537715092657394-786396322989194697344344278946426998739971577495,717.6989107051751,fin_flag_number >,HTTPS <=,1251276136943778783713685275011300537715092657394,786396322989194697344344278946426998739971577495
1251276136943778783713685275011300537715092657394-795584812918386367255521286735341258439959854242,1072.9315232770364,fin_flag_number >,syn_count >,1251276136943778783713685275011300537715092657394,795584812918386367255521286735341258439959854242
1251276136943778783713685275011300537715092657394-835140271881840015202809914014108690929910415575,17.171857166150335,fin_flag_number >,IAT >,1251276136943778783713685275011300537715092657394,835140271881840015202809914014108690929910415575
1251276136943778783713685275011300537715092657394-841356973986788424033641854148712928121319667477,35.35382357736834,fin_flag_number >,Variance >,1251276136943778783713685275011300537715092657394,841356973986788424033641854148712928121319667477
1251276136943778783713685275011300537715092657394-841518471221275042570144506781210008737201997031,3522.1531850433666,fin_flag_number >,Min <=,1251276136943778783713685275011300537715092657394,841518471221275042570144506781210008737201997031
1251276136943778783713685275011300537715092657394-843826879422383561066103188424018239931401286651,28.28305886189467,fin_flag_number >,ack_count <=,1251276136943778783713685275011300537715092657394,843826879422383561066103188424018239931401286651
1251276136943778783713685275011300537715092657394-896530251803066355404557928035950607124936193677,57.57622696885701,fin_flag_number >,psh_flag_number <=,1251276136943778783713685275011300537715092657394,896530251803066355404557928035950607124936193677
1251276136943778783713685275011300537715092657394-922599836131670820904126277297069322180441856169,2406.226850512563,fin_flag_number >,Rate <=,1251276136943778783713685275011300537715092657394,922599836131670820904126277297069322180441856169
1251276136943778783713685275011300537715092657394-926368966621798523173828527325665066772113177503,1517.2166702608313,fin_flag_number >,UDP <=,1251276136943778783713685275011300537715092657394,926368966621798523173828527325665066772113177503
1251276136943778783713685275011300537715092657394-940331364486966071141541838460909450599289486914,2100.3266701030384,fin_flag_number >,rst_count >,1251276136943778783713685275011300537715092657394,940331364486966071141541838460909450599289486914
1251276136943778783713685275011300537715092657394-974265510705878984211701297112044370513255377925,1560.651367798741,fin_flag_number >,Std <=,1251276136943778783713685275011300537715092657394,974265510705878984211701297112044370513255377925
1329847435934461746074927120436757452470095790255-1043469376771332113858820724324827897913309990452,316.1641937061797,Min >,LLC >,1329847435934461746074927120436757452470095790255,1043469376771332113858820724324827897913309990452
1329847435934461746074927120436757452470095790255-1043754360836331848364792327262011021650379248223,199.92017010040868,Min >,DNS >,1329847435934461746074927120436757452470095790255,1043754360836331848364792327262011021650379248223
1329847435934461746074927120436757452470095790255-1077028023530208599426324724984012030801332581683,1372.5755432009805,Min >,Time_To_Live >,1329847435934461746074927120436757452470095790255,1077028023530208599426324724984012030801332581683
1329847435934461746074927120436757452470095790255-1085488307210616684491611463585545838953333018237,338.1422158287004,Min >,Type >,1329847435934461746074927120436757452470095790255,1085488307210616684491611463585545838953333018237
1329847435934461746074927120436757452470095790255-1091995366823138898995898948102109473193356840202,1015.1597912930051,Min >,DNS <=,1329847435934461746074927120436757452470095790255,1091995366823138898995898948102109473193356840202
1329847435934461746074927120436757452470095790255-109928824856976412487775174607761519739702474552,525.2568074351867,Min >,Number <=,1329847435934461746074927120436757452470095790255,109928824856976412487775174607761519739702474552
1329847435934461746074927120436757452470095790255-1118614325010621431186771152252517336813918651911,1159.4424924917028,Min >,sum >,1329847435934461746074927120436757452470095790255,1118614325010621431186771152252517336813918651911
1329847435934461746074927120436757452470095790255-1184472685782376059334758133512718430805424685192,20.202184901353334,Min >,SSH >,1329847435934461746074927120436757452470095790255,1184472685782376059334758133512718430805424685192
1329847435934461746074927120436757452470095790255-1232849963170894971818913290506039176322619533319,2021.2285993804012,Min >,psh_flag_number >,1329847435934461746074927120436757452470095790255,1232849963170894971818913290506039176322619533319
1329847435934461746074927120436757452470095790255-1233133706649643691022119102239698495899057226060,1737.3064410933976,Min >,Time_To_Live <=,1329847435934461746074927120436757452470095790255,1233133706649643691022119102239698495899057226060
1329847435934461746074927120436757452470095790255-1236189254858718471128603624930063881324958313531,1148.494211641937,Min >,HTTPS >,1329847435934461746074927120436757452470095790255,1236189254858718471128603624930063881324958313531
1329847435934461746074927120436757452470095790255-1239329028096551917906154637654656383307088642249,34.34371433230067,Min >,cwr_flag_number <=,1329847435934461746074927120436757452470095790255,1239329028096551917906154637654656383307088642249
1329847435934461746074927120436757452470095790255-1251276136943778783713685275011300537715092657394,2.0202184901353335,Min >,fin_flag_number >,1329847435934461746074927120436757452470095790255,1251276136943778783713685275011300537715092657394
1329847435934461746074927120436757452470095790255-1329847435934461746074927120436757452470095790255,2368.7061796836783,Min >,Min >,1329847435934461746074927120436757452470095790255,1329847435934461746074927120436757452470095790255
1329847435934461746074927120436757452470095790255-1338222599102815322204523610829624561969283441716,480.81200065220935,Min >,SSH <=,1329847435934461746074927120436757452470095790255,1338222599102815322204523610829624561969283441716
1329847435934461746074927120436757452470095790255-1345309773886921328764805451107636357621530213384,1698.6290322580646,Min >,Class -1,1329847435934461746074927120436757452470095790255,1345309773886921328764805451107636357621530213384
1329847435934461746074927120436757452470095790255-1375509225989204300559045429796274689340158771149,900.9359861773694,Min >,rst_count <=,1329847435934461746074927120436757452470095790255,1375509225989204300559045429796274689340158771149
1329847435934461746074927120436757452470095790255-1379366653555122327876205020011632492492609315477,435.3570846241644,Min >,Type <=,1329847435934461746074927120436757452470095790255,1379366653555122327876205020011632492492609315477
1329847435934461746074927120436757452470095790255-1418162538066850581097605911983264533342366443794,231.23355669750634,Min >,Header_Length <=,1329847435934461746074927120436757452470095790255,1418162538066850581097605911983264533342366443794
1329847435934461746074927120436757452470095790255-1429650867505148313720594668477948880050562903683,29.293168106962337,Min >,syn_flag_number >,1329847435934461746074927120436757452470095790255,1429650867505148313720594668477948880050562903683
1329847435934461746074927120436757452470095790255-1454952188391427871478129207189215566009723810659,584.853252894179,Min >,Std >,1329847435934461746074927120436757452470095790255,1454952188391427871478129207189215566009723810659
1329847435934461746074927120436757452470095790255-1455733501014453866297060548284701359849809242142,464.6502527311267,Min >,DHCP <=,1329847435934461746074927120436757452470095790255,1455733501014453866297060548284701359849809242142
1329847435934461746074927120436757452470095790255-153155765823982001952501641876618811106762500815,1721.2261535953041,Min >,ack_flag_number >,1329847435934461746074927120436757452470095790255,153155765823982001952501641876618811106762500815
1329847435934461746074927120436757452470095790255-160227321490815016489601533331665083666172936667,302.9513130973107,Min >,IGMP <=,1329847435934461746074927120436757452470095790255,160227321490815016489601533331665083666172936667
1329847435934461746074927120436757452470095790255-161772624339136553719839337862344762258727720981,167.67813468123268,Min >,ack_flag_number <=,1329847435934461746074927120436757452470095790255,161772624339136553719839337862344762258727720981
1329847435934461746074927120436757452470095790255-171982518954274878349485416184092168691833932185,10682.915375835644,Min >,Class 1,1329847435934461746074927120436757452470095790255,171982518954274878349485416184092168691833932185
1329847435934461746074927120436757452470095790255-207766774224049171901964708681563529125144087827,232.32512636556336,Min >,HTTP >,1329847435934461746074927120436757452470095790255,207766774224049171901964708681563529125144087827
1329847435934461746074927120436757452470095790255-215123608059624622405742600984392925785664489773,2265.6750366867764,Min >,Variance <=,1329847435934461746074927120436757452470095790255,215123608059624622405742600984392925785664489773
1329847435934461746074927120436757452470095790255-218607780770691257170847497927336330511308420255,2201.0280450024457,Min >,ack_count >,1329847435934461746074927120436757452470095790255,218607780770691257170847497927336330511308420255
1329847435934461746074927120436757452470095790255-223165296026140232481876277255273629987157553131,226.26447089515736,Min >,Header_Length >,1329847435934461746074927120436757452470095790255,223165296026140232481876277255273629987157553131
1329847435934461746074927120436757452470095790255-335418722972519651500040442315750311827115323662,765.4998869153128,Min >,Rate >,1329847435934461746074927120436757452470095790255,335418722972519651500040442315750311827115323662
1329847435934461746074927120436757452470095790255-337274849629170698169636561573185333120886675912,7.0707647154736675,Min >,ece_flag_number >,1329847435934461746074927120436757452470095790255,337274849629170698169636561573185333120886675912
1329847435934461746074927120436757452470095790255-338730224709676774412755851787278702947952010784,2862.2422984068207,Min >,sum <=,1329847435934461746074927120436757452470095790255,338730224709676774412755851787278702947952010784
1329847435934461746074927120436757452470095790255-371266811264664269299964157380215767396824640058,43.43469753790967,Min >,ICMP >,1329847435934461746074927120436757452470095790255,371266811264664269299964157380215767396824640058
1329847435934461746074927120436757452470095790255-378316838538499851440768051160724422589084218125,961.46108045844,Min >,IAT <=,1329847435934461746074927120436757452470095790255,378316838538499851440768051160724422589084218125
1329847435934461746074927120436757452470095790255-40351198695966294513339726256484683518911283460,304.04288276536766,Min >,fin_flag_number <=,1329847435934461746074927120436757452470095790255,40351198695966294513339726256484683518911283460
1329847435934461746074927120436757452470095790255-450410814915736770904937984733342042835793211647,18.181966411218003,Min >,ece_flag_number <=,1329847435934461746074927120436757452470095790255,450410814915736770904937984733342042835793211647
1329847435934461746074927120436757452470095790255-475011065740486827108472353828139148231878458661,1114.9976857087254,Min >,syn_flag_number <=,1329847435934461746074927120436757452470095790255,475011065740486827108472353828139148231878458661
1329847435934461746074927120436757452470095790255-505469541859377927785473031559292540931343582537,941.4218164030655,Min >,ICMP <=,1329847435934461746074927120436757452470095790255,505469541859377927785473031559292540931343582537
1329847435934461746074927120436757452470095790255-681503808608794911981134712221284126975357543438,957.583564324148,Min >,syn_count <=,1329847435934461746074927120436757452470095790255,681503808608794911981134712221284126975357543438
1329847435934461746074927120436757452470095790255-684418957212367241623111035135876005715150589706,2525.1916522461775,Min >,HTTP <=,1329847435934461746074927120436757452470095790255,684418957212367241623111035135876005715150589706
1329847435934461746074927120436757452470095790255-714914936218336719861297767221934377853836589461,523.0736680990727,Min >,UDP >,1329847435934461746074927120436757452470095790255,714914936218336719861297767221934377853836589461
1329847435934461746074927120436757452470095790255-786396322989194697344344278946426998739971577495,627.1963807640317,Min >,HTTPS <=,1329847435934461746074927120436757452470095790255,786396322989194697344344278946426998739971577495
1329847435934461746074927120436757452470095790255-795584812918386367255521286735341258439959854242,514.064145316453,Min >,syn_count >,1329847435934461746074927120436757452470095790255,795584812918386367255521286735341258439959854242
1329847435934461746074927120436757452470095790255-835140271881840015202809914014108690929910415575,1728.0525370418097,Min >,IAT >,1329847435934461746074927120436757452470095790255,835140271881840015202809914014108690929910415575
1329847435934461746074927120436757452470095790255-841356973986788424033641854148712928121319667477,857.5827490624491,Min >,Variance >,1329847435934461746074927120436757452470095790255,841356973986788424033641854148712928121319667477
1329847435934461746074927120436757452470095790255-841518471221275042570144506781210008737201997031,1814.596090425672,Min >,Min <=,1329847435934461746074927120436757452470095790255,841518471221275042570144506781210008737201997031
1329847435934461746074927120436757452470095790255-843826879422383561066103188424018239931401286651,285.8609163541497,Min >,ack_count <=,1329847435934461746074927120436757452470095790255,843826879422383561066103188424018239931401286651
1329847435934461746074927120436757452470095790255-896530251803066355404557928035950607124936193677,2264.176164903773,Min >,psh_flag_number <=,1329847435934461746074927120436757452470095790255,896530251803066355404557928035950607124936193677
1329847435934461746074927120436757452470095790255-922599836131670820904126277297069322180441856169,1778.5579992951932,Min >,Rate <=,1329847435934461746074927120436757452470095790255,922599836131670820904126277297069322180441856169
1329847435934461746074927120436757452470095790255-926368966621798523173828527325665066772113177503,634.3486059024947,Min >,UDP <=,1329847435934461746074927120436757452470095790255,926368966621798523173828527325665066772113177503
1329847435934461746074927120436757452470095790255-974265510705878984211701297112044370513255377925,970.7149845100278,Min >,Std <=,1329847435934461746074927120436757452470095790255,974265510705878984211701297112044370513255377925
1338222599102815322204523610829624561969283441716-1043469376771332113858820724324827897913309990452,20505.33171946582,SSH <=,LLC >,1338222599102815322204523610829624561969283441716,1043469376771332113858820724324827897913309990452
1338222599102815322204523610829624561969283441716-1043754360836331848364792327262011021650379248223,153.53660525028533,SSH <=,DNS >,1338222599102815322204523610829624561969283441716,1043754360836331848364792327262011021650379248223
1338222599102815322204523610829624561969283441716-1077028023530208599426324724984012030801332581683,3542.453122452307,SSH <=,Time_To_Live >,1338222599102815322204523610829624561969283441716,1077028023530208599426324724984012030801332581683
1338222599102815322204523610829624561969283441716-1085488307210616684491611463585545838953333018237,130.304092613729,SSH <=,Type >,1338222599102815322204523610829624561969283441716,1085488307210616684491611463585545838953333018237
1338222599102815322204523610829624561969283441716-1091995366823138898995898948102109473193356840202,1678.8015653024622,SSH <=,DNS <=,1338222599102815322204523610829624561969283441716,1091995366823138898995898948102109473193356840202
1338222599102815322204523610829624561969283441716-109928824856976412487775174607761519739702474552,359.5988912440894,SSH <=,Number <=,1338222599102815322204523610829624561969283441716,109928824856976412487775174607761519739702474552
1338222599102815322204523610829624561969283441716-1118614325010621431186771152252517336813918651911,10379.573052707985,SSH <=,sum >,1338222599102815322204523610829624561969283441716,1118614325010621431186771152252517336813918651911
1338222599102815322204523610829624561969283441716-1232849963170894971818913290506039176322619533319,1635.3668677645526,SSH <=,psh_flag_number >,1338222599102815322204523610829624561969283441716,1232849963170894971818913290506039176322619533319
1338222599102815322204523610829624561969283441716-1233133706649643691022119102239698495899057226060,3894.736867711955,SSH <=,Time_To_Live <=,1338222599102815322204523610829624561969283441716,1233133706649643691022119102239698495899057226060
1338222599102815322204523610829624561969283441716-1236189254858718471128603624930063881324958313531,3188.914886678624,SSH <=,HTTPS >,1338222599102815322204523610829624561969283441716,1236189254858718471128603624930063881324958313531
1338222599102815322204523610829624561969283441716-1251276136943778783713685275011300537715092657394,1237.4978698000768,SSH <=,fin_flag_number >,1338222599102815322204523610829624561969283441716,1251276136943778783713685275011300537715092657394
1338222599102815322204523610829624561969283441716-1329847435934461746074927120436757452470095790255,1020.0474166723648,SSH <=,Min >,1338222599102815322204523610829624561969283441716,1329847435934461746074927120436757452470095790255
1338222599102815322204523610829624561969283441716-1345309773886921328764805451107636357621530213384,5595.483870967742,SSH <=,Class -1,1338222599102815322204523610829624561969283441716,1345309773886921328764805451107636357621530213384
1338222599102815322204523610829624561969283441716-1375509225989204300559045429796274689340158771149,11413.224360019567,SSH <=,rst_count <=,1338222599102815322204523610829624561969283441716,1375509225989204300559045429796274689340158771149
1338222599102815322204523610829624561969283441716-1379366653555122327876205020011632492492609315477,7517.102665116793,SSH <=,Type <=,1338222599102815322204523610829624561969283441716,1379366653555122327876205020011632492492609315477
1338222599102815322204523610829624561969283441716-1418162538066850581097605911983264533342366443794,12630.60150534128,SSH <=,Header_Length <=,1338222599102815322204523610829624561969283441716,1418162538066850581097605911983264533342366443794
1338222599102815322204523610829624561969283441716-1429650867505148313720594668477948880050562903683,861.0529630817945,SSH <=,syn_flag_number >,1338222599102815322204523610829624561969283441716,1429650867505148313720594668477948880050562903683
1338222599102815322204523610829624561969283441716-1454952188391427871478129207189215566009723810659,287.7996744212957,SSH <=,Std >,1338222599102815322204523610829624561969283441716,1454952188391427871478129207189215566009723810659
1338222599102815322204523610829624561969283441716-1455733501014453866297060548284701359849809242142,4090.860982101061,SSH <=,DHCP <=,1338222599102815322204523610829624561969283441716,1455733501014453866297060548284701359849809242142
1338222599102815322204523610829624561969283441716-153155765823982001952501641876618811106762500815,11663.11235358163,SSH <=,ack_flag_number >,1338222599102815322204523610829624561969283441716,153155765823982001952501641876618811106762500815
1338222599102815322204523610829624561969283441716-160227321490815016489601533331665083666172936667,19261.91982295672,SSH <=,IGMP <=,1338222599102815322204523610829624561969283441716,160227321490815016489601533331665083666172936667
1338222599102815322204523610829624561969283441716-161772624339136553719839337862344762258727720981,2499.776000273507,SSH <=,ack_flag_number <=,1338222599102815322204523610829624561969283441716,161772624339136553719839337862344762258727720981
1338222599102815322204523610829624561969283441716-171982518954274878349485416184092168691833932185,24946.668025436167,SSH <=,Class 1,1338222599102815322204523610829624561969283441716,171982518954274878349485416184092168691833932185
1338222599102815322204523610829624561969283441716-207766774224049171901964708681563529125144087827,493.69903956912106,SSH <=,HTTP >,1338222599102815322204523610829624561969283441716,207766774224049171901964708681563529125144087827
1338222599102815322204523610829624561969283441716-215123608059624622405742600984392925785664489773,14098.89304555472,SSH <=,Variance <=,1338222599102815322204523610829624561969283441716,215123608059624622405742600984392925785664489773
1338222599102815322204523610829624561969283441716-218607780770691257170847497927336330511308420255,3225.067022401288,SSH <=,ack_count >,1338222599102815322204523610829624561969283441716,218607780770691257170847497927336330511308420255
1338222599102815322204523610829624561969283441716-223165296026140232481876277255273629987157553131,12462.402023952915,SSH <=,Header_Length >,1338222599102815322204523610829624561969283441716,223165296026140232481876277255273629987157553131
1338222599102815322204523610829624561969283441716-335418722972519651500040442315750311827115323662,1671.7308005869884,SSH <=,Rate >,1338222599102815322204523610829624561969283441716,335418722972519651500040442315750311827115323662
1338222599102815322204523610829624561969283441716-338730224709676774412755851787278702947952010784,14537.329334167882,SSH <=,sum <=,1338222599102815322204523610829624561969283441716,338730224709676774412755851787278702947952010784
1338222599102815322204523610829624561969283441716-378316838538499851440768051160724422589084218125,13415.163131236095,SSH <=,IAT <=,1338222599102815322204523610829624561969283441716,378316838538499851440768051160724422589084218125
1338222599102815322204523610829624561969283441716-40351198695966294513339726256484683518911283460,4360.23430884217,SSH <=,fin_flag_number <=,1338222599102815322204523610829624561969283441716,40351198695966294513339726256484683518911283460
1338222599102815322204523610829624561969283441716-475011065740486827108472353828139148231878458661,1698.5149876658795,SSH <=,syn_flag_number <=,1338222599102815322204523610829624561969283441716,475011065740486827108472353828139148231878458661
1338222599102815322204523610829624561969283441716-505469541859377927785473031559292540931343582537,5710.147562367521,SSH <=,ICMP <=,1338222599102815322204523610829624561969283441716,505469541859377927785473031559292540931343582537
1338222599102815322204523610829624561969283441716-520582048177068818674784514618258893555315007951,1072.5730974158835,SSH <=,LLC <=,1338222599102815322204523610829624561969283441716,520582048177068818674784514618258893555315007951
1338222599102815322204523610829624561969283441716-565103970815292376991711972572924808853013487374,152.44503558222837,SSH <=,IGMP >,1338222599102815322204523610829624561969283441716,565103970815292376991711972572924808853013487374
1338222599102815322204523610829624561969283441716-629827923182617752624696690572530002196221478554,14.141529430947335,SSH <=,DHCP >,1338222599102815322204523610829624561969283441716,629827923182617752624696690572530002196221478554
1338222599102815322204523610829624561969283441716-681503808608794911981134712221284126975357543438,8034.327474845232,SSH <=,syn_count <=,1338222599102815322204523610829624561969283441716,681503808608794911981134712221284126975357543438
1338222599102815322204523610829624561969283441716-684418957212367241623111035135876005715150589706,2984.872819174955,SSH <=,HTTP <=,1338222599102815322204523610829624561969283441716,684418957212367241623111035135876005715150589706
1338222599102815322204523610829624561969283441716-714914936218336719861297767221934377853836589461,2593.145937103875,SSH <=,UDP >,1338222599102815322204523610829624561969283441716,714914936218336719861297767221934377853836589461
1338222599102815322204523610829624561969283441716-786396322989194697344344278946426998739971577495,2884.546162221299,SSH <=,HTTPS <=,1338222599102815322204523610829624561969283441716,786396322989194697344344278946426998739971577495
1338222599102815322204523610829624561969283441716-795584812918386367255521286735341258439959854242,1563.6816955339439,SSH <=,syn_count >,1338222599102815322204523610829624561969283441716,795584812918386367255521286735341258439959854242
1338222599102815322204523610829624561969283441716-835140271881840015202809914014108690929910415575,2348.0966926673786,SSH <=,IAT >,1338222599102815322204523610829624561969283441716,835140271881840015202809914014108690929910415575
1338222599102815322204523610829624561969283441716-841356973986788424033641854148712928121319667477,3079.8230882113157,SSH <=,Variance >,1338222599102815322204523610829624561969283441716,841356973986788424033641854148712928121319667477
1338222599102815322204523610829624561969283441716-841518471221275042570144506781210008737201997031,20229.148301362802,SSH <=,Min <=,1338222599102815322204523610829624561969283441716,841518471221275042570144506781210008737201997031
1338222599102815322204523610829624561969283441716-843826879422383561066103188424018239931401286651,15446.981585605108,SSH <=,ack_count <=,1338222599102815322204523610829624561969283441716,843826879422383561066103188424018239931401286651
1338222599102815322204523610829624561969283441716-896530251803066355404557928035950607124936193677,853.5423120821785,SSH <=,psh_flag_number <=,1338222599102815322204523610829624561969283441716,896530251803066355404557928035950607124936193677
1338222599102815322204523610829624561969283441716-922599836131670820904126277297069322180441856169,24529.313694292643,SSH <=,Rate <=,1338222599102815322204523610829624561969283441716,922599836131670820904126277297069322180441856169
1338222599102815322204523610829624561969283441716-926368966621798523173828527325665066772113177503,17617.722645340124,SSH <=,UDP <=,1338222599102815322204523610829624561969283441716,926368966621798523173828527325665066772113177503
1338222599102815322204523610829624561969283441716-940331364486966071141541838460909450599289486914,221.05100382384035,SSH <=,rst_count >,1338222599102815322204523610829624561969283441716,940331364486966071141541838460909450599289486914
1338222599102815322204523610829624561969283441716-974265510705878984211701297112044370513255377925,1938.3996412848526,SSH <=,Std <=,1338222599102815322204523610829624561969283441716,974265510705878984211701297112044370513255377925
1345309773886921328764805451107636357621530213384-1043469376771332113858820724324827897913309990452,8193.387096774193,Class -1,LLC >,1345309773886921328764805451107636357621530213384,1043469376771332113858820724324827897913309990452
1345309773886921328764805451107636357621530213384-1043754360836331848364792327262011021650379248223,799.3548387096774,Class -1,DNS >,1345309773886921328764805451107636357621530213384,1043754360836331848364792327262011021650379248223
1345309773886921328764805451107636357621530213384-1077028023530208599426324724984012030801332581683,1598.7096774193549,Class -1,Time_To_Live >,1345309773886921328764805451107636357621530213384,1077028023530208599426324724984012030801332581683
1345309773886921328764805451107636357621530213384-1085488307210616684491611463585545838953333018237,3397.2580645161293,Class -1,Type >,1345309773886921328764805451107636357621530213384,1085488307210616684491611463585545838953333018237
1345309773886921328764805451107636357621530213384-1091995366823138898995898948102109473193356840202,6994.354838709678,Class -1,DNS <=,1345309773886921328764805451107636357621530213384,1091995366823138898995898948102109473193356840202
1345309773886921328764805451107636357621530213384-109928824856976412487775174607761519739702474552,499.5967741935484,Class -1,Number <=,1345309773886921328764805451107636357621530213384,109928824856976412487775174607761519739702474552
1345309773886921328764805451107636357621530213384-1118614325010621431186771152252517336813918651911,6294.91935483871,Class -1,sum >,1345309773886921328764805451107636357621530213384,1118614325010621431186771152252517336813918651911
1345309773886921328764805451107636357621530213384-1184472685782376059334758133512718430805424685192,99.91935483870968,Class -1,SSH >,1345309773886921328764805451107636357621530213384,1184472685782376059334758133512718430805424685192
1345309773886921328764805451107636357621530213384-1232849963170894971818913290506039176322619533319,399.6774193548387,Class -1,psh_flag_number >,1345309773886921328764805451107636357621530213384,1232849963170894971818913290506039176322619533319
1345309773886921328764805451107636357621530213384-1233133706649643691022119102239698495899057226060,10391.612903225807,Class -1,Time_To_Live <=,1345309773886921328764805451107636357621530213384,1233133706649643691022119102239698495899057226060
1345309773886921328764805451107636357621530213384-1236189254858718471128603624930063881324958313531,899.2741935483871,Class -1,HTTPS >,1345309773886921328764805451107636357621530213384,1236189254858718471128603624930063881324958313531
1345309773886921328764805451107636357621530213384-1239329028096551917906154637654656383307088642249,999.1935483870968,Class -1,cwr_flag_number <=,1345309773886921328764805451107636357621530213384,1239329028096551917906154637654656383307088642249
1345309773886921328764805451107636357621530213384-1251276136943778783713685275011300537715092657394,10291.693548387097,Class -1,fin_flag_number >,1345309773886921328764805451107636357621530213384,1251276136943778783713685275011300537715092657394
1345309773886921328764805451107636357621530213384-1329847435934461746074927120436757452470095790255,1099.1129032258066,Class -1,Min >,1345309773886921328764805451107636357621530213384,1329847435934461746074927120436757452470095790255
1345309773886921328764805451107636357621530213384-1338222599102815322204523610829624561969283441716,4896.048387096775,Class -1,SSH <=,1345309773886921328764805451107636357621530213384,1338222599102815322204523610829624561969283441716
1345309773886921328764805451107636357621530213384-1375509225989204300559045429796274689340158771149,4096.693548387097,Class -1,rst_count <=,1345309773886921328764805451107636357621530213384,1375509225989204300559045429796274689340158771149
1345309773886921328764805451107636357621530213384-1379366653555122327876205020011632492492609315477,7993.548387096775,Class -1,Type <=,1345309773886921328764805451107636357621530213384,1379366653555122327876205020011632492492609315477
1345309773886921328764805451107636357621530213384-1418162538066850581097605911983264533342366443794,4096.693548387097,Class -1,Header_Length <=,1345309773886921328764805451107636357621530213384,1418162538066850581097605911983264533342366443794
1345309773886921328764805451107636357621530213384-1429650867505148313720594668477948880050562903683,14288.467741935485,Class -1,syn_flag_number >,1345309773886921328764805451107636357621530213384,1429650867505148313720594668477948880050562903683
1345309773886921328764805451107636357621530213384-1454952188391427871478129207189215566009723810659,1998.3870967741937,Class -1,Std >,1345309773886921328764805451107636357621530213384,1454952188391427871478129207189215566009723810659
1345309773886921328764805451107636357621530213384-1455733501014453866297060548284701359849809242142,5995.1612903225805,Class -1,DHCP <=,1345309773886921328764805451107636357621530213384,1455733501014453866297060548284701359849809242142
1345309773886921328764805451107636357621530213384-153155765823982001952501641876618811106762500815,5295.725806451613,Class -1,ack_flag_number >,1345309773886921328764805451107636357621530213384,153155765823982001952501641876618811106762500815
1345309773886921328764805451107636357621530213384-160227321490815016489601533331665083666172936667,1798.5483870967741,Class -1,IGMP <=,1345309773886921328764805451107636357621530213384,160227321490815016489601533331665083666172936667
1345309773886921328764805451107636357621530213384-161772624339136553719839337862344762258727720981,16386.774193548386,Class -1,ack_flag_number <=,1345309773886921328764805451107636357621530213384,161772624339136553719839337862344762258727720981
1345309773886921328764805451107636357621530213384-207766774224049171901964708681563529125144087827,4995.967741935484,Class -1,HTTP >,1345309773886921328764805451107636357621530213384,207766774224049171901964708681563529125144087827
1345309773886921328764805451107636357621530213384-215123608059624622405742600984392925785664489773,12989.516129032258,Class -1,Variance <=,1345309773886921328764805451107636357621530213384,215123608059624622405742600984392925785664489773
1345309773886921328764805451107636357621530213384-218607780770691257170847497927336330511308420255,2398.064516129032,Class -1,ack_count >,1345309773886921328764805451107636357621530213384,218607780770691257170847497927336330511308420255
1345309773886921328764805451107636357621530213384-223165296026140232481876277255273629987157553131,6394.8387096774195,Class -1,Header_Length >,1345309773886921328764805451107636357621530213384,223165296026140232481876277255273629987157553131
1345309773886921328764805451107636357621530213384-335418722972519651500040442315750311827115323662,19484.274193548386,Class -1,Rate >,1345309773886921328764805451107636357621530213384,335418722972519651500040442315750311827115323662
1345309773886921328764805451107636357621530213384-338730224709676774412755851787278702947952010784,3896.8548387096776,Class -1,sum <=,1345309773886921328764805451107636357621530213384,338730224709676774412755851787278702947952010784
1345309773886921328764805451107636357621530213384-371266811264664269299964157380215767396824640058,1298.9516129032259,Class -1,ICMP >,1345309773886921328764805451107636357621530213384,371266811264664269299964157380215767396824640058
1345309773886921328764805451107636357621530213384-378316838538499851440768051160724422589084218125,7094.274193548387,Class -1,IAT <=,1345309773886921328764805451107636357621530213384,378316838538499851440768051160724422589084218125
1345309773886921328764805451107636357621530213384-40351198695966294513339726256484683518911283460,4396.451612903226,Class -1,fin_flag_number <=,1345309773886921328764805451107636357621530213384,40351198695966294513339726256484683518911283460
1345309773886921328764805451107636357621530213384-426624906449189252299067265451872698344494536313,22581.774193548386,Class -1,Number >,1345309773886921328764805451107636357621530213384,426624906449189252299067265451872698344494536313
1345309773886921328764805451107636357621530213384-450410814915736770904937984733342042835793211647,4596.290322580645,Class -1,ece_flag_number <=,1345309773886921328764805451107636357621530213384,450410814915736770904937984733342042835793211647
1345309773886921328764805451107636357621530213384-475011065740486827108472353828139148231878458661,14887.983870967742,Class -1,syn_flag_number <=,1345309773886921328764805451107636357621530213384,475011065740486827108472353828139148231878458661
1345309773886921328764805451107636357621530213384-505469541859377927785473031559292540931343582537,11490.725806451614,Class -1,ICMP <=,1345309773886921328764805451107636357621530213384,505469541859377927785473031559292540931343582537
1345309773886921328764805451107636357621530213384-510505520442458443414009447271658614884328320759,599.516129032258,Class -1,IRC <=,1345309773886921328764805451107636357621530213384,510505520442458443414009447271658614884328320759
1345309773886921328764805451107636357621530213384-520582048177068818674784514618258893555315007951,799.3548387096774,Class -1,LLC <=,1345309773886921328764805451107636357621530213384,520582048177068818674784514618258893555315007951
1345309773886921328764805451107636357621530213384-629827923182617752624696690572530002196221478554,599.516129032258,Class -1,DHCP >,1345309773886921328764805451107636357621530213384,629827923182617752624696690572530002196221478554
1345309773886921328764805451107636357621530213384-681503808608794911981134712221284126975357543438,9392.41935483871,Class -1,syn_count <=,1345309773886921328764805451107636357621530213384,681503808608794911981134712221284126975357543438
1345309773886921328764805451107636357621530213384-684418957212367241623111035135876005715150589706,5995.1612903225805,Class -1,HTTP <=,1345309773886921328764805451107636357621530213384,684418957212367241623111035135876005715150589706
1345309773886921328764805451107636357621530213384-714914936218336719861297767221934377853836589461,2697.8225806451615,Class -1,UDP >,1345309773886921328764805451107636357621530213384,714914936218336719861297767221934377853836589461
1345309773886921328764805451107636357621530213384-786396322989194697344344278946426998739971577495,16786.451612903227,Class -1,HTTPS <=,1345309773886921328764805451107636357621530213384,786396322989194697344344278946426998739971577495
1345309773886921328764805451107636357621530213384-795584812918386367255521286735341258439959854242,13089.435483870968,Class -1,syn_count >,1345309773886921328764805451107636357621530213384,795584812918386367255521286735341258439959854242
1345309773886921328764805451107636357621530213384-835140271881840015202809914014108690929910415575,23081.370967741936,Class -1,IAT >,1345309773886921328764805451107636357621530213384,835140271881840015202809914014108690929910415575
1345309773886921328764805451107636357621530213384-841356973986788424033641854148712928121319667477,699.4354838709678,Class -1,Variance >,1345309773886921328764805451107636357621530213384,841356973986788424033641854148712928121319667477
1345309773886921328764805451107636357621530213384-841518471221275042570144506781210008737201997031,16087.016129032258,Class -1,Min <=,1345309773886921328764805451107636357621530213384,841518471221275042570144506781210008737201997031
1345309773886921328764805451107636357621530213384-843826879422383561066103188424018239931401286651,6494.758064516129,Class -1,ack_count <=,1345309773886921328764805451107636357621530213384,843826879422383561066103188424018239931401286651
1345309773886921328764805451107636357621530213384-896530251803066355404557928035950607124936193677,6994.354838709678,Class -1,psh_flag_number <=,1345309773886921328764805451107636357621530213384,896530251803066355404557928035950607124936193677
1345309773886921328764805451107636357621530213384-922599836131670820904126277297069322180441856169,27777.58064516129,Class -1,Rate <=,1345309773886921328764805451107636357621530213384,922599836131670820904126277297069322180441856169
1345309773886921328764805451107636357621530213384-926368966621798523173828527325665066772113177503,16686.532258064515,Class -1,UDP <=,1345309773886921328764805451107636357621530213384,926368966621798523173828527325665066772113177503
1345309773886921328764805451107636357621530213384-940331364486966071141541838460909450599289486914,21282.822580645163,Class -1,rst_count >,1345309773886921328764805451107636357621530213384,940331364486966071141541838460909450599289486914
1345309773886921328764805451107636357621530213384-974265510705878984211701297112044370513255377925,25879.112903225807,Class -1,Std <=,1345309773886921328764805451107636357621530213384,974265510705878984211701297112044370513255377925
1375509225989204300559045429796274689340158771149-1043469376771332113858820724324827897913309990452,9690.662255487237,rst_count <=,LLC >,1375509225989204300559045429796274689340158771149,1043469376771332113858820724324827897913309990452
1375509225989204300559045429796274689340158771149-1043754360836331848364792327262011021650379248223,38.38415131257133,rst_count <=,DNS >,1375509225989204300559045429796274689340158771149,1043754360836331848364792327262011021650379248223
1375509225989204300559045429796274689340158771149-1077028023530208599426324724984012030801332581683,2301.028860264145,rst_count <=,Time_To_Live >,1375509225989204300559045429796274689340158771149,1077028023530208599426324724984012030801332581683
1375509225989204300559045429796274689340158771149-1085488307210616684491611463585545838953333018237,478.7103217390847,rst_count <=,Type >,1375509225989204300559045429796274689340158771149,1085488307210616684491611463585545838953333018237
1375509225989204300559045429796274689340158771149-1091995366823138898995898948102109473193356840202,1587.2400498624575,rst_count <=,DNS <=,1375509225989204300559045429796274689340158771149,1091995366823138898995898948102109473193356840202
1375509225989204300559045429796274689340158771149-109928824856976412487775174607761519739702474552,2430.3228436328063,rst_count <=,Number <=,1375509225989204300559045429796274689340158771149,109928824856976412487775174607761519739702474552
1375509225989204300559045429796274689340158771149-1118614325010621431186771152252517336813918651911,1758.1114331248718,rst_count <=,sum >,1375509225989204300559045429796274689340158771149,1118614325010621431186771152252517336813918651911
1375509225989204300559045429796274689340158771149-1184472685782376059334758133512718430805424685192,127.27376487852601,rst_count <=,SSH >,1375509225989204300559045429796274689340158771149,1184472685782376059334758133512718430805424685192
1375509225989204300559045429796274689340158771149-1232849963170894971818913290506039176322619533319,18100.14756236752,rst_count <=,psh_flag_number >,1375509225989204300559045429796274689340158771149,1232849963170894971818913290506039176322619533319
1375509225989204300559045429796274689340158771149-1233133706649643691022119102239698495899057226060,10614.17907091725,rst_count <=,Time_To_Live <=,1375509225989204300559045429796274689340158771149,1233133706649643691022119102239698495899057226060
1375509225989204300559045429796274689340158771149-1236189254858718471128603624930063881324958313531,9057.649600521767,rst_count <=,HTTPS >,1375509225989204300559045429796274689340158771149,1236189254858718471128603624930063881324958313531
1375509225989204300559045429796274689340158771149-1239329028096551917906154637654656383307088642249,14.141529430947335,rst_count <=,cwr_flag_number <=,1375509225989204300559045429796274689340158771149,1239329028096551917906154637654656383307088642249
1375509225989204300559045429796274689340158771149-1251276136943778783713685275011300537715092657394,1377.2187873113721,rst_count <=,fin_flag_number >,1375509225989204300559045429796274689340158771149,1251276136943778783713685275011300537715092657394
1375509225989204300559045429796274689340158771149-1329847435934461746074927120436757452470095790255,1773.588913492844,rst_count <=,Min >,1375509225989204300559045429796274689340158771149,1329847435934461746074927120436757452470095790255
1375509225989204300559045429796274689340158771149-1338222599102815322204523610829624561969283441716,14350.214742561395,rst_count <=,SSH <=,1375509225989204300559045429796274689340158771149,1338222599102815322204523610829624561969283441716
1375509225989204300559045429796274689340158771149-1345309773886921328764805451107636357621530213384,8393.225806451614,rst_count <=,Class -1,1375509225989204300559045429796274689340158771149,1345309773886921328764805451107636357621530213384
1375509225989204300559045429796274689340158771149-1375509225989204300559045429796274689340158771149,3255.5820968530898,rst_count <=,rst_count <=,1375509225989204300559045429796274689340158771149,1375509225989204300559045429796274689340158771149
1375509225989204300559045429796274689340158771149-1379366653555122327876205020011632492492609315477,3454.247776439463,rst_count <=,Type <=,1375509225989204300559045429796274689340158771149,1379366653555122327876205020011632492492609315477
1375509225989204300559045429796274689340158771149-1418162538066850581097605911983264533342366443794,8736.027558475304,rst_count <=,Header_Length <=,1375509225989204300559045429796274689340158771149,1418162538066850581097605911983264533342366443794
1375509225989204300559045429796274689340158771149-1429650867505148313720594668477948880050562903683,5089.95677798057,rst_count <=,syn_flag_number >,1375509225989204300559045429796274689340158771149,1429650867505148313720594668477948880050562903683
1375509225989204300559045429796274689340158771149-1454952188391427871478129207189215566009723810659,148.48605902494702,rst_count <=,Std >,1375509225989204300559045429796274689340158771149,1454952188391427871478129207189215566009723810659
1375509225989204300559045429796274689340158771149-1455733501014453866297060548284701359849809242142,2570.728028697212,rst_count <=,DHCP <=,1375509225989204300559045429796274689340158771149,1455733501014453866297060548284701359849809242142
1375509225989204300559045429796274689340158771149-153155765823982001952501641876618811106762500815,18710.090625542412,rst_count <=,ack_flag_number >,1375509225989204300559045429796274689340158771149,153155765823982001952501641876618811106762500815
1375509225989204300559045429796274689340158771149-160227321490815016489601533331665083666172936667,15896.691996759993,rst_count <=,IGMP <=,1375509225989204300559045429796274689340158771149,160227321490815016489601533331665083666172936667
1375509225989204300559045429796274689340158771149-161772624339136553719839337862344762258727720981,4600.640309168275,rst_count <=,ack_flag_number <=,1375509225989204300559045429796274689340158771149,161772624339136553719839337862344762258727720981
1375509225989204300559045429796274689340158771149-171982518954274878349485416184092168691833932185,44443.79667373227,rst_count <=,Class 1,1375509225989204300559045429796274689340158771149,171982518954274878349485416184092168691833932185
1375509225989204300559045429796274689340158771149-207766774224049171901964708681563529125144087827,1420.4091035803137,rst_count <=,HTTP >,1375509225989204300559045429796274689340158771149,207766774224049171901964708681563529125144087827
1375509225989204300559045429796274689340158771149-215123608059624622405742600984392925785664489773,27985.1418029381,rst_count <=,Variance <=,1375509225989204300559045429796274689340158771149,215123608059624622405742600984392925785664489773
1375509225989204300559045429796274689340158771149-218607780770691257170847497927336330511308420255,3997.0022827327575,rst_count <=,ack_count >,1375509225989204300559045429796274689340158771149,218607780770691257170847497927336330511308420255
1375509225989204300559045429796274689340158771149-223165296026140232481876277255273629987157553131,11666.957285546725,rst_count <=,Header_Length >,1375509225989204300559045429796274689340158771149,223165296026140232481876277255273629987157553131
1375509225989204300559045429796274689340158771149-335418722972519651500040442315750311827115323662,869.704060003261,rst_count <=,Rate >,1375509225989204300559045429796274689340158771149,335418722972519651500040442315750311827115323662
1375509225989204300559045429796274689340158771149-338730224709676774412755851787278702947952010784,5526.307679765205,rst_count <=,sum <=,1375509225989204300559045429796274689340158771149,338730224709676774412755851787278702947952010784
1375509225989204300559045429796274689340158771149-371266811264664269299964157380215767396824640058,259.59807598239036,rst_count <=,ICMP >,1375509225989204300559045429796274689340158771149,371266811264664269299964157380215767396824640058
1375509225989204300559045429796274689340158771149-378316838538499851440768051160724422589084218125,5107.470768923276,rst_count <=,IAT <=,1375509225989204300559045429796274689340158771149,378316838538499851440768051160724422589084218125
1375509225989204300559045429796274689340158771149-40351198695966294513339726256484683518911283460,14380.436559490436,rst_count <=,fin_flag_number <=,1375509225989204300559045429796274689340158771149,40351198695966294513339726256484683518911283460
1375509225989204300559045429796274689340158771149-426624906449189252299067265451872698344494536313,600.5262382773258,rst_count <=,Number >,1375509225989204300559045429796274689340158771149,426624906449189252299067265451872698344494536313
1375509225989204300559045429796274689340158771149-450410814915736770904937984733342042835793211647,8106.973880067115,rst_count <=,ece_flag_number <=,1375509225989204300559045429796274689340158771149,450410814915736770904937984733342042835793211647
1375509225989204300559045429796274689340158771149-475011065740486827108472353828139148231878458661,24229.327540592145,rst_count <=,syn_flag_number <=,1375509225989204300559045429796274689340158771149,475011065740486827108472353828139148231878458661
1375509225989204300559045429796274689340158771149-505469541859377927785473031559292540931343582537,9147.304942063822,rst_count <=,ICMP <=,1375509225989204300559045429796274689340158771149,505469541859377927785473031559292540931343582537
1375509225989204300559045429796274689340158771149-520582048177068818674784514618258893555315007951,979.8059677156367,rst_count <=,LLC <=,1375509225989204300559045429796274689340158771149,520582048177068818674784514618258893555315007951
1375509225989204300559045429796274689340158771149-565103970815292376991711972572924808853013487374,148.40459860195767,rst_count <=,IGMP >,1375509225989204300559045429796274689340158771149,565103970815292376991711972572924808853013487374
1375509225989204300559045429796274689340158771149-629827923182617752624696690572530002196221478554,20.202184901353334,rst_count <=,DHCP >,1375509225989204300559045429796274689340158771149,629827923182617752624696690572530002196221478554
1375509225989204300559045429796274689340158771149-681503808608794911981134712221284126975357543438,9400.760902152817,rst_count <=,syn_count <=,1375509225989204300559045429796274689340158771149,681503808608794911981134712221284126975357543438
1375509225989204300559045429796274689340158771149-684418957212367241623111035135876005715150589706,3988.758487926237,rst_count <=,HTTP <=,1375509225989204300559045429796274689340158771149,684418957212367241623111035135876005715150589706
1375509225989204300559045429796274689340158771149-714914936218336719861297767221934377853836589461,4017.9701956102103,rst_count <=,UDP >,1375509225989204300559045429796274689340158771149,714914936218336719861297767221934377853836589461
1375509225989204300559045429796274689340158771149-786396322989194697344344278946426998739971577495,7155.206589944404,rst_count <=,HTTPS <=,1375509225989204300559045429796274689340158771149,786396322989194697344344278946426998739971577495
1375509225989204300559045429796274689340158771149-795584812918386367255521286735341258439959854242,1166.187415515219,rst_count <=,syn_count >,1375509225989204300559045429796274689340158771149,795584812918386367255521286735341258439959854242
1375509225989204300559045429796274689340158771149-835140271881840015202809914014108690929910415575,4291.00924138584,rst_count <=,IAT >,1375509225989204300559045429796274689340158771149,835140271881840015202809914014108690929910415575
1375509225989204300559045429796274689340158771149-841356973986788424033641854148712928121319667477,1490.8397852968867,rst_count <=,Variance >,1375509225989204300559045429796274689340158771149,841356973986788424033641854148712928121319667477
1375509225989204300559045429796274689340158771149-841518471221275042570144506781210008737201997031,28597.870812579225,rst_count <=,Min <=,1375509225989204300559045429796274689340158771149,841518471221275042570144506781210008737201997031
1375509225989204300559045429796274689340158771149-843826879422383561066103188424018239931401286651,14948.525257333411,rst_count <=,ack_count <=,1375509225989204300559045429796274689340158771149,843826879422383561066103188424018239931401286651
1375509225989204300559045429796274689340158771149-896530251803066355404557928035950607124936193677,23581.45650447342,rst_count <=,psh_flag_number <=,1375509225989204300559045429796274689340158771149,896530251803066355404557928035950607124936193677
1375509225989204300559045429796274689340158771149-922599836131670820904126277297069322180441856169,18911.183825733868,rst_count <=,Rate <=,1375509225989204300559045429796274689340158771149,922599836131670820904126277297069322180441856169
1375509225989204300559045429796274689340158771149-926368966621798523173828527325665066772113177503,2779.576261157251,rst_count <=,UDP <=,1375509225989204300559045429796274689340158771149,926368966621798523173828527325665066772113177503
1375509225989204300559045429796274689340158771149-940331364486966071141541838460909450599289486914,17.171857166150335,rst_count <=,rst_count >,1375509225989204300559045429796274689340158771149,940331364486966071141541838460909450599289486914
1375509225989204300559045429796274689340158771149-974265510705878984211701297112044370513255377925,277.78004239360837,rst_count <=,Std <=,1375509225989204300559045429796274689340158771149,974265510705878984211701297112044370513255377925
1379366653555122327876205020011632492492609315477-1043469376771332113858820724324827897913309990452,2935.3774661666394,Type <=,LLC >,1379366653555122327876205020011632492492609315477,1043469376771332113858820724324827897913309990452
1379366653555122327876205020011632492492609315477-1043754360836331848364792327262011021650379248223,1586.8816240013045,Type <=,DNS >,1379366653555122327876205020011632492492609315477,1043754360836331848364792327262011021650379248223
1379366653555122327876205020011632492492609315477-1077028023530208599426324724984012030801332581683,3699.948704259874,Type <=,Time_To_Live >,1379366653555122327876205020011632492492609315477,1077028023530208599426324724984012030801332581683
1379366653555122327876205020011632492492609315477-1091995366823138898995898948102109473193356840202,11913.505401766226,Type <=,DNS <=,1379366653555122327876205020011632492492609315477,1091995366823138898995898948102109473193356840202
1379366653555122327876205020011632492492609315477-109928824856976412487775174607761519739702474552,2710.12310451655,Type <=,Number <=,1379366653555122327876205020011632492492609315477,109928824856976412487775174607761519739702474552
1379366653555122327876205020011632492492609315477-1118614325010621431186771152252517336813918651911,218.18359693461602,Type <=,sum >,1379366653555122327876205020011632492492609315477,1118614325010621431186771152252517336813918651911
1379366653555122327876205020011632492492609315477-1184472685782376059334758133512718430805424685192,546.3876411586184,Type <=,SSH >,1379366653555122327876205020011632492492609315477,1184472685782376059334758133512718430805424685192
1379366653555122327876205020011632492492609315477-1232849963170894971818913290506039176322619533319,573.7420511984348,Type <=,psh_flag_number >,1379366653555122327876205020011632492492609315477,1232849963170894971818913290506039176322619533319
1379366653555122327876205020011632492492609315477-1233133706649643691022119102239698495899057226060,4439.5767608337765,Type <=,Time_To_Live <=,1379366653555122327876205020011632492492609315477,1233133706649643691022119102239698495899057226060
1379366653555122327876205020011632492492609315477-1236189254858718471128603624930063881324958313531,5293.982553399642,Type <=,HTTPS >,1379366653555122327876205020011632492492609315477,1236189254858718471128603624930063881324958313531
1379366653555122327876205020011632492492609315477-1239329028096551917906154637654656383307088642249,2600.624003934295,Type <=,cwr_flag_number <=,1379366653555122327876205020011632492492609315477,1239329028096551917906154637654656383307088642249
1379366653555122327876205020011632492492609315477-1251276136943778783713685275011300537715092657394,501.0141855535627,Type <=,fin_flag_number >,1379366653555122327876205020011632492492609315477,1251276136943778783713685275011300537715092657394
1379366653555122327876205020011632492492609315477-1329847435934461746074927120436757452470095790255,730.308984183923,Type <=,Min >,1379366653555122327876205020011632492492609315477,1329847435934461746074927120436757452470095790255
1379366653555122327876205020011632492492609315477-1338222599102815322204523610829624561969283441716,16134.40980312745,Type <=,SSH <=,1379366653555122327876205020011632492492609315477,1338222599102815322204523610829624561969283441716
1379366653555122327876205020011632492492609315477-1345309773886921328764805451107636357621530213384,7993.548387096775,Type <=,Class -1,1379366653555122327876205020011632492492609315477,1345309773886921328764805451107636357621530213384
1379366653555122327876205020011632492492609315477-1375509225989204300559045429796274689340158771149,2556.505038843275,Type <=,rst_count <=,1379366653555122327876205020011632492492609315477,1375509225989204300559045429796274689340158771149
1379366653555122327876205020011632492492609315477-1418162538066850581097605911983264533342366443794,3332.953206608354,Type <=,Header_Length <=,1379366653555122327876205020011632492492609315477,1418162538066850581097605911983264533342366443794
1379366653555122327876205020011632492492609315477-1429650867505148313720594668477948880050562903683,578.4667557318157,Type <=,syn_flag_number >,1379366653555122327876205020011632492492609315477,1429650867505148313720594668477948880050562903683
1379366653555122327876205020011632492492609315477-1454952188391427871478129207189215566009723810659,464.5687923081374,Type <=,Std >,1379366653555122327876205020011632492492609315477,1454952188391427871478129207189215566009723810659
1379366653555122327876205020011632492492609315477-1455733501014453866297060548284701359849809242142,1477.7898255339965,Type <=,DHCP <=,1379366653555122327876205020011632492492609315477,1455733501014453866297060548284701359849809242142
1379366653555122327876205020011632492492609315477-153155765823982001952501641876618811106762500815,22687.151396727382,Type <=,ack_flag_number >,1379366653555122327876205020011632492492609315477,153155765823982001952501641876618811106762500815
1379366653555122327876205020011632492492609315477-160227321490815016489601533331665083666172936667,3045.3490372022325,Type <=,IGMP <=,1379366653555122327876205020011632492492609315477,160227321490815016489601533331665083666172936667
1379366653555122327876205020011632492492609315477-161772624339136553719839337862344762258727720981,9418.975452733232,Type <=,ack_flag_number <=,1379366653555122327876205020011632492492609315477,161772624339136553719839337862344762258727720981
1379366653555122327876205020011632492492609315477-171982518954274878349485416184092168691833932185,30036.60851133214,Type <=,Class 1,1379366653555122327876205020011632492492609315477,171982518954274878349485416184092168691833932185
1379366653555122327876205020011632492492609315477-207766774224049171901964708681563529125144087827,988.8969509212458,Type <=,HTTP >,1379366653555122327876205020011632492492609315477,207766774224049171901964708681563529125144087827
1379366653555122327876205020011632492492609315477-215123608059624622405742600984392925785664489773,43814.30310903994,Type <=,Variance <=,1379366653555122327876205020011632492492609315477,215123608059624622405742600984392925785664489773
1379366653555122327876205020011632492492609315477-218607780770691257170847497927336330511308420255,846.9114336508471,Type <=,ack_count >,1379366653555122327876205020011632492492609315477,218607780770691257170847497927336330511308420255
1379366653555122327876205020011632492492609315477-223165296026140232481876277255273629987157553131,3973.883814688386,Type <=,Header_Length >,1379366653555122327876205020011632492492609315477,223165296026140232481876277255273629987157553131
1379366653555122327876205020011632492492609315477-335418722972519651500040442315750311827115323662,1079.155099593421,Type <=,Rate >,1379366653555122327876205020011632492492609315477,335418722972519651500040442315750311827115323662
1379366653555122327876205020011632492492609315477-338730224709676774412755851787278702947952010784,5094.991032121311,Type <=,sum <=,1379366653555122327876205020011632492492609315477,338730224709676774412755851787278702947952010784
1379366653555122327876205020011632492492609315477-371266811264664269299964157380215767396824640058,515.15571498451,Type <=,ICMP >,1379366653555122327876205020011632492492609315477,371266811264664269299964157380215767396824640058
1379366653555122327876205020011632492492609315477-378316838538499851440768051160724422589084218125,2689.3506966542714,Type <=,IAT <=,1379366653555122327876205020011632492492609315477,378316838538499851440768051160724422589084218125
1379366653555122327876205020011632492492609315477-40351198695966294513339726256484683518911283460,10851.196317646998,Type <=,fin_flag_number <=,1379366653555122327876205020011632492492609315477,40351198695966294513339726256484683518911283460
1379366653555122327876205020011632492492609315477-426624906449189252299067265451872698344494536313,499.5967741935484,Type <=,Number >,1379366653555122327876205020011632492492609315477,426624906449189252299067265451872698344494536313
1379366653555122327876205020011632492492609315477-450410814915736770904937984733342042835793211647,1321.222892548508,Type <=,ece_flag_number <=,1379366653555122327876205020011632492492609315477,450410814915736770904937984733342042835793211647
1379366653555122327876205020011632492492609315477-475011065740486827108472353828139148231878458661,5300.2712980544175,Type <=,syn_flag_number <=,1379366653555122327876205020011632492492609315477,475011065740486827108472353828139148231878458661
1379366653555122327876205020011632492492609315477-505469541859377927785473031559292540931343582537,2132.3406163378445,Type <=,ICMP <=,1379366653555122327876205020011632492492609315477,505469541859377927785473031559292540931343582537
1379366653555122327876205020011632492492609315477-510505520442458443414009447271658614884328320759,69.69753790966901,Type <=,IRC <=,1379366653555122327876205020011632492492609315477,510505520442458443414009447271658614884328320759
1379366653555122327876205020011632492492609315477-520582048177068818674784514618258893555315007951,440.3261704265134,Type <=,LLC <=,1379366653555122327876205020011632492492609315477,520582048177068818674784514618258893555315007951
1379366653555122327876205020011632492492609315477-565103970815292376991711972572924808853013487374,4.040436980270667,Type <=,IGMP >,1379366653555122327876205020011632492492609315477,565103970815292376991711972572924808853013487374
1379366653555122327876205020011632492492609315477-579184915384053252333364217236378176158944003116,1.0101092450676668,Type <=,cwr_flag_number >,1379366653555122327876205020011632492492609315477,579184915384053252333364217236378176158944003116
1379366653555122327876205020011632492492609315477-629827923182617752624696690572530002196221478554,19.192075656285667,Type <=,DHCP >,1379366653555122327876205020011632492492609315477,629827923182617752624696690572530002196221478554
1379366653555122327876205020011632492492609315477-681503808608794911981134712221284126975357543438,25372.966711023917,Type <=,syn_count <=,1379366653555122327876205020011632492492609315477,681503808608794911981134712221284126975357543438
1379366653555122327876205020011632492492609315477-684418957212367241623111035135876005715150589706,6368.738790151639,Type <=,HTTP <=,1379366653555122327876205020011632492492609315477,684418957212367241623111035135876005715150589706
1379366653555122327876205020011632492492609315477-714914936218336719861297767221934377853836589461,4702.058535789989,Type <=,UDP >,1379366653555122327876205020011632492492609315477,714914936218336719861297767221934377853836589461
1379366653555122327876205020011632492492609315477-786396322989194697344344278946426998739971577495,4215.022958821395,Type <=,HTTPS <=,1379366653555122327876205020011632492492609315477,786396322989194697344344278946426998739971577495
1379366653555122327876205020011632492492609315477-795584812918386367255521286735341258439959854242,5476.616821741714,Type <=,syn_count >,1379366653555122327876205020011632492492609315477,795584812918386367255521286735341258439959854242
1379366653555122327876205020011632492492609315477-835140271881840015202809914014108690929910415575,2572.8622917795324,Type <=,IAT >,1379366653555122327876205020011632492492609315477,835140271881840015202809914014108690929910415575
1379366653555122327876205020011632492492609315477-841356973986788424033641854148712928121319667477,682.7523892427535,Type <=,Variance >,1379366653555122327876205020011632492492609315477,841356973986788424033641854148712928121319667477
1379366653555122327876205020011632492492609315477-841518471221275042570144506781210008737201997031,14806.002101271282,Type <=,Min <=,1379366653555122327876205020011632492492609315477,841518471221275042570144506781210008737201997031
1379366653555122327876205020011632492492609315477-843826879422383561066103188424018239931401286651,2699.6961703739157,Type <=,ack_count <=,1379366653555122327876205020011632492492609315477,843826879422383561066103188424018239931401286651
1379366653555122327876205020011632492492609315477-896530251803066355404557928035950607124936193677,1783.8529267894994,Type <=,psh_flag_number <=,1379366653555122327876205020011632492492609315477,896530251803066355404557928035950607124936193677
1379366653555122327876205020011632492492609315477-922599836131670820904126277297069322180441856169,10763.349397495305,Type <=,Rate <=,1379366653555122327876205020011632492492609315477,922599836131670820904126277297069322180441856169
1379366653555122327876205020011632492492609315477-926368966621798523173828527325665066772113177503,21757.01999495064,Type <=,UDP <=,1379366653555122327876205020011632492492609315477,926368966621798523173828527325665066772113177503
1379366653555122327876205020011632492492609315477-940331364486966071141541838460909450599289486914,499.5967741935484,Type <=,rst_count >,1379366653555122327876205020011632492492609315477,940331364486966071141541838460909450599289486914
1379366653555122327876205020011632492492609315477-974265510705878984211701297112044370513255377925,8379.296074120439,Type <=,Std <=,1379366653555122327876205020011632492492609315477,974265510705878984211701297112044370513255377925
1418162538066850581097605911983264533342366443794-1043469376771332113858820724324827897913309990452,3367.4598417866328,Header_Length <=,LLC >,1418162538066850581097605911983264533342366443794,1043469376771332113858820724324827897913309990452
1418162538066850581097605911983264533342366443794-1043754360836331848364792327262011021650379248223,42.424588292842,Header_Length <=,DNS >,1418162538066850581097605911983264533342366443794,1043754360836331848364792327262011021650379248223
1418162538066850581097605911983264533342366443794-1077028023530208599426324724984012030801332581683,1521.224523071906,Header_Length <=,Time_To_Live >,1418162538066850581097605911983264533342366443794,1077028023530208599426324724984012030801332581683
1418162538066850581097605911983264533342366443794-1085488307210616684491611463585545838953333018237,113.13223544757868,Header_Length <=,Type >,1418162538066850581097605911983264533342366443794,1085488307210616684491611463585545838953333018237
1418162538066850581097605911983264533342366443794-1091995366823138898995898948102109473193356840202,2234.1987292437,Header_Length <=,DNS <=,1418162538066850581097605911983264533342366443794,1091995366823138898995898948102109473193356840202
1418162538066850581097605911983264533342366443794-109928824856976412487775174607761519739702474552,561.6207402576227,Header_Length <=,Number <=,1418162538066850581097605911983264533342366443794,109928824856976412487775174607761519739702474552
1418162538066850581097605911983264533342366443794-1118614325010621431186771152252517336813918651911,5784.79789399494,Header_Length <=,sum >,1418162538066850581097605911983264533342366443794,1118614325010621431186771152252517336813918651911
1418162538066850581097605911983264533342366443794-1184472685782376059334758133512718430805424685192,264.56716178473937,Header_Length <=,SSH >,1418162538066850581097605911983264533342366443794,1184472685782376059334758133512718430805424685192
1418162538066850581097605911983264533342366443794-1232849963170894971818913290506039176322619533319,1987.894994293168,Header_Length <=,psh_flag_number >,1418162538066850581097605911983264533342366443794,1232849963170894971818913290506039176322619533319
1418162538066850581097605911983264533342366443794-1233133706649643691022119102239698495899057226060,2967.3751203168476,Header_Length <=,Time_To_Live <=,1418162538066850581097605911983264533342366443794,1233133706649643691022119102239698495899057226060
1418162538066850581097605911983264533342366443794-1236189254858718471128603624930063881324958313531,14960.728028697213,Header_Length <=,HTTPS >,1418162538066850581097605911983264533342366443794,1236189254858718471128603624930063881324958313531
1418162538066850581097605911983264533342366443794-1239329028096551917906154637654656383307088642249,66.667210174466,Header_Length <=,cwr_flag_number <=,1418162538066850581097605911983264533342366443794,1239329028096551917906154637654656383307088642249
1418162538066850581097605911983264533342366443794-1251276136943778783713685275011300537715092657394,15.151638676015,Header_Length <=,fin_flag_number >,1418162538066850581097605911983264533342366443794,1251276136943778783713685275011300537715092657394
1418162538066850581097605911983264533342366443794-1329847435934461746074927120436757452470095790255,253.45596008899503,Header_Length <=,Min >,1418162538066850581097605911983264533342366443794,1329847435934461746074927120436757452470095790255
1418162538066850581097605911983264533342366443794-1338222599102815322204523610829624561969283441716,6926.758979713133,Header_Length <=,SSH <=,1418162538066850581097605911983264533342366443794,1338222599102815322204523610829624561969283441716
1418162538066850581097605911983264533342366443794-1345309773886921328764805451107636357621530213384,6294.91935483871,Header_Length <=,Class -1,1418162538066850581097605911983264533342366443794,1345309773886921328764805451107636357621530213384
1418162538066850581097605911983264533342366443794-1375509225989204300559045429796274689340158771149,6049.381347864278,Header_Length <=,rst_count <=,1418162538066850581097605911983264533342366443794,1375509225989204300559045429796274689340158771149
1418162538066850581097605911983264533342366443794-1379366653555122327876205020011632492492609315477,2338.92424903878,Header_Length <=,Type <=,1418162538066850581097605911983264533342366443794,1379366653555122327876205020011632492492609315477
1418162538066850581097605911983264533342366443794-1418162538066850581097605911983264533342366443794,6627.391925227353,Header_Length <=,Header_Length <=,1418162538066850581097605911983264533342366443794,1418162538066850581097605911983264533342366443794
1418162538066850581097605911983264533342366443794-1429650867505148313720594668477948880050562903683,260.608185227458,Header_Length <=,syn_flag_number >,1418162538066850581097605911983264533342366443794,1429650867505148313720594668477948880050562903683
1418162538066850581097605911983264533342366443794-1454952188391427871478129207189215566009723810659,372.64885100697967,Header_Length <=,Std >,1418162538066850581097605911983264533342366443794,1454952188391427871478129207189215566009723810659
1418162538066850581097605911983264533342366443794-1455733501014453866297060548284701359849809242142,5184.890754932333,Header_Length <=,DHCP <=,1418162538066850581097605911983264533342366443794,1455733501014453866297060548284701359849809242142
1418162538066850581097605911983264533342366443794-153155765823982001952501641876618811106762500815,11662.835388143465,Header_Length <=,ack_flag_number >,1418162538066850581097605911983264533342366443794,153155765823982001952501641876618811106762500815
1418162538066850581097605911983264533342366443794-160227321490815016489601533331665083666172936667,247.47676504157835,Header_Length <=,IGMP <=,1418162538066850581097605911983264533342366443794,160227321490815016489601533331665083666172936667
1418162538066850581097605911983264533342366443794-161772624339136553719839337862344762258727720981,3652.8645797720424,Header_Length <=,ack_flag_number <=,1418162538066850581097605911983264533342366443794,161772624339136553719839337862344762258727720981
1418162538066850581097605911983264533342366443794-171982518954274878349485416184092168691833932185,37072.019403228434,Header_Length <=,Class 1,1418162538066850581097605911983264533342366443794,171982518954274878349485416184092168691833932185
1418162538066850581097605911983264533342366443794-207766774224049171901964708681563529125144087827,510.1051687591717,Header_Length <=,HTTP >,1418162538066850581097605911983264533342366443794,207766774224049171901964708681563529125144087827
1418162538066850581097605911983264533342366443794-215123608059624622405742600984392925785664489773,13005.596416530352,Header_Length <=,Variance <=,1418162538066850581097605911983264533342366443794,215123608059624622405742600984392925785664489773
1418162538066850581097605911983264533342366443794-218607780770691257170847497927336330511308420255,1506.8386123719908,Header_Length <=,ack_count >,1418162538066850581097605911983264533342366443794,218607780770691257170847497927336330511308420255
1418162538066850581097605911983264533342366443794-223165296026140232481876277255273629987157553131,12773.10836931881,Header_Length <=,Header_Length >,1418162538066850581097605911983264533342366443794,223165296026140232481876277255273629987157553131
1418162538066850581097605911983264533342366443794-335418722972519651500040442315750311827115323662,630.2267084992347,Header_Length <=,Rate >,1418162538066850581097605911983264533342366443794,335418722972519651500040442315750311827115323662
1418162538066850581097605911983264533342366443794-338730224709676774412755851787278702947952010784,8195.537651941113,Header_Length <=,sum <=,1418162538066850581097605911983264533342366443794,338730224709676774412755851787278702947952010784
1418162538066850581097605911983264533342366443794-371266811264664269299964157380215767396824640058,1631.6848566454348,Header_Length <=,ICMP >,1418162538066850581097605911983264533342366443794,371266811264664269299964157380215767396824640058
1418162538066850581097605911983264533342366443794-378316838538499851440768051160724422589084218125,8589.643178363482,Header_Length <=,IAT <=,1418162538066850581097605911983264533342366443794,378316838538499851440768051160724422589084218125
1418162538066850581097605911983264533342366443794-40351198695966294513339726256484683518911283460,5288.606165482346,Header_Length <=,fin_flag_number <=,1418162538066850581097605911983264533342366443794,40351198695966294513339726256484683518911283460
1418162538066850581097605911983264533342366443794-450410814915736770904937984733342042835793211647,485.8625468775477,Header_Length <=,ece_flag_number <=,1418162538066850581097605911983264533342366443794,450410814915736770904937984733342042835793211647
1418162538066850581097605911983264533342366443794-475011065740486827108472353828139148231878458661,5676.8139572802875,Header_Length <=,syn_flag_number <=,1418162538066850581097605911983264533342366443794,475011065740486827108472353828139148231878458661
1418162538066850581097605911983264533342366443794-505469541859377927785473031559292540931343582537,9240.316453033036,Header_Length <=,ICMP <=,1418162538066850581097605911983264533342366443794,505469541859377927785473031559292540931343582537
1418162538066850581097605911983264533342366443794-520582048177068818674784514618258893555315007951,147.47594977987936,Header_Length <=,LLC <=,1418162538066850581097605911983264533342366443794,520582048177068818674784514618258893555315007951
1418162538066850581097605911983264533342366443794-565103970815292376991711972572924808853013487374,2.0202184901353335,Header_Length <=,IGMP >,1418162538066850581097605911983264533342366443794,565103970815292376991711972572924808853013487374
1418162538066850581097605911983264533342366443794-629827923182617752624696690572530002196221478554,258.42504589134404,Header_Length <=,DHCP >,1418162538066850581097605911983264533342366443794,629827923182617752624696690572530002196221478554
1418162538066850581097605911983264533342366443794-681503808608794911981134712221284126975357543438,14625.567264349922,Header_Length <=,syn_count <=,1418162538066850581097605911983264533342366443794,681503808608794911981134712221284126975357543438
1418162538066850581097605911983264533342366443794-684418957212367241623111035135876005715150589706,6857.5502043414,Header_Length <=,HTTP <=,1418162538066850581097605911983264533342366443794,684418957212367241623111035135876005715150589706
1418162538066850581097605911983264533342366443794-714914936218336719861297767221934377853836589461,1418.7147267821358,Header_Length <=,UDP >,1418162538066850581097605911983264533342366443794,714914936218336719861297767221934377853836589461
1418162538066850581097605911983264533342366443794-786396322989194697344344278946426998739971577495,9031.37046806541,Header_Length <=,HTTPS <=,1418162538066850581097605911983264533342366443794,786396322989194697344344278946426998739971577495
1418162538066850581097605911983264533342366443794-795584812918386367255521286735341258439959854242,1228.0484607333149,Header_Length <=,syn_count >,1418162538066850581097605911983264533342366443794,795584812918386367255521286735341258439959854242
1418162538066850581097605911983264533342366443794-835140271881840015202809914014108690929910415575,559.3561404985194,Header_Length <=,IAT >,1418162538066850581097605911983264533342366443794,835140271881840015202809914014108690929910415575
1418162538066850581097605911983264533342366443794-841356973986788424033641854148712928121319667477,1307.6027098246925,Header_Length <=,Variance >,1418162538066850581097605911983264533342366443794,841356973986788424033641854148712928121319667477
1418162538066850581097605911983264533342366443794-841518471221275042570144506781210008737201997031,12477.830628067093,Header_Length <=,Min <=,1418162538066850581097605911983264533342366443794,841518471221275042570144506781210008737201997031
1418162538066850581097605911983264533342366443794-843826879422383561066103188424018239931401286651,586.7105505383357,Header_Length <=,ack_count <=,1418162538066850581097605911983264533342366443794,843826879422383561066103188424018239931401286651
1418162538066850581097605911983264533342366443794-896530251803066355404557928035950607124936193677,6478.465979918264,Header_Length <=,psh_flag_number <=,1418162538066850581097605911983264533342366443794,896530251803066355404557928035950607124936193677
1418162538066850581097605911983264533342366443794-922599836131670820904126277297069322180441856169,2263.6548181966414,Header_Length <=,Rate <=,1418162538066850581097605911983264533342366443794,922599836131670820904126277297069322180441856169
1418162538066850581097605911983264533342366443794-926368966621798523173828527325665066772113177503,5683.884721995761,Header_Length <=,UDP <=,1418162538066850581097605911983264533342366443794,926368966621798523173828527325665066772113177503
1418162538066850581097605911983264533342366443794-974265510705878984211701297112044370513255377925,10140.405250811316,Header_Length <=,Std <=,1418162538066850581097605911983264533342366443794,974265510705878984211701297112044370513255377925
1429650867505148313720594668477948880050562903683-1043469376771332113858820724324827897913309990452,263.638512962661,syn_flag_number >,LLC >,1429650867505148313720594668477948880050562903683,1043469376771332113858820724324827897913309990452
1429650867505148313720594668477948880050562903683-1043754360836331848364792327262011021650379248223,139.31361539634867,syn_flag_number >,DNS >,1429650867505148313720594668477948880050562903683,1043754360836331848364792327262011021650379248223
1429650867505148313720594668477948880050562903683-1077028023530208599426324724984012030801332581683,442.42784933963804,syn_flag_number >,Time_To_Live >,1429650867505148313720594668477948880050562903683,1077028023530208599426324724984012030801332581683
1429650867505148313720594668477948880050562903683-1085488307210616684491611463585545838953333018237,375.516257896204,syn_flag_number >,Type >,1429650867505148313720594668477948880050562903683,1085488307210616684491611463585545838953333018237
1429650867505148313720594668477948880050562903683-1091995366823138898995898948102109473193356840202,2263.9643678040006,syn_flag_number >,DNS <=,1429650867505148313720594668477948880050562903683,1091995366823138898995898948102109473193356840202
1429650867505148313720594668477948880050562903683-109928824856976412487775174607761519739702474552,218.18359693461602,syn_flag_number >,Number <=,1429650867505148313720594668477948880050562903683,109928824856976412487775174607761519739702474552
1429650867505148313720594668477948880050562903683-1118614325010621431186771152252517336813918651911,601.6178079453828,syn_flag_number >,sum >,1429650867505148313720594668477948880050562903683,1118614325010621431186771152252517336813918651911
1429650867505148313720594668477948880050562903683-1184472685782376059334758133512718430805424685192,4.040436980270667,syn_flag_number >,SSH >,1429650867505148313720594668477948880050562903683,1184472685782376059334758133512718430805424685192
1429650867505148313720594668477948880050562903683-1232849963170894971818913290506039176322619533319,80.80873960541334,syn_flag_number >,psh_flag_number >,1429650867505148313720594668477948880050562903683,1232849963170894971818913290506039176322619533319
1429650867505148313720594668477948880050562903683-1233133706649643691022119102239698495899057226060,1552.48903341521,syn_flag_number >,Time_To_Live <=,1429650867505148313720594668477948880050562903683,1233133706649643691022119102239698495899057226060
1429650867505148313720594668477948880050562903683-1236189254858718471128603624930063881324958313531,514.064145316453,syn_flag_number >,HTTPS >,1429650867505148313720594668477948880050562903683,1236189254858718471128603624930063881324958313531
1429650867505148313720594668477948880050562903683-1239329028096551917906154637654656383307088642249,23.232512636556336,syn_flag_number >,cwr_flag_number <=,1429650867505148313720594668477948880050562903683,1239329028096551917906154637654656383307088642249
1429650867505148313720594668477948880050562903683-1251276136943778783713685275011300537715092657394,6654.518246082799,syn_flag_number >,fin_flag_number >,1429650867505148313720594668477948880050562903683,1251276136943778783713685275011300537715092657394
1429650867505148313720594668477948880050562903683-1329847435934461746074927120436757452470095790255,38.38415131257133,syn_flag_number >,Min >,1429650867505148313720594668477948880050562903683,1329847435934461746074927120436757452470095790255
1429650867505148313720594668477948880050562903683-1338222599102815322204523610829624561969283441716,635.9615222776835,syn_flag_number >,SSH <=,1429650867505148313720594668477948880050562903683,1338222599102815322204523610829624561969283441716
1429650867505148313720594668477948880050562903683-1345309773886921328764805451107636357621530213384,39468.145161290326,syn_flag_number >,Class -1,1429650867505148313720594668477948880050562903683,1345309773886921328764805451107636357621530213384
1429650867505148313720594668477948880050562903683-1375509225989204300559045429796274689340158771149,3464.5769580745095,syn_flag_number >,rst_count <=,1429650867505148313720594668477948880050562903683,1375509225989204300559045429796274689340158771149
1429650867505148313720594668477948880050562903683-1379366653555122327876205020011632492492609315477,971.0734103711808,syn_flag_number >,Type <=,1429650867505148313720594668477948880050562903683,1379366653555122327876205020011632492492609315477
1429650867505148313720594668477948880050562903683-1418162538066850581097605911983264533342366443794,570.3858817712744,syn_flag_number >,Header_Length <=,1429650867505148313720594668477948880050562903683,1418162538066850581097605911983264533342366443794
1429650867505148313720594668477948880050562903683-1429650867505148313720594668477948880050562903683,1502.8307595609158,syn_flag_number >,syn_flag_number >,1429650867505148313720594668477948880050562903683,1429650867505148313720594668477948880050562903683
1429650867505148313720594668477948880050562903683-1454952188391427871478129207189215566009723810659,245.29362570546436,syn_flag_number >,Std >,1429650867505148313720594668477948880050562903683,1454952188391427871478129207189215566009723810659
1429650867505148313720594668477948880050562903683-1455733501014453866297060548284701359849809242142,515.8399825376204,syn_flag_number >,DHCP <=,1429650867505148313720594668477948880050562903683,1455733501014453866297060548284701359849809242142
1429650867505148313720594668477948880050562903683-153155765823982001952501641876618811106762500815,1460.89493380601,syn_flag_number >,ack_flag_number >,1429650867505148313720594668477948880050562903683,153155765823982001952501641876618811106762500815
1429650867505148313720594668477948880050562903683-160227321490815016489601533331665083666172936667,34.34371433230067,syn_flag_number >,IGMP <=,1429650867505148313720594668477948880050562903683,160227321490815016489601533331665083666172936667
1429650867505148313720594668477948880050562903683-161772624339136553719839337862344762258727720981,756.0830620177464,syn_flag_number >,ack_flag_number <=,1429650867505148313720594668477948880050562903683,161772624339136553719839337862344762258727720981
1429650867505148313720594668477948880050562903683-171982518954274878349485416184092168691833932185,3618.2113158323823,syn_flag_number >,Class 1,1429650867505148313720594668477948880050562903683,171982518954274878349485416184092168691833932185
1429650867505148313720594668477948880050562903683-207766774224049171901964708681563529125144087827,4219.242608732242,syn_flag_number >,HTTP >,1429650867505148313720594668477948880050562903683,207766774224049171901964708681563529125144087827
1429650867505148313720594668477948880050562903683-215123608059624622405742600984392925785664489773,696.8124582507114,syn_flag_number >,Variance <=,1429650867505148313720594668477948880050562903683,215123608059624622405742600984392925785664489773
1429650867505148313720594668477948880050562903683-218607780770691257170847497927336330511308420255,2035.8425992646867,syn_flag_number >,ack_count >,1429650867505148313720594668477948880050562903683,218607780770691257170847497927336330511308420255
1429650867505148313720594668477948880050562903683-223165296026140232481876277255273629987157553131,588.486387759503,syn_flag_number >,Header_Length >,1429650867505148313720594668477948880050562903683,223165296026140232481876277255273629987157553131
1429650867505148313720594668477948880050562903683-335418722972519651500040442315750311827115323662,516.8500917826881,syn_flag_number >,Rate >,1429650867505148313720594668477948880050562903683,335418722972519651500040442315750311827115323662
1429650867505148313720594668477948880050562903683-338730224709676774412755851787278702947952010784,820.1272465719561,syn_flag_number >,sum <=,1429650867505148313720594668477948880050562903683,338730224709676774412755851787278702947952010784
1429650867505148313720594668477948880050562903683-371266811264664269299964157380215767396824640058,725.8612450887058,syn_flag_number >,ICMP >,1429650867505148313720594668477948880050562903683,371266811264664269299964157380215767396824640058
1429650867505148313720594668477948880050562903683-378316838538499851440768051160724422589084218125,4403.245412180536,syn_flag_number >,IAT <=,1429650867505148313720594668477948880050562903683,378316838538499851440768051160724422589084218125
1429650867505148313720594668477948880050562903683-40351198695966294513339726256484683518911283460,3375.5244236625763,syn_flag_number >,fin_flag_number <=,1429650867505148313720594668477948880050562903683,40351198695966294513339726256484683518911283460
1429650867505148313720594668477948880050562903683-426624906449189252299067265451872698344494536313,1899.4778511805516,syn_flag_number >,Number >,1429650867505148313720594668477948880050562903683,426624906449189252299067265451872698344494536313
1429650867505148313720594668477948880050562903683-450410814915736770904937984733342042835793211647,14.141529430947335,syn_flag_number >,ece_flag_number <=,1429650867505148313720594668477948880050562903683,450410814915736770904937984733342042835793211647
1429650867505148313720594668477948880050562903683-475011065740486827108472353828139148231878458661,419.03241585710305,syn_flag_number >,syn_flag_number <=,1429650867505148313720594668477948880050562903683,475011065740486827108472353828139148231878458661
1429650867505148313720594668477948880050562903683-505469541859377927785473031559292540931343582537,8117.596319224923,syn_flag_number >,ICMP <=,1429650867505148313720594668477948880050562903683,505469541859377927785473031559292540931343582537
1429650867505148313720594668477948880050562903683-520582048177068818674784514618258893555315007951,15.151638676015,syn_flag_number >,LLC <=,1429650867505148313720594668477948880050562903683,520582048177068818674784514618258893555315007951
1429650867505148313720594668477948880050562903683-681503808608794911981134712221284126975357543438,3124.984746716599,syn_flag_number >,syn_count <=,1429650867505148313720594668477948880050562903683,681503808608794911981134712221284126975357543438
1429650867505148313720594668477948880050562903683-684418957212367241623111035135876005715150589706,1678.3942631875154,syn_flag_number >,HTTP <=,1429650867505148313720594668477948880050562903683,684418957212367241623111035135876005715150589706
1429650867505148313720594668477948880050562903683-714914936218336719861297767221934377853836589461,459.43678565980974,syn_flag_number >,UDP >,1429650867505148313720594668477948880050562903683,714914936218336719861297767221934377853836589461
1429650867505148313720594668477948880050562903683-786396322989194697344344278946426998739971577495,3489.4223870862547,syn_flag_number >,HTTPS <=,1429650867505148313720594668477948880050562903683,786396322989194697344344278946426998739971577495
1429650867505148313720594668477948880050562903683-795584812918386367255521286735341258439959854242,6515.97035866255,syn_flag_number >,syn_count >,1429650867505148313720594668477948880050562903683,795584812918386367255521286735341258439959854242
1429650867505148313720594668477948880050562903683-835140271881840015202809914014108690929910415575,1446.346102260116,syn_flag_number >,IAT >,1429650867505148313720594668477948880050562903683,835140271881840015202809914014108690929910415575
1429650867505148313720594668477948880050562903683-841356973986788424033641854148712928121319667477,14.141529430947335,syn_flag_number >,Variance >,1429650867505148313720594668477948880050562903683,841356973986788424033641854148712928121319667477
1429650867505148313720594668477948880050562903683-841518471221275042570144506781210008737201997031,2730.390457756295,syn_flag_number >,Min <=,1429650867505148313720594668477948880050562903683,841518471221275042570144506781210008737201997031
1429650867505148313720594668477948880050562903683-843826879422383561066103188424018239931401286651,222.2240339148867,syn_flag_number >,ack_count <=,1429650867505148313720594668477948880050562903683,843826879422383561066103188424018239931401286651
1429650867505148313720594668477948880050562903683-896530251803066355404557928035950607124936193677,472.48674542270004,syn_flag_number >,psh_flag_number <=,1429650867505148313720594668477948880050562903683,896530251803066355404557928035950607124936193677
1429650867505148313720594668477948880050562903683-922599836131670820904126277297069322180441856169,510.8708967352714,syn_flag_number >,Rate <=,1429650867505148313720594668477948880050562903683,922599836131670820904126277297069322180441856169
1429650867505148313720594668477948880050562903683-926368966621798523173828527325665066772113177503,5471.729196362355,syn_flag_number >,UDP <=,1429650867505148313720594668477948880050562903683,926368966621798523173828527325665066772113177503
1429650867505148313720594668477948880050562903683-974265510705878984211701297112044370513255377925,1083.1955365736917,syn_flag_number >,Std <=,1429650867505148313720594668477948880050562903683,974265510705878984211701297112044370513255377925
1454952188391427871478129207189215566009723810659-1043469376771332113858820724324827897913309990452,585.6189808702787,Std >,LLC >,1454952188391427871478129207189215566009723810659,1043469376771332113858820724324827897913309990452
1454952188391427871478129207189215566009723810659-1043754360836331848364792327262011021650379248223,352.36520568263705,Std >,DNS >,1454952188391427871478129207189215566009723810659,1043754360836331848364792327262011021650379248223
1454952188391427871478129207189215566009723810659-1077028023530208599426324724984012030801332581683,704.974792634242,Std >,Time_To_Live >,1454952188391427871478129207189215566009723810659,1077028023530208599426324724984012030801332581683
1454952188391427871478129207189215566009723810659-1085488307210616684491611463585545838953333018237,361.6191097342247,Std >,Type >,1454952188391427871478129207189215566009723810659,1085488307210616684491611463585545838953333018237
1454952188391427871478129207189215566009723810659-1091995366823138898995898948102109473193356840202,473.74123593673573,Std >,DNS <=,1454952188391427871478129207189215566009723810659,1091995366823138898995898948102109473193356840202
1454952188391427871478129207189215566009723810659-109928824856976412487775174607761519739702474552,70.70764715473668,Std >,Number <=,1454952188391427871478129207189215566009723810659,109928824856976412487775174607761519739702474552
1454952188391427871478129207189215566009723810659-1118614325010621431186771152252517336813918651911,798.5891107335777,Std >,sum >,1454952188391427871478129207189215566009723810659,1118614325010621431186771152252517336813918651911
1454952188391427871478129207189215566009723810659-1184472685782376059334758133512718430805424685192,17.171857166150335,Std >,SSH >,1454952188391427871478129207189215566009723810659,1184472685782376059334758133512718430805424685192
1454952188391427871478129207189215566009723810659-1232849963170894971818913290506039176322619533319,1276.7780857655307,Std >,psh_flag_number >,1454952188391427871478129207189215566009723810659,1232849963170894971818913290506039176322619533319
1454952188391427871478129207189215566009723810659-1233133706649643691022119102239698495899057226060,2527.211870736313,Std >,Time_To_Live <=,1454952188391427871478129207189215566009723810659,1233133706649643691022119102239698495899057226060
1454952188391427871478129207189215566009723810659-1236189254858718471128603624930063881324958313531,1006.0688080873961,Std >,HTTPS >,1454952188391427871478129207189215566009723810659,1236189254858718471128603624930063881324958313531
1454952188391427871478129207189215566009723810659-1239329028096551917906154637654656383307088642249,582.8330344040437,Std >,cwr_flag_number <=,1454952188391427871478129207189215566009723810659,1239329028096551917906154637654656383307088642249
1454952188391427871478129207189215566009723810659-1251276136943778783713685275011300537715092657394,150.424817092093,Std >,fin_flag_number >,1454952188391427871478129207189215566009723810659,1251276136943778783713685275011300537715092657394
1454952188391427871478129207189215566009723810659-1329847435934461746074927120436757452470095790255,720.2078917332464,Std >,Min >,1454952188391427871478129207189215566009723810659,1329847435934461746074927120436757452470095790255
1454952188391427871478129207189215566009723810659-1338222599102815322204523610829624561969283441716,192.93086580792436,Std >,SSH <=,1454952188391427871478129207189215566009723810659,1338222599102815322204523610829624561969283441716
1454952188391427871478129207189215566009723810659-1345309773886921328764805451107636357621530213384,7094.274193548387,Std >,Class -1,1454952188391427871478129207189215566009723810659,1345309773886921328764805451107636357621530213384
1454952188391427871478129207189215566009723810659-1375509225989204300559045429796274689340158771149,152.52649600521767,Std >,rst_count <=,1454952188391427871478129207189215566009723810659,1375509225989204300559045429796274689340158771149
1454952188391427871478129207189215566009723810659-1379366653555122327876205020011632492492609315477,304.04288276536766,Std >,Type <=,1454952188391427871478129207189215566009723810659,1379366653555122327876205020011632492492609315477
1454952188391427871478129207189215566009723810659-1418162538066850581097605911983264533342366443794,323.23495842165335,Std >,Header_Length <=,1454952188391427871478129207189215566009723810659,1418162538066850581097605911983264533342366443794
1454952188391427871478129207189215566009723810659-1429650867505148313720594668477948880050562903683,350.2635267695124,Std >,syn_flag_number >,1454952188391427871478129207189215566009723810659,1429650867505148313720594668477948880050562903683
1454952188391427871478129207189215566009723810659-1454952188391427871478129207189215566009723810659,373.7404206750367,Std >,Std >,1454952188391427871478129207189215566009723810659,1454952188391427871478129207189215566009723810659
1454952188391427871478129207189215566009723810659-1455733501014453866297060548284701359849809242142,291.8401114015664,Std >,DHCP <=,1454952188391427871478129207189215566009723810659,1455733501014453866297060548284701359849809242142
1454952188391427871478129207189215566009723810659-153155765823982001952501641876618811106762500815,527.277025925322,Std >,ack_flag_number >,1454952188391427871478129207189215566009723810659,153155765823982001952501641876618811106762500815
1454952188391427871478129207189215566009723810659-160227321490815016489601533331665083666172936667,9.090983205609001,Std >,IGMP <=,1454952188391427871478129207189215566009723810659,160227321490815016489601533331665083666172936667
1454952188391427871478129207189215566009723810659-161772624339136553719839337862344762258727720981,421.1340947702277,Std >,ack_flag_number <=,1454952188391427871478129207189215566009723810659,161772624339136553719839337862344762258727720981
1454952188391427871478129207189215566009723810659-171982518954274878349485416184092168691833932185,9883.91896298712,Std >,Class 1,1454952188391427871478129207189215566009723810659,171982518954274878349485416184092168691833932185
1454952188391427871478129207189215566009723810659-207766774224049171901964708681563529125144087827,681.4978987287177,Std >,HTTP >,1454952188391427871478129207189215566009723810659,207766774224049171901964708681563529125144087827
1454952188391427871478129207189215566009723810659-215123608059624622405742600984392925785664489773,2487.1659267947593,Std >,Variance <=,1454952188391427871478129207189215566009723810659,215123608059624622405742600984392925785664489773
1454952188391427871478129207189215566009723810659-218607780770691257170847497927336330511308420255,765.6628077612914,Std >,ack_count >,1454952188391427871478129207189215566009723810659,218607780770691257170847497927336330511308420255
1454952188391427871478129207189215566009723810659-223165296026140232481876277255273629987157553131,1765.7850049704666,Std >,Header_Length >,1454952188391427871478129207189215566009723810659,223165296026140232481876277255273629987157553131
1454952188391427871478129207189215566009723810659-335418722972519651500040442315750311827115323662,196.971302788195,Std >,Rate >,1454952188391427871478129207189215566009723810659,335418722972519651500040442315750311827115323662
1454952188391427871478129207189215566009723810659-338730224709676774412755851787278702947952010784,779.8043371922387,Std >,sum <=,1454952188391427871478129207189215566009723810659,338730224709676774412755851787278702947952010784
1454952188391427871478129207189215566009723810659-371266811264664269299964157380215767396824640058,154.546714495353,Std >,ICMP >,1454952188391427871478129207189215566009723810659,371266811264664269299964157380215767396824640058
1454952188391427871478129207189215566009723810659-378316838538499851440768051160724422589084218125,278.79015163867604,Std >,IAT <=,1454952188391427871478129207189215566009723810659,378316838538499851440768051160724422589084218125
1454952188391427871478129207189215566009723810659-40351198695966294513339726256484683518911283460,759.6021522908854,Std >,fin_flag_number <=,1454952188391427871478129207189215566009723810659,40351198695966294513339726256484683518911283460
1454952188391427871478129207189215566009723810659-426624906449189252299067265451872698344494536313,599.516129032258,Std >,Number >,1454952188391427871478129207189215566009723810659,426624906449189252299067265451872698344494536313
1454952188391427871478129207189215566009723810659-450410814915736770904937984733342042835793211647,55.55600847872167,Std >,ece_flag_number <=,1454952188391427871478129207189215566009723810659,450410814915736770904937984733342042835793211647
1454952188391427871478129207189215566009723810659-475011065740486827108472353828139148231878458661,380.72972496752107,Std >,syn_flag_number <=,1454952188391427871478129207189215566009723810659,475011065740486827108472353828139148231878458661
1454952188391427871478129207189215566009723810659-505469541859377927785473031559292540931343582537,4159.857960373021,Std >,ICMP <=,1454952188391427871478129207189215566009723810659,505469541859377927785473031559292540931343582537
1454952188391427871478129207189215566009723810659-510505520442458443414009447271658614884328320759,540.245525265223,Std >,IRC <=,1454952188391427871478129207189215566009723810659,510505520442458443414009447271658614884328320759
1454952188391427871478129207189215566009723810659-520582048177068818674784514618258893555315007951,393.69822430742204,Std >,LLC <=,1454952188391427871478129207189215566009723810659,520582048177068818674784514618258893555315007951
1454952188391427871478129207189215566009723810659-565103970815292376991711972572924808853013487374,1.0101092450676668,Std >,IGMP >,1454952188391427871478129207189215566009723810659,565103970815292376991711972572924808853013487374
1454952188391427871478129207189215566009723810659-629827923182617752624696690572530002196221478554,15.151638676015,Std >,DHCP >,1454952188391427871478129207189215566009723810659,629827923182617752624696690572530002196221478554
1454952188391427871478129207189215566009723810659-681503808608794911981134712221284126975357543438,716.1674547529757,Std >,syn_count <=,1454952188391427871478129207189215566009723810659,681503808608794911981134712221284126975357543438
1454952188391427871478129207189215566009723810659-684418957212367241623111035135876005715150589706,1031.3215392140878,Std >,HTTP <=,1454952188391427871478129207189215566009723810659,684418957212367241623111035135876005715150589706
1454952188391427871478129207189215566009723810659-714914936218336719861297767221934377853836589461,200.93027934547635,Std >,UDP >,1454952188391427871478129207189215566009723810659,714914936218336719861297767221934377853836589461
1454952188391427871478129207189215566009723810659-786396322989194697344344278946426998739971577495,560.5291705895658,Std >,HTTPS <=,1454952188391427871478129207189215566009723810659,786396322989194697344344278946426998739971577495
1454952188391427871478129207189215566009723810659-795584812918386367255521286735341258439959854242,21.212294146421,Std >,syn_count >,1454952188391427871478129207189215566009723810659,795584812918386367255521286735341258439959854242
1454952188391427871478129207189215566009723810659-835140271881840015202809914014108690929910415575,579.8027066688408,Std >,IAT >,1454952188391427871478129207189215566009723810659,835140271881840015202809914014108690929910415575
1454952188391427871478129207189215566009723810659-841356973986788424033641854148712928121319667477,336.366378607533,Std >,Variance >,1454952188391427871478129207189215566009723810659,841356973986788424033641854148712928121319667477
1454952188391427871478129207189215566009723810659-841518471221275042570144506781210008737201997031,4349.367488415394,Std >,Min <=,1454952188391427871478129207189215566009723810659,841518471221275042570144506781210008737201997031
1454952188391427871478129207189215566009723810659-843826879422383561066103188424018239931401286651,556.244352340327,Std >,ack_count <=,1454952188391427871478129207189215566009723810659,843826879422383561066103188424018239931401286651
1454952188391427871478129207189215566009723810659-896530251803066355404557928035950607124936193677,4979.757117760608,Std >,psh_flag_number <=,1454952188391427871478129207189215566009723810659,896530251803066355404557928035950607124936193677
1454952188391427871478129207189215566009723810659-922599836131670820904126277297069322180441856169,747.4808413500734,Std >,Rate <=,1454952188391427871478129207189215566009723810659,922599836131670820904126277297069322180441856169
1454952188391427871478129207189215566009723810659-926368966621798523173828527325665066772113177503,717.0146431520648,Std >,UDP <=,1454952188391427871478129207189215566009723810659,926368966621798523173828527325665066772113177503
1454952188391427871478129207189215566009723810659-940331364486966071141541838460909450599289486914,299.758064516129,Std >,rst_count >,1454952188391427871478129207189215566009723810659,940331364486966071141541838460909450599289486914
1454952188391427871478129207189215566009723810659-974265510705878984211701297112044370513255377925,1437.9068024384214,Std >,Std <=,1454952188391427871478129207189215566009723810659,974265510705878984211701297112044370513255377925
1455733501014453866297060548284701359849809242142-1043469376771332113858820724324827897913309990452,910.1084298059677,DHCP <=,LLC >,1455733501014453866297060548284701359849809242142,1043469376771332113858820724324827897913309990452
1455733501014453866297060548284701359849809242142-1043754360836331848364792327262011021650379248223,672.5698363690874,DHCP <=,DNS >,1455733501014453866297060548284701359849809242142,1043754360836331848364792327262011021650379248223
1455733501014453866297060548284701359849809242142-1077028023530208599426324724984012030801332581683,4005.083156693299,DHCP <=,Time_To_Live >,1455733501014453866297060548284701359849809242142,1077028023530208599426324724984012030801332581683
1455733501014453866297060548284701359849809242142-1085488307210616684491611463585545838953333018237,8607.645931844123,DHCP <=,Type >,1455733501014453866297060548284701359849809242142,1085488307210616684491611463585545838953333018237
1455733501014453866297060548284701359849809242142-1091995366823138898995898948102109473193356840202,7590.677719160754,DHCP <=,DNS <=,1455733501014453866297060548284701359849809242142,1091995366823138898995898948102109473193356840202
1455733501014453866297060548284701359849809242142-109928824856976412487775174607761519739702474552,9245.529920104354,DHCP <=,Number <=,1455733501014453866297060548284701359849809242142,109928824856976412487775174607761519739702474552
1455733501014453866297060548284701359849809242142-1118614325010621431186771152252517336813918651911,1247.403457235579,DHCP <=,sum >,1455733501014453866297060548284701359849809242142,1118614325010621431186771152252517336813918651911
1455733501014453866297060548284701359849809242142-1184472685782376059334758133512718430805424685192,40.40436980270667,DHCP <=,SSH >,1455733501014453866297060548284701359849809242142,1184472685782376059334758133512718430805424685192
1455733501014453866297060548284701359849809242142-1232849963170894971818913290506039176322619533319,1391.9305397032447,DHCP <=,psh_flag_number >,1455733501014453866297060548284701359849809242142,1232849963170894971818913290506039176322619533319
1455733501014453866297060548284701359849809242142-1233133706649643691022119102239698495899057226060,23481.862991326667,DHCP <=,Time_To_Live <=,1455733501014453866297060548284701359849809242142,1233133706649643691022119102239698495899057226060
1455733501014453866297060548284701359849809242142-1236189254858718471128603624930063881324958313531,10753.62302299038,DHCP <=,HTTPS >,1455733501014453866297060548284701359849809242142,1236189254858718471128603624930063881324958313531
1455733501014453866297060548284701359849809242142-1239329028096551917906154637654656383307088642249,37.37404206750367,DHCP <=,cwr_flag_number <=,1455733501014453866297060548284701359849809242142,1239329028096551917906154637654656383307088642249
1455733501014453866297060548284701359849809242142-1251276136943778783713685275011300537715092657394,105.05136148703734,DHCP <=,fin_flag_number >,1455733501014453866297060548284701359849809242142,1251276136943778783713685275011300537715092657394
1455733501014453866297060548284701359849809242142-1329847435934461746074927120436757452470095790255,665.6619924995924,DHCP <=,Min >,1455733501014453866297060548284701359849809242142,1329847435934461746074927120436757452470095790255
1455733501014453866297060548284701359849809242142-1338222599102815322204523610829624561969283441716,5616.891670129337,DHCP <=,SSH <=,1455733501014453866297060548284701359849809242142,1338222599102815322204523610829624561969283441716
1455733501014453866297060548284701359849809242142-1345309773886921328764805451107636357621530213384,5495.564516129032,DHCP <=,Class -1,1455733501014453866297060548284701359849809242142,1345309773886921328764805451107636357621530213384
1455733501014453866297060548284701359849809242142-1375509225989204300559045429796274689340158771149,2800.022827327572,DHCP <=,rst_count <=,1455733501014453866297060548284701359849809242142,1375509225989204300559045429796274689340158771149
1455733501014453866297060548284701359849809242142-1379366653555122327876205020011632492492609315477,1449.5067666721018,DHCP <=,Type <=,1455733501014453866297060548284701359849809242142,1379366653555122327876205020011632492492609315477
1455733501014453866297060548284701359849809242142-1418162538066850581097605911983264533342366443794,4932.3634436654165,DHCP <=,Header_Length <=,1455733501014453866297060548284701359849809242142,1418162538066850581097605911983264533342366443794
1455733501014453866297060548284701359849809242142-1429650867505148313720594668477948880050562903683,820.730053702077,DHCP <=,syn_flag_number >,1455733501014453866297060548284701359849809242142,1429650867505148313720594668477948880050562903683
1455733501014453866297060548284701359849809242142-1454952188391427871478129207189215566009723810659,203.031958258601,DHCP <=,Std >,1455733501014453866297060548284701359849809242142,1454952188391427871478129207189215566009723810659
1455733501014453866297060548284701359849809242142-1455733501014453866297060548284701359849809242142,4023.2651231045165,DHCP <=,DHCP <=,1455733501014453866297060548284701359849809242142,1455733501014453866297060548284701359849809242142
1455733501014453866297060548284701359849809242142-153155765823982001952501641876618811106762500815,12260.706016631339,DHCP <=,ack_flag_number >,1455733501014453866297060548284701359849809242142,153155765823982001952501641876618811106762500815
1455733501014453866297060548284701359849809242142-160227321490815016489601533331665083666172936667,12255.199292037261,DHCP <=,IGMP <=,1455733501014453866297060548284701359849809242142,160227321490815016489601533331665083666172936667
1455733501014453866297060548284701359849809242142-161772624339136553719839337862344762258727720981,3415.097897150792,DHCP <=,ack_flag_number <=,1455733501014453866297060548284701359849809242142,161772624339136553719839337862344762258727720981
1455733501014453866297060548284701359849809242142-171982518954274878349485416184092168691833932185,40609.42197945541,DHCP <=,Class 1,1455733501014453866297060548284701359849809242142,171982518954274878349485416184092168691833932185
1455733501014453866297060548284701359849809242142-207766774224049171901964708681563529125144087827,195.879733120138,DHCP <=,HTTP >,1455733501014453866297060548284701359849809242142,207766774224049171901964708681563529125144087827
1455733501014453866297060548284701359849809242142-215123608059624622405742600984392925785664489773,7943.499103212132,DHCP <=,Variance <=,1455733501014453866297060548284701359849809242142,215123608059624622405742600984392925785664489773
1455733501014453866297060548284701359849809242142-218607780770691257170847497927336330511308420255,5199.798012339381,DHCP <=,ack_count >,1455733501014453866297060548284701359849809242142,218607780770691257170847497927336330511308420255
1455733501014453866297060548284701359849809242142-223165296026140232481876277255273629987157553131,398.99315180172835,DHCP <=,Header_Length >,1455733501014453866297060548284701359849809242142,223165296026140232481876277255273629987157553131
1455733501014453866297060548284701359849809242142-335418722972519651500040442315750311827115323662,240.24307948012603,DHCP <=,Rate >,1455733501014453866297060548284701359849809242142,335418722972519651500040442315750311827115323662
1455733501014453866297060548284701359849809242142-337274849629170698169636561573185333120886675912,41.414479047774336,DHCP <=,ece_flag_number >,1455733501014453866297060548284701359849809242142,337274849629170698169636561573185333120886675912
1455733501014453866297060548284701359849809242142-338730224709676774412755851787278702947952010784,14828.84360387749,DHCP <=,sum <=,1455733501014453866297060548284701359849809242142,338730224709676774412755851787278702947952010784
1455733501014453866297060548284701359849809242142-371266811264664269299964157380215767396824640058,198.91006085534102,DHCP <=,ICMP >,1455733501014453866297060548284701359849809242142,371266811264664269299964157380215767396824640058
1455733501014453866297060548284701359849809242142-378316838538499851440768051160724422589084218125,7734.194692383352,DHCP <=,IAT <=,1455733501014453866297060548284701359849809242142,378316838538499851440768051160724422589084218125
1455733501014453866297060548284701359849809242142-40351198695966294513339726256484683518911283460,1227.2827327572152,DHCP <=,fin_flag_number <=,1455733501014453866297060548284701359849809242142,40351198695966294513339726256484683518911283460
1455733501014453866297060548284701359849809242142-426624906449189252299067265451872698344494536313,599.516129032258,DHCP <=,Number >,1455733501014453866297060548284701359849809242142,426624906449189252299067265451872698344494536313
1455733501014453866297060548284701359849809242142-450410814915736770904937984733342042835793211647,17126.3207896993,DHCP <=,ece_flag_number <=,1455733501014453866297060548284701359849809242142,450410814915736770904937984733342042835793211647
1455733501014453866297060548284701359849809242142-475011065740486827108472353828139148231878458661,18139.46036250217,DHCP <=,syn_flag_number <=,1455733501014453866297060548284701359849809242142,475011065740486827108472353828139148231878458661
1455733501014453866297060548284701359849809242142-505469541859377927785473031559292540931343582537,25716.078012654965,DHCP <=,ICMP <=,1455733501014453866297060548284701359849809242142,505469541859377927785473031559292540931343582537
1455733501014453866297060548284701359849809242142-520582048177068818674784514618258893555315007951,3.0303277352030005,DHCP <=,LLC <=,1455733501014453866297060548284701359849809242142,520582048177068818674784514618258893555315007951
1455733501014453866297060548284701359849809242142-565103970815292376991711972572924808853013487374,33.333605087233,DHCP <=,IGMP >,1455733501014453866297060548284701359849809242142,565103970815292376991711972572924808853013487374
1455733501014453866297060548284701359849809242142-629827923182617752624696690572530002196221478554,28.28305886189467,DHCP <=,DHCP >,1455733501014453866297060548284701359849809242142,629827923182617752624696690572530002196221478554
1455733501014453866297060548284701359849809242142-681503808608794911981134712221284126975357543438,3620.2315343225177,DHCP <=,syn_count <=,1455733501014453866297060548284701359849809242142,681503808608794911981134712221284126975357543438
1455733501014453866297060548284701359849809242142-684418957212367241623111035135876005715150589706,2953.4779721548684,DHCP <=,HTTP <=,1455733501014453866297060548284701359849809242142,684418957212367241623111035135876005715150589706
1455733501014453866297060548284701359849809242142-714914936218336719861297767221934377853836589461,2342.4433393119193,DHCP <=,UDP >,1455733501014453866297060548284701359849809242142,714914936218336719861297767221934377853836589461
1455733501014453866297060548284701359849809242142-786396322989194697344344278946426998739971577495,542.428664601337,DHCP <=,HTTPS <=,1455733501014453866297060548284701359849809242142,786396322989194697344344278946426998739971577495
1455733501014453866297060548284701359849809242142-795584812918386367255521286735341258439959854242,875.1944925127418,DHCP <=,syn_count >,1455733501014453866297060548284701359849809242142,795584812918386367255521286735341258439959854242
1455733501014453866297060548284701359849809242142-835140271881840015202809914014108690929910415575,1969.6641516281566,DHCP <=,IAT >,1455733501014453866297060548284701359849809242142,835140271881840015202809914014108690929910415575
1455733501014453866297060548284701359849809242142-841356973986788424033641854148712928121319667477,328.2855046469917,DHCP <=,Variance >,1455733501014453866297060548284701359849809242142,841356973986788424033641854148712928121319667477
1455733501014453866297060548284701359849809242142-841518471221275042570144506781210008737201997031,22089.916159538825,DHCP <=,Min <=,1455733501014453866297060548284701359849809242142,841518471221275042570144506781210008737201997031
1455733501014453866297060548284701359849809242142-843826879422383561066103188424018239931401286651,10259.500389221716,DHCP <=,ack_count <=,1455733501014453866297060548284701359849809242142,843826879422383561066103188424018239931401286651
1455733501014453866297060548284701359849809242142-896530251803066355404557928035950607124936193677,13516.10888740447,DHCP <=,psh_flag_number <=,1455733501014453866297060548284701359849809242142,896530251803066355404557928035950607124936193677
1455733501014453866297060548284701359849809242142-922599836131670820904126277297069322180441856169,6138.270961430232,DHCP <=,Rate <=,1455733501014453866297060548284701359849809242142,922599836131670820904126277297069322180441856169
1455733501014453866297060548284701359849809242142-926368966621798523173828527325665066772113177503,3927.304744823088,DHCP <=,UDP <=,1455733501014453866297060548284701359849809242142,926368966621798523173828527325665066772113177503
1455733501014453866297060548284701359849809242142-940331364486966071141541838460909450599289486914,5.0505462253383335,DHCP <=,rst_count >,1455733501014453866297060548284701359849809242142,940331364486966071141541838460909450599289486914
1455733501014453866297060548284701359849809242142-974265510705878984211701297112044370513255377925,5298.739842102218,DHCP <=,Std <=,1455733501014453866297060548284701359849809242142,974265510705878984211701297112044370513255377925
153155765823982001952501641876618811106762500815-1043469376771332113858820724324827897913309990452,782.8346649274417,ack_flag_number >,LLC >,153155765823982001952501641876618811106762500815,1043469376771332113858820724324827897913309990452
153155765823982001952501641876618811106762500815-1043754360836331848364792327262011021650379248223,59.596445458992335,ack_flag_number >,DNS >,153155765823982001952501641876618811106762500815,1043754360836331848364792327262011021650379248223
153155765823982001952501641876618811106762500815-1077028023530208599426324724984012030801332581683,1937.226611193806,ack_flag_number >,Time_To_Live >,153155765823982001952501641876618811106762500815,1077028023530208599426324724984012030801332581683
153155765823982001952501641876618811106762500815-1085488307210616684491611463585545838953333018237,1552.4564492460145,ack_flag_number >,Type >,153155765823982001952501641876618811106762500815,1085488307210616684491611463585545838953333018237
153155765823982001952501641876618811106762500815-1091995366823138898995898948102109473193356840202,188.8904288276537,ack_flag_number >,DNS <=,153155765823982001952501641876618811106762500815,1091995366823138898995898948102109473193356840202
153155765823982001952501641876618811106762500815-109928824856976412487775174607761519739702474552,1947.4906244904614,ack_flag_number >,Number <=,153155765823982001952501641876618811106762500815,109928824856976412487775174607761519739702474552
153155765823982001952501641876618811106762500815-1118614325010621431186771152252517336813918651911,6421.378515487342,ack_flag_number >,sum >,153155765823982001952501641876618811106762500815,1118614325010621431186771152252517336813918651911
153155765823982001952501641876618811106762500815-1184472685782376059334758133512718430805424685192,323.23495842165335,ack_flag_number >,SSH >,153155765823982001952501641876618811106762500815,1184472685782376059334758133512718430805424685192
153155765823982001952501641876618811106762500815-1232849963170894971818913290506039176322619533319,2503.0507092776784,ack_flag_number >,psh_flag_number >,153155765823982001952501641876618811106762500815,1232849963170894971818913290506039176322619533319
153155765823982001952501641876618811106762500815-1233133706649643691022119102239698495899057226060,1677.4656143654372,ack_flag_number >,Time_To_Live <=,153155765823982001952501641876618811106762500815,1233133706649643691022119102239698495899057226060
153155765823982001952501641876618811106762500815-1236189254858718471128603624930063881324958313531,5620.247839556498,ack_flag_number >,HTTPS >,153155765823982001952501641876618811106762500815,1236189254858718471128603624930063881324958313531
153155765823982001952501641876618811106762500815-1239329028096551917906154637654656383307088642249,1487.890917984673,ack_flag_number >,cwr_flag_number <=,153155765823982001952501641876618811106762500815,1239329028096551917906154637654656383307088642249
153155765823982001952501641876618811106762500815-1251276136943778783713685275011300537715092657394,1077.9820695023748,ack_flag_number >,fin_flag_number >,153155765823982001952501641876618811106762500815,1251276136943778783713685275011300537715092657394
153155765823982001952501641876618811106762500815-1329847435934461746074927120436757452470095790255,3041.4389368987445,ack_flag_number >,Min >,153155765823982001952501641876618811106762500815,1329847435934461746074927120436757452470095790255
153155765823982001952501641876618811106762500815-1338222599102815322204523610829624561969283441716,17307.423602089173,ack_flag_number >,SSH <=,153155765823982001952501641876618811106762500815,1338222599102815322204523610829624561969283441716
153155765823982001952501641876618811106762500815-1345309773886921328764805451107636357621530213384,5795.322580645161,ack_flag_number >,Class -1,153155765823982001952501641876618811106762500815,1345309773886921328764805451107636357621530213384
153155765823982001952501641876618811106762500815-1375509225989204300559045429796274689340158771149,13103.902854993872,ack_flag_number >,rst_count <=,153155765823982001952501641876618811106762500815,1375509225989204300559045429796274689340158771149
153155765823982001952501641876618811106762500815-1379366653555122327876205020011632492492609315477,24812.53529294194,ack_flag_number >,Type <=,153155765823982001952501641876618811106762500815,1379366653555122327876205020011632492492609315477
153155765823982001952501641876618811106762500815-1418162538066850581097605911983264533342366443794,19354.328526795813,ack_flag_number >,Header_Length <=,153155765823982001952501641876618811106762500815,1418162538066850581097605911983264533342366443794
153155765823982001952501641876618811106762500815-1429650867505148313720594668477948880050562903683,3412.9799261530693,ack_flag_number >,syn_flag_number >,153155765823982001952501641876618811106762500815,1429650867505148313720594668477948880050562903683
153155765823982001952501641876618811106762500815-1454952188391427871478129207189215566009723810659,358.5887819990217,ack_flag_number >,Std >,153155765823982001952501641876618811106762500815,1454952188391427871478129207189215566009723810659
153155765823982001952501641876618811106762500815-1455733501014453866297060548284701359849809242142,16058.716778085765,ack_flag_number >,DHCP <=,153155765823982001952501641876618811106762500815,1455733501014453866297060548284701359849809242142
153155765823982001952501641876618811106762500815-153155765823982001952501641876618811106762500815,16451.87736360146,ack_flag_number >,ack_flag_number >,153155765823982001952501641876618811106762500815,153155765823982001952501641876618811106762500815
153155765823982001952501641876618811106762500815-160227321490815016489601533331665083666172936667,708.0865807924343,ack_flag_number >,IGMP <=,153155765823982001952501641876618811106762500815,160227321490815016489601533331665083666172936667
153155765823982001952501641876618811106762500815-161772624339136553719839337862344762258727720981,9639.537694019135,ack_flag_number >,ack_flag_number <=,153155765823982001952501641876618811106762500815,161772624339136553719839337862344762258727720981
153155765823982001952501641876618811106762500815-171982518954274878349485416184092168691833932185,45995.32447415621,ack_flag_number >,Class 1,153155765823982001952501641876618811106762500815,171982518954274878349485416184092168691833932185
153155765823982001952501641876618811106762500815-207766774224049171901964708681563529125144087827,1854.5116976904426,ack_flag_number >,HTTP >,153155765823982001952501641876618811106762500815,207766774224049171901964708681563529125144087827
153155765823982001952501641876618811106762500815-215123608059624622405742600984392925785664489773,12839.335693209134,ack_flag_number >,Variance <=,153155765823982001952501641876618811106762500815,215123608059624622405742600984392925785664489773
153155765823982001952501641876618811106762500815-218607780770691257170847497927336330511308420255,7219.153021991027,ack_flag_number >,ack_count >,153155765823982001952501641876618811106762500815,218607780770691257170847497927336330511308420255
153155765823982001952501641876618811106762500815-223165296026140232481876277255273629987157553131,10378.709572224298,ack_flag_number >,Header_Length >,153155765823982001952501641876618811106762500815,223165296026140232481876277255273629987157553131
153155765823982001952501641876618811106762500815-335418722972519651500040442315750311827115323662,1209.100766345997,ack_flag_number >,Rate >,153155765823982001952501641876618811106762500815,335418722972519651500040442315750311827115323662
153155765823982001952501641876618811106762500815-337274849629170698169636561573185333120886675912,10.101092450676667,ack_flag_number >,ece_flag_number >,153155765823982001952501641876618811106762500815,337274849629170698169636561573185333120886675912
153155765823982001952501641876618811106762500815-338730224709676774412755851787278702947952010784,12100.782914218691,ack_flag_number >,sum <=,153155765823982001952501641876618811106762500815,338730224709676774412755851787278702947952010784
153155765823982001952501641876618811106762500815-371266811264664269299964157380215767396824640058,20.202184901353334,ack_flag_number >,ICMP >,153155765823982001952501641876618811106762500815,371266811264664269299964157380215767396824640058
153155765823982001952501641876618811106762500815-378316838538499851440768051160724422589084218125,2574.7684656774827,ack_flag_number >,IAT <=,153155765823982001952501641876618811106762500815,378316838538499851440768051160724422589084218125
153155765823982001952501641876618811106762500815-40351198695966294513339726256484683518911283460,1523.2447415620416,ack_flag_number >,fin_flag_number <=,153155765823982001952501641876618811106762500815,40351198695966294513339726256484683518911283460
153155765823982001952501641876618811106762500815-426624906449189252299067265451872698344494536313,400.6875285999064,ack_flag_number >,Number >,153155765823982001952501641876618811106762500815,426624906449189252299067265451872698344494536313
153155765823982001952501641876618811106762500815-450410814915736770904937984733342042835793211647,116.16256318278168,ack_flag_number >,ece_flag_number <=,153155765823982001952501641876618811106762500815,450410814915736770904937984733342042835793211647
153155765823982001952501641876618811106762500815-475011065740486827108472353828139148231878458661,19238.899107419933,ack_flag_number >,syn_flag_number <=,153155765823982001952501641876618811106762500815,475011065740486827108472353828139148231878458661
153155765823982001952501641876618811106762500815-505469541859377927785473031559292540931343582537,699.9242464089037,ack_flag_number >,ICMP <=,153155765823982001952501641876618811106762500815,505469541859377927785473031559292540931343582537
153155765823982001952501641876618811106762500815-510505520442458443414009447271658614884328320759,174.66743897371703,ack_flag_number >,IRC <=,153155765823982001952501641876618811106762500815,510505520442458443414009447271658614884328320759
153155765823982001952501641876618811106762500815-520582048177068818674784514618258893555315007951,87.87950432088701,ack_flag_number >,LLC <=,153155765823982001952501641876618811106762500815,520582048177068818674784514618258893555315007951
153155765823982001952501641876618811106762500815-565103970815292376991711972572924808853013487374,1.0101092450676668,ack_flag_number >,IGMP >,153155765823982001952501641876618811106762500815,565103970815292376991711972572924808853013487374
153155765823982001952501641876618811106762500815-579184915384053252333364217236378176158944003116,3.0303277352030005,ack_flag_number >,cwr_flag_number >,153155765823982001952501641876618811106762500815,579184915384053252333364217236378176158944003116
153155765823982001952501641876618811106762500815-629827923182617752624696690572530002196221478554,165.65791619109734,ack_flag_number >,DHCP >,153155765823982001952501641876618811106762500815,629827923182617752624696690572530002196221478554
153155765823982001952501641876618811106762500815-681503808608794911981134712221284126975357543438,5119.836461133056,ack_flag_number >,syn_count <=,153155765823982001952501641876618811106762500815,681503808608794911981134712221284126975357543438
153155765823982001952501641876618811106762500815-684418957212367241623111035135876005715150589706,7730.366052502854,ack_flag_number >,HTTP <=,153155765823982001952501641876618811106762500815,684418957212367241623111035135876005715150589706
153155765823982001952501641876618811106762500815-714914936218336719861297767221934377853836589461,2625.2739279308657,ack_flag_number >,UDP >,153155765823982001952501641876618811106762500815,714914936218336719861297767221934377853836589461
153155765823982001952501641876618811106762500815-786396322989194697344344278946426998739971577495,3104.668517223061,ack_flag_number >,HTTPS <=,153155765823982001952501641876618811106762500815,786396322989194697344344278946426998739971577495
153155765823982001952501641876618811106762500815-795584812918386367255521286735341258439959854242,571.4774514393314,ack_flag_number >,syn_count >,153155765823982001952501641876618811106762500815,795584812918386367255521286735341258439959854242
153155765823982001952501641876618811106762500815-835140271881840015202809914014108690929910415575,643.4395891081037,ack_flag_number >,IAT >,153155765823982001952501641876618811106762500815,835140271881840015202809914014108690929910415575
153155765823982001952501641876618811106762500815-841356973986788424033641854148712928121319667477,675.6816245272797,ack_flag_number >,Variance >,153155765823982001952501641876618811106762500815,841356973986788424033641854148712928121319667477
153155765823982001952501641876618811106762500815-841518471221275042570144506781210008737201997031,9495.629710766189,ack_flag_number >,Min <=,153155765823982001952501641876618811106762500815,841518471221275042570144506781210008737201997031
153155765823982001952501641876618811106762500815-843826879422383561066103188424018239931401286651,13508.028013443929,ack_flag_number >,ack_count <=,153155765823982001952501641876618811106762500815,843826879422383561066103188424018239931401286651
153155765823982001952501641876618811106762500815-896530251803066355404557928035950607124936193677,16053.079716814904,ack_flag_number >,psh_flag_number <=,153155765823982001952501641876618811106762500815,896530251803066355404557928035950607124936193677
153155765823982001952501641876618811106762500815-922599836131670820904126277297069322180441856169,12770.794893305912,ack_flag_number >,Rate <=,153155765823982001952501641876618811106762500815,922599836131670820904126277297069322180441856169
153155765823982001952501641876618811106762500815-926368966621798523173828527325665066772113177503,8228.38249449041,ack_flag_number >,UDP <=,153155765823982001952501641876618811106762500815,926368966621798523173828527325665066772113177503
153155765823982001952501641876618811106762500815-940331364486966071141541838460909450599289486914,511.7180851343604,ack_flag_number >,rst_count >,153155765823982001952501641876618811106762500815,940331364486966071141541838460909450599289486914
153155765823982001952501641876618811106762500815-974265510705878984211701297112044370513255377925,13839.539350841298,ack_flag_number >,Std <=,153155765823982001952501641876618811106762500815,974265510705878984211701297112044370513255377925
160227321490815016489601533331665083666172936667-1043469376771332113858820724324827897913309990452,1957.510256518149,IGMP <=,LLC >,160227321490815016489601533331665083666172936667,1043469376771332113858820724324827897913309990452
160227321490815016489601533331665083666172936667-1043754360836331848364792327262011021650379248223,227.27458014022503,IGMP <=,DNS >,160227321490815016489601533331665083666172936667,1043754360836331848364792327262011021650379248223
160227321490815016489601533331665083666172936667-1077028023530208599426324724984012030801332581683,1284.858959726072,IGMP <=,Time_To_Live >,160227321490815016489601533331665083666172936667,1077028023530208599426324724984012030801332581683
160227321490815016489601533331665083666172936667-1085488307210616684491611463585545838953333018237,27.272949616827002,IGMP <=,Type >,160227321490815016489601533331665083666172936667,1085488307210616684491611463585545838953333018237
160227321490815016489601533331665083666172936667-1091995366823138898995898948102109473193356840202,4897.009620088048,IGMP <=,DNS <=,160227321490815016489601533331665083666172936667,1091995366823138898995898948102109473193356840202
160227321490815016489601533331665083666172936667-109928824856976412487775174607761519739702474552,11620.296755258438,IGMP <=,Number <=,160227321490815016489601533331665083666172936667,109928824856976412487775174607761519739702474552
160227321490815016489601533331665083666172936667-1118614325010621431186771152252517336813918651911,2016.1780531550628,IGMP <=,sum >,160227321490815016489601533331665083666172936667,1118614325010621431186771152252517336813918651911
160227321490815016489601533331665083666172936667-1184472685782376059334758133512718430805424685192,304.04288276536766,IGMP <=,SSH >,160227321490815016489601533331665083666172936667,1184472685782376059334758133512718430805424685192
160227321490815016489601533331665083666172936667-1232849963170894971818913290506039176322619533319,12.121310940812002,IGMP <=,psh_flag_number >,160227321490815016489601533331665083666172936667,1232849963170894971818913290506039176322619533319
160227321490815016489601533331665083666172936667-1233133706649643691022119102239698495899057226060,3858.128553620551,IGMP <=,Time_To_Live <=,160227321490815016489601533331665083666172936667,1233133706649643691022119102239698495899057226060
160227321490815016489601533331665083666172936667-1236189254858718471128603624930063881324958313531,287.88113484428504,IGMP <=,HTTPS >,160227321490815016489601533331665083666172936667,1236189254858718471128603624930063881324958313531
160227321490815016489601533331665083666172936667-1239329028096551917906154637654656383307088642249,7676.895430852659,IGMP <=,cwr_flag_number <=,160227321490815016489601533331665083666172936667,1239329028096551917906154637654656383307088642249
160227321490815016489601533331665083666172936667-1251276136943778783713685275011300537715092657394,35.35382357736834,IGMP <=,fin_flag_number >,160227321490815016489601533331665083666172936667,1251276136943778783713685275011300537715092657394
160227321490815016489601533331665083666172936667-1329847435934461746074927120436757452470095790255,354.4668845957617,IGMP <=,Min >,160227321490815016489601533331665083666172936667,1329847435934461746074927120436757452470095790255
160227321490815016489601533331665083666172936667-1338222599102815322204523610829624561969283441716,19341.00160159476,IGMP <=,SSH <=,160227321490815016489601533331665083666172936667,1338222599102815322204523610829624561969283441716
160227321490815016489601533331665083666172936667-1345309773886921328764805451107636357621530213384,2897.6612903225805,IGMP <=,Class -1,160227321490815016489601533331665083666172936667,1345309773886921328764805451107636357621530213384
160227321490815016489601533331665083666172936667-1375509225989204300559045429796274689340158771149,16174.79788084556,IGMP <=,rst_count <=,160227321490815016489601533331665083666172936667,1375509225989204300559045429796274689340158771149
160227321490815016489601533331665083666172936667-1379366653555122327876205020011632492492609315477,2380.257267663565,IGMP <=,Type <=,160227321490815016489601533331665083666172936667,1379366653555122327876205020011632492492609315477
160227321490815016489601533331665083666172936667-1418162538066850581097605911983264533342366443794,709.6994971676231,IGMP <=,Header_Length <=,160227321490815016489601533331665083666172936667,1418162538066850581097605911983264533342366443794
160227321490815016489601533331665083666172936667-1429650867505148313720594668477948880050562903683,38.38415131257133,IGMP <=,syn_flag_number >,160227321490815016489601533331665083666172936667,1429650867505148313720594668477948880050562903683
160227321490815016489601533331665083666172936667-1454952188391427871478129207189215566009723810659,10.101092450676667,IGMP <=,Std >,160227321490815016489601533331665083666172936667,1454952188391427871478129207189215566009723810659
160227321490815016489601533331665083666172936667-1455733501014453866297060548284701359849809242142,10575.550538335709,IGMP <=,DHCP <=,160227321490815016489601533331665083666172936667,1455733501014453866297060548284701359849809242142
160227321490815016489601533331665083666172936667-153155765823982001952501641876618811106762500815,749.5010598402088,IGMP <=,ack_flag_number >,160227321490815016489601533331665083666172936667,153155765823982001952501641876618811106762500815
160227321490815016489601533331665083666172936667-161772624339136553719839337862344762258727720981,782.8346649274417,IGMP <=,ack_flag_number <=,160227321490815016489601533331665083666172936667,161772624339136553719839337862344762258727720981
160227321490815016489601533331665083666172936667-171982518954274878349485416184092168691833932185,14396.076960704386,IGMP <=,Class 1,160227321490815016489601533331665083666172936667,171982518954274878349485416184092168691833932185
160227321490815016489601533331665083666172936667-207766774224049171901964708681563529125144087827,2.0202184901353335,IGMP <=,HTTP >,160227321490815016489601533331665083666172936667,207766774224049171901964708681563529125144087827
160227321490815016489601533331665083666172936667-215123608059624622405742600984392925785664489773,2963.090302067609,IGMP <=,Variance <=,160227321490815016489601533331665083666172936667,215123608059624622405742600984392925785664489773
160227321490815016489601533331665083666172936667-218607780770691257170847497927336330511308420255,321.214739931518,IGMP <=,ack_count >,160227321490815016489601533331665083666172936667,218607780770691257170847497927336330511308420255
160227321490815016489601533331665083666172936667-223165296026140232481876277255273629987157553131,11652.538790677614,IGMP <=,Header_Length >,160227321490815016489601533331665083666172936667,223165296026140232481876277255273629987157553131
160227321490815016489601533331665083666172936667-335418722972519651500040442315750311827115323662,202.02184901353334,IGMP <=,Rate >,160227321490815016489601533331665083666172936667,335418722972519651500040442315750311827115323662
160227321490815016489601533331665083666172936667-338730224709676774412755851787278702947952010784,12154.791174660615,IGMP <=,sum <=,160227321490815016489601533331665083666172936667,338730224709676774412755851787278702947952010784
160227321490815016489601533331665083666172936667-371266811264664269299964157380215767396824640058,624.8503205819391,IGMP <=,ICMP >,160227321490815016489601533331665083666172936667,371266811264664269299964157380215767396824640058
160227321490815016489601533331665083666172936667-378316838538499851440768051160724422589084218125,2106.077775966085,IGMP <=,IAT <=,160227321490815016489601533331665083666172936667,378316838538499851440768051160724422589084218125
160227321490815016489601533331665083666172936667-40351198695966294513339726256484683518911283460,446.4682863199087,IGMP <=,fin_flag_number <=,160227321490815016489601533331665083666172936667,40351198695966294513339726256484683518911283460
160227321490815016489601533331665083666172936667-426624906449189252299067265451872698344494536313,7296.133121715942,IGMP <=,Number >,160227321490815016489601533331665083666172936667,426624906449189252299067265451872698344494536313
160227321490815016489601533331665083666172936667-450410814915736770904937984733342042835793211647,3632.3528452633295,IGMP <=,ece_flag_number <=,160227321490815016489601533331665083666172936667,450410814915736770904937984733342042835793211647
160227321490815016489601533331665083666172936667-475011065740486827108472353828139148231878458661,1780.8225990542965,IGMP <=,syn_flag_number <=,160227321490815016489601533331665083666172936667,475011065740486827108472353828139148231878458661
160227321490815016489601533331665083666172936667-505469541859377927785473031559292540931343582537,11257.374278756384,IGMP <=,ICMP <=,160227321490815016489601533331665083666172936667,505469541859377927785473031559292540931343582537
160227321490815016489601533331665083666172936667-520582048177068818674784514618258893555315007951,122.22321865318767,IGMP <=,LLC <=,160227321490815016489601533331665083666172936667,520582048177068818674784514618258893555315007951
160227321490815016489601533331665083666172936667-565103970815292376991711972572924808853013487374,4.040436980270667,IGMP <=,IGMP >,160227321490815016489601533331665083666172936667,565103970815292376991711972572924808853013487374
160227321490815016489601533331665083666172936667-629827923182617752624696690572530002196221478554,22.22240339148867,IGMP <=,DHCP >,160227321490815016489601533331665083666172936667,629827923182617752624696690572530002196221478554
160227321490815016489601533331665083666172936667-681503808608794911981134712221284126975357543438,3228.911954366384,IGMP <=,syn_count <=,160227321490815016489601533331665083666172936667,681503808608794911981134712221284126975357543438
160227321490815016489601533331665083666172936667-684418957212367241623111035135876005715150589706,1049.5035056253057,IGMP <=,HTTP <=,160227321490815016489601533331665083666172936667,684418957212367241623111035135876005715150589706
160227321490815016489601533331665083666172936667-714914936218336719861297767221934377853836589461,1.0101092450676668,IGMP <=,UDP >,160227321490815016489601533331665083666172936667,714914936218336719861297767221934377853836589461
160227321490815016489601533331665083666172936667-786396322989194697344344278946426998739971577495,41.414479047774336,IGMP <=,HTTPS <=,160227321490815016489601533331665083666172936667,786396322989194697344344278946426998739971577495
160227321490815016489601533331665083666172936667-795584812918386367255521286735341258439959854242,454.3047790114821,IGMP <=,syn_count >,160227321490815016489601533331665083666172936667,795584812918386367255521286735341258439959854242
160227321490815016489601533331665083666172936667-835140271881840015202809914014108690929910415575,538.2253067750877,IGMP <=,IAT >,160227321490815016489601533331665083666172936667,835140271881840015202809914014108690929910415575
160227321490815016489601533331665083666172936667-841356973986788424033641854148712928121319667477,137.37485732920268,IGMP <=,Variance >,160227321490815016489601533331665083666172936667,841356973986788424033641854148712928121319667477
160227321490815016489601533331665083666172936667-841518471221275042570144506781210008737201997031,2082.68234248355,IGMP <=,Min <=,160227321490815016489601533331665083666172936667,841518471221275042570144506781210008737201997031
160227321490815016489601533331665083666172936667-843826879422383561066103188424018239931401286651,6797.464996344472,IGMP <=,ack_count <=,160227321490815016489601533331665083666172936667,843826879422383561066103188424018239931401286651
160227321490815016489601533331665083666172936667-896530251803066355404557928035950607124936193677,76.76830262514267,IGMP <=,psh_flag_number <=,160227321490815016489601533331665083666172936667,896530251803066355404557928035950607124936193677
160227321490815016489601533331665083666172936667-922599836131670820904126277297069322180441856169,3146.490298385782,IGMP <=,Rate <=,160227321490815016489601533331665083666172936667,922599836131670820904126277297069322180441856169
160227321490815016489601533331665083666172936667-926368966621798523173828527325665066772113177503,7002.077286809066,IGMP <=,UDP <=,160227321490815016489601533331665083666172936667,926368966621798523173828527325665066772113177503
160227321490815016489601533331665083666172936667-940331364486966071141541838460909450599289486914,2.0202184901353335,IGMP <=,rst_count >,160227321490815016489601533331665083666172936667,940331364486966071141541838460909450599289486914
160227321490815016489601533331665083666172936667-974265510705878984211701297112044370513255377925,791.762727287072,IGMP <=,Std <=,160227321490815016489601533331665083666172936667,974265510705878984211701297112044370513255377925
161772624339136553719839337862344762258727720981-1043469376771332113858820724324827897913309990452,815.1581607696071,ack_flag_number <=,LLC >,161772624339136553719839337862344762258727720981,1043469376771332113858820724324827897913309990452
161772624339136553719839337862344762258727720981-1043754360836331848364792327262011021650379248223,177.69776670892003,ack_flag_number <=,DNS >,161772624339136553719839337862344762258727720981,1043754360836331848364792327262011021650379248223
161772624339136553719839337862344762258727720981-1077028023530208599426324724984012030801332581683,5578.735608001136,ack_flag_number <=,Time_To_Live >,161772624339136553719839337862344762258727720981,1077028023530208599426324724984012030801332581683
161772624339136553719839337862344762258727720981-1085488307210616684491611463585545838953333018237,370.6286325168444,ack_flag_number <=,Type >,161772624339136553719839337862344762258727720981,1085488307210616684491611463585545838953333018237
161772624339136553719839337862344762258727720981-1091995366823138898995898948102109473193356840202,851.1147914770964,ack_flag_number <=,DNS <=,161772624339136553719839337862344762258727720981,1091995366823138898995898948102109473193356840202
161772624339136553719839337862344762258727720981-109928824856976412487775174607761519739702474552,535.276439462874,ack_flag_number <=,Number <=,161772624339136553719839337862344762258727720981,109928824856976412487775174607761519739702474552
161772624339136553719839337862344762258727720981-1118614325010621431186771152252517336813918651911,4451.893576789763,ack_flag_number <=,sum >,161772624339136553719839337862344762258727720981,1118614325010621431186771152252517336813918651911
161772624339136553719839337862344762258727720981-1184472685782376059334758133512718430805424685192,54.545899233654005,ack_flag_number <=,SSH >,161772624339136553719839337862344762258727720981,1184472685782376059334758133512718430805424685192
161772624339136553719839337862344762258727720981-1232849963170894971818913290506039176322619533319,843.4412196315018,ack_flag_number <=,psh_flag_number >,161772624339136553719839337862344762258727720981,1232849963170894971818913290506039176322619533319
161772624339136553719839337862344762258727720981-1233133706649643691022119102239698495899057226060,3531.4070890949542,ack_flag_number <=,Time_To_Live <=,161772624339136553719839337862344762258727720981,1233133706649643691022119102239698495899057226060
161772624339136553719839337862344762258727720981-1236189254858718471128603624930063881324958313531,2209.711726093108,ack_flag_number <=,HTTPS >,161772624339136553719839337862344762258727720981,1236189254858718471128603624930063881324958313531
161772624339136553719839337862344762258727720981-1239329028096551917906154637654656383307088642249,1.0101092450676668,ack_flag_number <=,cwr_flag_number <=,161772624339136553719839337862344762258727720981,1239329028096551917906154637654656383307088642249
161772624339136553719839337862344762258727720981-1251276136943778783713685275011300537715092657394,647.1541843964171,ack_flag_number <=,fin_flag_number >,161772624339136553719839337862344762258727720981,1251276136943778783713685275011300537715092657394
161772624339136553719839337862344762258727720981-1329847435934461746074927120436757452470095790255,213.05159028628836,ack_flag_number <=,Min >,161772624339136553719839337862344762258727720981,1329847435934461746074927120436757452470095790255
161772624339136553719839337862344762258727720981-1338222599102815322204523610829624561969283441716,1505.9099635499124,ack_flag_number <=,SSH <=,161772624339136553719839337862344762258727720981,1338222599102815322204523610829624561969283441716
161772624339136553719839337862344762258727720981-1345309773886921328764805451107636357621530213384,24680.08064516129,ack_flag_number <=,Class -1,161772624339136553719839337862344762258727720981,1345309773886921328764805451107636357621530213384
161772624339136553719839337862344762258727720981-1375509225989204300559045429796274689340158771149,3440.0247865855263,ack_flag_number <=,rst_count <=,161772624339136553719839337862344762258727720981,1375509225989204300559045429796274689340158771149
161772624339136553719839337862344762258727720981-1379366653555122327876205020011632492492609315477,5913.309857302904,ack_flag_number <=,Type <=,161772624339136553719839337862344762258727720981,1379366653555122327876205020011632492492609315477
161772624339136553719839337862344762258727720981-1418162538066850581097605911983264533342366443794,5368.388503758094,ack_flag_number <=,Header_Length <=,161772624339136553719839337862344762258727720981,1418162538066850581097605911983264533342366443794
161772624339136553719839337862344762258727720981-1429650867505148313720594668477948880050562903683,1794.8337918084608,ack_flag_number <=,syn_flag_number >,161772624339136553719839337862344762258727720981,1429650867505148313720594668477948880050562903683
161772624339136553719839337862344762258727720981-1454952188391427871478129207189215566009723810659,596.730182566023,ack_flag_number <=,Std >,161772624339136553719839337862344762258727720981,1454952188391427871478129207189215566009723810659
161772624339136553719839337862344762258727720981-1455733501014453866297060548284701359849809242142,3865.606620450971,ack_flag_number <=,DHCP <=,161772624339136553719839337862344762258727720981,1455733501014453866297060548284701359849809242142
161772624339136553719839337862344762258727720981-153155765823982001952501641876618811106762500815,6866.755232139194,ack_flag_number <=,ack_flag_number >,161772624339136553719839337862344762258727720981,153155765823982001952501641876618811106762500815
161772624339136553719839337862344762258727720981-160227321490815016489601533331665083666172936667,761.459449935042,ack_flag_number <=,IGMP <=,161772624339136553719839337862344762258727720981,160227321490815016489601533331665083666172936667
161772624339136553719839337862344762258727720981-161772624339136553719839337862344762258727720981,898.7528468412554,ack_flag_number <=,ack_flag_number <=,161772624339136553719839337862344762258727720981,161772624339136553719839337862344762258727720981
161772624339136553719839337862344762258727720981-171982518954274878349485416184092168691833932185,14526.381053318115,ack_flag_number <=,Class 1,161772624339136553719839337862344762258727720981,171982518954274878349485416184092168691833932185
161772624339136553719839337862344762258727720981-207766774224049171901964708681563529125144087827,460.2839740588987,ack_flag_number <=,HTTP >,161772624339136553719839337862344762258727720981,207766774224049171901964708681563529125144087827
161772624339136553719839337862344762258727720981-215123608059624622405742600984392925785664489773,8715.629868558775,ack_flag_number <=,Variance <=,161772624339136553719839337862344762258727720981,215123608059624622405742600984392925785664489773
161772624339136553719839337862344762258727720981-218607780770691257170847497927336330511308420255,104.04125224196967,ack_flag_number <=,ack_count >,161772624339136553719839337862344762258727720981,218607780770691257170847497927336330511308420255
161772624339136553719839337862344762258727720981-223165296026140232481876277255273629987157553131,9369.887401839862,ack_flag_number <=,Header_Length >,161772624339136553719839337862344762258727720981,223165296026140232481876277255273629987157553131
161772624339136553719839337862344762258727720981-335418722972519651500040442315750311827115323662,2605.299832213883,ack_flag_number <=,Rate >,161772624339136553719839337862344762258727720981,335418722972519651500040442315750311827115323662
161772624339136553719839337862344762258727720981-337274849629170698169636561573185333120886675912,4.040436980270667,ack_flag_number <=,ece_flag_number >,161772624339136553719839337862344762258727720981,337274849629170698169636561573185333120886675912
161772624339136553719839337862344762258727720981-338730224709676774412755851787278702947952010784,16918.270869384556,ack_flag_number <=,sum <=,161772624339136553719839337862344762258727720981,338730224709676774412755851787278702947952010784
161772624339136553719839337862344762258727720981-371266811264664269299964157380215767396824640058,377.53647638633936,ack_flag_number <=,ICMP >,161772624339136553719839337862344762258727720981,371266811264664269299964157380215767396824640058
161772624339136553719839337862344762258727720981-378316838538499851440768051160724422589084218125,4071.1638518222417,ack_flag_number <=,IAT <=,161772624339136553719839337862344762258727720981,378316838538499851440768051160724422589084218125
161772624339136553719839337862344762258727720981-40351198695966294513339726256484683518911283460,4043.4998921750657,ack_flag_number <=,fin_flag_number <=,161772624339136553719839337862344762258727720981,40351198695966294513339726256484683518911283460
161772624339136553719839337862344762258727720981-426624906449189252299067265451872698344494536313,399.6774193548387,ack_flag_number <=,Number >,161772624339136553719839337862344762258727720981,426624906449189252299067265451872698344494536313
161772624339136553719839337862344762258727720981-450410814915736770904937984733342042835793211647,98.99070601663134,ack_flag_number <=,ece_flag_number <=,161772624339136553719839337862344762258727720981,450410814915736770904937984733342042835793211647
161772624339136553719839337862344762258727720981-475011065740486827108472353828139148231878458661,8336.790025404607,ack_flag_number <=,syn_flag_number <=,161772624339136553719839337862344762258727720981,475011065740486827108472353828139148231878458661
161772624339136553719839337862344762258727720981-505469541859377927785473031559292540931343582537,1699.2807156419792,ack_flag_number <=,ICMP <=,161772624339136553719839337862344762258727720981,505469541859377927785473031559292540931343582537
161772624339136553719839337862344762258727720981-510505520442458443414009447271658614884328320759,192.849405384935,ack_flag_number <=,IRC <=,161772624339136553719839337862344762258727720981,510505520442458443414009447271658614884328320759
161772624339136553719839337862344762258727720981-520582048177068818674784514618258893555315007951,29.293168106962337,ack_flag_number <=,LLC <=,161772624339136553719839337862344762258727720981,520582048177068818674784514618258893555315007951
161772624339136553719839337862344762258727720981-629827923182617752624696690572530002196221478554,45.454916028045005,ack_flag_number <=,DHCP >,161772624339136553719839337862344762258727720981,629827923182617752624696690572530002196221478554
161772624339136553719839337862344762258727720981-681503808608794911981134712221284126975357543438,3089.3050814472736,ack_flag_number <=,syn_count <=,161772624339136553719839337862344762258727720981,681503808608794911981134712221284126975357543438
161772624339136553719839337862344762258727720981-684418957212367241623111035135876005715150589706,4082.975613155694,ack_flag_number <=,HTTP <=,161772624339136553719839337862344762258727720981,684418957212367241623111035135876005715150589706
161772624339136553719839337862344762258727720981-714914936218336719861297767221934377853836589461,1966.959665584911,ack_flag_number <=,UDP >,161772624339136553719839337862344762258727720981,714914936218336719861297767221934377853836589461
161772624339136553719839337862344762258727720981-786396322989194697344344278946426998739971577495,13555.258766693141,ack_flag_number <=,HTTPS <=,161772624339136553719839337862344762258727720981,786396322989194697344344278946426998739971577495
161772624339136553719839337862344762258727720981-795584812918386367255521286735341258439959854242,363.4764073783814,ack_flag_number <=,syn_count >,161772624339136553719839337862344762258727720981,795584812918386367255521286735341258439959854242
161772624339136553719839337862344762258727720981-835140271881840015202809914014108690929910415575,14832.835164603966,ack_flag_number <=,IAT >,161772624339136553719839337862344762258727720981,835140271881840015202809914014108690929910415575
161772624339136553719839337862344762258727720981-841356973986788424033641854148712928121319667477,1213.4996291874209,ack_flag_number <=,Variance >,161772624339136553719839337862344762258727720981,841356973986788424033641854148712928121319667477
161772624339136553719839337862344762258727720981-841518471221275042570144506781210008737201997031,6554.8758566822535,ack_flag_number <=,Min <=,161772624339136553719839337862344762258727720981,841518471221275042570144506781210008737201997031
161772624339136553719839337862344762258727720981-843826879422383561066103188424018239931401286651,351.4365568605587,ack_flag_number <=,ack_count <=,161772624339136553719839337862344762258727720981,843826879422383561066103188424018239931401286651
161772624339136553719839337862344762258727720981-896530251803066355404557928035950607124936193677,5063.416972170648,ack_flag_number <=,psh_flag_number <=,161772624339136553719839337862344762258727720981,896530251803066355404557928035950607124936193677
161772624339136553719839337862344762258727720981-922599836131670820904126277297069322180441856169,12111.030635430749,ack_flag_number <=,Rate <=,161772624339136553719839337862344762258727720981,922599836131670820904126277297069322180441856169
161772624339136553719839337862344762258727720981-926368966621798523173828527325665066772113177503,5671.779703139547,ack_flag_number <=,UDP <=,161772624339136553719839337862344762258727720981,926368966621798523173828527325665066772113177503
161772624339136553719839337862344762258727720981-940331364486966071141541838460909450599289486914,205.89936514782536,ack_flag_number <=,rst_count >,161772624339136553719839337862344762258727720981,940331364486966071141541838460909450599289486914
161772624339136553719839337862344762258727720981-974265510705878984211701297112044370513255377925,6838.130039500745,ack_flag_number <=,Std <=,161772624339136553719839337862344762258727720981,974265510705878984211701297112044370513255377925
171982518954274878349485416184092168691833932185-1043469376771332113858820724324827897913309990452,34470.98809717919,Class 1,LLC >,171982518954274878349485416184092168691833932185,1043469376771332113858820724324827897913309990452
171982518954274878349485416184092168691833932185-1043754360836331848364792327262011021650379248223,2837.396869395076,Class 1,DNS >,171982518954274878349485416184092168691833932185,1043754360836331848364792327262011021650379248223
171982518954274878349485416184092168691833932185-1077028023530208599426324724984012030801332581683,16409.224686124246,Class 1,Time_To_Live >,171982518954274878349485416184092168691833932185,1077028023530208599426324724984012030801332581683
171982518954274878349485416184092168691833932185-1085488307210616684491611463585545838953333018237,5014.182292515898,Class 1,Type >,171982518954274878349485416184092168691833932185,1085488307210616684491611463585545838953333018237
171982518954274878349485416184092168691833932185-1091995366823138898995898948102109473193356840202,28348.715962824066,Class 1,DNS <=,171982518954274878349485416184092168691833932185,1091995366823138898995898948102109473193356840202
171982518954274878349485416184092168691833932185-109928824856976412487775174607761519739702474552,17104.1798467308,Class 1,Number <=,171982518954274878349485416184092168691833932185,109928824856976412487775174607761519739702474552
171982518954274878349485416184092168691833932185-1118614325010621431186771152252517336813918651911,11026.35251915865,Class 1,sum >,171982518954274878349485416184092168691833932185,1118614325010621431186771152252517336813918651911
171982518954274878349485416184092168691833932185-1184472685782376059334758133512718430805424685192,608.0857655307353,Class 1,SSH >,171982518954274878349485416184092168691833932185,1184472685782376059334758133512718430805424685192
171982518954274878349485416184092168691833932185-1232849963170894971818913290506039176322619533319,15825.381542475136,Class 1,psh_flag_number >,171982518954274878349485416184092168691833932185,1232849963170894971818913290506039176322619533319
171982518954274878349485416184092168691833932185-1233133706649643691022119102239698495899057226060,25964.858144464375,Class 1,Time_To_Live <=,171982518954274878349485416184092168691833932185,1233133706649643691022119102239698495899057226060
171982518954274878349485416184092168691833932185-1236189254858718471128603624930063881324958313531,33498.25289417903,Class 1,HTTPS >,171982518954274878349485416184092168691833932185,1236189254858718471128603624930063881324958313531
171982518954274878349485416184092168691833932185-1239329028096551917906154637654656383307088642249,6312.17267242785,Class 1,cwr_flag_number <=,171982518954274878349485416184092168691833932185,1239329028096551917906154637654656383307088642249
171982518954274878349485416184092168691833932185-1251276136943778783713685275011300537715092657394,1527.2851785423122,Class 1,fin_flag_number >,171982518954274878349485416184092168691833932185,1251276136943778783713685275011300537715092657394
171982518954274878349485416184092168691833932185-1329847435934461746074927120436757452470095790255,6264.697537909669,Class 1,Min >,171982518954274878349485416184092168691833932185,1329847435934461746074927120436757452470095790255
171982518954274878349485416184092168691833932185-1338222599102815322204523610829624561969283441716,24481.00766345997,Class 1,SSH <=,171982518954274878349485416184092168691833932185,1338222599102815322204523610829624561969283441716
171982518954274878349485416184092168691833932185-1375509225989204300559045429796274689340158771149,38745.77042230556,Class 1,rst_count <=,171982518954274878349485416184092168691833932185,1375509225989204300559045429796274689340158771149
171982518954274878349485416184092168691833932185-1379366653555122327876205020011632492492609315477,24021.407956954183,Class 1,Type <=,171982518954274878349485416184092168691833932185,1379366653555122327876205020011632492492609315477
171982518954274878349485416184092168691833932185-1418162538066850581097605911983264533342366443794,25406.267731941953,Class 1,Header_Length <=,171982518954274878349485416184092168691833932185,1418162538066850581097605911983264533342366443794
171982518954274878349485416184092168691833932185-1429650867505148313720594668477948880050562903683,2282.8468938529268,Class 1,syn_flag_number >,171982518954274878349485416184092168691833932185,1429650867505148313720594668477948880050562903683
171982518954274878349485416184092168691833932185-1454952188391427871478129207189215566009723810659,5015.192401760965,Class 1,Std >,171982518954274878349485416184092168691833932185,1454952188391427871478129207189215566009723810659
171982518954274878349485416184092168691833932185-1455733501014453866297060548284701359849809242142,31956.826186205773,Class 1,DHCP <=,171982518954274878349485416184092168691833932185,1455733501014453866297060548284701359849809242142
171982518954274878349485416184092168691833932185-153155765823982001952501641876618811106762500815,34342.7042230556,Class 1,ack_flag_number >,171982518954274878349485416184092168691833932185,153155765823982001952501641876618811106762500815
171982518954274878349485416184092168691833932185-160227321490815016489601533331665083666172936667,13339.502690363606,Class 1,IGMP <=,171982518954274878349485416184092168691833932185,160227321490815016489601533331665083666172936667
171982518954274878349485416184092168691833932185-161772624339136553719839337862344762258727720981,9166.741398989076,Class 1,ack_flag_number <=,171982518954274878349485416184092168691833932185,161772624339136553719839337862344762258727720981
171982518954274878349485416184092168691833932185-207766774224049171901964708681563529125144087827,2319.210826675363,Class 1,HTTP >,171982518954274878349485416184092168691833932185,207766774224049171901964708681563529125144087827
171982518954274878349485416184092168691833932185-215123608059624622405742600984392925785664489773,49531.716941138104,Class 1,Variance <=,171982518954274878349485416184092168691833932185,215123608059624622405742600984392925785664489773
171982518954274878349485416184092168691833932185-218607780770691257170847497927336330511308420255,14640.523398010762,Class 1,ack_count >,171982518954274878349485416184092168691833932185,218607780770691257170847497927336330511308420255
171982518954274878349485416184092168691833932185-223165296026140232481876277255273629987157553131,24579.9983694766,Class 1,Header_Length >,171982518954274878349485416184092168691833932185,223165296026140232481876277255273629987157553131
171982518954274878349485416184092168691833932185-335418722972519651500040442315750311827115323662,6235.404369802707,Class 1,Rate >,171982518954274878349485416184092168691833932185,335418722972519651500040442315750311827115323662
171982518954274878349485416184092168691833932185-337274849629170698169636561573185333120886675912,31.31338659709767,Class 1,ece_flag_number >,171982518954274878349485416184092168691833932185,337274849629170698169636561573185333120886675912
171982518954274878349485416184092168691833932185-338730224709676774412755851787278702947952010784,35988.17218327083,Class 1,sum <=,171982518954274878349485416184092168691833932185,338730224709676774412755851787278702947952010784
171982518954274878349485416184092168691833932185-371266811264664269299964157380215767396824640058,1815.166313386597,Class 1,ICMP >,171982518954274878349485416184092168691833932185,371266811264664269299964157380215767396824640058
171982518954274878349485416184092168691833932185-378316838538499851440768051160724422589084218125,29223.470569052668,Class 1,IAT <=,171982518954274878349485416184092168691833932185,378316838538499851440768051160724422589084218125
171982518954274878349485416184092168691833932185-40351198695966294513339726256484683518911283460,21390.07337355291,Class 1,fin_flag_number <=,171982518954274878349485416184092168691833932185,40351198695966294513339726256484683518911283460
171982518954274878349485416184092168691833932185-426624906449189252299067265451872698344494536313,22.22240339148867,Class 1,Number >,171982518954274878349485416184092168691833932185,426624906449189252299067265451872698344494536313
171982518954274878349485416184092168691833932185-450410814915736770904937984733342042835793211647,8664.717104190446,Class 1,ece_flag_number <=,171982518954274878349485416184092168691833932185,450410814915736770904937984733342042835793211647
171982518954274878349485416184092168691833932185-475011065740486827108472353828139148231878458661,32592.184901353336,Class 1,syn_flag_number <=,171982518954274878349485416184092168691833932185,475011065740486827108472353828139148231878458661
171982518954274878349485416184092168691833932185-505469541859377927785473031559292540931343582537,31038.636882439263,Class 1,ICMP <=,171982518954274878349485416184092168691833932185,505469541859377927785473031559292540931343582537
171982518954274878349485416184092168691833932185-510505520442458443414009447271658614884328320759,300.00244578509705,Class 1,IRC <=,171982518954274878349485416184092168691833932185,510505520442458443414009447271658614884328320759
171982518954274878349485416184092168691833932185-520582048177068818674784514618258893555315007951,4755.594325778575,Class 1,LLC <=,171982518954274878349485416184092168691833932185,520582048177068818674784514618258893555315007951
171982518954274878349485416184092168691833932185-565103970815292376991711972572924808853013487374,77.77841187021033,Class 1,IGMP >,171982518954274878349485416184092168691833932185,565103970815292376991711972572924808853013487374
171982518954274878349485416184092168691833932185-579184915384053252333364217236378176158944003116,34.34371433230067,Class 1,cwr_flag_number >,171982518954274878349485416184092168691833932185,579184915384053252333364217236378176158944003116
171982518954274878349485416184092168691833932185-629827923182617752624696690572530002196221478554,426.26610141855537,Class 1,DHCP >,171982518954274878349485416184092168691833932185,629827923182617752624696690572530002196221478554
171982518954274878349485416184092168691833932185-681503808608794911981134712221284126975357543438,46487.24767650416,Class 1,syn_count <=,171982518954274878349485416184092168691833932185,681503808608794911981134712221284126975357543438
171982518954274878349485416184092168691833932185-684418957212367241623111035135876005715150589706,27750.73128974401,Class 1,HTTP <=,171982518954274878349485416184092168691833932185,684418957212367241623111035135876005715150589706
171982518954274878349485416184092168691833932185-708408391217891577256114269656040681679338993095,2.0202184901353335,Class 1,IRC >,171982518954274878349485416184092168691833932185,708408391217891577256114269656040681679338993095
171982518954274878349485416184092168691833932185-714914936218336719861297767221934377853836589461,8917.244415457362,Class 1,UDP >,171982518954274878349485416184092168691833932185,714914936218336719861297767221934377853836589461
171982518954274878349485416184092168691833932185-786396322989194697344344278946426998739971577495,14712.241154410567,Class 1,HTTPS <=,171982518954274878349485416184092168691833932185,786396322989194697344344278946426998739971577495
171982518954274878349485416184092168691833932185-795584812918386367255521286735341258439959854242,2990.9334746453615,Class 1,syn_count >,171982518954274878349485416184092168691833932185,795584812918386367255521286735341258439959854242
171982518954274878349485416184092168691833932185-835140271881840015202809914014108690929910415575,10621.298711886517,Class 1,IAT >,171982518954274878349485416184092168691833932185,835140271881840015202809914014108690929910415575
171982518954274878349485416184092168691833932185-841356973986788424033641854148712928121319667477,5806.107940648949,Class 1,Variance >,171982518954274878349485416184092168691833932185,841356973986788424033641854148712928121319667477
171982518954274878349485416184092168691833932185-841518471221275042570144506781210008737201997031,50581.220446763415,Class 1,Min <=,171982518954274878349485416184092168691833932185,841518471221275042570144506781210008737201997031
171982518954274878349485416184092168691833932185-843826879422383561066103188424018239931401286651,14936.485406815587,Class 1,ack_count <=,171982518954274878349485416184092168691833932185,843826879422383561066103188424018239931401286651
171982518954274878349485416184092168691833932185-896530251803066355404557928035950607124936193677,30389.136637860753,Class 1,psh_flag_number <=,171982518954274878349485416184092168691833932185,896530251803066355404557928035950607124936193677
171982518954274878349485416184092168691833932185-922599836131670820904126277297069322180441856169,53349.92988749389,Class 1,Rate <=,171982518954274878349485416184092168691833932185,922599836131670820904126277297069322180441856169
171982518954274878349485416184092168691833932185-926368966621798523173828527325665066772113177503,48516.5571498451,Class 1,UDP <=,171982518954274878349485416184092168691833932185,926368966621798523173828527325665066772113177503
171982518954274878349485416184092168691833932185-940331364486966071141541838460909450599289486914,257.577857492255,Class 1,rst_count >,171982518954274878349485416184092168691833932185,940331364486966071141541838460909450599289486914
171982518954274878349485416184092168691833932185-974265510705878984211701297112044370513255377925,27491.13321376162,Class 1,Std <=,171982518954274878349485416184092168691833932185,974265510705878984211701297112044370513255377925
207766774224049171901964708681563529125144087827-1043469376771332113858820724324827897913309990452,608.0857655307353,HTTP >,LLC >,207766774224049171901964708681563529125144087827,1043469376771332113858820724324827897913309990452
207766774224049171901964708681563529125144087827-1043754360836331848364792327262011021650379248223,643.1137474161465,HTTP >,DNS >,207766774224049171901964708681563529125144087827,1043754360836331848364792327262011021650379248223
207766774224049171901964708681563529125144087827-1077028023530208599426324724984012030801332581683,965.5829778617001,HTTP >,Time_To_Live >,207766774224049171901964708681563529125144087827,1077028023530208599426324724984012030801332581683
207766774224049171901964708681563529125144087827-1085488307210616684491611463585545838953333018237,662.2243626494427,HTTP >,Type >,207766774224049171901964708681563529125144087827,1085488307210616684491611463585545838953333018237
207766774224049171901964708681563529125144087827-1091995366823138898995898948102109473193356840202,4232.9442518790465,HTTP >,DNS <=,207766774224049171901964708681563529125144087827,1091995366823138898995898948102109473193356840202
207766774224049171901964708681563529125144087827-109928824856976412487775174607761519739702474552,989.8255997433241,HTTP >,Number <=,207766774224049171901964708681563529125144087827,109928824856976412487775174607761519739702474552
207766774224049171901964708681563529125144087827-1118614325010621431186771152252517336813918651911,837.9019108682274,HTTP >,sum >,207766774224049171901964708681563529125144087827,1118614325010621431186771152252517336813918651911
207766774224049171901964708681563529125144087827-1184472685782376059334758133512718430805424685192,3.0303277352030005,HTTP >,SSH >,207766774224049171901964708681563529125144087827,1184472685782376059334758133512718430805424685192
207766774224049171901964708681563529125144087827-1232849963170894971818913290506039176322619533319,158.58715147562367,HTTP >,psh_flag_number >,207766774224049171901964708681563529125144087827,1232849963170894971818913290506039176322619533319
207766774224049171901964708681563529125144087827-1233133706649643691022119102239698495899057226060,3093.5898996965125,HTTP >,Time_To_Live <=,207766774224049171901964708681563529125144087827,1233133706649643691022119102239698495899057226060
207766774224049171901964708681563529125144087827-1236189254858718471128603624930063881324958313531,116.16256318278168,HTTP >,HTTPS >,207766774224049171901964708681563529125144087827,1236189254858718471128603624930063881324958313531
207766774224049171901964708681563529125144087827-1239329028096551917906154637654656383307088642249,41.414479047774336,HTTP >,cwr_flag_number <=,207766774224049171901964708681563529125144087827,1239329028096551917906154637654656383307088642249
207766774224049171901964708681563529125144087827-1251276136943778783713685275011300537715092657394,10.101092450676667,HTTP >,fin_flag_number >,207766774224049171901964708681563529125144087827,1251276136943778783713685275011300537715092657394
207766774224049171901964708681563529125144087827-1329847435934461746074927120436757452470095790255,85.85928583075167,HTTP >,Min >,207766774224049171901964708681563529125144087827,1329847435934461746074927120436757452470095790255
207766774224049171901964708681563529125144087827-1338222599102815322204523610829624561969283441716,311.032187057852,HTTP >,SSH <=,207766774224049171901964708681563529125144087827,1338222599102815322204523610829624561969283441716
207766774224049171901964708681563529125144087827-1345309773886921328764805451107636357621530213384,6294.91935483871,HTTP >,Class -1,207766774224049171901964708681563529125144087827,1345309773886921328764805451107636357621530213384
207766774224049171901964708681563529125144087827-1375509225989204300559045429796274689340158771149,1241.701227626326,HTTP >,rst_count <=,207766774224049171901964708681563529125144087827,1375509225989204300559045429796274689340158771149
207766774224049171901964708681563529125144087827-1379366653555122327876205020011632492492609315477,1719.205935105169,HTTP >,Type <=,207766774224049171901964708681563529125144087827,1379366653555122327876205020011632492492609315477
207766774224049171901964708681563529125144087827-1418162538066850581097605911983264533342366443794,478.791782162074,HTTP >,Header_Length <=,207766774224049171901964708681563529125144087827,1418162538066850581097605911983264533342366443794
207766774224049171901964708681563529125144087827-1429650867505148313720594668477948880050562903683,3464.088195536574,HTTP >,syn_flag_number >,207766774224049171901964708681563529125144087827,1429650867505148313720594668477948880050562903683
207766774224049171901964708681563529125144087827-1454952188391427871478129207189215566009723810659,850.1046822320287,HTTP >,Std >,207766774224049171901964708681563529125144087827,1454952188391427871478129207189215566009723810659
207766774224049171901964708681563529125144087827-1455733501014453866297060548284701359849809242142,601.6178079453828,HTTP >,DHCP <=,207766774224049171901964708681563529125144087827,1455733501014453866297060548284701359849809242142
207766774224049171901964708681563529125144087827-153155765823982001952501641876618811106762500815,404.972346849145,HTTP >,ack_flag_number >,207766774224049171901964708681563529125144087827,153155765823982001952501641876618811106762500815
207766774224049171901964708681563529125144087827-160227321490815016489601533331665083666172936667,3.0303277352030005,HTTP >,IGMP <=,207766774224049171901964708681563529125144087827,160227321490815016489601533331665083666172936667
207766774224049171901964708681563529125144087827-161772624339136553719839337862344762258727720981,375.5162578962041,HTTP >,ack_flag_number <=,207766774224049171901964708681563529125144087827,161772624339136553719839337862344762258727720981
207766774224049171901964708681563529125144087827-171982518954274878349485416184092168691833932185,3491.947660198924,HTTP >,Class 1,207766774224049171901964708681563529125144087827,171982518954274878349485416184092168691833932185
207766774224049171901964708681563529125144087827-207766774224049171901964708681563529125144087827,94.95026903636068,HTTP >,HTTP >,207766774224049171901964708681563529125144087827,207766774224049171901964708681563529125144087827
207766774224049171901964708681563529125144087827-215123608059624622405742600984392925785664489773,918.189303766509,HTTP >,Variance <=,207766774224049171901964708681563529125144087827,215123608059624622405742600984392925785664489773
207766774224049171901964708681563529125144087827-218607780770691257170847497927336330511308420255,504.7287808418761,HTTP >,ack_count >,207766774224049171901964708681563529125144087827,218607780770691257170847497927336330511308420255
207766774224049171901964708681563529125144087827-223165296026140232481876277255273629987157553131,1035.9647833244794,HTTP >,Header_Length >,207766774224049171901964708681563529125144087827,223165296026140232481876277255273629987157553131
207766774224049171901964708681563529125144087827-335418722972519651500040442315750311827115323662,40.40436980270667,HTTP >,Rate >,207766774224049171901964708681563529125144087827,335418722972519651500040442315750311827115323662
207766774224049171901964708681563529125144087827-338730224709676774412755851787278702947952010784,346.4674710582097,HTTP >,sum <=,207766774224049171901964708681563529125144087827,338730224709676774412755851787278702947952010784
207766774224049171901964708681563529125144087827-371266811264664269299964157380215767396824640058,9.090983205609001,HTTP >,ICMP >,207766774224049171901964708681563529125144087827,371266811264664269299964157380215767396824640058
207766774224049171901964708681563529125144087827-378316838538499851440768051160724422589084218125,292.7687602236447,HTTP >,IAT <=,207766774224049171901964708681563529125144087827,378316838538499851440768051160724422589084218125
207766774224049171901964708681563529125144087827-40351198695966294513339726256484683518911283460,262.4654828716147,HTTP >,fin_flag_number <=,207766774224049171901964708681563529125144087827,40351198695966294513339726256484683518911283460
207766774224049171901964708681563529125144087827-450410814915736770904937984733342042835793211647,29.293168106962337,HTTP >,ece_flag_number <=,207766774224049171901964708681563529125144087827,450410814915736770904937984733342042835793211647
207766774224049171901964708681563529125144087827-475011065740486827108472353828139148231878458661,400.93190986887436,HTTP >,syn_flag_number <=,207766774224049171901964708681563529125144087827,475011065740486827108472353828139148231878458661
207766774224049171901964708681563529125144087827-505469541859377927785473031559292540931343582537,211.03137179615302,HTTP >,ICMP <=,207766774224049171901964708681563529125144087827,505469541859377927785473031559292540931343582537
207766774224049171901964708681563529125144087827-520582048177068818674784514618258893555315007951,13.131420185879668,HTTP >,LLC <=,207766774224049171901964708681563529125144087827,520582048177068818674784514618258893555315007951
207766774224049171901964708681563529125144087827-681503808608794911981134712221284126975357543438,1059.1158355380464,HTTP >,syn_count <=,207766774224049171901964708681563529125144087827,681503808608794911981134712221284126975357543438
207766774224049171901964708681563529125144087827-684418957212367241623111035135876005715150589706,461.2940833039664,HTTP >,HTTP <=,207766774224049171901964708681563529125144087827,684418957212367241623111035135876005715150589706
207766774224049171901964708681563529125144087827-714914936218336719861297767221934377853836589461,1207.2760528710362,HTTP >,UDP >,207766774224049171901964708681563529125144087827,714914936218336719861297767221934377853836589461
207766774224049171901964708681563529125144087827-786396322989194697344344278946426998739971577495,285.69799550817106,HTTP >,HTTPS <=,207766774224049171901964708681563529125144087827,786396322989194697344344278946426998739971577495
207766774224049171901964708681563529125144087827-795584812918386367255521286735341258439959854242,30.30327735203,HTTP >,syn_count >,207766774224049171901964708681563529125144087827,795584812918386367255521286735341258439959854242
207766774224049171901964708681563529125144087827-835140271881840015202809914014108690929910415575,7314.201043534975,HTTP >,IAT >,207766774224049171901964708681563529125144087827,835140271881840015202809914014108690929910415575
207766774224049171901964708681563529125144087827-841356973986788424033641854148712928121319667477,78.788521115278,HTTP >,Variance >,207766774224049171901964708681563529125144087827,841356973986788424033641854148712928121319667477
207766774224049171901964708681563529125144087827-841518471221275042570144506781210008737201997031,322.2248491765857,HTTP >,Min <=,207766774224049171901964708681563529125144087827,841518471221275042570144506781210008737201997031
207766774224049171901964708681563529125144087827-843826879422383561066103188424018239931401286651,189.81907764973204,HTTP >,ack_count <=,207766774224049171901964708681563529125144087827,843826879422383561066103188424018239931401286651
207766774224049171901964708681563529125144087827-896530251803066355404557928035950607124936193677,914.5887530703808,HTTP >,psh_flag_number <=,207766774224049171901964708681563529125144087827,896530251803066355404557928035950607124936193677
207766774224049171901964708681563529125144087827-922599836131670820904126277297069322180441856169,105.05136148703734,HTTP >,Rate <=,207766774224049171901964708681563529125144087827,922599836131670820904126277297069322180441856169
207766774224049171901964708681563529125144087827-926368966621798523173828527325665066772113177503,3775.2018430174153,HTTP >,UDP <=,207766774224049171901964708681563529125144087827,926368966621798523173828527325665066772113177503
207766774224049171901964708681563529125144087827-974265510705878984211701297112044370513255377925,3625.02140719429,HTTP >,Std <=,207766774224049171901964708681563529125144087827,974265510705878984211701297112044370513255377925
215123608059624622405742600984392925785664489773-1043469376771332113858820724324827897913309990452,37501.869763258524,Variance <=,LLC >,215123608059624622405742600984392925785664489773,1043469376771332113858820724324827897913309990452
215123608059624622405742600984392925785664489773-1043754360836331848364792327262011021650379248223,1412.5726108887404,Variance <=,DNS >,215123608059624622405742600984392925785664489773,1043754360836331848364792327262011021650379248223
215123608059624622405742600984392925785664489773-1077028023530208599426324724984012030801332581683,2418.201532691994,Variance <=,Time_To_Live >,215123608059624622405742600984392925785664489773,1077028023530208599426324724984012030801332581683
215123608059624622405742600984392925785664489773-1085488307210616684491611463585545838953333018237,3264.6242038049054,Variance <=,Type >,215123608059624622405742600984392925785664489773,1085488307210616684491611463585545838953333018237
215123608059624622405742600984392925785664489773-1091995366823138898995898948102109473193356840202,15183.717790588198,Variance <=,DNS <=,215123608059624622405742600984392925785664489773,1091995366823138898995898948102109473193356840202
215123608059624622405742600984392925785664489773-109928824856976412487775174607761519739702474552,2224.2605576390024,Variance <=,Number <=,215123608059624622405742600984392925785664489773,109928824856976412487775174607761519739702474552
215123608059624622405742600984392925785664489773-1118614325010621431186771152252517336813918651911,5730.8222177222115,Variance <=,sum >,215123608059624622405742600984392925785664489773,1118614325010621431186771152252517336813918651911
215123608059624622405742600984392925785664489773-1184472685782376059334758133512718430805424685192,52.52568074351867,Variance <=,SSH >,215123608059624622405742600984392925785664489773,1184472685782376059334758133512718430805424685192
215123608059624622405742600984392925785664489773-1232849963170894971818913290506039176322619533319,3099.0151638676016,Variance <=,psh_flag_number >,215123608059624622405742600984392925785664489773,1232849963170894971818913290506039176322619533319
215123608059624622405742600984392925785664489773-1233133706649643691022119102239698495899057226060,39574.22292410702,Variance <=,Time_To_Live <=,215123608059624622405742600984392925785664489773,1233133706649643691022119102239698495899057226060
215123608059624622405742600984392925785664489773-1236189254858718471128603624930063881324958313531,14652.563248528584,Variance <=,HTTPS >,215123608059624622405742600984392925785664489773,1236189254858718471128603624930063881324958313531
215123608059624622405742600984392925785664489773-1239329028096551917906154637654656383307088642249,22715.776589365832,Variance <=,cwr_flag_number <=,215123608059624622405742600984392925785664489773,1239329028096551917906154637654656383307088642249
215123608059624622405742600984392925785664489773-1251276136943778783713685275011300537715092657394,2720.289365305618,Variance <=,fin_flag_number >,215123608059624622405742600984392925785664489773,1251276136943778783713685275011300537715092657394
215123608059624622405742600984392925785664489773-1329847435934461746074927120436757452470095790255,1688.6582764841708,Variance <=,Min >,215123608059624622405742600984392925785664489773,1329847435934461746074927120436757452470095790255
215123608059624622405742600984392925785664489773-1338222599102815322204523610829624561969283441716,10052.965632774572,Variance <=,SSH <=,215123608059624622405742600984392925785664489773,1338222599102815322204523610829624561969283441716
215123608059624622405742600984392925785664489773-1345309773886921328764805451107636357621530213384,14588.225806451614,Variance <=,Class -1,215123608059624622405742600984392925785664489773,1345309773886921328764805451107636357621530213384
215123608059624622405742600984392925785664489773-1375509225989204300559045429796274689340158771149,22679.754790319952,Variance <=,rst_count <=,215123608059624622405742600984392925785664489773,1375509225989204300559045429796274689340158771149
215123608059624622405742600984392925785664489773-1379366653555122327876205020011632492492609315477,42757.451873260994,Variance <=,Type <=,215123608059624622405742600984392925785664489773,1379366653555122327876205020011632492492609315477
215123608059624622405742600984392925785664489773-1418162538066850581097605911983264533342366443794,16440.73357773652,Variance <=,Header_Length <=,215123608059624622405742600984392925785664489773,1418162538066850581097605911983264533342366443794
215123608059624622405742600984392925785664489773-1429650867505148313720594668477948880050562903683,1488.3308042688154,Variance <=,syn_flag_number >,215123608059624622405742600984392925785664489773,1429650867505148313720594668477948880050562903683
215123608059624622405742600984392925785664489773-1454952188391427871478129207189215566009723810659,4130.890633958017,Variance <=,Std >,215123608059624622405742600984392925785664489773,1454952188391427871478129207189215566009723810659
215123608059624622405742600984392925785664489773-1455733501014453866297060548284701359849809242142,7823.21464262609,Variance <=,DHCP <=,215123608059624622405742600984392925785664489773,1455733501014453866297060548284701359849809242142
215123608059624622405742600984392925785664489773-153155765823982001952501641876618811106762500815,17488.868548255603,Variance <=,ack_flag_number >,215123608059624622405742600984392925785664489773,153155765823982001952501641876618811106762500815
215123608059624622405742600984392925785664489773-160227321490815016489601533331665083666172936667,2716.786567117077,Variance <=,IGMP <=,215123608059624622405742600984392925785664489773,160227321490815016489601533331665083666172936667
215123608059624622405742600984392925785664489773-161772624339136553719839337862344762258727720981,10148.71421395623,Variance <=,ack_flag_number <=,215123608059624622405742600984392925785664489773,161772624339136553719839337862344762258727720981
215123608059624622405742600984392925785664489773-171982518954274878349485416184092168691833932185,60815.647317789015,Variance <=,Class 1,215123608059624622405742600984392925785664489773,171982518954274878349485416184092168691833932185
215123608059624622405742600984392925785664489773-207766774224049171901964708681563529125144087827,1951.2052197787748,Variance <=,HTTP >,215123608059624622405742600984392925785664489773,207766774224049171901964708681563529125144087827
215123608059624622405742600984392925785664489773-215123608059624622405742600984392925785664489773,15844.42698937004,Variance <=,Variance <=,215123608059624622405742600984392925785664489773,215123608059624622405742600984392925785664489773
215123608059624622405742600984392925785664489773-218607780770691257170847497927336330511308420255,6751.244352340327,Variance <=,ack_count >,215123608059624622405742600984392925785664489773,218607780770691257170847497927336330511308420255
215123608059624622405742600984392925785664489773-223165296026140232481876277255273629987157553131,21410.82948933059,Variance <=,Header_Length >,215123608059624622405742600984392925785664489773,223165296026140232481876277255273629987157553131
215123608059624622405742600984392925785664489773-335418722972519651500040442315750311827115323662,1962.593386912683,Variance <=,Rate >,215123608059624622405742600984392925785664489773,335418722972519651500040442315750311827115323662
215123608059624622405742600984392925785664489773-337274849629170698169636561573185333120886675912,14.141529430947335,Variance <=,ece_flag_number >,215123608059624622405742600984392925785664489773,337274849629170698169636561573185333120886675912
215123608059624622405742600984392925785664489773-338730224709676774412755851787278702947952010784,5299.798827601079,Variance <=,sum <=,215123608059624622405742600984392925785664489773,338730224709676774412755851787278702947952010784
215123608059624622405742600984392925785664489773-371266811264664269299964157380215767396824640058,198.91006085534102,Variance <=,ICMP >,215123608059624622405742600984392925785664489773,371266811264664269299964157380215767396824640058
215123608059624622405742600984392925785664489773-378316838538499851440768051160724422589084218125,3061.641121800098,Variance <=,IAT <=,215123608059624622405742600984392925785664489773,378316838538499851440768051160724422589084218125
215123608059624622405742600984392925785664489773-40351198695966294513339726256484683518911283460,3969.3220310009838,Variance <=,fin_flag_number <=,215123608059624622405742600984392925785664489773,40351198695966294513339726256484683518911283460
215123608059624622405742600984392925785664489773-426624906449189252299067265451872698344494536313,18501.242393082375,Variance <=,Number >,215123608059624622405742600984392925785664489773,426624906449189252299067265451872698344494536313
215123608059624622405742600984392925785664489773-450410814915736770904937984733342042835793211647,2632.3446926463394,Variance <=,ece_flag_number <=,215123608059624622405742600984392925785664489773,450410814915736770904937984733342042835793211647
215123608059624622405742600984392925785664489773-475011065740486827108472353828139148231878458661,23917.285244289225,Variance <=,syn_flag_number <=,215123608059624622405742600984392925785664489773,475011065740486827108472353828139148231878458661
215123608059624622405742600984392925785664489773-505469541859377927785473031559292540931343582537,4515.139449198677,Variance <=,ICMP <=,215123608059624622405742600984392925785664489773,505469541859377927785473031559292540931343582537
215123608059624622405742600984392925785664489773-510505520442458443414009447271658614884328320759,10.101092450676667,Variance <=,IRC <=,215123608059624622405742600984392925785664489773,510505520442458443414009447271658614884328320759
215123608059624622405742600984392925785664489773-520582048177068818674784514618258893555315007951,1419.040568474093,Variance <=,LLC <=,215123608059624622405742600984392925785664489773,520582048177068818674784514618258893555315007951
215123608059624622405742600984392925785664489773-565103970815292376991711972572924808853013487374,7.0707647154736675,Variance <=,IGMP >,215123608059624622405742600984392925785664489773,565103970815292376991711972572924808853013487374
215123608059624622405742600984392925785664489773-579184915384053252333364217236378176158944003116,137.29339690621336,Variance <=,cwr_flag_number >,215123608059624622405742600984392925785664489773,579184915384053252333364217236378176158944003116
215123608059624622405742600984392925785664489773-629827923182617752624696690572530002196221478554,52.52568074351867,Variance <=,DHCP >,215123608059624622405742600984392925785664489773,629827923182617752624696690572530002196221478554
215123608059624622405742600984392925785664489773-681503808608794911981134712221284126975357543438,27900.748804721155,Variance <=,syn_count <=,215123608059624622405742600984392925785664489773,681503808608794911981134712221284126975357543438
215123608059624622405742600984392925785664489773-684418957212367241623111035135876005715150589706,34025.04115756642,Variance <=,HTTP <=,215123608059624622405742600984392925785664489773,684418957212367241623111035135876005715150589706
215123608059624622405742600984392925785664489773-714914936218336719861297767221934377853836589461,2482.7670639533358,Variance <=,UDP >,215123608059624622405742600984392925785664489773,714914936218336719861297767221934377853836589461
215123608059624622405742600984392925785664489773-786396322989194697344344278946426998739971577495,5736.442986908475,Variance <=,HTTPS <=,215123608059624622405742600984392925785664489773,786396322989194697344344278946426998739971577495
215123608059624622405742600984392925785664489773-795584812918386367255521286735341258439959854242,666.4277204756921,Variance <=,syn_count >,215123608059624622405742600984392925785664489773,795584812918386367255521286735341258439959854242
215123608059624622405742600984392925785664489773-835140271881840015202809914014108690929910415575,3861.0285446789712,Variance <=,IAT >,215123608059624622405742600984392925785664489773,835140271881840015202809914014108690929910415575
215123608059624622405742600984392925785664489773-841356973986788424033641854148712928121319667477,1461.6280776129138,Variance <=,Variance >,215123608059624622405742600984392925785664489773,841356973986788424033641854148712928121319667477
215123608059624622405742600984392925785664489773-841518471221275042570144506781210008737201997031,6120.088995019014,Variance <=,Min <=,215123608059624622405742600984392925785664489773,841518471221275042570144506781210008737201997031
215123608059624622405742600984392925785664489773-843826879422383561066103188424018239931401286651,5228.243992047253,Variance <=,ack_count <=,215123608059624622405742600984392925785664489773,843826879422383561066103188424018239931401286651
215123608059624622405742600984392925785664489773-896530251803066355404557928035950607124936193677,22769.556760623385,Variance <=,psh_flag_number <=,215123608059624622405742600984392925785664489773,896530251803066355404557928035950607124936193677
215123608059624622405742600984392925785664489773-922599836131670820904126277297069322180441856169,21407.96208244137,Variance <=,Rate <=,215123608059624622405742600984392925785664489773,922599836131670820904126277297069322180441856169
215123608059624622405742600984392925785664489773-926368966621798523173828527325665066772113177503,18744.499508213106,Variance <=,UDP <=,215123608059624622405742600984392925785664489773,926368966621798523173828527325665066772113177503
215123608059624622405742600984392925785664489773-940331364486966071141541838460909450599289486914,8875.732183902,Variance <=,rst_count >,215123608059624622405742600984392925785664489773,940331364486966071141541838460909450599289486914
215123608059624622405742600984392925785664489773-974265510705878984211701297112044370513255377925,12470.466605828859,Variance <=,Std <=,215123608059624622405742600984392925785664489773,974265510705878984211701297112044370513255377925
218607780770691257170847497927336330511308420255-1043469376771332113858820724324827897913309990452,3828.314038806457,ack_count >,LLC >,218607780770691257170847497927336330511308420255,1043469376771332113858820724324827897913309990452
218607780770691257170847497927336330511308420255-1043754360836331848364792327262011021650379248223,157.577042230556,ack_count >,DNS >,218607780770691257170847497927336330511308420255,1043754360836331848364792327262011021650379248223
218607780770691257170847497927336330511308420255-1077028023530208599426324724984012030801332581683,1779.7310293862395,ack_count >,Time_To_Live >,218607780770691257170847497927336330511308420255,1077028023530208599426324724984012030801332581683
218607780770691257170847497927336330511308420255-1085488307210616684491611463585545838953333018237,1788.9034730148378,ack_count >,Type >,218607780770691257170847497927336330511308420255,1085488307210616684491611463585545838953333018237
218607780770691257170847497927336330511308420255-1091995366823138898995898948102109473193356840202,4636.401434860591,ack_count >,DNS <=,218607780770691257170847497927336330511308420255,1091995366823138898995898948102109473193356840202
218607780770691257170847497927336330511308420255-109928824856976412487775174607761519739702474552,85.85928583075167,ack_count >,Number <=,218607780770691257170847497927336330511308420255,109928824856976412487775174607761519739702474552
218607780770691257170847497927336330511308420255-1118614325010621431186771152252517336813918651911,2307.089515734551,ack_count >,sum >,218607780770691257170847497927336330511308420255,1118614325010621431186771152252517336813918651911
218607780770691257170847497927336330511308420255-1184472685782376059334758133512718430805424685192,73.73797488993968,ack_count >,SSH >,218607780770691257170847497927336330511308420255,1184472685782376059334758133512718430805424685192
218607780770691257170847497927336330511308420255-1232849963170894971818913290506039176322619533319,926.1887173040611,ack_count >,psh_flag_number >,218607780770691257170847497927336330511308420255,1232849963170894971818913290506039176322619533319
218607780770691257170847497927336330511308420255-1233133706649643691022119102239698495899057226060,1345.465514430132,ack_count >,Time_To_Live <=,218607780770691257170847497927336330511308420255,1233133706649643691022119102239698495899057226060
218607780770691257170847497927336330511308420255-1236189254858718471128603624930063881324958313531,9438.460785912279,ack_count >,HTTPS >,218607780770691257170847497927336330511308420255,1236189254858718471128603624930063881324958313531
218607780770691257170847497927336330511308420255-1239329028096551917906154637654656383307088642249,2.0202184901353335,ack_count >,cwr_flag_number <=,218607780770691257170847497927336330511308420255,1239329028096551917906154637654656383307088642249
218607780770691257170847497927336330511308420255-1251276136943778783713685275011300537715092657394,52.52568074351867,ack_count >,fin_flag_number >,218607780770691257170847497927336330511308420255,1251276136943778783713685275011300537715092657394
218607780770691257170847497927336330511308420255-1329847435934461746074927120436757452470095790255,2308.0996249796185,ack_count >,Min >,218607780770691257170847497927336330511308420255,1329847435934461746074927120436757452470095790255
218607780770691257170847497927336330511308420255-1338222599102815322204523610829624561969283441716,2747.692651599228,ack_count >,SSH <=,218607780770691257170847497927336330511308420255,1338222599102815322204523610829624561969283441716
218607780770691257170847497927336330511308420255-1345309773886921328764805451107636357621530213384,14987.903225806453,ack_count >,Class -1,218607780770691257170847497927336330511308420255,1345309773886921328764805451107636357621530213384
218607780770691257170847497927336330511308420255-1375509225989204300559045429796274689340158771149,5321.2555030164685,ack_count >,rst_count <=,218607780770691257170847497927336330511308420255,1375509225989204300559045429796274689340158771149
218607780770691257170847497927336330511308420255-1379366653555122327876205020011632492492609315477,992.2042440946125,ack_count >,Type <=,218607780770691257170847497927336330511308420255,1379366653555122327876205020011632492492609315477
218607780770691257170847497927336330511308420255-1418162538066850581097605911983264533342366443794,1104.978053681038,ack_count >,Header_Length <=,218607780770691257170847497927336330511308420255,1418162538066850581097605911983264533342366443794
218607780770691257170847497927336330511308420255-1429650867505148313720594668477948880050562903683,871.1540555324711,ack_count >,syn_flag_number >,218607780770691257170847497927336330511308420255,1429650867505148313720594668477948880050562903683
218607780770691257170847497927336330511308420255-1454952188391427871478129207189215566009723810659,669.7024294798631,ack_count >,Std >,218607780770691257170847497927336330511308420255,1454952188391427871478129207189215566009723810659
218607780770691257170847497927336330511308420255-1455733501014453866297060548284701359849809242142,3031.0934631791,ack_count >,DHCP <=,218607780770691257170847497927336330511308420255,1455733501014453866297060548284701359849809242142
218607780770691257170847497927336330511308420255-153155765823982001952501641876618811106762500815,4719.100056279356,ack_count >,ack_flag_number >,218607780770691257170847497927336330511308420255,153155765823982001952501641876618811106762500815
218607780770691257170847497927336330511308420255-160227321490815016489601533331665083666172936667,197.98141203326267,ack_count >,IGMP <=,218607780770691257170847497927336330511308420255,160227321490815016489601533331665083666172936667
218607780770691257170847497927336330511308420255-161772624339136553719839337862344762258727720981,194.86962387507035,ack_count >,ack_flag_number <=,218607780770691257170847497927336330511308420255,161772624339136553719839337862344762258727720981
218607780770691257170847497927336330511308420255-171982518954274878349485416184092168691833932185,23321.40225012229,ack_count >,Class 1,218607780770691257170847497927336330511308420255,171982518954274878349485416184092168691833932185
218607780770691257170847497927336330511308420255-207766774224049171901964708681563529125144087827,408.84986298343705,ack_count >,HTTP >,218607780770691257170847497927336330511308420255,207766774224049171901964708681563529125144087827
218607780770691257170847497927336330511308420255-215123608059624622405742600984392925785664489773,10699.517010040869,ack_count >,Variance <=,218607780770691257170847497927336330511308420255,215123608059624622405742600984392925785664489773
218607780770691257170847497927336330511308420255-218607780770691257170847497927336330511308420255,355.5584542638187,ack_count >,ack_count >,218607780770691257170847497927336330511308420255,218607780770691257170847497927336330511308420255
218607780770691257170847497927336330511308420255-223165296026140232481876277255273629987157553131,3335.3807272134354,ack_count >,Header_Length >,218607780770691257170847497927336330511308420255,223165296026140232481876277255273629987157553131
218607780770691257170847497927336330511308420255-335418722972519651500040442315750311827115323662,3671.209467029239,ack_count >,Rate >,218607780770691257170847497927336330511308420255,335418722972519651500040442315750311827115323662
218607780770691257170847497927336330511308420255-338730224709676774412755851787278702947952010784,4517.2085439426055,ack_count >,sum <=,218607780770691257170847497927336330511308420255,338730224709676774412755851787278702947952010784
218607780770691257170847497927336330511308420255-371266811264664269299964157380215767396824640058,64.64699168433067,ack_count >,ICMP >,218607780770691257170847497927336330511308420255,371266811264664269299964157380215767396824640058
218607780770691257170847497927336330511308420255-378316838538499851440768051160724422589084218125,1749.5092124571988,ack_count >,IAT <=,218607780770691257170847497927336330511308420255,378316838538499851440768051160724422589084218125
218607780770691257170847497927336330511308420255-40351198695966294513339726256484683518911283460,545.4589923365401,ack_count >,fin_flag_number <=,218607780770691257170847497927336330511308420255,40351198695966294513339726256484683518911283460
218607780770691257170847497927336330511308420255-450410814915736770904937984733342042835793211647,1037.3821946844937,ack_count >,ece_flag_number <=,218607780770691257170847497927336330511308420255,450410814915736770904937984733342042835793211647
218607780770691257170847497927336330511308420255-475011065740486827108472353828139148231878458661,7507.131909342899,ack_count >,syn_flag_number <=,218607780770691257170847497927336330511308420255,475011065740486827108472353828139148231878458661
218607780770691257170847497927336330511308420255-505469541859377927785473031559292540931343582537,7252.698424178032,ack_count >,ICMP <=,218607780770691257170847497927336330511308420255,505469541859377927785473031559292540931343582537
218607780770691257170847497927336330511308420255-510505520442458443414009447271658614884328320759,4.040436980270667,ack_count >,IRC <=,218607780770691257170847497927336330511308420255,510505520442458443414009447271658614884328320759
218607780770691257170847497927336330511308420255-520582048177068818674784514618258893555315007951,407.0740257622697,ack_count >,LLC <=,218607780770691257170847497927336330511308420255,520582048177068818674784514618258893555315007951
218607780770691257170847497927336330511308420255-629827923182617752624696690572530002196221478554,43.43469753790967,ack_count >,DHCP >,218607780770691257170847497927336330511308420255,629827923182617752624696690572530002196221478554
218607780770691257170847497927336330511308420255-681503808608794911981134712221284126975357543438,5096.001141366379,ack_count >,syn_count <=,218607780770691257170847497927336330511308420255,681503808608794911981134712221284126975357543438
218607780770691257170847497927336330511308420255-684418957212367241623111035135876005715150589706,12235.371825081658,ack_count >,HTTP <=,218607780770691257170847497927336330511308420255,684418957212367241623111035135876005715150589706
218607780770691257170847497927336330511308420255-714914936218336719861297767221934377853836589461,864.5720533549334,ack_count >,UDP >,218607780770691257170847497927336330511308420255,714914936218336719861297767221934377853836589461
218607780770691257170847497927336330511308420255-786396322989194697344344278946426998739971577495,1994.476996470706,ack_count >,HTTPS <=,218607780770691257170847497927336330511308420255,786396322989194697344344278946426998739971577495
218607780770691257170847497927336330511308420255-795584812918386367255521286735341258439959854242,640.0834196809434,ack_count >,syn_count >,218607780770691257170847497927336330511308420255,795584812918386367255521286735341258439959854242
218607780770691257170847497927336330511308420255-835140271881840015202809914014108690929910415575,3525.118344440178,ack_count >,IAT >,218607780770691257170847497927336330511308420255,835140271881840015202809914014108690929910415575
218607780770691257170847497927336330511308420255-841356973986788424033641854148712928121319667477,1653.4673737527812,ack_count >,Variance >,218607780770691257170847497927336330511308420255,841356973986788424033641854148712928121319667477
218607780770691257170847497927336330511308420255-841518471221275042570144506781210008737201997031,1919.0446447825882,ack_count >,Min <=,218607780770691257170847497927336330511308420255,841518471221275042570144506781210008737201997031
218607780770691257170847497927336330511308420255-843826879422383561066103188424018239931401286651,560.610631012555,ack_count >,ack_count <=,218607780770691257170847497927336330511308420255,843826879422383561066103188424018239931401286651
218607780770691257170847497927336330511308420255-896530251803066355404557928035950607124936193677,12838.716593994415,ack_count >,psh_flag_number <=,218607780770691257170847497927336330511308420255,896530251803066355404557928035950607124936193677
218607780770691257170847497927336330511308420255-922599836131670820904126277297069322180441856169,2180.3370975631565,ack_count >,Rate <=,218607780770691257170847497927336330511308420255,922599836131670820904126277297069322180441856169
218607780770691257170847497927336330511308420255-926368966621798523173828527325665066772113177503,6193.338207371018,ack_count >,UDP <=,218607780770691257170847497927336330511308420255,926368966621798523173828527325665066772113177503
218607780770691257170847497927336330511308420255-940331364486966071141541838460909450599289486914,14.141529430947335,ack_count >,rst_count >,218607780770691257170847497927336330511308420255,940331364486966071141541838460909450599289486914
218607780770691257170847497927336330511308420255-974265510705878984211701297112044370513255377925,1493.7071921861111,ack_count >,Std <=,218607780770691257170847497927336330511308420255,974265510705878984211701297112044370513255377925
223165296026140232481876277255273629987157553131-1043469376771332113858820724324827897913309990452,4689.611383157219,Header_Length >,LLC >,223165296026140232481876277255273629987157553131,1043469376771332113858820724324827897913309990452
223165296026140232481876277255273629987157553131-1043754360836331848364792327262011021650379248223,203.031958258601,Header_Length >,DNS >,223165296026140232481876277255273629987157553131,1043754360836331848364792327262011021650379248223
223165296026140232481876277255273629987157553131-1077028023530208599426324724984012030801332581683,4874.624295850581,Header_Length >,Time_To_Live >,223165296026140232481876277255273629987157553131,1077028023530208599426324724984012030801332581683
223165296026140232481876277255273629987157553131-1085488307210616684491611463585545838953333018237,1090.8365242500909,Header_Length >,Type >,223165296026140232481876277255273629987157553131,1085488307210616684491611463585545838953333018237
223165296026140232481876277255273629987157553131-1091995366823138898995898948102109473193356840202,5997.621395096859,Header_Length >,DNS <=,223165296026140232481876277255273629987157553131,1091995366823138898995898948102109473193356840202
223165296026140232481876277255273629987157553131-109928824856976412487775174607761519739702474552,48.48524376324801,Header_Length >,Number <=,223165296026140232481876277255273629987157553131,109928824856976412487775174607761519739702474552
223165296026140232481876277255273629987157553131-1118614325010621431186771152252517336813918651911,8223.18531950369,Header_Length >,sum >,223165296026140232481876277255273629987157553131,1118614325010621431186771152252517336813918651911
223165296026140232481876277255273629987157553131-1184472685782376059334758133512718430805424685192,187.79885915959667,Header_Length >,SSH >,223165296026140232481876277255273629987157553131,1184472685782376059334758133512718430805424685192
223165296026140232481876277255273629987157553131-1232849963170894971818913290506039176322619533319,1902.9643572844948,Header_Length >,psh_flag_number >,223165296026140232481876277255273629987157553131,1232849963170894971818913290506039176322619533319
223165296026140232481876277255273629987157553131-1233133706649643691022119102239698495899057226060,6452.447520815473,Header_Length >,Time_To_Live <=,223165296026140232481876277255273629987157553131,1233133706649643691022119102239698495899057226060
223165296026140232481876277255273629987157553131-1236189254858718471128603624930063881324958313531,5371.679504846862,Header_Length >,HTTPS >,223165296026140232481876277255273629987157553131,1236189254858718471128603624930063881324958313531
223165296026140232481876277255273629987157553131-1239329028096551917906154637654656383307088642249,11513.990903257365,Header_Length >,cwr_flag_number <=,223165296026140232481876277255273629987157553131,1239329028096551917906154637654656383307088642249
223165296026140232481876277255273629987157553131-1251276136943778783713685275011300537715092657394,170.62700199344636,Header_Length >,fin_flag_number >,223165296026140232481876277255273629987157553131,1251276136943778783713685275011300537715092657394
223165296026140232481876277255273629987157553131-1329847435934461746074927120436757452470095790255,196.971302788195,Header_Length >,Min >,223165296026140232481876277255273629987157553131,1329847435934461746074927120436757452470095790255
223165296026140232481876277255273629987157553131-1338222599102815322204523610829624561969283441716,8891.665842638713,Header_Length >,SSH <=,223165296026140232481876277255273629987157553131,1338222599102815322204523610829624561969283441716
223165296026140232481876277255273629987157553131-1345309773886921328764805451107636357621530213384,9692.177419354839,Header_Length >,Class -1,223165296026140232481876277255273629987157553131,1345309773886921328764805451107636357621530213384
223165296026140232481876277255273629987157553131-1375509225989204300559045429796274689340158771149,8148.583864130063,Header_Length >,rst_count <=,223165296026140232481876277255273629987157553131,1375509225989204300559045429796274689340158771149
223165296026140232481876277255273629987157553131-1379366653555122327876205020011632492492609315477,5394.178873676515,Header_Length >,Type <=,223165296026140232481876277255273629987157553131,1379366653555122327876205020011632492492609315477
223165296026140232481876277255273629987157553131-1418162538066850581097605911983264533342366443794,11073.257430715905,Header_Length >,Header_Length <=,223165296026140232481876277255273629987157553131,1418162538066850581097605911983264533342366443794
223165296026140232481876277255273629987157553131-1429650867505148313720594668477948880050562903683,475.4356127349137,Header_Length >,syn_flag_number >,223165296026140232481876277255273629987157553131,1429650867505148313720594668477948880050562903683
223165296026140232481876277255273629987157553131-1454952188391427871478129207189215566009723810659,1557.099693356406,Header_Length >,Std >,223165296026140232481876277255273629987157553131,1454952188391427871478129207189215566009723810659
223165296026140232481876277255273629987157553131-1455733501014453866297060548284701359849809242142,392.93249633132234,Header_Length >,DHCP <=,223165296026140232481876277255273629987157553131,1455733501014453866297060548284701359849809242142
223165296026140232481876277255273629987157553131-153155765823982001952501641876618811106762500815,8472.796347627589,Header_Length >,ack_flag_number >,223165296026140232481876277255273629987157553131,153155765823982001952501641876618811106762500815
223165296026140232481876277255273629987157553131-160227321490815016489601533331665083666172936667,6833.307582459776,Header_Length >,IGMP <=,223165296026140232481876277255273629987157553131,160227321490815016489601533331665083666172936667
223165296026140232481876277255273629987157553131-161772624339136553719839337862344762258727720981,5319.854383741052,Header_Length >,ack_flag_number <=,223165296026140232481876277255273629987157553131,161772624339136553719839337862344762258727720981
223165296026140232481876277255273629987157553131-171982518954274878349485416184092168691833932185,31601.267731941953,Header_Length >,Class 1,223165296026140232481876277255273629987157553131,171982518954274878349485416184092168691833932185
223165296026140232481876277255273629987157553131-207766774224049171901964708681563529125144087827,989.5812184743561,Header_Length >,HTTP >,223165296026140232481876277255273629987157553131,207766774224049171901964708681563529125144087827
223165296026140232481876277255273629987157553131-215123608059624622405742600984392925785664489773,22953.852821594443,Header_Length >,Variance <=,223165296026140232481876277255273629987157553131,215123608059624622405742600984392925785664489773
223165296026140232481876277255273629987157553131-218607780770691257170847497927336330511308420255,2777.8004239360835,Header_Length >,ack_count >,223165296026140232481876277255273629987157553131,218607780770691257170847497927336330511308420255
223165296026140232481876277255273629987157553131-223165296026140232481876277255273629987157553131,2846.194595077923,Header_Length >,Header_Length >,223165296026140232481876277255273629987157553131,223165296026140232481876277255273629987157553131
223165296026140232481876277255273629987157553131-335418722972519651500040442315750311827115323662,3664.2527469059505,Header_Length >,Rate >,223165296026140232481876277255273629987157553131,335418722972519651500040442315750311827115323662
223165296026140232481876277255273629987157553131-338730224709676774412755851787278702947952010784,5770.75411707158,Header_Length >,sum <=,223165296026140232481876277255273629987157553131,338730224709676774412755851787278702947952010784
223165296026140232481876277255273629987157553131-371266811264664269299964157380215767396824640058,432.24529646597205,Header_Length >,ICMP >,223165296026140232481876277255273629987157553131,371266811264664269299964157380215767396824640058
223165296026140232481876277255273629987157553131-378316838538499851440768051160724422589084218125,5444.032652545983,Header_Length >,IAT <=,223165296026140232481876277255273629987157553131,378316838538499851440768051160724422589084218125
223165296026140232481876277255273629987157553131-40351198695966294513339726256484683518911283460,4094.2497356974172,Header_Length >,fin_flag_number <=,223165296026140232481876277255273629987157553131,40351198695966294513339726256484683518911283460
223165296026140232481876277255273629987157553131-450410814915736770904937984733342042835793211647,5.0505462253383335,Header_Length >,ece_flag_number <=,223165296026140232481876277255273629987157553131,450410814915736770904937984733342042835793211647
223165296026140232481876277255273629987157553131-475011065740486827108472353828139148231878458661,2091.936246535138,Header_Length >,syn_flag_number <=,223165296026140232481876277255273629987157553131,475011065740486827108472353828139148231878458661
223165296026140232481876277255273629987157553131-505469541859377927785473031559292540931343582537,17652.424785533578,Header_Length >,ICMP <=,223165296026140232481876277255273629987157553131,505469541859377927785473031559292540931343582537
223165296026140232481876277255273629987157553131-510505520442458443414009447271658614884328320759,49.49535300831567,Header_Length >,IRC <=,223165296026140232481876277255273629987157553131,510505520442458443414009447271658614884328320759
223165296026140232481876277255273629987157553131-520582048177068818674784514618258893555315007951,661.6215555193218,Header_Length >,LLC <=,223165296026140232481876277255273629987157553131,520582048177068818674784514618258893555315007951
223165296026140232481876277255273629987157553131-579184915384053252333364217236378176158944003116,39.394260557639,Header_Length >,cwr_flag_number >,223165296026140232481876277255273629987157553131,579184915384053252333364217236378176158944003116
223165296026140232481876277255273629987157553131-629827923182617752624696690572530002196221478554,14.141529430947335,Header_Length >,DHCP >,223165296026140232481876277255273629987157553131,629827923182617752624696690572530002196221478554
223165296026140232481876277255273629987157553131-681503808608794911981134712221284126975357543438,20721.21813247214,Header_Length >,syn_count <=,223165296026140232481876277255273629987157553131,681503808608794911981134712221284126975357543438
223165296026140232481876277255273629987157553131-684418957212367241623111035135876005715150589706,5458.744404937856,Header_Length >,HTTP <=,223165296026140232481876277255273629987157553131,684418957212367241623111035135876005715150589706
223165296026140232481876277255273629987157553131-714914936218336719861297767221934377853836589461,2550.965730080001,Header_Length >,UDP >,223165296026140232481876277255273629987157553131,714914936218336719861297767221934377853836589461
223165296026140232481876277255273629987157553131-786396322989194697344344278946426998739971577495,2452.545247024295,Header_Length >,HTTPS <=,223165296026140232481876277255273629987157553131,786396322989194697344344278946426998739971577495
223165296026140232481876277255273629987157553131-795584812918386367255521286735341258439959854242,599.7605103012261,Header_Length >,syn_count >,223165296026140232481876277255273629987157553131,795584812918386367255521286735341258439959854242
223165296026140232481876277255273629987157553131-835140271881840015202809914014108690929910415575,11852.621881624002,Header_Length >,IAT >,223165296026140232481876277255273629987157553131,835140271881840015202809914014108690929910415575
223165296026140232481876277255273629987157553131-841356973986788424033641854148712928121319667477,1312.131909342899,Header_Length >,Variance >,223165296026140232481876277255273629987157553131,841356973986788424033641854148712928121319667477
223165296026140232481876277255273629987157553131-841518471221275042570144506781210008737201997031,17932.06212557134,Header_Length >,Min <=,223165296026140232481876277255273629987157553131,841518471221275042570144506781210008737201997031
223165296026140232481876277255273629987157553131-843826879422383561066103188424018239931401286651,1488.9010272297407,Header_Length >,ack_count <=,223165296026140232481876277255273629987157553131,843826879422383561066103188424018239931401286651
223165296026140232481876277255273629987157553131-896530251803066355404557928035950607124936193677,2517.7135854157573,Header_Length >,psh_flag_number <=,223165296026140232481876277255273629987157553131,896530251803066355404557928035950607124936193677
223165296026140232481876277255273629987157553131-922599836131670820904126277297069322180441856169,9824.175888766746,Header_Length >,Rate <=,223165296026140232481876277255273629987157553131,922599836131670820904126277297069322180441856169
223165296026140232481876277255273629987157553131-926368966621798523173828527325665066772113177503,4997.010435349747,Header_Length >,UDP <=,223165296026140232481876277255273629987157553131,926368966621798523173828527325665066772113177503
223165296026140232481876277255273629987157553131-974265510705878984211701297112044370513255377925,11521.20829673422,Header_Length >,Std <=,223165296026140232481876277255273629987157553131,974265510705878984211701297112044370513255377925
335418722972519651500040442315750311827115323662-1043469376771332113858820724324827897913309990452,3122.361721096343,Rate >,LLC >,335418722972519651500040442315750311827115323662,1043469376771332113858820724324827897913309990452
335418722972519651500040442315750311827115323662-1043754360836331848364792327262011021650379248223,65.65710092939834,Rate >,DNS >,335418722972519651500040442315750311827115323662,1043754360836331848364792327262011021650379248223
335418722972519651500040442315750311827115323662-1077028023530208599426324724984012030801332581683,1235.3636067177565,Rate >,Time_To_Live >,335418722972519651500040442315750311827115323662,1077028023530208599426324724984012030801332581683
335418722972519651500040442315750311827115323662-1085488307210616684491611463585545838953333018237,1456.6101155567712,Rate >,Type >,335418722972519651500040442315750311827115323662,1085488307210616684491611463585545838953333018237
335418722972519651500040442315750311827115323662-1091995366823138898995898948102109473193356840202,1704.0054201753603,Rate >,DNS <=,335418722972519651500040442315750311827115323662,1091995366823138898995898948102109473193356840202
335418722972519651500040442315750311827115323662-109928824856976412487775174607761519739702474552,113.13223544757868,Rate >,Number <=,335418722972519651500040442315750311827115323662,109928824856976412487775174607761519739702474552
335418722972519651500040442315750311827115323662-1118614325010621431186771152252517336813918651911,3293.1842281049635,Rate >,sum >,335418722972519651500040442315750311827115323662,1118614325010621431186771152252517336813918651911
335418722972519651500040442315750311827115323662-1184472685782376059334758133512718430805424685192,11.111201695744334,Rate >,SSH >,335418722972519651500040442315750311827115323662,1184472685782376059334758133512718430805424685192
335418722972519651500040442315750311827115323662-1232849963170894971818913290506039176322619533319,550.5095385618783,Rate >,psh_flag_number >,335418722972519651500040442315750311827115323662,1232849963170894971818913290506039176322619533319
335418722972519651500040442315750311827115323662-1233133706649643691022119102239698495899057226060,3101.8336945030323,Rate >,Time_To_Live <=,335418722972519651500040442315750311827115323662,1233133706649643691022119102239698495899057226060
335418722972519651500040442315750311827115323662-1236189254858718471128603624930063881324958313531,1907.0862546877547,Rate >,HTTPS >,335418722972519651500040442315750311827115323662,1236189254858718471128603624930063881324958313531
335418722972519651500040442315750311827115323662-1239329028096551917906154637654656383307088642249,25.252731126691668,Rate >,cwr_flag_number <=,335418722972519651500040442315750311827115323662,1239329028096551917906154637654656383307088642249
335418722972519651500040442315750311827115323662-1251276136943778783713685275011300537715092657394,2470.7923817739043,Rate >,fin_flag_number >,335418722972519651500040442315750311827115323662,1251276136943778783713685275011300537715092657394
335418722972519651500040442315750311827115323662-1329847435934461746074927120436757452470095790255,553.458405874092,Rate >,Min >,335418722972519651500040442315750311827115323662,1329847435934461746074927120436757452470095790255
335418722972519651500040442315750311827115323662-1338222599102815322204523610829624561969283441716,1126.1903478274592,Rate >,SSH <=,335418722972519651500040442315750311827115323662,1338222599102815322204523610829624561969283441716
335418722972519651500040442315750311827115323662-1345309773886921328764805451107636357621530213384,59252.17741935484,Rate >,Class -1,335418722972519651500040442315750311827115323662,1345309773886921328764805451107636357621530213384
335418722972519651500040442315750311827115323662-1375509225989204300559045429796274689340158771149,1057.5029191628578,Rate >,rst_count <=,335418722972519651500040442315750311827115323662,1375509225989204300559045429796274689340158771149
335418722972519651500040442315750311827115323662-1379366653555122327876205020011632492492609315477,827.88227884054,Rate >,Type <=,335418722972519651500040442315750311827115323662,1379366653555122327876205020011632492492609315477
335418722972519651500040442315750311827115323662-1418162538066850581097605911983264533342366443794,593.7813152538093,Rate >,Header_Length <=,335418722972519651500040442315750311827115323662,1418162538066850581097605911983264533342366443794
335418722972519651500040442315750311827115323662-1429650867505148313720594668477948880050562903683,181.7382036891907,Rate >,syn_flag_number >,335418722972519651500040442315750311827115323662,1429650867505148313720594668477948880050562903683
335418722972519651500040442315750311827115323662-1454952188391427871478129207189215566009723810659,362.6292189792924,Rate >,Std >,335418722972519651500040442315750311827115323662,1454952188391427871478129207189215566009723810659
335418722972519651500040442315750311827115323662-1455733501014453866297060548284701359849809242142,553.1325641821347,Rate >,DHCP <=,335418722972519651500040442315750311827115323662,1455733501014453866297060548284701359849809242142
335418722972519651500040442315750311827115323662-153155765823982001952501641876618811106762500815,1342.2722658489504,Rate >,ack_flag_number >,335418722972519651500040442315750311827115323662,153155765823982001952501641876618811106762500815
335418722972519651500040442315750311827115323662-160227321490815016489601533331665083666172936667,149.4961682700147,Rate >,IGMP <=,335418722972519651500040442315750311827115323662,160227321490815016489601533331665083666172936667
335418722972519651500040442315750311827115323662-161772624339136553719839337862344762258727720981,1383.8822499118992,Rate >,ack_flag_number <=,335418722972519651500040442315750311827115323662,161772624339136553719839337862344762258727720981
335418722972519651500040442315750311827115323662-171982518954274878349485416184092168691833932185,12686.972118049895,Rate >,Class 1,335418722972519651500040442315750311827115323662,171982518954274878349485416184092168691833932185
335418722972519651500040442315750311827115323662-207766774224049171901964708681563529125144087827,517.8602010277557,Rate >,HTTP >,335418722972519651500040442315750311827115323662,207766774224049171901964708681563529125144087827
335418722972519651500040442315750311827115323662-215123608059624622405742600984392925785664489773,2949.747084781957,Rate >,Variance <=,335418722972519651500040442315750311827115323662,215123608059624622405742600984392925785664489773
335418722972519651500040442315750311827115323662-218607780770691257170847497927336330511308420255,3986.249506898166,Rate >,ack_count >,335418722972519651500040442315750311827115323662,218607780770691257170847497927336330511308420255
335418722972519651500040442315750311827115323662-223165296026140232481876277255273629987157553131,2329.7843895793776,Rate >,Header_Length >,335418722972519651500040442315750311827115323662,223165296026140232481876277255273629987157553131
335418722972519651500040442315750311827115323662-335418722972519651500040442315750311827115323662,1781.2624853384389,Rate >,Rate >,335418722972519651500040442315750311827115323662,335418722972519651500040442315750311827115323662
335418722972519651500040442315750311827115323662-338730224709676774412755851787278702947952010784,1462.3938055890135,Rate >,sum <=,335418722972519651500040442315750311827115323662,338730224709676774412755851787278702947952010784
335418722972519651500040442315750311827115323662-371266811264664269299964157380215767396824640058,69.69753790966901,Rate >,ICMP >,335418722972519651500040442315750311827115323662,371266811264664269299964157380215767396824640058
335418722972519651500040442315750311827115323662-378316838538499851440768051160724422589084218125,832.9328250658784,Rate >,IAT <=,335418722972519651500040442315750311827115323662,378316838538499851440768051160724422589084218125
335418722972519651500040442315750311827115323662-40351198695966294513339726256484683518911283460,994.9576063916518,Rate >,fin_flag_number <=,335418722972519651500040442315750311827115323662,40351198695966294513339726256484683518911283460
335418722972519651500040442315750311827115323662-450410814915736770904937984733342042835793211647,154.46525407236368,Rate >,ece_flag_number <=,335418722972519651500040442315750311827115323662,450410814915736770904937984733342042835793211647
335418722972519651500040442315750311827115323662-475011065740486827108472353828139148231878458661,1698.107685550933,Rate >,syn_flag_number <=,335418722972519651500040442315750311827115323662,475011065740486827108472353828139148231878458661
335418722972519651500040442315750311827115323662-505469541859377927785473031559292540931343582537,147.47594977987936,Rate >,ICMP <=,335418722972519651500040442315750311827115323662,505469541859377927785473031559292540931343582537
335418722972519651500040442315750311827115323662-510505520442458443414009447271658614884328320759,13.131420185879668,Rate >,IRC <=,335418722972519651500040442315750311827115323662,510505520442458443414009447271658614884328320759
335418722972519651500040442315750311827115323662-520582048177068818674784514618258893555315007951,1011.1193543127345,Rate >,LLC <=,335418722972519651500040442315750311827115323662,520582048177068818674784514618258893555315007951
335418722972519651500040442315750311827115323662-565103970815292376991711972572924808853013487374,15.151638676015,Rate >,IGMP >,335418722972519651500040442315750311827115323662,565103970815292376991711972572924808853013487374
335418722972519651500040442315750311827115323662-681503808608794911981134712221284126975357543438,779.3155746543027,Rate >,syn_count <=,335418722972519651500040442315750311827115323662,681503808608794911981134712221284126975357543438
335418722972519651500040442315750311827115323662-684418957212367241623111035135876005715150589706,396.972933311593,Rate >,HTTP <=,335418722972519651500040442315750311827115323662,684418957212367241623111035135876005715150589706
335418722972519651500040442315750311827115323662-714914936218336719861297767221934377853836589461,998.5907412569758,Rate >,UDP >,335418722972519651500040442315750311827115323662,714914936218336719861297767221934377853836589461
335418722972519651500040442315750311827115323662-786396322989194697344344278946426998739971577495,4733.6325957406525,Rate >,HTTPS <=,335418722972519651500040442315750311827115323662,786396322989194697344344278946426998739971577495
335418722972519651500040442315750311827115323662-795584812918386367255521286735341258439959854242,108.08168922224034,Rate >,syn_count >,335418722972519651500040442315750311827115323662,795584812918386367255521286735341258439959854242
335418722972519651500040442315750311827115323662-835140271881840015202809914014108690929910415575,2682.8827390689185,Rate >,IAT >,335418722972519651500040442315750311827115323662,835140271881840015202809914014108690929910415575
335418722972519651500040442315750311827115323662-841356973986788424033641854148712928121319667477,439.3160611814457,Rate >,Variance >,335418722972519651500040442315750311827115323662,841356973986788424033641854148712928121319667477
335418722972519651500040442315750311827115323662-841518471221275042570144506781210008737201997031,1009.0991358225991,Rate >,Min <=,335418722972519651500040442315750311827115323662,841518471221275042570144506781210008737201997031
335418722972519651500040442315750311827115323662-843826879422383561066103188424018239931401286651,4767.454963365822,Rate >,ack_count <=,335418722972519651500040442315750311827115323662,843826879422383561066103188424018239931401286651
335418722972519651500040442315750311827115323662-896530251803066355404557928035950607124936193677,3424.025959510422,Rate >,psh_flag_number <=,335418722972519651500040442315750311827115323662,896530251803066355404557928035950607124936193677
335418722972519651500040442315750311827115323662-922599836131670820904126277297069322180441856169,10730.748936214977,Rate >,Rate <=,335418722972519651500040442315750311827115323662,922599836131670820904126277297069322180441856169
335418722972519651500040442315750311827115323662-926368966621798523173828527325665066772113177503,2310.8855714458537,Rate >,UDP <=,335418722972519651500040442315750311827115323662,926368966621798523173828527325665066772113177503
335418722972519651500040442315750311827115323662-940331364486966071141541838460909450599289486914,3498.1875285999063,Rate >,rst_count >,335418722972519651500040442315750311827115323662,940331364486966071141541838460909450599289486914
335418722972519651500040442315750311827115323662-974265510705878984211701297112044370513255377925,8863.170986677045,Rate >,Std <=,335418722972519651500040442315750311827115323662,974265510705878984211701297112044370513255377925
337274849629170698169636561573185333120886675912-1043469376771332113858820724324827897913309990452,2.0202184901353335,ece_flag_number >,LLC >,337274849629170698169636561573185333120886675912,1043469376771332113858820724324827897913309990452
337274849629170698169636561573185333120886675912-1077028023530208599426324724984012030801332581683,46.46502527311267,ece_flag_number >,Time_To_Live >,337274849629170698169636561573185333120886675912,1077028023530208599426324724984012030801332581683
337274849629170698169636561573185333120886675912-1085488307210616684491611463585545838953333018237,9.090983205609001,ece_flag_number >,Type >,337274849629170698169636561573185333120886675912,1085488307210616684491611463585545838953333018237
337274849629170698169636561573185333120886675912-1091995366823138898995898948102109473193356840202,3.0303277352030005,ece_flag_number >,DNS <=,337274849629170698169636561573185333120886675912,1091995366823138898995898948102109473193356840202
337274849629170698169636561573185333120886675912-109928824856976412487775174607761519739702474552,12.121310940812002,ece_flag_number >,Number <=,337274849629170698169636561573185333120886675912,109928824856976412487775174607761519739702474552
337274849629170698169636561573185333120886675912-1233133706649643691022119102239698495899057226060,2.0202184901353335,ece_flag_number >,Time_To_Live <=,337274849629170698169636561573185333120886675912,1233133706649643691022119102239698495899057226060
337274849629170698169636561573185333120886675912-1329847435934461746074927120436757452470095790255,22.22240339148867,ece_flag_number >,Min >,337274849629170698169636561573185333120886675912,1329847435934461746074927120436757452470095790255
337274849629170698169636561573185333120886675912-1455733501014453866297060548284701359849809242142,12.121310940812002,ece_flag_number >,DHCP <=,337274849629170698169636561573185333120886675912,1455733501014453866297060548284701359849809242142
337274849629170698169636561573185333120886675912-153155765823982001952501641876618811106762500815,29.293168106962337,ece_flag_number >,ack_flag_number >,337274849629170698169636561573185333120886675912,153155765823982001952501641876618811106762500815
337274849629170698169636561573185333120886675912-161772624339136553719839337862344762258727720981,13.131420185879668,ece_flag_number >,ack_flag_number <=,337274849629170698169636561573185333120886675912,161772624339136553719839337862344762258727720981
337274849629170698169636561573185333120886675912-171982518954274878349485416184092168691833932185,147.47594977987936,ece_flag_number >,Class 1,337274849629170698169636561573185333120886675912,171982518954274878349485416184092168691833932185
337274849629170698169636561573185333120886675912-215123608059624622405742600984392925785664489773,43.43469753790967,ece_flag_number >,Variance <=,337274849629170698169636561573185333120886675912,215123608059624622405742600984392925785664489773
337274849629170698169636561573185333120886675912-218607780770691257170847497927336330511308420255,8.080873960541334,ece_flag_number >,ack_count >,337274849629170698169636561573185333120886675912,218607780770691257170847497927336330511308420255
337274849629170698169636561573185333120886675912-338730224709676774412755851787278702947952010784,17.171857166150335,ece_flag_number >,sum <=,337274849629170698169636561573185333120886675912,338730224709676774412755851787278702947952010784
337274849629170698169636561573185333120886675912-505469541859377927785473031559292540931343582537,1.0101092450676668,ece_flag_number >,ICMP <=,337274849629170698169636561573185333120886675912,505469541859377927785473031559292540931343582537
337274849629170698169636561573185333120886675912-681503808608794911981134712221284126975357543438,1.0101092450676668,ece_flag_number >,syn_count <=,337274849629170698169636561573185333120886675912,681503808608794911981134712221284126975357543438
337274849629170698169636561573185333120886675912-786396322989194697344344278946426998739971577495,5.0505462253383335,ece_flag_number >,HTTPS <=,337274849629170698169636561573185333120886675912,786396322989194697344344278946426998739971577495
337274849629170698169636561573185333120886675912-795584812918386367255521286735341258439959854242,1.0101092450676668,ece_flag_number >,syn_count >,337274849629170698169636561573185333120886675912,795584812918386367255521286735341258439959854242
337274849629170698169636561573185333120886675912-841356973986788424033641854148712928121319667477,3.0303277352030005,ece_flag_number >,Variance >,337274849629170698169636561573185333120886675912,841356973986788424033641854148712928121319667477
337274849629170698169636561573185333120886675912-841518471221275042570144506781210008737201997031,153.455144827296,ece_flag_number >,Min <=,337274849629170698169636561573185333120886675912,841518471221275042570144506781210008737201997031
337274849629170698169636561573185333120886675912-843826879422383561066103188424018239931401286651,8.080873960541334,ece_flag_number >,ack_count <=,337274849629170698169636561573185333120886675912,843826879422383561066103188424018239931401286651
337274849629170698169636561573185333120886675912-896530251803066355404557928035950607124936193677,2.0202184901353335,ece_flag_number >,psh_flag_number <=,337274849629170698169636561573185333120886675912,896530251803066355404557928035950607124936193677
337274849629170698169636561573185333120886675912-926368966621798523173828527325665066772113177503,10.101092450676667,ece_flag_number >,UDP <=,337274849629170698169636561573185333120886675912,926368966621798523173828527325665066772113177503
337274849629170698169636561573185333120886675912-974265510705878984211701297112044370513255377925,1.0101092450676668,ece_flag_number >,Std <=,337274849629170698169636561573185333120886675912,974265510705878984211701297112044370513255377925
338730224709676774412755851787278702947952010784-1043469376771332113858820724324827897913309990452,14874.982787458646,sum <=,LLC >,338730224709676774412755851787278702947952010784,1043469376771332113858820724324827897913309990452
338730224709676774412755851787278702947952010784-1043754360836331848364792327262011021650379248223,272.72949616827003,sum <=,DNS >,338730224709676774412755851787278702947952010784,1043754360836331848364792327262011021650379248223
338730224709676774412755851787278702947952010784-1077028023530208599426324724984012030801332581683,8316.2294146421,sum <=,Time_To_Live >,338730224709676774412755851787278702947952010784,1077028023530208599426324724984012030801332581683
338730224709676774412755851787278702947952010784-1085488307210616684491611463585545838953333018237,1800.014674710582,sum <=,Type >,338730224709676774412755851787278702947952010784,1085488307210616684491611463585545838953333018237
338730224709676774412755851787278702947952010784-1091995366823138898995898948102109473193356840202,6604.094244252406,sum <=,DNS <=,338730224709676774412755851787278702947952010784,1091995366823138898995898948102109473193356840202
338730224709676774412755851787278702947952010784-109928824856976412487775174607761519739702474552,1522.1531718939846,sum <=,Number <=,338730224709676774412755851787278702947952010784,109928824856976412487775174607761519739702474552
338730224709676774412755851787278702947952010784-1118614325010621431186771152252517336813918651911,6741.469101581608,sum <=,sum >,338730224709676774412755851787278702947952010784,1118614325010621431186771152252517336813918651911
338730224709676774412755851787278702947952010784-1184472685782376059334758133512718430805424685192,235.35545410076637,sum <=,SSH >,338730224709676774412755851787278702947952010784,1184472685782376059334758133512718430805424685192
338730224709676774412755851787278702947952010784-1232849963170894971818913290506039176322619533319,2492.9496168270016,sum <=,psh_flag_number >,338730224709676774412755851787278702947952010784,1232849963170894971818913290506039176322619533319
338730224709676774412755851787278702947952010784-1233133706649643691022119102239698495899057226060,9951.433361560674,sum <=,Time_To_Live <=,338730224709676774412755851787278702947952010784,1233133706649643691022119102239698495899057226060
338730224709676774412755851787278702947952010784-1236189254858718471128603624930063881324958313531,12365.757378118376,sum <=,HTTPS >,338730224709676774412755851787278702947952010784,1236189254858718471128603624930063881324958313531
338730224709676774412755851787278702947952010784-1239329028096551917906154637654656383307088642249,557.4988428543627,sum <=,cwr_flag_number <=,338730224709676774412755851787278702947952010784,1239329028096551917906154637654656383307088642249
338730224709676774412755851787278702947952010784-1251276136943778783713685275011300537715092657394,1293.2167991247773,sum <=,fin_flag_number >,338730224709676774412755851787278702947952010784,1251276136943778783713685275011300537715092657394
338730224709676774412755851787278702947952010784-1329847435934461746074927120436757452470095790255,1869.5492917742724,sum <=,Min >,338730224709676774412755851787278702947952010784,1329847435934461746074927120436757452470095790255
338730224709676774412755851787278702947952010784-1338222599102815322204523610829624561969283441716,15889.947073736475,sum <=,SSH <=,338730224709676774412755851787278702947952010784,1338222599102815322204523610829624561969283441716
338730224709676774412755851787278702947952010784-1345309773886921328764805451107636357621530213384,11790.483870967742,sum <=,Class -1,338730224709676774412755851787278702947952010784,1345309773886921328764805451107636357621530213384
338730224709676774412755851787278702947952010784-1375509225989204300559045429796274689340158771149,6626.316647643894,sum <=,rst_count <=,338730224709676774412755851787278702947952010784,1375509225989204300559045429796274689340158771149
338730224709676774412755851787278702947952010784-1379366653555122327876205020011632492492609315477,9154.620088048263,sum <=,Type <=,338730224709676774412755851787278702947952010784,1379366653555122327876205020011632492492609315477
338730224709676774412755851787278702947952010784-1418162538066850581097605911983264533342366443794,5628.768599801181,sum <=,Header_Length <=,338730224709676774412755851787278702947952010784,1418162538066850581097605911983264533342366443794
338730224709676774412755851787278702947952010784-1429650867505148313720594668477948880050562903683,525.2568074351867,sum <=,syn_flag_number >,338730224709676774412755851787278702947952010784,1429650867505148313720594668477948880050562903683
338730224709676774412755851787278702947952010784-1454952188391427871478129207189215566009723810659,996.9778248817871,sum <=,Std >,338730224709676774412755851787278702947952010784,1454952188391427871478129207189215566009723810659
338730224709676774412755851787278702947952010784-1455733501014453866297060548284701359849809242142,17204.653132445837,sum <=,DHCP <=,338730224709676774412755851787278702947952010784,1455733501014453866297060548284701359849809242142
338730224709676774412755851787278702947952010784-153155765823982001952501641876618811106762500815,12940.18369686992,sum <=,ack_flag_number >,338730224709676774412755851787278702947952010784,153155765823982001952501641876618811106762500815
338730224709676774412755851787278702947952010784-160227321490815016489601533331665083666172936667,8438.97398000242,sum <=,IGMP <=,338730224709676774412755851787278702947952010784,160227321490815016489601533331665083666172936667
338730224709676774412755851787278702947952010784-161772624339136553719839337862344762258727720981,9596.705803611347,sum <=,ack_flag_number <=,338730224709676774412755851787278702947952010784,161772624339136553719839337862344762258727720981
338730224709676774412755851787278702947952010784-171982518954274878349485416184092168691833932185,53162.0495679113,sum <=,Class 1,338730224709676774412755851787278702947952010784,171982518954274878349485416184092168691833932185
338730224709676774412755851787278702947952010784-207766774224049171901964708681563529125144087827,574.7521604435024,sum <=,HTTP >,338730224709676774412755851787278702947952010784,207766774224049171901964708681563529125144087827
338730224709676774412755851787278702947952010784-215123608059624622405742600984392925785664489773,4727.229806493691,sum <=,Variance <=,338730224709676774412755851787278702947952010784,215123608059624622405742600984392925785664489773
338730224709676774412755851787278702947952010784-218607780770691257170847497927336330511308420255,3478.816240013044,sum <=,ack_count >,338730224709676774412755851787278702947952010784,218607780770691257170847497927336330511308420255
338730224709676774412755851787278702947952010784-223165296026140232481876277255273629987157553131,4384.802772415752,sum <=,Header_Length >,338730224709676774412755851787278702947952010784,223165296026140232481876277255273629987157553131
338730224709676774412755851787278702947952010784-335418722972519651500040442315750311827115323662,1508.6959100161475,sum <=,Rate >,338730224709676774412755851787278702947952010784,335418722972519651500040442315750311827115323662
338730224709676774412755851787278702947952010784-337274849629170698169636561573185333120886675912,47.47513451818034,sum <=,ece_flag_number >,338730224709676774412755851787278702947952010784,337274849629170698169636561573185333120886675912
338730224709676774412755851787278702947952010784-338730224709676774412755851787278702947952010784,10362.710745149194,sum <=,sum <=,338730224709676774412755851787278702947952010784,338730224709676774412755851787278702947952010784
338730224709676774412755851787278702947952010784-371266811264664269299964157380215767396824640058,94.95026903636068,sum <=,ICMP >,338730224709676774412755851787278702947952010784,371266811264664269299964157380215767396824640058
338730224709676774412755851787278702947952010784-378316838538499851440768051160724422589084218125,3965.6888961356594,sum <=,IAT <=,338730224709676774412755851787278702947952010784,378316838538499851440768051160724422589084218125
338730224709676774412755851787278702947952010784-40351198695966294513339726256484683518911283460,6542.396119880288,sum <=,fin_flag_number <=,338730224709676774412755851787278702947952010784,40351198695966294513339726256484683518911283460
338730224709676774412755851787278702947952010784-450410814915736770904937984733342042835793211647,13036.469916843307,sum <=,ece_flag_number <=,338730224709676774412755851787278702947952010784,450410814915736770904937984733342042835793211647
338730224709676774412755851787278702947952010784-475011065740486827108472353828139148231878458661,17317.37806577847,sum <=,syn_flag_number <=,338730224709676774412755851787278702947952010784,475011065740486827108472353828139148231878458661
338730224709676774412755851787278702947952010784-505469541859377927785473031559292540931343582537,3106.085928583075,sum <=,ICMP <=,338730224709676774412755851787278702947952010784,505469541859377927785473031559292540931343582537
338730224709676774412755851787278702947952010784-510505520442458443414009447271658614884328320759,4.040436980270667,sum <=,IRC <=,338730224709676774412755851787278702947952010784,510505520442458443414009447271658614884328320759
338730224709676774412755851787278702947952010784-520582048177068818674784514618258893555315007951,2060.62285993804,sum <=,LLC <=,338730224709676774412755851787278702947952010784,520582048177068818674784514618258893555315007951
338730224709676774412755851787278702947952010784-565103970815292376991711972572924808853013487374,5.0505462253383335,sum <=,IGMP >,338730224709676774412755851787278702947952010784,565103970815292376991711972572924808853013487374
338730224709676774412755851787278702947952010784-629827923182617752624696690572530002196221478554,510.8708967352714,sum <=,DHCP >,338730224709676774412755851787278702947952010784,629827923182617752624696690572530002196221478554
338730224709676774412755851787278702947952010784-681503808608794911981134712221284126975357543438,22038.921934747505,sum <=,syn_count <=,338730224709676774412755851787278702947952010784,681503808608794911981134712221284126975357543438
338730224709676774412755851787278702947952010784-684418957212367241623111035135876005715150589706,17178.68354959684,sum <=,HTTP <=,338730224709676774412755851787278702947952010784,684418957212367241623111035135876005715150589706
338730224709676774412755851787278702947952010784-714914936218336719861297767221934377853836589461,1129.1392151396728,sum <=,UDP >,338730224709676774412755851787278702947952010784,714914936218336719861297767221934377853836589461
338730224709676774412755851787278702947952010784-786396322989194697344344278946426998739971577495,7771.650194873845,sum <=,HTTPS <=,338730224709676774412755851787278702947952010784,786396322989194697344344278946426998739971577495
338730224709676774412755851787278702947952010784-795584812918386367255521286735341258439959854242,5704.054322727919,sum <=,syn_count >,338730224709676774412755851787278702947952010784,795584812918386367255521286735341258439959854242
338730224709676774412755851787278702947952010784-835140271881840015202809914014108690929910415575,4429.247579198729,sum <=,IAT >,338730224709676774412755851787278702947952010784,835140271881840015202809914014108690929910415575
338730224709676774412755851787278702947952010784-841356973986788424033641854148712928121319667477,791.8441877100614,sum <=,Variance >,338730224709676774412755851787278702947952010784,841356973986788424033641854148712928121319667477
338730224709676774412755851787278702947952010784-841518471221275042570144506781210008737201997031,14494.05755747595,sum <=,Min <=,338730224709676774412755851787278702947952010784,841518471221275042570144506781210008737201997031
338730224709676774412755851787278702947952010784-843826879422383561066103188424018239931401286651,1879.8133050709278,sum <=,ack_count <=,338730224709676774412755851787278702947952010784,843826879422383561066103188424018239931401286651
338730224709676774412755851787278702947952010784-896530251803066355404557928035950607124936193677,5045.414218690006,sum <=,psh_flag_number <=,338730224709676774412755851787278702947952010784,896530251803066355404557928035950607124936193677
338730224709676774412755851787278702947952010784-922599836131670820904126277297069322180441856169,4155.100671670445,sum <=,Rate <=,338730224709676774412755851787278702947952010784,922599836131670820904126277297069322180441856169
338730224709676774412755851787278702947952010784-926368966621798523173828527325665066772113177503,6937.218498024963,sum <=,UDP <=,338730224709676774412755851787278702947952010784,926368966621798523173828527325665066772113177503
338730224709676774412755851787278702947952010784-940331364486966071141541838460909450599289486914,45.454916028045005,sum <=,rst_count >,338730224709676774412755851787278702947952010784,940331364486966071141541838460909450599289486914
338730224709676774412755851787278702947952010784-974265510705878984211701297112044370513255377925,4123.265938366216,sum <=,Std <=,338730224709676774412755851787278702947952010784,974265510705878984211701297112044370513255377925
371266811264664269299964157380215767396824640058-1043469376771332113858820724324827897913309990452,224.24425240502202,ICMP >,LLC >,371266811264664269299964157380215767396824640058,1043469376771332113858820724324827897913309990452
371266811264664269299964157380215767396824640058-1043754360836331848364792327262011021650379248223,42.424588292842,ICMP >,DNS >,371266811264664269299964157380215767396824640058,1043754360836331848364792327262011021650379248223
371266811264664269299964157380215767396824640058-1077028023530208599426324724984012030801332581683,15.151638676015,ICMP >,Time_To_Live >,371266811264664269299964157380215767396824640058,1077028023530208599426324724984012030801332581683
371266811264664269299964157380215767396824640058-1085488307210616684491611463585545838953333018237,119.19289091798467,ICMP >,Type >,371266811264664269299964157380215767396824640058,1085488307210616684491611463585545838953333018237
371266811264664269299964157380215767396824640058-1091995366823138898995898948102109473193356840202,82.82895809554867,ICMP >,DNS <=,371266811264664269299964157380215767396824640058,1091995366823138898995898948102109473193356840202
371266811264664269299964157380215767396824640058-109928824856976412487775174607761519739702474552,37.37404206750367,ICMP >,Number <=,371266811264664269299964157380215767396824640058,109928824856976412487775174607761519739702474552
371266811264664269299964157380215767396824640058-1118614325010621431186771152252517336813918651911,7.0707647154736675,ICMP >,sum >,371266811264664269299964157380215767396824640058,1118614325010621431186771152252517336813918651911
371266811264664269299964157380215767396824640058-1184472685782376059334758133512718430805424685192,1.0101092450676668,ICMP >,SSH >,371266811264664269299964157380215767396824640058,1184472685782376059334758133512718430805424685192
371266811264664269299964157380215767396824640058-1232849963170894971818913290506039176322619533319,505.05462253383337,ICMP >,psh_flag_number >,371266811264664269299964157380215767396824640058,1232849963170894971818913290506039176322619533319
371266811264664269299964157380215767396824640058-1233133706649643691022119102239698495899057226060,89.89972281102234,ICMP >,Time_To_Live <=,371266811264664269299964157380215767396824640058,1233133706649643691022119102239698495899057226060
371266811264664269299964157380215767396824640058-1236189254858718471128603624930063881324958313531,82.82895809554867,ICMP >,HTTPS >,371266811264664269299964157380215767396824640058,1236189254858718471128603624930063881324958313531
371266811264664269299964157380215767396824640058-1239329028096551917906154637654656383307088642249,23.232512636556336,ICMP >,cwr_flag_number <=,371266811264664269299964157380215767396824640058,1239329028096551917906154637654656383307088642249
371266811264664269299964157380215767396824640058-1251276136943778783713685275011300537715092657394,3.0303277352030005,ICMP >,fin_flag_number >,371266811264664269299964157380215767396824640058,1251276136943778783713685275011300537715092657394
371266811264664269299964157380215767396824640058-1329847435934461746074927120436757452470095790255,20.202184901353334,ICMP >,Min >,371266811264664269299964157380215767396824640058,1329847435934461746074927120436757452470095790255
371266811264664269299964157380215767396824640058-1338222599102815322204523610829624561969283441716,1.0101092450676668,ICMP >,SSH <=,371266811264664269299964157380215767396824640058,1338222599102815322204523610829624561969283441716
371266811264664269299964157380215767396824640058-1345309773886921328764805451107636357621530213384,2198.225806451613,ICMP >,Class -1,371266811264664269299964157380215767396824640058,1345309773886921328764805451107636357621530213384
371266811264664269299964157380215767396824640058-1375509225989204300559045429796274689340158771149,181.81966411218002,ICMP >,rst_count <=,371266811264664269299964157380215767396824640058,1375509225989204300559045429796274689340158771149
371266811264664269299964157380215767396824640058-1379366653555122327876205020011632492492609315477,656.5710092939834,ICMP >,Type <=,371266811264664269299964157380215767396824640058,1379366653555122327876205020011632492492609315477
371266811264664269299964157380215767396824640058-1418162538066850581097605911983264533342366443794,1488.3308042688154,ICMP >,Header_Length <=,371266811264664269299964157380215767396824640058,1418162538066850581097605911983264533342366443794
371266811264664269299964157380215767396824640058-1429650867505148313720594668477948880050562903683,204.97071632574702,ICMP >,syn_flag_number >,371266811264664269299964157380215767396824640058,1429650867505148313720594668477948880050562903683
371266811264664269299964157380215767396824640058-1454952188391427871478129207189215566009723810659,82.82895809554867,ICMP >,Std >,371266811264664269299964157380215767396824640058,1454952188391427871478129207189215566009723810659
371266811264664269299964157380215767396824640058-1455733501014453866297060548284701359849809242142,181.7382036891907,ICMP >,DHCP <=,371266811264664269299964157380215767396824640058,1455733501014453866297060548284701359849809242142
371266811264664269299964157380215767396824640058-153155765823982001952501641876618811106762500815,38.38415131257133,ICMP >,ack_flag_number >,371266811264664269299964157380215767396824640058,153155765823982001952501641876618811106762500815
371266811264664269299964157380215767396824640058-160227321490815016489601533331665083666172936667,239.23297023505836,ICMP >,IGMP <=,371266811264664269299964157380215767396824640058,160227321490815016489601533331665083666172936667
371266811264664269299964157380215767396824640058-161772624339136553719839337862344762258727720981,458.3452159917527,ICMP >,ack_flag_number <=,371266811264664269299964157380215767396824640058,161772624339136553719839337862344762258727720981
371266811264664269299964157380215767396824640058-171982518954274878349485416184092168691833932185,3108.1061470732106,ICMP >,Class 1,371266811264664269299964157380215767396824640058,171982518954274878349485416184092168691833932185
371266811264664269299964157380215767396824640058-207766774224049171901964708681563529125144087827,13.131420185879668,ICMP >,HTTP >,371266811264664269299964157380215767396824640058,207766774224049171901964708681563529125144087827
371266811264664269299964157380215767396824640058-215123608059624622405742600984392925785664489773,193.8595146300027,ICMP >,Variance <=,371266811264664269299964157380215767396824640058,215123608059624622405742600984392925785664489773
371266811264664269299964157380215767396824640058-218607780770691257170847497927336330511308420255,66.667210174466,ICMP >,ack_count >,371266811264664269299964157380215767396824640058,218607780770691257170847497927336330511308420255
371266811264664269299964157380215767396824640058-223165296026140232481876277255273629987157553131,385.78027119285935,ICMP >,Header_Length >,371266811264664269299964157380215767396824640058,223165296026140232481876277255273629987157553131
371266811264664269299964157380215767396824640058-335418722972519651500040442315750311827115323662,330.14280229114837,ICMP >,Rate >,371266811264664269299964157380215767396824640058,335418722972519651500040442315750311827115323662
371266811264664269299964157380215767396824640058-338730224709676774412755851787278702947952010784,52.52568074351867,ICMP >,sum <=,371266811264664269299964157380215767396824640058,338730224709676774412755851787278702947952010784
371266811264664269299964157380215767396824640058-378316838538499851440768051160724422589084218125,341.33546440988204,ICMP >,IAT <=,371266811264664269299964157380215767396824640058,378316838538499851440768051160724422589084218125
371266811264664269299964157380215767396824640058-40351198695966294513339726256484683518911283460,109.09179846730801,ICMP >,fin_flag_number <=,371266811264664269299964157380215767396824640058,40351198695966294513339726256484683518911283460
371266811264664269299964157380215767396824640058-450410814915736770904937984733342042835793211647,7.0707647154736675,ICMP >,ece_flag_number <=,371266811264664269299964157380215767396824640058,450410814915736770904937984733342042835793211647
371266811264664269299964157380215767396824640058-475011065740486827108472353828139148231878458661,222.2240339148867,ICMP >,syn_flag_number <=,371266811264664269299964157380215767396824640058,475011065740486827108472353828139148231878458661
371266811264664269299964157380215767396824640058-505469541859377927785473031559292540931343582537,27.272949616827002,ICMP >,ICMP <=,371266811264664269299964157380215767396824640058,505469541859377927785473031559292540931343582537
371266811264664269299964157380215767396824640058-510505520442458443414009447271658614884328320759,1547.9272497278077,ICMP >,IRC <=,371266811264664269299964157380215767396824640058,510505520442458443414009447271658614884328320759
371266811264664269299964157380215767396824640058-520582048177068818674784514618258893555315007951,63.636882439263005,ICMP >,LLC <=,371266811264664269299964157380215767396824640058,520582048177068818674784514618258893555315007951
371266811264664269299964157380215767396824640058-681503808608794911981134712221284126975357543438,81.818848850481,ICMP >,syn_count <=,371266811264664269299964157380215767396824640058,681503808608794911981134712221284126975357543438
371266811264664269299964157380215767396824640058-684418957212367241623111035135876005715150589706,120.20300016305234,ICMP >,HTTP <=,371266811264664269299964157380215767396824640058,684418957212367241623111035135876005715150589706
371266811264664269299964157380215767396824640058-708408391217891577256114269656040681679338993095,3.0303277352030005,ICMP >,IRC >,371266811264664269299964157380215767396824640058,708408391217891577256114269656040681679338993095
371266811264664269299964157380215767396824640058-714914936218336719861297767221934377853836589461,992.2857045176019,ICMP >,UDP >,371266811264664269299964157380215767396824640058,714914936218336719861297767221934377853836589461
371266811264664269299964157380215767396824640058-786396322989194697344344278946426998739971577495,750.1853273933191,ICMP >,HTTPS <=,371266811264664269299964157380215767396824640058,786396322989194697344344278946426998739971577495
371266811264664269299964157380215767396824640058-795584812918386367255521286735341258439959854242,12.121310940812002,ICMP >,syn_count >,371266811264664269299964157380215767396824640058,795584812918386367255521286735341258439959854242
371266811264664269299964157380215767396824640058-835140271881840015202809914014108690929910415575,274.5867938124267,ICMP >,IAT >,371266811264664269299964157380215767396824640058,835140271881840015202809914014108690929910415575
371266811264664269299964157380215767396824640058-841356973986788424033641854148712928121319667477,24.242621881624004,ICMP >,Variance >,371266811264664269299964157380215767396824640058,841356973986788424033641854148712928121319667477
371266811264664269299964157380215767396824640058-841518471221275042570144506781210008737201997031,575.6808092655807,ICMP >,Min <=,371266811264664269299964157380215767396824640058,841518471221275042570144506781210008737201997031
371266811264664269299964157380215767396824640058-843826879422383561066103188424018239931401286651,169.6168927483787,ICMP >,ack_count <=,371266811264664269299964157380215767396824640058,843826879422383561066103188424018239931401286651
371266811264664269299964157380215767396824640058-896530251803066355404557928035950607124936193677,138.38496657427035,ICMP >,psh_flag_number <=,371266811264664269299964157380215767396824640058,896530251803066355404557928035950607124936193677
371266811264664269299964157380215767396824640058-922599836131670820904126277297069322180441856169,614.7492281312624,ICMP >,Rate <=,371266811264664269299964157380215767396824640058,922599836131670820904126277297069322180441856169
371266811264664269299964157380215767396824640058-926368966621798523173828527325665066772113177503,1335.3644219794555,ICMP >,UDP <=,371266811264664269299964157380215767396824640058,926368966621798523173828527325665066772113177503
371266811264664269299964157380215767396824640058-974265510705878984211701297112044370513255377925,183.83988260231536,ICMP >,Std <=,371266811264664269299964157380215767396824640058,974265510705878984211701297112044370513255377925
378316838538499851440768051160724422589084218125-1043469376771332113858820724324827897913309990452,4952.56562856677,IAT <=,LLC >,378316838538499851440768051160724422589084218125,1043469376771332113858820724324827897913309990452
378316838538499851440768051160724422589084218125-1043754360836331848364792327262011021650379248223,2936.74600127286,IAT <=,DNS >,378316838538499851440768051160724422589084218125,1043754360836331848364792327262011021650379248223
378316838538499851440768051160724422589084218125-1077028023530208599426324724984012030801332581683,6567.160088469044,IAT <=,Time_To_Live >,378316838538499851440768051160724422589084218125,1077028023530208599426324724984012030801332581683
378316838538499851440768051160724422589084218125-1085488307210616684491611463585545838953333018237,904.0477743355617,IAT <=,Type >,378316838538499851440768051160724422589084218125,1085488307210616684491611463585545838953333018237
378316838538499851440768051160724422589084218125-1091995366823138898995898948102109473193356840202,22437.556660688082,IAT <=,DNS <=,378316838538499851440768051160724422589084218125,1091995366823138898995898948102109473193356840202
378316838538499851440768051160724422589084218125-109928824856976412487775174607761519739702474552,6129.2614386476125,IAT <=,Number <=,378316838538499851440768051160724422589084218125,109928824856976412487775174607761519739702474552
378316838538499851440768051160724422589084218125-1118614325010621431186771152252517336813918651911,2662.9249354365334,IAT <=,sum >,378316838538499851440768051160724422589084218125,1118614325010621431186771152252517336813918651911
378316838538499851440768051160724422589084218125-1184472685782376059334758133512718430805424685192,30.30327735203,IAT <=,SSH >,378316838538499851440768051160724422589084218125,1184472685782376059334758133512718430805424685192
378316838538499851440768051160724422589084218125-1232849963170894971818913290506039176322619533319,1628.2961030490787,IAT <=,psh_flag_number >,378316838538499851440768051160724422589084218125,1232849963170894971818913290506039176322619533319
378316838538499851440768051160724422589084218125-1233133706649643691022119102239698495899057226060,3492.7133881750237,IAT <=,Time_To_Live <=,378316838538499851440768051160724422589084218125,1233133706649643691022119102239698495899057226060
378316838538499851440768051160724422589084218125-1236189254858718471128603624930063881324958313531,19151.67128648296,IAT <=,HTTPS >,378316838538499851440768051160724422589084218125,1236189254858718471128603624930063881324958313531
378316838538499851440768051160724422589084218125-1239329028096551917906154637654656383307088642249,7628.345018751019,IAT <=,cwr_flag_number <=,378316838538499851440768051160724422589084218125,1239329028096551917906154637654656383307088642249
378316838538499851440768051160724422589084218125-1251276136943778783713685275011300537715092657394,648.490135333442,IAT <=,fin_flag_number >,378316838538499851440768051160724422589084218125,1251276136943778783713685275011300537715092657394
378316838538499851440768051160724422589084218125-1329847435934461746074927120436757452470095790255,1645.1421185232718,IAT <=,Min >,378316838538499851440768051160724422589084218125,1329847435934461746074927120436757452470095790255
378316838538499851440768051160724422589084218125-1338222599102815322204523610829624561969283441716,9590.694024394734,IAT <=,SSH <=,378316838538499851440768051160724422589084218125,1338222599102815322204523610829624561969283441716
378316838538499851440768051160724422589084218125-1345309773886921328764805451107636357621530213384,7793.709677419355,IAT <=,Class -1,378316838538499851440768051160724422589084218125,1345309773886921328764805451107636357621530213384
378316838538499851440768051160724422589084218125-1375509225989204300559045429796274689340158771149,5777.417579672107,IAT <=,rst_count <=,378316838538499851440768051160724422589084218125,1375509225989204300559045429796274689340158771149
378316838538499851440768051160724422589084218125-1379366653555122327876205020011632492492609315477,3233.392277630797,IAT <=,Type <=,378316838538499851440768051160724422589084218125,1379366653555122327876205020011632492492609315477
378316838538499851440768051160724422589084218125-1418162538066850581097605911983264533342366443794,13589.358099756473,IAT <=,Header_Length <=,378316838538499851440768051160724422589084218125,1418162538066850581097605911983264533342366443794
378316838538499851440768051160724422589084218125-1429650867505148313720594668477948880050562903683,7686.768434118965,IAT <=,syn_flag_number >,378316838538499851440768051160724422589084218125,1429650867505148313720594668477948880050562903683
378316838538499851440768051160724422589084218125-1454952188391427871478129207189215566009723810659,447.4783955649764,IAT <=,Std >,378316838538499851440768051160724422589084218125,1454952188391427871478129207189215566009723810659
378316838538499851440768051160724422589084218125-1455733501014453866297060548284701359849809242142,5356.039103632911,IAT <=,DHCP <=,378316838538499851440768051160724422589084218125,1455733501014453866297060548284701359849809242142
378316838538499851440768051160724422589084218125-153155765823982001952501641876618811106762500815,2328.3018098809716,IAT <=,ack_flag_number >,378316838538499851440768051160724422589084218125,153155765823982001952501641876618811106762500815
378316838538499851440768051160724422589084218125-160227321490815016489601533331665083666172936667,973.7453122452307,IAT <=,IGMP <=,378316838538499851440768051160724422589084218125,160227321490815016489601533331665083666172936667
378316838538499851440768051160724422589084218125-161772624339136553719839337862344762258727720981,3171.205390720744,IAT <=,ack_flag_number <=,378316838538499851440768051160724422589084218125,161772624339136553719839337862344762258727720981
378316838538499851440768051160724422589084218125-171982518954274878349485416184092168691833932185,43405.40436980271,IAT <=,Class 1,378316838538499851440768051160724422589084218125,171982518954274878349485416184092168691833932185
378316838538499851440768051160724422589084218125-207766774224049171901964708681563529125144087827,1057.7798846010214,IAT <=,HTTP >,378316838538499851440768051160724422589084218125,207766774224049171901964708681563529125144087827
378316838538499851440768051160724422589084218125-215123608059624622405742600984392925785664489773,3583.704680654103,IAT <=,Variance <=,378316838538499851440768051160724422589084218125,215123608059624622405742600984392925785664489773
378316838538499851440768051160724422589084218125-218607780770691257170847497927336330511308420255,1425.2641447904778,IAT <=,ack_count >,378316838538499851440768051160724422589084218125,218607780770691257170847497927336330511308420255
378316838538499851440768051160724422589084218125-223165296026140232481876277255273629987157553131,6777.165058935531,IAT <=,Header_Length >,378316838538499851440768051160724422589084218125,223165296026140232481876277255273629987157553131
378316838538499851440768051160724422589084218125-335418722972519651500040442315750311827115323662,467.59912004334035,IAT <=,Rate >,378316838538499851440768051160724422589084218125,335418722972519651500040442315750311827115323662
378316838538499851440768051160724422589084218125-338730224709676774412755851787278702947952010784,4048.5178542312083,IAT <=,sum <=,378316838538499851440768051160724422589084218125,338730224709676774412755851787278702947952010784
378316838538499851440768051160724422589084218125-371266811264664269299964157380215767396824640058,116.16256318278168,IAT <=,ICMP >,378316838538499851440768051160724422589084218125,371266811264664269299964157380215767396824640058
378316838538499851440768051160724422589084218125-378316838538499851440768051160724422589084218125,3419.904062107162,IAT <=,IAT <=,378316838538499851440768051160724422589084218125,378316838538499851440768051160724422589084218125
378316838538499851440768051160724422589084218125-40351198695966294513339726256484683518911283460,5909.13908364585,IAT <=,fin_flag_number <=,378316838538499851440768051160724422589084218125,40351198695966294513339726256484683518911283460
378316838538499851440768051160724422589084218125-426624906449189252299067265451872698344494536313,7893.629032258064,IAT <=,Number >,378316838538499851440768051160724422589084218125,426624906449189252299067265451872698344494536313
378316838538499851440768051160724422589084218125-450410814915736770904937984733342042835793211647,200.001630523398,IAT <=,ece_flag_number <=,378316838538499851440768051160724422589084218125,450410814915736770904937984733342042835793211647
378316838538499851440768051160724422589084218125-475011065740486827108472353828139148231878458661,15547.56891591233,IAT <=,syn_flag_number <=,378316838538499851440768051160724422589084218125,475011065740486827108472353828139148231878458661
378316838538499851440768051160724422589084218125-505469541859377927785473031559292540931343582537,6011.828092866197,IAT <=,ICMP <=,378316838538499851440768051160724422589084218125,505469541859377927785473031559292540931343582537
378316838538499851440768051160724422589084218125-520582048177068818674784514618258893555315007951,242.42621881624,IAT <=,LLC <=,378316838538499851440768051160724422589084218125,520582048177068818674784514618258893555315007951
378316838538499851440768051160724422589084218125-629827923182617752624696690572530002196221478554,258.42504589134404,IAT <=,DHCP >,378316838538499851440768051160724422589084218125,629827923182617752624696690572530002196221478554
378316838538499851440768051160724422589084218125-681503808608794911981134712221284126975357543438,10506.064797525813,IAT <=,syn_count <=,378316838538499851440768051160724422589084218125,681503808608794911981134712221284126975357543438
378316838538499851440768051160724422589084218125-684418957212367241623111035135876005715150589706,2839.449672054407,IAT <=,HTTP <=,378316838538499851440768051160724422589084218125,684418957212367241623111035135876005715150589706
378316838538499851440768051160724422589084218125-714914936218336719861297767221934377853836589461,1166.3503363611978,IAT <=,UDP >,378316838538499851440768051160724422589084218125,714914936218336719861297767221934377853836589461
378316838538499851440768051160724422589084218125-786396322989194697344344278946426998739971577495,6312.0260436664685,IAT <=,HTTPS <=,378316838538499851440768051160724422589084218125,786396322989194697344344278946426998739971577495
378316838538499851440768051160724422589084218125-795584812918386367255521286735341258439959854242,1843.5634168406768,IAT <=,syn_count >,378316838538499851440768051160724422589084218125,795584812918386367255521286735341258439959854242
378316838538499851440768051160724422589084218125-835140271881840015202809914014108690929910415575,1933.3002188057205,IAT <=,IAT >,378316838538499851440768051160724422589084218125,835140271881840015202809914014108690929910415575
378316838538499851440768051160724422589084218125-841356973986788424033641854148712928121319667477,842.3496499634448,IAT <=,Variance >,378316838538499851440768051160724422589084218125,841356973986788424033641854148712928121319667477
378316838538499851440768051160724422589084218125-841518471221275042570144506781210008737201997031,14242.686984215481,IAT <=,Min <=,378316838538499851440768051160724422589084218125,841518471221275042570144506781210008737201997031
378316838538499851440768051160724422589084218125-843826879422383561066103188424018239931401286651,7091.032068713412,IAT <=,ack_count <=,378316838538499851440768051160724422589084218125,843826879422383561066103188424018239931401286651
378316838538499851440768051160724422589084218125-896530251803066355404557928035950607124936193677,2926.2864829610307,IAT <=,psh_flag_number <=,378316838538499851440768051160724422589084218125,896530251803066355404557928035950607124936193677
378316838538499851440768051160724422589084218125-922599836131670820904126277297069322180441856169,9393.445756168376,IAT <=,Rate <=,378316838538499851440768051160724422589084218125,922599836131670820904126277297069322180441856169
378316838538499851440768051160724422589084218125-926368966621798523173828527325665066772113177503,34623.84043487637,IAT <=,UDP <=,378316838538499851440768051160724422589084218125,926368966621798523173828527325665066772113177503
378316838538499851440768051160724422589084218125-940331364486966071141541838460909450599289486914,57.57622696885701,IAT <=,rst_count >,378316838538499851440768051160724422589084218125,940331364486966071141541838460909450599289486914
378316838538499851440768051160724422589084218125-974265510705878984211701297112044370513255377925,5560.195215728765,IAT <=,Std <=,378316838538499851440768051160724422589084218125,974265510705878984211701297112044370513255377925
40351198695966294513339726256484683518911283460-1043469376771332113858820724324827897913309990452,6163.360771710945,fin_flag_number <=,LLC >,40351198695966294513339726256484683518911283460,1043469376771332113858820724324827897913309990452
40351198695966294513339726256484683518911283460-1043754360836331848364792327262011021650379248223,756.5718245556824,fin_flag_number <=,DNS >,40351198695966294513339726256484683518911283460,1043754360836331848364792327262011021650379248223
40351198695966294513339726256484683518911283460-1077028023530208599426324724984012030801332581683,4498.01646828632,fin_flag_number <=,Time_To_Live >,40351198695966294513339726256484683518911283460,1077028023530208599426324724984012030801332581683
40351198695966294513339726256484683518911283460-1085488307210616684491611463585545838953333018237,2047.4914397521604,fin_flag_number <=,Type >,40351198695966294513339726256484683518911283460,1085488307210616684491611463585545838953333018237
40351198695966294513339726256484683518911283460-1091995366823138898995898948102109473193356840202,4381.886489272734,fin_flag_number <=,DNS <=,40351198695966294513339726256484683518911283460,1091995366823138898995898948102109473193356840202
40351198695966294513339726256484683518911283460-109928824856976412487775174607761519739702474552,10528.124280071323,fin_flag_number <=,Number <=,40351198695966294513339726256484683518911283460,109928824856976412487775174607761519739702474552
40351198695966294513339726256484683518911283460-1118614325010621431186771152252517336813918651911,7629.273667573098,fin_flag_number <=,sum >,40351198695966294513339726256484683518911283460,1118614325010621431186771152252517336813918651911
40351198695966294513339726256484683518911283460-1184472685782376059334758133512718430805424685192,3.0303277352030005,fin_flag_number <=,SSH >,40351198695966294513339726256484683518911283460,1184472685782376059334758133512718430805424685192
40351198695966294513339726256484683518911283460-1232849963170894971818913290506039176322619533319,1714.1553888798305,fin_flag_number <=,psh_flag_number >,40351198695966294513339726256484683518911283460,1232849963170894971818913290506039176322619533319
40351198695966294513339726256484683518911283460-1233133706649643691022119102239698495899057226060,3712.151475623675,fin_flag_number <=,Time_To_Live <=,40351198695966294513339726256484683518911283460,1233133706649643691022119102239698495899057226060
40351198695966294513339726256484683518911283460-1236189254858718471128603624930063881324958313531,4984.8891244089355,fin_flag_number <=,HTTPS >,40351198695966294513339726256484683518911283460,1236189254858718471128603624930063881324958313531
40351198695966294513339726256484683518911283460-1239329028096551917906154637654656383307088642249,8.080873960541334,fin_flag_number <=,cwr_flag_number <=,40351198695966294513339726256484683518911283460,1239329028096551917906154637654656383307088642249
40351198695966294513339726256484683518911283460-1251276136943778783713685275011300537715092657394,3073.9090615022906,fin_flag_number <=,fin_flag_number >,40351198695966294513339726256484683518911283460,1251276136943778783713685275011300537715092657394
40351198695966294513339726256484683518911283460-1329847435934461746074927120436757452470095790255,457.57948801565306,fin_flag_number <=,Min >,40351198695966294513339726256484683518911283460,1329847435934461746074927120436757452470095790255
40351198695966294513339726256484683518911283460-1338222599102815322204523610829624561969283441716,3130.2470900417097,fin_flag_number <=,SSH <=,40351198695966294513339726256484683518911283460,1338222599102815322204523610829624561969283441716
40351198695966294513339726256484683518911283460-1345309773886921328764805451107636357621530213384,14088.629032258064,fin_flag_number <=,Class -1,40351198695966294513339726256484683518911283460,1345309773886921328764805451107636357621530213384
40351198695966294513339726256484683518911283460-1375509225989204300559045429796274689340158771149,10322.990642899596,fin_flag_number <=,rst_count <=,40351198695966294513339726256484683518911283460,1375509225989204300559045429796274689340158771149
40351198695966294513339726256484683518911283460-1379366653555122327876205020011632492492609315477,14878.746259000753,fin_flag_number <=,Type <=,40351198695966294513339726256484683518911283460,1379366653555122327876205020011632492492609315477
40351198695966294513339726256484683518911283460-1418162538066850581097605911983264533342366443794,6255.117792166124,fin_flag_number <=,Header_Length <=,40351198695966294513339726256484683518911283460,1418162538066850581097605911983264533342366443794
40351198695966294513339726256484683518911283460-1429650867505148313720594668477948880050562903683,1608.1265023169212,fin_flag_number <=,syn_flag_number >,40351198695966294513339726256484683518911283460,1429650867505148313720594668477948880050562903683
40351198695966294513339726256484683518911283460-1454952188391427871478129207189215566009723810659,1388.9002119680417,fin_flag_number <=,Std >,40351198695966294513339726256484683518911283460,1454952188391427871478129207189215566009723810659
40351198695966294513339726256484683518911283460-1455733501014453866297060548284701359849809242142,871.7242784933964,fin_flag_number <=,DHCP <=,40351198695966294513339726256484683518911283460,1455733501014453866297060548284701359849809242142
40351198695966294513339726256484683518911283460-153155765823982001952501641876618811106762500815,1379.8092287624327,fin_flag_number <=,ack_flag_number >,40351198695966294513339726256484683518911283460,153155765823982001952501641876618811106762500815
40351198695966294513339726256484683518911283460-160227321490815016489601533331665083666172936667,369.69998369476605,fin_flag_number <=,IGMP <=,40351198695966294513339726256484683518911283460,160227321490815016489601533331665083666172936667
40351198695966294513339726256484683518911283460-161772624339136553719839337862344762258727720981,2081.590772815493,fin_flag_number <=,ack_flag_number <=,40351198695966294513339726256484683518911283460,161772624339136553719839337862344762258727720981
40351198695966294513339726256484683518911283460-171982518954274878349485416184092168691833932185,29043.67112343062,fin_flag_number <=,Class 1,40351198695966294513339726256484683518911283460,171982518954274878349485416184092168691833932185
40351198695966294513339726256484683518911283460-207766774224049171901964708681563529125144087827,279.63734003776506,fin_flag_number <=,HTTP >,40351198695966294513339726256484683518911283460,207766774224049171901964708681563529125144087827
40351198695966294513339726256484683518911283460-215123608059624622405742600984392925785664489773,4117.645169179952,fin_flag_number <=,Variance <=,40351198695966294513339726256484683518911283460,215123608059624622405742600984392925785664489773
40351198695966294513339726256484683518911283460-218607780770691257170847497927336330511308420255,728.2887656937877,fin_flag_number <=,ack_count >,40351198695966294513339726256484683518911283460,218607780770691257170847497927336330511308420255
40351198695966294513339726256484683518911283460-223165296026140232481876277255273629987157553131,5611.547866381237,fin_flag_number <=,Header_Length >,40351198695966294513339726256484683518911283460,223165296026140232481876277255273629987157553131
40351198695966294513339726256484683518911283460-335418722972519651500040442315750311827115323662,1984.8646665579652,fin_flag_number <=,Rate >,40351198695966294513339726256484683518911283460,335418722972519651500040442315750311827115323662
40351198695966294513339726256484683518911283460-338730224709676774412755851787278702947952010784,8695.020381542476,fin_flag_number <=,sum <=,40351198695966294513339726256484683518911283460,338730224709676774412755851787278702947952010784
40351198695966294513339726256484683518911283460-371266811264664269299964157380215767396824640058,227.1931197172357,fin_flag_number <=,ICMP >,40351198695966294513339726256484683518911283460,371266811264664269299964157380215767396824640058
40351198695966294513339726256484683518911283460-378316838538499851440768051160724422589084218125,3123.2577857492256,fin_flag_number <=,IAT <=,40351198695966294513339726256484683518911283460,378316838538499851440768051160724422589084218125
40351198695966294513339726256484683518911283460-40351198695966294513339726256484683518911283460,2940.428012391978,fin_flag_number <=,fin_flag_number <=,40351198695966294513339726256484683518911283460,40351198695966294513339726256484683518911283460
40351198695966294513339726256484683518911283460-426624906449189252299067265451872698344494536313,903.3146305286577,fin_flag_number <=,Number >,40351198695966294513339726256484683518911283460,426624906449189252299067265451872698344494536313
40351198695966294513339726256484683518911283460-450410814915736770904937984733342042835793211647,2273.7559106473177,fin_flag_number <=,ece_flag_number <=,40351198695966294513339726256484683518911283460,450410814915736770904937984733342042835793211647
40351198695966294513339726256484683518911283460-475011065740486827108472353828139148231878458661,3465.03313644325,fin_flag_number <=,syn_flag_number <=,40351198695966294513339726256484683518911283460,475011065740486827108472353828139148231878458661
40351198695966294513339726256484683518911283460-505469541859377927785473031559292540931343582537,1159.6054133376815,fin_flag_number <=,ICMP <=,40351198695966294513339726256484683518911283460,505469541859377927785473031559292540931343582537
40351198695966294513339726256484683518911283460-520582048177068818674784514618258893555315007951,471.7210174466004,fin_flag_number <=,LLC <=,40351198695966294513339726256484683518911283460,520582048177068818674784514618258893555315007951
40351198695966294513339726256484683518911283460-629827923182617752624696690572530002196221478554,5.0505462253383335,fin_flag_number <=,DHCP >,40351198695966294513339726256484683518911283460,629827923182617752624696690572530002196221478554
40351198695966294513339726256484683518911283460-681503808608794911981134712221284126975357543438,13611.254661456005,fin_flag_number <=,syn_count <=,40351198695966294513339726256484683518911283460,681503808608794911981134712221284126975357543438
40351198695966294513339726256484683518911283460-684418957212367241623111035135876005715150589706,8532.066951394623,fin_flag_number <=,HTTP <=,40351198695966294513339726256484683518911283460,684418957212367241623111035135876005715150589706
40351198695966294513339726256484683518911283460-714914936218336719861297767221934377853836589461,2901.147796426524,fin_flag_number <=,UDP >,40351198695966294513339726256484683518911283460,714914936218336719861297767221934377853836589461
40351198695966294513339726256484683518911283460-786396322989194697344344278946426998739971577495,2400.133610872961,fin_flag_number <=,HTTPS <=,40351198695966294513339726256484683518911283460,786396322989194697344344278946426998739971577495
40351198695966294513339726256484683518911283460-795584812918386367255521286735341258439959854242,1304.0836195515535,fin_flag_number <=,syn_count >,40351198695966294513339726256484683518911283460,795584812918386367255521286735341258439959854242
40351198695966294513339726256484683518911283460-835140271881840015202809914014108690929910415575,850.3490635009967,fin_flag_number <=,IAT >,40351198695966294513339726256484683518911283460,835140271881840015202809914014108690929910415575
40351198695966294513339726256484683518911283460-841356973986788424033641854148712928121319667477,94.95026903636068,fin_flag_number <=,Variance >,40351198695966294513339726256484683518911283460,841356973986788424033641854148712928121319667477
40351198695966294513339726256484683518911283460-841518471221275042570144506781210008737201997031,16421.541502080232,fin_flag_number <=,Min <=,40351198695966294513339726256484683518911283460,841518471221275042570144506781210008737201997031
40351198695966294513339726256484683518911283460-843826879422383561066103188424018239931401286651,87.87950432088701,fin_flag_number <=,ack_count <=,40351198695966294513339726256484683518911283460,843826879422383561066103188424018239931401286651
40351198695966294513339726256484683518911283460-896530251803066355404557928035950607124936193677,2849.9580666200304,fin_flag_number <=,psh_flag_number <=,40351198695966294513339726256484683518911283460,896530251803066355404557928035950607124936193677
40351198695966294513339726256484683518911283460-922599836131670820904126277297069322180441856169,6782.883580629382,fin_flag_number <=,Rate <=,40351198695966294513339726256484683518911283460,922599836131670820904126277297069322180441856169
40351198695966294513339726256484683518911283460-926368966621798523173828527325665066772113177503,6624.05204788479,fin_flag_number <=,UDP <=,40351198695966294513339726256484683518911283460,926368966621798523173828527325665066772113177503
40351198695966294513339726256484683518911283460-940331364486966071141541838460909450599289486914,504.64732041888675,fin_flag_number <=,rst_count >,40351198695966294513339726256484683518911283460,940331364486966071141541838460909450599289486914
40351198695966294513339726256484683518911283460-974265510705878984211701297112044370513255377925,6986.273964749136,fin_flag_number <=,Std <=,40351198695966294513339726256484683518911283460,974265510705878984211701297112044370513255377925
426624906449189252299067265451872698344494536313-1043469376771332113858820724324827897913309990452,6101.141300631696,Number >,LLC >,426624906449189252299067265451872698344494536313,1043469376771332113858820724324827897913309990452
426624906449189252299067265451872698344494536313-1091995366823138898995898948102109473193356840202,3500.2077470900417,Number >,DNS <=,426624906449189252299067265451872698344494536313,1091995366823138898995898948102109473193356840202
426624906449189252299067265451872698344494536313-1233133706649643691022119102239698495899057226060,699.4354838709678,Number >,Time_To_Live <=,426624906449189252299067265451872698344494536313,1233133706649643691022119102239698495899057226060
426624906449189252299067265451872698344494536313-1239329028096551917906154637654656383307088642249,999.1935483870968,Number >,cwr_flag_number <=,426624906449189252299067265451872698344494536313,1239329028096551917906154637654656383307088642249
426624906449189252299067265451872698344494536313-1251276136943778783713685275011300537715092657394,1199.032258064516,Number >,fin_flag_number >,426624906449189252299067265451872698344494536313,1251276136943778783713685275011300537715092657394
426624906449189252299067265451872698344494536313-1345309773886921328764805451107636357621530213384,61650.24193548387,Number >,Class -1,426624906449189252299067265451872698344494536313,1345309773886921328764805451107636357621530213384
426624906449189252299067265451872698344494536313-1375509225989204300559045429796274689340158771149,800.364947954745,Number >,rst_count <=,426624906449189252299067265451872698344494536313,1375509225989204300559045429796274689340158771149
426624906449189252299067265451872698344494536313-1379366653555122327876205020011632492492609315477,1298.9516129032259,Number >,Type <=,426624906449189252299067265451872698344494536313,1379366653555122327876205020011632492492609315477
426624906449189252299067265451872698344494536313-1429650867505148313720594668477948880050562903683,4497.381076987003,Number >,syn_flag_number >,426624906449189252299067265451872698344494536313,1429650867505148313720594668477948880050562903683
426624906449189252299067265451872698344494536313-1454952188391427871478129207189215566009723810659,1907.558725141093,Number >,Std >,426624906449189252299067265451872698344494536313,1454952188391427871478129207189215566009723810659
426624906449189252299067265451872698344494536313-1455733501014453866297060548284701359849809242142,699.4354838709678,Number >,DHCP <=,426624906449189252299067265451872698344494536313,1455733501014453866297060548284701359849809242142
426624906449189252299067265451872698344494536313-153155765823982001952501641876618811106762500815,201.8589281675547,Number >,ack_flag_number >,426624906449189252299067265451872698344494536313,153155765823982001952501641876618811106762500815
426624906449189252299067265451872698344494536313-160227321490815016489601533331665083666172936667,1999.3972060192614,Number >,IGMP <=,426624906449189252299067265451872698344494536313,160227321490815016489601533331665083666172936667
426624906449189252299067265451872698344494536313-161772624339136553719839337862344762258727720981,100.92946408377735,Number >,ack_flag_number <=,426624906449189252299067265451872698344494536313,161772624339136553719839337862344762258727720981
426624906449189252299067265451872698344494536313-171982518954274878349485416184092168691833932185,74.74808413500735,Number >,Class 1,426624906449189252299067265451872698344494536313,171982518954274878349485416184092168691833932185
426624906449189252299067265451872698344494536313-215123608059624622405742600984392925785664489773,14300.589052876296,Number >,Variance <=,426624906449189252299067265451872698344494536313,215123608059624622405742600984392925785664489773
426624906449189252299067265451872698344494536313-378316838538499851440768051160724422589084218125,2298.1451612903224,Number >,IAT <=,426624906449189252299067265451872698344494536313,378316838538499851440768051160724422589084218125
426624906449189252299067265451872698344494536313-40351198695966294513339726256484683518911283460,199.83870967741936,Number >,fin_flag_number <=,426624906449189252299067265451872698344494536313,40351198695966294513339726256484683518911283460
426624906449189252299067265451872698344494536313-475011065740486827108472353828139148231878458661,22897.6940059856,Number >,syn_flag_number <=,426624906449189252299067265451872698344494536313,475011065740486827108472353828139148231878458661
426624906449189252299067265451872698344494536313-505469541859377927785473031559292540931343582537,3297.3387096774195,Number >,ICMP <=,426624906449189252299067265451872698344494536313,505469541859377927785473031559292540931343582537
426624906449189252299067265451872698344494536313-681503808608794911981134712221284126975357543438,699.4354838709678,Number >,syn_count <=,426624906449189252299067265451872698344494536313,681503808608794911981134712221284126975357543438
426624906449189252299067265451872698344494536313-684418957212367241623111035135876005715150589706,200.84881892248703,Number >,HTTP <=,426624906449189252299067265451872698344494536313,684418957212367241623111035135876005715150589706
426624906449189252299067265451872698344494536313-786396322989194697344344278946426998739971577495,399.6774193548387,Number >,HTTPS <=,426624906449189252299067265451872698344494536313,786396322989194697344344278946426998739971577495
426624906449189252299067265451872698344494536313-835140271881840015202809914014108690929910415575,10594.481940638429,Number >,IAT >,426624906449189252299067265451872698344494536313,835140271881840015202809914014108690929910415575
426624906449189252299067265451872698344494536313-841356973986788424033641854148712928121319667477,2503.03441719308,Number >,Variance >,426624906449189252299067265451872698344494536313,841356973986788424033641854148712928121319667477
426624906449189252299067265451872698344494536313-841518471221275042570144506781210008737201997031,6406.960020618231,Number >,Min <=,426624906449189252299067265451872698344494536313,841518471221275042570144506781210008737201997031
426624906449189252299067265451872698344494536313-843826879422383561066103188424018239931401286651,699.4354838709678,Number >,ack_count <=,426624906449189252299067265451872698344494536313,843826879422383561066103188424018239931401286651
426624906449189252299067265451872698344494536313-926368966621798523173828527325665066772113177503,3898.875057199813,Number >,UDP <=,426624906449189252299067265451872698344494536313,926368966621798523173828527325665066772113177503
426624906449189252299067265451872698344494536313-940331364486966071141541838460909450599289486914,1598.7096774193549,Number >,rst_count >,426624906449189252299067265451872698344494536313,940331364486966071141541838460909450599289486914
426624906449189252299067265451872698344494536313-974265510705878984211701297112044370513255377925,11397.877216328377,Number >,Std <=,426624906449189252299067265451872698344494536313,974265510705878984211701297112044370513255377925
450410814915736770904937984733342042835793211647-1043469376771332113858820724324827897913309990452,1903.045817707484,ece_flag_number <=,LLC >,450410814915736770904937984733342042835793211647,1043469376771332113858820724324827897913309990452
450410814915736770904937984733342042835793211647-1043754360836331848364792327262011021650379248223,1904.9845757746302,ece_flag_number <=,DNS >,450410814915736770904937984733342042835793211647,1043754360836331848364792327262011021650379248223
450410814915736770904937984733342042835793211647-1077028023530208599426324724984012030801332581683,14.141529430947335,ece_flag_number <=,Time_To_Live >,450410814915736770904937984733342042835793211647,1077028023530208599426324724984012030801332581683
450410814915736770904937984733342042835793211647-1085488307210616684491611463585545838953333018237,3301.3139783192987,ece_flag_number <=,Type >,450410814915736770904937984733342042835793211647,1085488307210616684491611463585545838953333018237
450410814915736770904937984733342042835793211647-1091995366823138898995898948102109473193356840202,17311.610667830824,ece_flag_number <=,DNS <=,450410814915736770904937984733342042835793211647,1091995366823138898995898948102109473193356840202
450410814915736770904937984733342042835793211647-109928824856976412487775174607761519739702474552,1720.2160443502364,ece_flag_number <=,Number <=,450410814915736770904937984733342042835793211647,109928824856976412487775174607761519739702474552
450410814915736770904937984733342042835793211647-1118614325010621431186771152252517336813918651911,669.7024294798631,ece_flag_number <=,sum >,450410814915736770904937984733342042835793211647,1118614325010621431186771152252517336813918651911
450410814915736770904937984733342042835793211647-1232849963170894971818913290506039176322619533319,64.64699168433067,ece_flag_number <=,psh_flag_number >,450410814915736770904937984733342042835793211647,1232849963170894971818913290506039176322619533319
450410814915736770904937984733342042835793211647-1233133706649643691022119102239698495899057226060,72.72786564487201,ece_flag_number <=,Time_To_Live <=,450410814915736770904937984733342042835793211647,1233133706649643691022119102239698495899057226060
450410814915736770904937984733342042835793211647-1236189254858718471128603624930063881324958313531,1983.8545573128974,ece_flag_number <=,HTTPS >,450410814915736770904937984733342042835793211647,1236189254858718471128603624930063881324958313531
450410814915736770904937984733342042835793211647-1251276136943778783713685275011300537715092657394,204.97071632574702,ece_flag_number <=,fin_flag_number >,450410814915736770904937984733342042835793211647,1251276136943778783713685275011300537715092657394
450410814915736770904937984733342042835793211647-1329847435934461746074927120436757452470095790255,53.53578998858634,ece_flag_number <=,Min >,450410814915736770904937984733342042835793211647,1329847435934461746074927120436757452470095790255
450410814915736770904937984733342042835793211647-1345309773886921328764805451107636357621530213384,6694.596774193548,ece_flag_number <=,Class -1,450410814915736770904937984733342042835793211647,1345309773886921328764805451107636357621530213384
450410814915736770904937984733342042835793211647-1375509225989204300559045429796274689340158771149,11809.952912062192,ece_flag_number <=,rst_count <=,450410814915736770904937984733342042835793211647,1375509225989204300559045429796274689340158771149
450410814915736770904937984733342042835793211647-1379366653555122327876205020011632492492609315477,2208.0988097179197,ece_flag_number <=,Type <=,450410814915736770904937984733342042835793211647,1379366653555122327876205020011632492492609315477
450410814915736770904937984733342042835793211647-1418162538066850581097605911983264533342366443794,535.3578998858634,ece_flag_number <=,Header_Length <=,450410814915736770904937984733342042835793211647,1418162538066850581097605911983264533342366443794
450410814915736770904937984733342042835793211647-1429650867505148313720594668477948880050562903683,15.151638676015,ece_flag_number <=,syn_flag_number >,450410814915736770904937984733342042835793211647,1429650867505148313720594668477948880050562903683
450410814915736770904937984733342042835793211647-1454952188391427871478129207189215566009723810659,92.93005054622535,ece_flag_number <=,Std >,450410814915736770904937984733342042835793211647,1454952188391427871478129207189215566009723810659
450410814915736770904937984733342042835793211647-1455733501014453866297060548284701359849809242142,8389.103909048354,ece_flag_number <=,DHCP <=,450410814915736770904937984733342042835793211647,1455733501014453866297060548284701359849809242142
450410814915736770904937984733342042835793211647-153155765823982001952501641876618811106762500815,98.99070601663134,ece_flag_number <=,ack_flag_number >,450410814915736770904937984733342042835793211647,153155765823982001952501641876618811106762500815
450410814915736770904937984733342042835793211647-160227321490815016489601533331665083666172936667,9054.619272786565,ece_flag_number <=,IGMP <=,450410814915736770904937984733342042835793211647,160227321490815016489601533331665083666172936667
450410814915736770904937984733342042835793211647-161772624339136553719839337862344762258727720981,83.83906734061634,ece_flag_number <=,ack_flag_number <=,450410814915736770904937984733342042835793211647,161772624339136553719839337862344762258727720981
450410814915736770904937984733342042835793211647-171982518954274878349485416184092168691833932185,9294.015163867602,ece_flag_number <=,Class 1,450410814915736770904937984733342042835793211647,171982518954274878349485416184092168691833932185
450410814915736770904937984733342042835793211647-207766774224049171901964708681563529125144087827,150.424817092093,ece_flag_number <=,HTTP >,450410814915736770904937984733342042835793211647,207766774224049171901964708681563529125144087827
450410814915736770904937984733342042835793211647-215123608059624622405742600984392925785664489773,2695.9815750856023,ece_flag_number <=,Variance <=,450410814915736770904937984733342042835793211647,215123608059624622405742600984392925785664489773
450410814915736770904937984733342042835793211647-218607780770691257170847497927336330511308420255,1620.2152290885374,ece_flag_number <=,ack_count >,450410814915736770904937984733342042835793211647,218607780770691257170847497927336330511308420255
450410814915736770904937984733342042835793211647-223165296026140232481876277255273629987157553131,3.0303277352030005,ece_flag_number <=,Header_Length >,450410814915736770904937984733342042835793211647,223165296026140232481876277255273629987157553131
450410814915736770904937984733342042835793211647-335418722972519651500040442315750311827115323662,330.06134186815905,ece_flag_number <=,Rate >,450410814915736770904937984733342042835793211647,335418722972519651500040442315750311827115323662
450410814915736770904937984733342042835793211647-338730224709676774412755851787278702947952010784,10136.446274254036,ece_flag_number <=,sum <=,450410814915736770904937984733342042835793211647,338730224709676774412755851787278702947952010784
450410814915736770904937984733342042835793211647-371266811264664269299964157380215767396824640058,9.090983205609001,ece_flag_number <=,ICMP >,450410814915736770904937984733342042835793211647,371266811264664269299964157380215767396824640058
450410814915736770904937984733342042835793211647-378316838538499851440768051160724422589084218125,309.093428990706,ece_flag_number <=,IAT <=,450410814915736770904937984733342042835793211647,378316838538499851440768051160724422589084218125
450410814915736770904937984733342042835793211647-40351198695966294513339726256484683518911283460,3015.1760965269855,ece_flag_number <=,fin_flag_number <=,450410814915736770904937984733342042835793211647,40351198695966294513339726256484683518911283460
450410814915736770904937984733342042835793211647-475011065740486827108472353828139148231878458661,919.1994130115768,ece_flag_number <=,syn_flag_number <=,450410814915736770904937984733342042835793211647,475011065740486827108472353828139148231878458661
450410814915736770904937984733342042835793211647-505469541859377927785473031559292540931343582537,103.031142996902,ece_flag_number <=,ICMP <=,450410814915736770904937984733342042835793211647,505469541859377927785473031559292540931343582537
450410814915736770904937984733342042835793211647-520582048177068818674784514618258893555315007951,244.44643730637534,ece_flag_number <=,LLC <=,450410814915736770904937984733342042835793211647,520582048177068818674784514618258893555315007951
450410814915736770904937984733342042835793211647-565103970815292376991711972572924808853013487374,32.323495842165336,ece_flag_number <=,IGMP >,450410814915736770904937984733342042835793211647,565103970815292376991711972572924808853013487374
450410814915736770904937984733342042835793211647-681503808608794911981134712221284126975357543438,1842.4392630034242,ece_flag_number <=,syn_count <=,450410814915736770904937984733342042835793211647,681503808608794911981134712221284126975357543438
450410814915736770904937984733342042835793211647-684418957212367241623111035135876005715150589706,735.3595304092614,ece_flag_number <=,HTTP <=,450410814915736770904937984733342042835793211647,684418957212367241623111035135876005715150589706
450410814915736770904937984733342042835793211647-714914936218336719861297767221934377853836589461,316.1641937061797,ece_flag_number <=,UDP >,450410814915736770904937984733342042835793211647,714914936218336719861297767221934377853836589461
450410814915736770904937984733342042835793211647-786396322989194697344344278946426998739971577495,840.4108918962987,ece_flag_number <=,HTTPS <=,450410814915736770904937984733342042835793211647,786396322989194697344344278946426998739971577495
450410814915736770904937984733342042835793211647-795584812918386367255521286735341258439959854242,97.98059677156367,ece_flag_number <=,syn_count >,450410814915736770904937984733342042835793211647,795584812918386367255521286735341258439959854242
450410814915736770904937984733342042835793211647-835140271881840015202809914014108690929910415575,30.30327735203,ece_flag_number <=,IAT >,450410814915736770904937984733342042835793211647,835140271881840015202809914014108690929910415575
450410814915736770904937984733342042835793211647-841356973986788424033641854148712928121319667477,219.1937061796837,ece_flag_number <=,Variance >,450410814915736770904937984733342042835793211647,841356973986788424033641854148712928121319667477
450410814915736770904937984733342042835793211647-841518471221275042570144506781210008737201997031,15708.208870047285,ece_flag_number <=,Min <=,450410814915736770904937984733342042835793211647,841518471221275042570144506781210008737201997031
450410814915736770904937984733342042835793211647-843826879422383561066103188424018239931401286651,1580.4136664159519,ece_flag_number <=,ack_count <=,450410814915736770904937984733342042835793211647,843826879422383561066103188424018239931401286651
450410814915736770904937984733342042835793211647-896530251803066355404557928035950607124936193677,126.26365563345834,ece_flag_number <=,psh_flag_number <=,450410814915736770904937984733342042835793211647,896530251803066355404557928035950607124936193677
450410814915736770904937984733342042835793211647-922599836131670820904126277297069322180441856169,44.44480678297734,ece_flag_number <=,Rate <=,450410814915736770904937984733342042835793211647,922599836131670820904126277297069322180441856169
450410814915736770904937984733342042835793211647-926368966621798523173828527325665066772113177503,3294.9763574107287,ece_flag_number <=,UDP <=,450410814915736770904937984733342042835793211647,926368966621798523173828527325665066772113177503
450410814915736770904937984733342042835793211647-940331364486966071141541838460909450599289486914,14192.751744923024,ece_flag_number <=,rst_count >,450410814915736770904937984733342042835793211647,940331364486966071141541838460909450599289486914
450410814915736770904937984733342042835793211647-974265510705878984211701297112044370513255377925,219.1937061796837,ece_flag_number <=,Std <=,450410814915736770904937984733342042835793211647,974265510705878984211701297112044370513255377925
475011065740486827108472353828139148231878458661-1043469376771332113858820724324827897913309990452,2356.9432946040197,syn_flag_number <=,LLC >,475011065740486827108472353828139148231878458661,1043469376771332113858820724324827897913309990452
475011065740486827108472353828139148231878458661-1043754360836331848364792327262011021650379248223,1369.1379133508308,syn_flag_number <=,DNS >,475011065740486827108472353828139148231878458661,1043754360836331848364792327262011021650379248223
475011065740486827108472353828139148231878458661-1077028023530208599426324724984012030801332581683,3964.434405621624,syn_flag_number <=,Time_To_Live >,475011065740486827108472353828139148231878458661,1077028023530208599426324724984012030801332581683
475011065740486827108472353828139148231878458661-1085488307210616684491611463585545838953333018237,856.3282585484134,syn_flag_number <=,Type >,475011065740486827108472353828139148231878458661,1085488307210616684491611463585545838953333018237
475011065740486827108472353828139148231878458661-1091995366823138898995898948102109473193356840202,12842.594110128706,syn_flag_number <=,DNS <=,475011065740486827108472353828139148231878458661,1091995366823138898995898948102109473193356840202
475011065740486827108472353828139148231878458661-109928824856976412487775174607761519739702474552,14106.175607369965,syn_flag_number <=,Number <=,475011065740486827108472353828139148231878458661,109928824856976412487775174607761519739702474552
475011065740486827108472353828139148231878458661-1118614325010621431186771152252517336813918651911,6495.116490377282,syn_flag_number <=,sum >,475011065740486827108472353828139148231878458661,1118614325010621431186771152252517336813918651911
475011065740486827108472353828139148231878458661-1184472685782376059334758133512718430805424685192,7.0707647154736675,syn_flag_number <=,SSH >,475011065740486827108472353828139148231878458661,1184472685782376059334758133512718430805424685192
475011065740486827108472353828139148231878458661-1232849963170894971818913290506039176322619533319,5174.789662481657,syn_flag_number <=,psh_flag_number >,475011065740486827108472353828139148231878458661,1232849963170894971818913290506039176322619533319
475011065740486827108472353828139148231878458661-1233133706649643691022119102239698495899057226060,9646.608458734609,syn_flag_number <=,Time_To_Live <=,475011065740486827108472353828139148231878458661,1233133706649643691022119102239698495899057226060
475011065740486827108472353828139148231878458661-1236189254858718471128603624930063881324958313531,9219.267079732594,syn_flag_number <=,HTTPS >,475011065740486827108472353828139148231878458661,1236189254858718471128603624930063881324958313531
475011065740486827108472353828139148231878458661-1239329028096551917906154637654656383307088642249,1068.6955812815913,syn_flag_number <=,cwr_flag_number <=,475011065740486827108472353828139148231878458661,1239329028096551917906154637654656383307088642249
475011065740486827108472353828139148231878458661-1251276136943778783713685275011300537715092657394,3221.9878184122913,syn_flag_number <=,fin_flag_number >,475011065740486827108472353828139148231878458661,1251276136943778783713685275011300537715092657394
475011065740486827108472353828139148231878458661-1329847435934461746074927120436757452470095790255,1788.8220125918485,syn_flag_number <=,Min >,475011065740486827108472353828139148231878458661,1329847435934461746074927120436757452470095790255
475011065740486827108472353828139148231878458661-1338222599102815322204523610829624561969283441716,1542.1109755263699,syn_flag_number <=,SSH <=,475011065740486827108472353828139148231878458661,1338222599102815322204523610829624561969283441716
475011065740486827108472353828139148231878458661-1345309773886921328764805451107636357621530213384,26278.790322580644,syn_flag_number <=,Class -1,475011065740486827108472353828139148231878458661,1345309773886921328764805451107636357621530213384
475011065740486827108472353828139148231878458661-1375509225989204300559045429796274689340158771149,24492.966053554806,syn_flag_number <=,rst_count <=,475011065740486827108472353828139148231878458661,1375509225989204300559045429796274689340158771149
475011065740486827108472353828139148231878458661-1379366653555122327876205020011632492492609315477,4551.666302867092,syn_flag_number <=,Type <=,475011065740486827108472353828139148231878458661,1379366653555122327876205020011632492492609315477
475011065740486827108472353828139148231878458661-1418162538066850581097605911983264533342366443794,7831.295516586631,syn_flag_number <=,Header_Length <=,475011065740486827108472353828139148231878458661,1418162538066850581097605911983264533342366443794
475011065740486827108472353828139148231878458661-1429650867505148313720594668477948880050562903683,461.3755437269557,syn_flag_number <=,syn_flag_number >,475011065740486827108472353828139148231878458661,1429650867505148313720594668477948880050562903683
475011065740486827108472353828139148231878458661-1454952188391427871478129207189215566009723810659,426.18464099556604,syn_flag_number <=,Std >,475011065740486827108472353828139148231878458661,1454952188391427871478129207189215566009723810659
475011065740486827108472353828139148231878458661-1455733501014453866297060548284701359849809242142,17977.924343714334,syn_flag_number <=,DHCP <=,475011065740486827108472353828139148231878458661,1455733501014453866297060548284701359849809242142
475011065740486827108472353828139148231878458661-153155765823982001952501641876618811106762500815,14912.927052487075,syn_flag_number <=,ack_flag_number >,475011065740486827108472353828139148231878458661,153155765823982001952501641876618811106762500815
475011065740486827108472353828139148231878458661-160227321490815016489601533331665083666172936667,1606.0736996575902,syn_flag_number <=,IGMP <=,475011065740486827108472353828139148231878458661,160227321490815016489601533331665083666172936667
475011065740486827108472353828139148231878458661-161772624339136553719839337862344762258727720981,11182.854283805747,syn_flag_number <=,ack_flag_number <=,475011065740486827108472353828139148231878458661,161772624339136553719839337862344762258727720981
475011065740486827108472353828139148231878458661-171982518954274878349485416184092168691833932185,46123.6083482798,syn_flag_number <=,Class 1,475011065740486827108472353828139148231878458661,171982518954274878349485416184092168691833932185
475011065740486827108472353828139148231878458661-207766774224049171901964708681563529125144087827,305.9816408325137,syn_flag_number <=,HTTP >,475011065740486827108472353828139148231878458661,207766774224049171901964708681563529125144087827
475011065740486827108472353828139148231878458661-215123608059624622405742600984392925785664489773,21290.919746690302,syn_flag_number <=,Variance <=,475011065740486827108472353828139148231878458661,215123608059624622405742600984392925785664489773
475011065740486827108472353828139148231878458661-218607780770691257170847497927336330511308420255,8252.592532202838,syn_flag_number <=,ack_count >,475011065740486827108472353828139148231878458661,218607780770691257170847497927336330511308420255
475011065740486827108472353828139148231878458661-223165296026140232481876277255273629987157553131,2366.6859611935433,syn_flag_number <=,Header_Length >,475011065740486827108472353828139148231878458661,223165296026140232481876277255273629987157553131
475011065740486827108472353828139148231878458661-335418722972519651500040442315750311827115323662,1904.0070506987581,syn_flag_number <=,Rate >,475011065740486827108472353828139148231878458661,335418722972519651500040442315750311827115323662
475011065740486827108472353828139148231878458661-338730224709676774412755851787278702947952010784,27202.68185595641,syn_flag_number <=,sum <=,475011065740486827108472353828139148231878458661,338730224709676774412755851787278702947952010784
475011065740486827108472353828139148231878458661-371266811264664269299964157380215767396824640058,155.55682374042067,syn_flag_number <=,ICMP >,475011065740486827108472353828139148231878458661,371266811264664269299964157380215767396824640058
475011065740486827108472353828139148231878458661-378316838538499851440768051160724422589084218125,14240.03137442603,syn_flag_number <=,IAT <=,475011065740486827108472353828139148231878458661,378316838538499851440768051160724422589084218125
475011065740486827108472353828139148231878458661-40351198695966294513339726256484683518911283460,2288.5817076313756,syn_flag_number <=,fin_flag_number <=,475011065740486827108472353828139148231878458661,40351198695966294513339726256484683518911283460
475011065740486827108472353828139148231878458661-426624906449189252299067265451872698344494536313,5915.444120385225,syn_flag_number <=,Number >,475011065740486827108472353828139148231878458661,426624906449189252299067265451872698344494536313
475011065740486827108472353828139148231878458661-450410814915736770904937984733342042835793211647,975.765530735366,syn_flag_number <=,ece_flag_number <=,475011065740486827108472353828139148231878458661,450410814915736770904937984733342042835793211647
475011065740486827108472353828139148231878458661-475011065740486827108472353828139148231878458661,1220.2119680417413,syn_flag_number <=,syn_flag_number <=,475011065740486827108472353828139148231878458661,475011065740486827108472353828139148231878458661
475011065740486827108472353828139148231878458661-505469541859377927785473031559292540931343582537,2359.2078943631227,syn_flag_number <=,ICMP <=,475011065740486827108472353828139148231878458661,505469541859377927785473031559292540931343582537
475011065740486827108472353828139148231878458661-520582048177068818674784514618258893555315007951,372.6488510069797,syn_flag_number <=,LLC <=,475011065740486827108472353828139148231878458661,520582048177068818674784514618258893555315007951
475011065740486827108472353828139148231878458661-629827923182617752624696690572530002196221478554,126.26365563345834,syn_flag_number <=,DHCP >,475011065740486827108472353828139148231878458661,629827923182617752624696690572530002196221478554
475011065740486827108472353828139148231878458661-681503808608794911981134712221284126975357543438,1160.615522582749,syn_flag_number <=,syn_count <=,475011065740486827108472353828139148231878458661,681503808608794911981134712221284126975357543438
475011065740486827108472353828139148231878458661-684418957212367241623111035135876005715150589706,5560.683978266701,syn_flag_number <=,HTTP <=,475011065740486827108472353828139148231878458661,684418957212367241623111035135876005715150589706
475011065740486827108472353828139148231878458661-714914936218336719861297767221934377853836589461,1759.1215423699396,syn_flag_number <=,UDP >,475011065740486827108472353828139148231878458661,714914936218336719861297767221934377853836589461
475011065740486827108472353828139148231878458661-786396322989194697344344278946426998739971577495,4827.751968462522,syn_flag_number <=,HTTPS <=,475011065740486827108472353828139148231878458661,786396322989194697344344278946426998739971577495
475011065740486827108472353828139148231878458661-795584812918386367255521286735341258439959854242,632.9311945424804,syn_flag_number <=,syn_count >,475011065740486827108472353828139148231878458661,795584812918386367255521286735341258439959854242
475011065740486827108472353828139148231878458661-835140271881840015202809914014108690929910415575,13899.184672554084,syn_flag_number <=,IAT >,475011065740486827108472353828139148231878458661,835140271881840015202809914014108690929910415575
475011065740486827108472353828139148231878458661-841356973986788424033641854148712928121319667477,349.4163383704234,syn_flag_number <=,Variance >,475011065740486827108472353828139148231878458661,841356973986788424033641854148712928121319667477
475011065740486827108472353828139148231878458661-841518471221275042570144506781210008737201997031,38614.537680869755,syn_flag_number <=,Min <=,475011065740486827108472353828139148231878458661,841518471221275042570144506781210008737201997031
475011065740486827108472353828139148231878458661-843826879422383561066103188424018239931401286651,9255.989438416183,syn_flag_number <=,ack_count <=,475011065740486827108472353828139148231878458661,843826879422383561066103188424018239931401286651
475011065740486827108472353828139148231878458661-896530251803066355404557928035950607124936193677,10475.794104342978,syn_flag_number <=,psh_flag_number <=,475011065740486827108472353828139148231878458661,896530251803066355404557928035950607124936193677
475011065740486827108472353828139148231878458661-922599836131670820904126277297069322180441856169,5277.446087532808,syn_flag_number <=,Rate <=,475011065740486827108472353828139148231878458661,922599836131670820904126277297069322180441856169
475011065740486827108472353828139148231878458661-926368966621798523173828527325665066772113177503,21237.88901132425,syn_flag_number <=,UDP <=,475011065740486827108472353828139148231878458661,926368966621798523173828527325665066772113177503
475011065740486827108472353828139148231878458661-940331364486966071141541838460909450599289486914,9329.874042067504,syn_flag_number <=,rst_count >,475011065740486827108472353828139148231878458661,940331364486966071141541838460909450599289486914
475011065740486827108472353828139148231878458661-974265510705878984211701297112044370513255377925,2580.421819032942,syn_flag_number <=,Std <=,475011065740486827108472353828139148231878458661,974265510705878984211701297112044370513255377925
505469541859377927785473031559292540931343582537-1043469376771332113858820724324827897913309990452,7200.058698842328,ICMP <=,LLC >,505469541859377927785473031559292540931343582537,1043469376771332113858820724324827897913309990452
505469541859377927785473031559292540931343582537-1043754360836331848364792327262011021650379248223,496.8922881503027,ICMP <=,DNS >,505469541859377927785473031559292540931343582537,1043754360836331848364792327262011021650379248223
505469541859377927785473031559292540931343582537-1077028023530208599426324724984012030801332581683,854.5524213272461,ICMP <=,Time_To_Live >,505469541859377927785473031559292540931343582537,1077028023530208599426324724984012030801332581683
505469541859377927785473031559292540931343582537-1085488307210616684491611463585545838953333018237,138.38496657427035,ICMP <=,Type >,505469541859377927785473031559292540931343582537,1085488307210616684491611463585545838953333018237
505469541859377927785473031559292540931343582537-1091995366823138898995898948102109473193356840202,3956.597912930051,ICMP <=,DNS <=,505469541859377927785473031559292540931343582537,1091995366823138898995898948102109473193356840202
505469541859377927785473031559292540931343582537-109928824856976412487775174607761519739702474552,12338.24004723258,ICMP <=,Number <=,505469541859377927785473031559292540931343582537,109928824856976412487775174607761519739702474552
505469541859377927785473031559292540931343582537-1118614325010621431186771152252517336813918651911,2492.65635930424,ICMP <=,sum >,505469541859377927785473031559292540931343582537,1118614325010621431186771152252517336813918651911
505469541859377927785473031559292540931343582537-1184472685782376059334758133512718430805424685192,171.71857166150335,ICMP <=,SSH >,505469541859377927785473031559292540931343582537,1184472685782376059334758133512718430805424685192
505469541859377927785473031559292540931343582537-1232849963170894971818913290506039176322619533319,8173.804011087559,ICMP <=,psh_flag_number >,505469541859377927785473031559292540931343582537,1232849963170894971818913290506039176322619533319
505469541859377927785473031559292540931343582537-1233133706649643691022119102239698495899057226060,3084.792174013665,ICMP <=,Time_To_Live <=,505469541859377927785473031559292540931343582537,1233133706649643691022119102239698495899057226060
505469541859377927785473031559292540931343582537-1236189254858718471128603624930063881324958313531,10459.111009714765,ICMP <=,HTTPS >,505469541859377927785473031559292540931343582537,1236189254858718471128603624930063881324958313531
505469541859377927785473031559292540931343582537-1239329028096551917906154637654656383307088642249,1557.5884558943421,ICMP <=,cwr_flag_number <=,505469541859377927785473031559292540931343582537,1239329028096551917906154637654656383307088642249
505469541859377927785473031559292540931343582537-1251276136943778783713685275011300537715092657394,20.202184901353334,ICMP <=,fin_flag_number >,505469541859377927785473031559292540931343582537,1251276136943778783713685275011300537715092657394
505469541859377927785473031559292540931343582537-1329847435934461746074927120436757452470095790255,1116.1707157997719,ICMP <=,Min >,505469541859377927785473031559292540931343582537,1329847435934461746074927120436757452470095790255
505469541859377927785473031559292540931343582537-1338222599102815322204523610829624561969283441716,10979.887493885537,ICMP <=,SSH <=,505469541859377927785473031559292540931343582537,1338222599102815322204523610829624561969283441716
505469541859377927785473031559292540931343582537-1345309773886921328764805451107636357621530213384,16087.016129032258,ICMP <=,Class -1,505469541859377927785473031559292540931343582537,1345309773886921328764805451107636357621530213384
505469541859377927785473031559292540931343582537-1375509225989204300559045429796274689340158771149,14539.300676404224,ICMP <=,rst_count <=,505469541859377927785473031559292540931343582537,1375509225989204300559045429796274689340158771149
505469541859377927785473031559292540931343582537-1379366653555122327876205020011632492492609315477,1887.894179031469,ICMP <=,Type <=,505469541859377927785473031559292540931343582537,1379366653555122327876205020011632492492609315477
505469541859377927785473031559292540931343582537-1418162538066850581097605911983264533342366443794,7640.466329691832,ICMP <=,Header_Length <=,505469541859377927785473031559292540931343582537,1418162538066850581097605911983264533342366443794
505469541859377927785473031559292540931343582537-1429650867505148313720594668477948880050562903683,7476.258409029944,ICMP <=,syn_flag_number >,505469541859377927785473031559292540931343582537,1429650867505148313720594668477948880050562903683
505469541859377927785473031559292540931343582537-1454952188391427871478129207189215566009723810659,3163.124516760203,ICMP <=,Std >,505469541859377927785473031559292540931343582537,1454952188391427871478129207189215566009723810659
505469541859377927785473031559292540931343582537-1455733501014453866297060548284701359849809242142,19115.926452875243,ICMP <=,DHCP <=,505469541859377927785473031559292540931343582537,1455733501014453866297060548284701359849809242142
505469541859377927785473031559292540931343582537-153155765823982001952501641876618811106762500815,886.794456746422,ICMP <=,ack_flag_number >,505469541859377927785473031559292540931343582537,153155765823982001952501641876618811106762500815
505469541859377927785473031559292540931343582537-160227321490815016489601533331665083666172936667,8902.206821373533,ICMP <=,IGMP <=,505469541859377927785473031559292540931343582537,160227321490815016489601533331665083666172936667
505469541859377927785473031559292540931343582537-161772624339136553719839337862344762258727720981,1345.221133161164,ICMP <=,ack_flag_number <=,505469541859377927785473031559292540931343582537,161772624339136553719839337862344762258727720981
505469541859377927785473031559292540931343582537-171982518954274878349485416184092168691833932185,44701.37453122452,ICMP <=,Class 1,505469541859377927785473031559292540931343582537,171982518954274878349485416184092168691833932185
505469541859377927785473031559292540931343582537-207766774224049171901964708681563529125144087827,130.304092613729,ICMP <=,HTTP >,505469541859377927785473031559292540931343582537,207766774224049171901964708681563529125144087827
505469541859377927785473031559292540931343582537-215123608059624622405742600984392925785664489773,3763.4226658531584,ICMP <=,Variance <=,505469541859377927785473031559292540931343582537,215123608059624622405742600984392925785664489773
505469541859377927785473031559292540931343582537-218607780770691257170847497927336330511308420255,12177.583801013028,ICMP <=,ack_count >,505469541859377927785473031559292540931343582537,218607780770691257170847497927336330511308420255
505469541859377927785473031559292540931343582537-223165296026140232481876277255273629987157553131,10825.096398121217,ICMP <=,Header_Length >,505469541859377927785473031559292540931343582537,223165296026140232481876277255273629987157553131
505469541859377927785473031559292540931343582537-335418722972519651500040442315750311827115323662,174.74889939670635,ICMP <=,Rate >,505469541859377927785473031559292540931343582537,335418722972519651500040442315750311827115323662
505469541859377927785473031559292540931343582537-338730224709676774412755851787278702947952010784,4013.92975862994,ICMP <=,sum <=,505469541859377927785473031559292540931343582537,338730224709676774412755851787278702947952010784
505469541859377927785473031559292540931343582537-371266811264664269299964157380215767396824640058,15.151638676015,ICMP <=,ICMP >,505469541859377927785473031559292540931343582537,371266811264664269299964157380215767396824640058
505469541859377927785473031559292540931343582537-378316838538499851440768051160724422589084218125,6177.567469480284,ICMP <=,IAT <=,505469541859377927785473031559292540931343582537,378316838538499851440768051160724422589084218125
505469541859377927785473031559292540931343582537-40351198695966294513339726256484683518911283460,1147.40264197388,ICMP <=,fin_flag_number <=,505469541859377927785473031559292540931343582537,40351198695966294513339726256484683518911283460
505469541859377927785473031559292540931343582537-426624906449189252299067265451872698344494536313,12602.970129863299,ICMP <=,Number >,505469541859377927785473031559292540931343582537,426624906449189252299067265451872698344494536313
505469541859377927785473031559292540931343582537-450410814915736770904937984733342042835793211647,65.65710092939834,ICMP <=,ece_flag_number <=,505469541859377927785473031559292540931343582537,450410814915736770904937984733342042835793211647
505469541859377927785473031559292540931343582537-475011065740486827108472353828139148231878458661,3887.7801475886663,ICMP <=,syn_flag_number <=,505469541859377927785473031559292540931343582537,475011065740486827108472353828139148231878458661
505469541859377927785473031559292540931343582537-505469541859377927785473031559292540931343582537,1774.7619435838906,ICMP <=,ICMP <=,505469541859377927785473031559292540931343582537,505469541859377927785473031559292540931343582537
505469541859377927785473031559292540931343582537-520582048177068818674784514618258893555315007951,1069.3798488347018,ICMP <=,LLC <=,505469541859377927785473031559292540931343582537,520582048177068818674784514618258893555315007951
505469541859377927785473031559292540931343582537-629827923182617752624696690572530002196221478554,234.26388443270935,ICMP <=,DHCP >,505469541859377927785473031559292540931343582537,629827923182617752624696690572530002196221478554
505469541859377927785473031559292540931343582537-681503808608794911981134712221284126975357543438,11596.982782198893,ICMP <=,syn_count <=,505469541859377927785473031559292540931343582537,681503808608794911981134712221284126975357543438
505469541859377927785473031559292540931343582537-684418957212367241623111035135876005715150589706,2589.6757230845296,ICMP <=,HTTP <=,505469541859377927785473031559292540931343582537,684418957212367241623111035135876005715150589706
505469541859377927785473031559292540931343582537-714914936218336719861297767221934377853836589461,884.8556986792761,ICMP <=,UDP >,505469541859377927785473031559292540931343582537,714914936218336719861297767221934377853836589461
505469541859377927785473031559292540931343582537-786396322989194697344344278946426998739971577495,2965.59928309568,ICMP <=,HTTPS <=,505469541859377927785473031559292540931343582537,786396322989194697344344278946426998739971577495
505469541859377927785473031559292540931343582537-795584812918386367255521286735341258439959854242,6879.446766040932,ICMP <=,syn_count >,505469541859377927785473031559292540931343582537,795584812918386367255521286735341258439959854242
505469541859377927785473031559292540931343582537-835140271881840015202809914014108690929910415575,2136.658018756279,ICMP <=,IAT >,505469541859377927785473031559292540931343582537,835140271881840015202809914014108690929910415575
505469541859377927785473031559292540931343582537-841356973986788424033641854148712928121319667477,80.80873960541334,ICMP <=,Variance >,505469541859377927785473031559292540931343582537,841356973986788424033641854148712928121319667477
505469541859377927785473031559292540931343582537-841518471221275042570144506781210008737201997031,20171.425445632565,ICMP <=,Min <=,505469541859377927785473031559292540931343582537,841518471221275042570144506781210008737201997031
505469541859377927785473031559292540931343582537-843826879422383561066103188424018239931401286651,12345.066430679088,ICMP <=,ack_count <=,505469541859377927785473031559292540931343582537,843826879422383561066103188424018239931401286651
505469541859377927785473031559292540931343582537-896530251803066355404557928035950607124936193677,9242.173750677193,ICMP <=,psh_flag_number <=,505469541859377927785473031559292540931343582537,896530251803066355404557928035950607124936193677
505469541859377927785473031559292540931343582537-922599836131670820904126277297069322180441856169,302.02266427523233,ICMP <=,Rate <=,505469541859377927785473031559292540931343582537,922599836131670820904126277297069322180441856169
505469541859377927785473031559292540931343582537-926368966621798523173828527325665066772113177503,8724.313549649438,ICMP <=,UDP <=,505469541859377927785473031559292540931343582537,926368966621798523173828527325665066772113177503
505469541859377927785473031559292540931343582537-940331364486966071141541838460909450599289486914,4299.562585799719,ICMP <=,rst_count >,505469541859377927785473031559292540931343582537,940331364486966071141541838460909450599289486914
505469541859377927785473031559292540931343582537-974265510705878984211701297112044370513255377925,6340.390562951353,ICMP <=,Std <=,505469541859377927785473031559292540931343582537,974265510705878984211701297112044370513255377925
520582048177068818674784514618258893555315007951-1043469376771332113858820724324827897913309990452,1671.9263056021628,LLC <=,LLC >,520582048177068818674784514618258893555315007951,1043469376771332113858820724324827897913309990452
520582048177068818674784514618258893555315007951-1043754360836331848364792327262011021650379248223,40.40436980270667,LLC <=,DNS >,520582048177068818674784514618258893555315007951,1043754360836331848364792327262011021650379248223
520582048177068818674784514618258893555315007951-1077028023530208599426324724984012030801332581683,361.5376493112354,LLC <=,Time_To_Live >,520582048177068818674784514618258893555315007951,1077028023530208599426324724984012030801332581683
520582048177068818674784514618258893555315007951-1085488307210616684491611463585545838953333018237,86.86939507581934,LLC <=,Type >,520582048177068818674784514618258893555315007951,1085488307210616684491611463585545838953333018237
520582048177068818674784514618258893555315007951-1091995366823138898995898948102109473193356840202,303.0327735203,LLC <=,DNS <=,520582048177068818674784514618258893555315007951,1091995366823138898995898948102109473193356840202
520582048177068818674784514618258893555315007951-109928824856976412487775174607761519739702474552,142.42540355454102,LLC <=,Number <=,520582048177068818674784514618258893555315007951,109928824856976412487775174607761519739702474552
520582048177068818674784514618258893555315007951-1118614325010621431186771152252517336813918651911,301.0125550301647,LLC <=,sum >,520582048177068818674784514618258893555315007951,1118614325010621431186771152252517336813918651911
520582048177068818674784514618258893555315007951-1184472685782376059334758133512718430805424685192,17.171857166150335,LLC <=,SSH >,520582048177068818674784514618258893555315007951,1184472685782376059334758133512718430805424685192
520582048177068818674784514618258893555315007951-1232849963170894971818913290506039176322619533319,143.4355127996087,LLC <=,psh_flag_number >,520582048177068818674784514618258893555315007951,1232849963170894971818913290506039176322619533319
520582048177068818674784514618258893555315007951-1233133706649643691022119102239698495899057226060,376.6892879872504,LLC <=,Time_To_Live <=,520582048177068818674784514618258893555315007951,1233133706649643691022119102239698495899057226060
520582048177068818674784514618258893555315007951-1236189254858718471128603624930063881324958313531,454.54916028045005,LLC <=,HTTPS >,520582048177068818674784514618258893555315007951,1236189254858718471128603624930063881324958313531
520582048177068818674784514618258893555315007951-1239329028096551917906154637654656383307088642249,285.7794559311604,LLC <=,cwr_flag_number <=,520582048177068818674784514618258893555315007951,1239329028096551917906154637654656383307088642249
520582048177068818674784514618258893555315007951-1251276136943778783713685275011300537715092657394,19.192075656285667,LLC <=,fin_flag_number >,520582048177068818674784514618258893555315007951,1251276136943778783713685275011300537715092657394
520582048177068818674784514618258893555315007951-1338222599102815322204523610829624561969283441716,565.6611772378934,LLC <=,SSH <=,520582048177068818674784514618258893555315007951,1338222599102815322204523610829624561969283441716
520582048177068818674784514618258893555315007951-1345309773886921328764805451107636357621530213384,1798.5483870967741,LLC <=,Class -1,520582048177068818674784514618258893555315007951,1345309773886921328764805451107636357621530213384
520582048177068818674784514618258893555315007951-1375509225989204300559045429796274689340158771149,1210.9580639901537,LLC <=,rst_count <=,520582048177068818674784514618258893555315007951,1375509225989204300559045429796274689340158771149
520582048177068818674784514618258893555315007951-1379366653555122327876205020011632492492609315477,536.368009130931,LLC <=,Type <=,520582048177068818674784514618258893555315007951,1379366653555122327876205020011632492492609315477
520582048177068818674784514618258893555315007951-1418162538066850581097605911983264533342366443794,146.4658405348117,LLC <=,Header_Length <=,520582048177068818674784514618258893555315007951,1418162538066850581097605911983264533342366443794
520582048177068818674784514618258893555315007951-1429650867505148313720594668477948880050562903683,23.232512636556336,LLC <=,syn_flag_number >,520582048177068818674784514618258893555315007951,1429650867505148313720594668477948880050562903683
520582048177068818674784514618258893555315007951-1454952188391427871478129207189215566009723810659,106.06147073210501,LLC <=,Std >,520582048177068818674784514618258893555315007951,1454952188391427871478129207189215566009723810659
520582048177068818674784514618258893555315007951-1455733501014453866297060548284701359849809242142,5.0505462253383335,LLC <=,DHCP <=,520582048177068818674784514618258893555315007951,1455733501014453866297060548284701359849809242142
520582048177068818674784514618258893555315007951-153155765823982001952501641876618811106762500815,100.000815261699,LLC <=,ack_flag_number >,520582048177068818674784514618258893555315007951,153155765823982001952501641876618811106762500815
520582048177068818674784514618258893555315007951-160227321490815016489601533331665083666172936667,111.11201695744334,LLC <=,IGMP <=,520582048177068818674784514618258893555315007951,160227321490815016489601533331665083666172936667
520582048177068818674784514618258893555315007951-161772624339136553719839337862344762258727720981,27.272949616827002,LLC <=,ack_flag_number <=,520582048177068818674784514618258893555315007951,161772624339136553719839337862344762258727720981
520582048177068818674784514618258893555315007951-171982518954274878349485416184092168691833932185,8586.938692320235,LLC <=,Class 1,520582048177068818674784514618258893555315007951,171982518954274878349485416184092168691833932185
520582048177068818674784514618258893555315007951-207766774224049171901964708681563529125144087827,9.090983205609001,LLC <=,HTTP >,520582048177068818674784514618258893555315007951,207766774224049171901964708681563529125144087827
520582048177068818674784514618258893555315007951-215123608059624622405742600984392925785664489773,1200.7755111164877,LLC <=,Variance <=,520582048177068818674784514618258893555315007951,215123608059624622405742600984392925785664489773
520582048177068818674784514618258893555315007951-218607780770691257170847497927336330511308420255,643.4395891081037,LLC <=,ack_count >,520582048177068818674784514618258893555315007951,218607780770691257170847497927336330511308420255
520582048177068818674784514618258893555315007951-223165296026140232481876277255273629987157553131,740.4100766345997,LLC <=,Header_Length >,520582048177068818674784514618258893555315007951,223165296026140232481876277255273629987157553131
520582048177068818674784514618258893555315007951-335418722972519651500040442315750311827115323662,2813.7570546435727,LLC <=,Rate >,520582048177068818674784514618258893555315007951,335418722972519651500040442315750311827115323662
520582048177068818674784514618258893555315007951-338730224709676774412755851787278702947952010784,1640.2544931439122,LLC <=,sum <=,520582048177068818674784514618258893555315007951,338730224709676774412755851787278702947952010784
520582048177068818674784514618258893555315007951-371266811264664269299964157380215767396824640058,35.35382357736834,LLC <=,ICMP >,520582048177068818674784514618258893555315007951,371266811264664269299964157380215767396824640058
520582048177068818674784514618258893555315007951-378316838538499851440768051160724422589084218125,253.53742051198435,LLC <=,IAT <=,520582048177068818674784514618258893555315007951,378316838538499851440768051160724422589084218125
520582048177068818674784514618258893555315007951-40351198695966294513339726256484683518911283460,350.50790803848037,LLC <=,fin_flag_number <=,520582048177068818674784514618258893555315007951,40351198695966294513339726256484683518911283460
520582048177068818674784514618258893555315007951-450410814915736770904937984733342042835793211647,253.53742051198435,LLC <=,ece_flag_number <=,520582048177068818674784514618258893555315007951,450410814915736770904937984733342042835793211647
520582048177068818674784514618258893555315007951-475011065740486827108472353828139148231878458661,419.1953367030817,LLC <=,syn_flag_number <=,520582048177068818674784514618258893555315007951,475011065740486827108472353828139148231878458661
520582048177068818674784514618258893555315007951-505469541859377927785473031559292540931343582537,408.08413500733735,LLC <=,ICMP <=,520582048177068818674784514618258893555315007951,505469541859377927785473031559292540931343582537
520582048177068818674784514618258893555315007951-520582048177068818674784514618258893555315007951,4073.200362396975,LLC <=,LLC <=,520582048177068818674784514618258893555315007951,520582048177068818674784514618258893555315007951
520582048177068818674784514618258893555315007951-579184915384053252333364217236378176158944003116,102.94968257391268,LLC <=,cwr_flag_number >,520582048177068818674784514618258893555315007951,579184915384053252333364217236378176158944003116
520582048177068818674784514618258893555315007951-681503808608794911981134712221284126975357543438,733.3393119191261,LLC <=,syn_count <=,520582048177068818674784514618258893555315007951,681503808608794911981134712221284126975357543438
520582048177068818674784514618258893555315007951-684418957212367241623111035135876005715150589706,315.154084461112,LLC <=,HTTP <=,520582048177068818674784514618258893555315007951,684418957212367241623111035135876005715150589706
520582048177068818674784514618258893555315007951-714914936218336719861297767221934377853836589461,247.47676504157835,LLC <=,UDP >,520582048177068818674784514618258893555315007951,714914936218336719861297767221934377853836589461
520582048177068818674784514618258893555315007951-786396322989194697344344278946426998739971577495,992.8559274785271,LLC <=,HTTPS <=,520582048177068818674784514618258893555315007951,786396322989194697344344278946426998739971577495
520582048177068818674784514618258893555315007951-795584812918386367255521286735341258439959854242,22.22240339148867,LLC <=,syn_count >,520582048177068818674784514618258893555315007951,795584812918386367255521286735341258439959854242
520582048177068818674784514618258893555315007951-835140271881840015202809914014108690929910415575,464.56879230813735,LLC <=,IAT >,520582048177068818674784514618258893555315007951,835140271881840015202809914014108690929910415575
520582048177068818674784514618258893555315007951-841356973986788424033641854148712928121319667477,383.8415131257134,LLC <=,Variance >,520582048177068818674784514618258893555315007951,841356973986788424033641854148712928121319667477
520582048177068818674784514618258893555315007951-841518471221275042570144506781210008737201997031,353.45677535069404,LLC <=,Min <=,520582048177068818674784514618258893555315007951,841518471221275042570144506781210008737201997031
520582048177068818674784514618258893555315007951-843826879422383561066103188424018239931401286651,828.2081205324974,LLC <=,ack_count <=,520582048177068818674784514618258893555315007951,843826879422383561066103188424018239931401286651
520582048177068818674784514618258893555315007951-896530251803066355404557928035950607124936193677,143.4355127996087,LLC <=,psh_flag_number <=,520582048177068818674784514618258893555315007951,896530251803066355404557928035950607124936193677
520582048177068818674784514618258893555315007951-922599836131670820904126277297069322180441856169,2613.836884543164,LLC <=,Rate <=,520582048177068818674784514618258893555315007951,922599836131670820904126277297069322180441856169
520582048177068818674784514618258893555315007951-926368966621798523173828527325665066772113177503,723.2382194684494,LLC <=,UDP <=,520582048177068818674784514618258893555315007951,926368966621798523173828527325665066772113177503
520582048177068818674784514618258893555315007951-940331364486966071141541838460909450599289486914,5.0505462253383335,LLC <=,rst_count >,520582048177068818674784514618258893555315007951,940331364486966071141541838460909450599289486914
520582048177068818674784514618258893555315007951-974265510705878984211701297112044370513255377925,1128.1291058946051,LLC <=,Std <=,520582048177068818674784514618258893555315007951,974265510705878984211701297112044370513255377925
565103970815292376991711972572924808853013487374-1043469376771332113858820724324827897913309990452,6.060655470406001,IGMP >,LLC >,565103970815292376991711972572924808853013487374,1043469376771332113858820724324827897913309990452
565103970815292376991711972572924808853013487374-1233133706649643691022119102239698495899057226060,13.131420185879668,IGMP >,Time_To_Live <=,565103970815292376991711972572924808853013487374,1233133706649643691022119102239698495899057226060
565103970815292376991711972572924808853013487374-1236189254858718471128603624930063881324958313531,4.040436980270667,IGMP >,HTTPS >,565103970815292376991711972572924808853013487374,1236189254858718471128603624930063881324958313531
565103970815292376991711972572924808853013487374-1239329028096551917906154637654656383307088642249,13.131420185879668,IGMP >,cwr_flag_number <=,565103970815292376991711972572924808853013487374,1239329028096551917906154637654656383307088642249
565103970815292376991711972572924808853013487374-1338222599102815322204523610829624561969283441716,10.101092450676667,IGMP >,SSH <=,565103970815292376991711972572924808853013487374,1338222599102815322204523610829624561969283441716
565103970815292376991711972572924808853013487374-1345309773886921328764805451107636357621530213384,199.83870967741936,IGMP >,Class -1,565103970815292376991711972572924808853013487374,1345309773886921328764805451107636357621530213384
565103970815292376991711972572924808853013487374-1375509225989204300559045429796274689340158771149,8.080873960541334,IGMP >,rst_count <=,565103970815292376991711972572924808853013487374,1375509225989204300559045429796274689340158771149
565103970815292376991711972572924808853013487374-1379366653555122327876205020011632492492609315477,1.0101092450676668,IGMP >,Type <=,565103970815292376991711972572924808853013487374,1379366653555122327876205020011632492492609315477
565103970815292376991711972572924808853013487374-1454952188391427871478129207189215566009723810659,1.0101092450676668,IGMP >,Std >,565103970815292376991711972572924808853013487374,1454952188391427871478129207189215566009723810659
565103970815292376991711972572924808853013487374-1455733501014453866297060548284701359849809242142,11.111201695744334,IGMP >,DHCP <=,565103970815292376991711972572924808853013487374,1455733501014453866297060548284701359849809242142
565103970815292376991711972572924808853013487374-153155765823982001952501641876618811106762500815,5.0505462253383335,IGMP >,ack_flag_number >,565103970815292376991711972572924808853013487374,153155765823982001952501641876618811106762500815
565103970815292376991711972572924808853013487374-160227321490815016489601533331665083666172936667,6.060655470406001,IGMP >,IGMP <=,565103970815292376991711972572924808853013487374,160227321490815016489601533331665083666172936667
565103970815292376991711972572924808853013487374-171982518954274878349485416184092168691833932185,293.94179031469105,IGMP >,Class 1,565103970815292376991711972572924808853013487374,171982518954274878349485416184092168691833932185
565103970815292376991711972572924808853013487374-215123608059624622405742600984392925785664489773,4.040436980270667,IGMP >,Variance <=,565103970815292376991711972572924808853013487374,215123608059624622405742600984392925785664489773
565103970815292376991711972572924808853013487374-223165296026140232481876277255273629987157553131,1.0101092450676668,IGMP >,Header_Length >,565103970815292376991711972572924808853013487374,223165296026140232481876277255273629987157553131
565103970815292376991711972572924808853013487374-335418722972519651500040442315750311827115323662,19.192075656285667,IGMP >,Rate >,565103970815292376991711972572924808853013487374,335418722972519651500040442315750311827115323662
565103970815292376991711972572924808853013487374-338730224709676774412755851787278702947952010784,3.0303277352030005,IGMP >,sum <=,565103970815292376991711972572924808853013487374,338730224709676774412755851787278702947952010784
565103970815292376991711972572924808853013487374-450410814915736770904937984733342042835793211647,15.151638676015,IGMP >,ece_flag_number <=,565103970815292376991711972572924808853013487374,450410814915736770904937984733342042835793211647
565103970815292376991711972572924808853013487374-681503808608794911981134712221284126975357543438,3.0303277352030005,IGMP >,syn_count <=,565103970815292376991711972572924808853013487374,681503808608794911981134712221284126975357543438
565103970815292376991711972572924808853013487374-684418957212367241623111035135876005715150589706,2.0202184901353335,IGMP >,HTTP <=,565103970815292376991711972572924808853013487374,684418957212367241623111035135876005715150589706
565103970815292376991711972572924808853013487374-786396322989194697344344278946426998739971577495,1.0101092450676668,IGMP >,HTTPS <=,565103970815292376991711972572924808853013487374,786396322989194697344344278946426998739971577495
565103970815292376991711972572924808853013487374-843826879422383561066103188424018239931401286651,125.17208596540135,IGMP >,ack_count <=,565103970815292376991711972572924808853013487374,843826879422383561066103188424018239931401286651
565103970815292376991711972572924808853013487374-922599836131670820904126277297069322180441856169,26.262840371759335,IGMP >,Rate <=,565103970815292376991711972572924808853013487374,922599836131670820904126277297069322180441856169
565103970815292376991711972572924808853013487374-926368966621798523173828527325665066772113177503,5.0505462253383335,IGMP >,UDP <=,565103970815292376991711972572924808853013487374,926368966621798523173828527325665066772113177503
565103970815292376991711972572924808853013487374-974265510705878984211701297112044370513255377925,39.394260557639,IGMP >,Std <=,565103970815292376991711972572924808853013487374,974265510705878984211701297112044370513255377925
629827923182617752624696690572530002196221478554-1043469376771332113858820724324827897913309990452,19.192075656285667,DHCP >,LLC >,629827923182617752624696690572530002196221478554,1043469376771332113858820724324827897913309990452
629827923182617752624696690572530002196221478554-1043754360836331848364792327262011021650379248223,1.0101092450676668,DHCP >,DNS >,629827923182617752624696690572530002196221478554,1043754360836331848364792327262011021650379248223
629827923182617752624696690572530002196221478554-1077028023530208599426324724984012030801332581683,13.131420185879668,DHCP >,Time_To_Live >,629827923182617752624696690572530002196221478554,1077028023530208599426324724984012030801332581683
629827923182617752624696690572530002196221478554-1085488307210616684491611463585545838953333018237,351.27363601458,DHCP >,Type >,629827923182617752624696690572530002196221478554,1085488307210616684491611463585545838953333018237
629827923182617752624696690572530002196221478554-1091995366823138898995898948102109473193356840202,10.101092450676667,DHCP >,DNS <=,629827923182617752624696690572530002196221478554,1091995366823138898995898948102109473193356840202
629827923182617752624696690572530002196221478554-109928824856976412487775174607761519739702474552,45.454916028045005,DHCP >,Number <=,629827923182617752624696690572530002196221478554,109928824856976412487775174607761519739702474552
629827923182617752624696690572530002196221478554-1118614325010621431186771152252517336813918651911,40.40436980270667,DHCP >,sum >,629827923182617752624696690572530002196221478554,1118614325010621431186771152252517336813918651911
629827923182617752624696690572530002196221478554-1232849963170894971818913290506039176322619533319,10.101092450676667,DHCP >,psh_flag_number >,629827923182617752624696690572530002196221478554,1232849963170894971818913290506039176322619533319
629827923182617752624696690572530002196221478554-1233133706649643691022119102239698495899057226060,26.262840371759335,DHCP >,Time_To_Live <=,629827923182617752624696690572530002196221478554,1233133706649643691022119102239698495899057226060
629827923182617752624696690572530002196221478554-1236189254858718471128603624930063881324958313531,62.62677319419534,DHCP >,HTTPS >,629827923182617752624696690572530002196221478554,1236189254858718471128603624930063881324958313531
629827923182617752624696690572530002196221478554-1239329028096551917906154637654656383307088642249,1.0101092450676668,DHCP >,cwr_flag_number <=,629827923182617752624696690572530002196221478554,1239329028096551917906154637654656383307088642249
629827923182617752624696690572530002196221478554-1338222599102815322204523610829624561969283441716,37.37404206750367,DHCP >,SSH <=,629827923182617752624696690572530002196221478554,1338222599102815322204523610829624561969283441716
629827923182617752624696690572530002196221478554-1345309773886921328764805451107636357621530213384,299.758064516129,DHCP >,Class -1,629827923182617752624696690572530002196221478554,1345309773886921328764805451107636357621530213384
629827923182617752624696690572530002196221478554-1375509225989204300559045429796274689340158771149,29.293168106962337,DHCP >,rst_count <=,629827923182617752624696690572530002196221478554,1375509225989204300559045429796274689340158771149
629827923182617752624696690572530002196221478554-1379366653555122327876205020011632492492609315477,11.111201695744334,DHCP >,Type <=,629827923182617752624696690572530002196221478554,1379366653555122327876205020011632492492609315477
629827923182617752624696690572530002196221478554-1418162538066850581097605911983264533342366443794,473.4968546677677,DHCP >,Header_Length <=,629827923182617752624696690572530002196221478554,1418162538066850581097605911983264533342366443794
629827923182617752624696690572530002196221478554-1454952188391427871478129207189215566009723810659,17.171857166150335,DHCP >,Std >,629827923182617752624696690572530002196221478554,1454952188391427871478129207189215566009723810659
629827923182617752624696690572530002196221478554-1455733501014453866297060548284701359849809242142,129.21252294567202,DHCP >,DHCP <=,629827923182617752624696690572530002196221478554,1455733501014453866297060548284701359849809242142
629827923182617752624696690572530002196221478554-153155765823982001952501641876618811106762500815,76.76830262514267,DHCP >,ack_flag_number >,629827923182617752624696690572530002196221478554,153155765823982001952501641876618811106762500815
629827923182617752624696690572530002196221478554-160227321490815016489601533331665083666172936667,12.121310940812002,DHCP >,IGMP <=,629827923182617752624696690572530002196221478554,160227321490815016489601533331665083666172936667
629827923182617752624696690572530002196221478554-161772624339136553719839337862344762258727720981,19.192075656285667,DHCP >,ack_flag_number <=,629827923182617752624696690572530002196221478554,161772624339136553719839337862344762258727720981
629827923182617752624696690572530002196221478554-171982518954274878349485416184092168691833932185,865.6636230229904,DHCP >,Class 1,629827923182617752624696690572530002196221478554,171982518954274878349485416184092168691833932185
629827923182617752624696690572530002196221478554-215123608059624622405742600984392925785664489773,188.80896840466434,DHCP >,Variance <=,629827923182617752624696690572530002196221478554,215123608059624622405742600984392925785664489773
629827923182617752624696690572530002196221478554-218607780770691257170847497927336330511308420255,67.67731941953367,DHCP >,ack_count >,629827923182617752624696690572530002196221478554,218607780770691257170847497927336330511308420255
629827923182617752624696690572530002196221478554-223165296026140232481876277255273629987157553131,48.48524376324801,DHCP >,Header_Length >,629827923182617752624696690572530002196221478554,223165296026140232481876277255273629987157553131
629827923182617752624696690572530002196221478554-338730224709676774412755851787278702947952010784,227.1931197172357,DHCP >,sum <=,629827923182617752624696690572530002196221478554,338730224709676774412755851787278702947952010784
629827923182617752624696690572530002196221478554-378316838538499851440768051160724422589084218125,53.53578998858634,DHCP >,IAT <=,629827923182617752624696690572530002196221478554,378316838538499851440768051160724422589084218125
629827923182617752624696690572530002196221478554-40351198695966294513339726256484683518911283460,109.01033804431869,DHCP >,fin_flag_number <=,629827923182617752624696690572530002196221478554,40351198695966294513339726256484683518911283460
629827923182617752624696690572530002196221478554-475011065740486827108472353828139148231878458661,69.69753790966901,DHCP >,syn_flag_number <=,629827923182617752624696690572530002196221478554,475011065740486827108472353828139148231878458661
629827923182617752624696690572530002196221478554-505469541859377927785473031559292540931343582537,470.3850665095754,DHCP >,ICMP <=,629827923182617752624696690572530002196221478554,505469541859377927785473031559292540931343582537
629827923182617752624696690572530002196221478554-681503808608794911981134712221284126975357543438,19.192075656285667,DHCP >,syn_count <=,629827923182617752624696690572530002196221478554,681503808608794911981134712221284126975357543438
629827923182617752624696690572530002196221478554-684418957212367241623111035135876005715150589706,9.090983205609001,DHCP >,HTTP <=,629827923182617752624696690572530002196221478554,684418957212367241623111035135876005715150589706
629827923182617752624696690572530002196221478554-714914936218336719861297767221934377853836589461,23.232512636556336,DHCP >,UDP >,629827923182617752624696690572530002196221478554,714914936218336719861297767221934377853836589461
629827923182617752624696690572530002196221478554-835140271881840015202809914014108690929910415575,135.273178416078,DHCP >,IAT >,629827923182617752624696690572530002196221478554,835140271881840015202809914014108690929910415575
629827923182617752624696690572530002196221478554-841356973986788424033641854148712928121319667477,284.68788626310334,DHCP >,Variance >,629827923182617752624696690572530002196221478554,841356973986788424033641854148712928121319667477
629827923182617752624696690572530002196221478554-841518471221275042570144506781210008737201997031,165.57645576810802,DHCP >,Min <=,629827923182617752624696690572530002196221478554,841518471221275042570144506781210008737201997031
629827923182617752624696690572530002196221478554-843826879422383561066103188424018239931401286651,247.3138441955997,DHCP >,ack_count <=,629827923182617752624696690572530002196221478554,843826879422383561066103188424018239931401286651
629827923182617752624696690572530002196221478554-896530251803066355404557928035950607124936193677,23.232512636556336,DHCP >,psh_flag_number <=,629827923182617752624696690572530002196221478554,896530251803066355404557928035950607124936193677
629827923182617752624696690572530002196221478554-922599836131670820904126277297069322180441856169,71.71775639980434,DHCP >,Rate <=,629827923182617752624696690572530002196221478554,922599836131670820904126277297069322180441856169
629827923182617752624696690572530002196221478554-926368966621798523173828527325665066772113177503,29.293168106962337,DHCP >,UDP <=,629827923182617752624696690572530002196221478554,926368966621798523173828527325665066772113177503
629827923182617752624696690572530002196221478554-974265510705878984211701297112044370513255377925,1210.3878410292284,DHCP >,Std <=,629827923182617752624696690572530002196221478554,974265510705878984211701297112044370513255377925
681503808608794911981134712221284126975357543438-1043469376771332113858820724324827897913309990452,10905.13940975053,syn_count <=,LLC >,681503808608794911981134712221284126975357543438,1043469376771332113858820724324827897913309990452
681503808608794911981134712221284126975357543438-1043754360836331848364792327262011021650379248223,578.7111370007838,syn_count <=,DNS >,681503808608794911981134712221284126975357543438,1043754360836331848364792327262011021650379248223
681503808608794911981134712221284126975357543438-1077028023530208599426324724984012030801332581683,14336.838941106547,syn_count <=,Time_To_Live >,681503808608794911981134712221284126975357543438,1077028023530208599426324724984012030801332581683
681503808608794911981134712221284126975357543438-1085488307210616684491611463585545838953333018237,676.5288129263687,syn_count <=,Type >,681503808608794911981134712221284126975357543438,1085488307210616684491611463585545838953333018237
681503808608794911981134712221284126975357543438-1091995366823138898995898948102109473193356840202,6926.2376330060015,syn_count <=,DNS <=,681503808608794911981134712221284126975357543438,1091995366823138898995898948102109473193356840202
681503808608794911981134712221284126975357543438-109928824856976412487775174607761519739702474552,2021.2285993804012,syn_count <=,Number <=,681503808608794911981134712221284126975357543438,109928824856976412487775174607761519739702474552
681503808608794911981134712221284126975357543438-1118614325010621431186771152252517336813918651911,1541.3452475502702,syn_count <=,sum >,681503808608794911981134712221284126975357543438,1118614325010621431186771152252517336813918651911
681503808608794911981134712221284126975357543438-1184472685782376059334758133512718430805424685192,21.212294146421,syn_count <=,SSH >,681503808608794911981134712221284126975357543438,1184472685782376059334758133512718430805424685192
681503808608794911981134712221284126975357543438-1232849963170894971818913290506039176322619533319,4956.606065547041,syn_count <=,psh_flag_number >,681503808608794911981134712221284126975357543438,1232849963170894971818913290506039176322619533319
681503808608794911981134712221284126975357543438-1233133706649643691022119102239698495899057226060,22300.605397558422,syn_count <=,Time_To_Live <=,681503808608794911981134712221284126975357543438,1233133706649643691022119102239698495899057226060
681503808608794911981134712221284126975357543438-1236189254858718471128603624930063881324958313531,10693.01646828632,syn_count <=,HTTPS >,681503808608794911981134712221284126975357543438,1236189254858718471128603624930063881324958313531
681503808608794911981134712221284126975357543438-1239329028096551917906154637654656383307088642249,4682.296237172778,syn_count <=,cwr_flag_number <=,681503808608794911981134712221284126975357543438,1239329028096551917906154637654656383307088642249
681503808608794911981134712221284126975357543438-1251276136943778783713685275011300537715092657394,117.17267242784935,syn_count <=,fin_flag_number >,681503808608794911981134712221284126975357543438,1251276136943778783713685275011300537715092657394
681503808608794911981134712221284126975357543438-1329847435934461746074927120436757452470095790255,1430.3146910158162,syn_count <=,Min >,681503808608794911981134712221284126975357543438,1329847435934461746074927120436757452470095790255
681503808608794911981134712221284126975357543438-1338222599102815322204523610829624561969283441716,7420.1810538440905,syn_count <=,SSH <=,681503808608794911981134712221284126975357543438,1338222599102815322204523610829624561969283441716
681503808608794911981134712221284126975357543438-1345309773886921328764805451107636357621530213384,5395.645161290323,syn_count <=,Class -1,681503808608794911981134712221284126975357543438,1345309773886921328764805451107636357621530213384
681503808608794911981134712221284126975357543438-1375509225989204300559045429796274689340158771149,11685.54655407289,syn_count <=,rst_count <=,681503808608794911981134712221284126975357543438,1375509225989204300559045429796274689340158771149
681503808608794911981134712221284126975357543438-1379366653555122327876205020011632492492609315477,19034.384569462927,syn_count <=,Type <=,681503808608794911981134712221284126975357543438,1379366653555122327876205020011632492492609315477
681503808608794911981134712221284126975357543438-1418162538066850581097605911983264533342366443794,9260.795603372553,syn_count <=,Header_Length <=,681503808608794911981134712221284126975357543438,1418162538066850581097605911983264533342366443794
681503808608794911981134712221284126975357543438-1429650867505148313720594668477948880050562903683,1491.4425924270079,syn_count <=,syn_flag_number >,681503808608794911981134712221284126975357543438,1429650867505148313720594668477948880050562903683
681503808608794911981134712221284126975357543438-1454952188391427871478129207189215566009723810659,1118.190934289907,syn_count <=,Std >,681503808608794911981134712221284126975357543438,1454952188391427871478129207189215566009723810659
681503808608794911981134712221284126975357543438-1455733501014453866297060548284701359849809242142,2992.9536931354965,syn_count <=,DHCP <=,681503808608794911981134712221284126975357543438,1455733501014453866297060548284701359849809242142
681503808608794911981134712221284126975357543438-153155765823982001952501641876618811106762500815,7642.111830236216,syn_count <=,ack_flag_number >,681503808608794911981134712221284126975357543438,153155765823982001952501641876618811106762500815
681503808608794911981134712221284126975357543438-160227321490815016489601533331665083666172936667,3387.2547245730398,syn_count <=,IGMP <=,681503808608794911981134712221284126975357543438,160227321490815016489601533331665083666172936667
681503808608794911981134712221284126975357543438-161772624339136553719839337862344762258727720981,4297.754164409356,syn_count <=,ack_flag_number <=,681503808608794911981134712221284126975357543438,161772624339136553719839337862344762258727720981
681503808608794911981134712221284126975357543438-171982518954274878349485416184092168691833932185,65494.473340942444,syn_count <=,Class 1,681503808608794911981134712221284126975357543438,171982518954274878349485416184092168691833932185
681503808608794911981134712221284126975357543438-207766774224049171901964708681563529125144087827,1640.9387606970224,syn_count <=,HTTP >,681503808608794911981134712221284126975357543438,207766774224049171901964708681563529125144087827
681503808608794911981134712221284126975357543438-215123608059624622405742600984392925785664489773,42500.62345166024,syn_count <=,Variance <=,681503808608794911981134712221284126975357543438,215123608059624622405742600984392925785664489773
681503808608794911981134712221284126975357543438-218607780770691257170847497927336330511308420255,3398.007500407631,syn_count <=,ack_count >,681503808608794911981134712221284126975357543438,218607780770691257170847497927336330511308420255
681503808608794911981134712221284126975357543438-223165296026140232481876277255273629987157553131,18368.51077986356,syn_count <=,Header_Length >,681503808608794911981134712221284126975357543438,223165296026140232481876277255273629987157553131
681503808608794911981134712221284126975357543438-335418722972519651500040442315750311827115323662,661.2957138273644,syn_count <=,Rate >,681503808608794911981134712221284126975357543438,335418722972519651500040442315750311827115323662
681503808608794911981134712221284126975357543438-337274849629170698169636561573185333120886675912,1.0101092450676668,syn_count <=,ece_flag_number >,681503808608794911981134712221284126975357543438,337274849629170698169636561573185333120886675912
681503808608794911981134712221284126975357543438-338730224709676774412755851787278702947952010784,14462.255408340916,syn_count <=,sum <=,681503808608794911981134712221284126975357543438,338730224709676774412755851787278702947952010784
681503808608794911981134712221284126975357543438-371266811264664269299964157380215767396824640058,85.85928583075167,syn_count <=,ICMP >,681503808608794911981134712221284126975357543438,371266811264664269299964157380215767396824640058
681503808608794911981134712221284126975357543438-378316838538499851440768051160724422589084218125,16069.502138089552,syn_count <=,IAT <=,681503808608794911981134712221284126975357543438,378316838538499851440768051160724422589084218125
681503808608794911981134712221284126975357543438-40351198695966294513339726256484683518911283460,9486.701648406559,syn_count <=,fin_flag_number <=,681503808608794911981134712221284126975357543438,40351198695966294513339726256484683518911283460
681503808608794911981134712221284126975357543438-426624906449189252299067265451872698344494536313,300.7681737611967,syn_count <=,Number >,681503808608794911981134712221284126975357543438,426624906449189252299067265451872698344494536313
681503808608794911981134712221284126975357543438-450410814915736770904937984733342042835793211647,1226.2726235121474,syn_count <=,ece_flag_number <=,681503808608794911981134712221284126975357543438,450410814915736770904937984733342042835793211647
681503808608794911981134712221284126975357543438-475011065740486827108472353828139148231878458661,1320.2127833034403,syn_count <=,syn_flag_number <=,681503808608794911981134712221284126975357543438,475011065740486827108472353828139148231878458661
681503808608794911981134712221284126975357543438-505469541859377927785473031559292540931343582537,10642.348085186959,syn_count <=,ICMP <=,681503808608794911981134712221284126975357543438,505469541859377927785473031559292540931343582537
681503808608794911981134712221284126975357543438-510505520442458443414009447271658614884328320759,32.323495842165336,syn_count <=,IRC <=,681503808608794911981134712221284126975357543438,510505520442458443414009447271658614884328320759
681503808608794911981134712221284126975357543438-520582048177068818674784514618258893555315007951,893.946681884885,syn_count <=,LLC <=,681503808608794911981134712221284126975357543438,520582048177068818674784514618258893555315007951
681503808608794911981134712221284126975357543438-565103970815292376991711972572924808853013487374,7.0707647154736675,syn_count <=,IGMP >,681503808608794911981134712221284126975357543438,565103970815292376991711972572924808853013487374
681503808608794911981134712221284126975357543438-579184915384053252333364217236378176158944003116,5.0505462253383335,syn_count <=,cwr_flag_number >,681503808608794911981134712221284126975357543438,579184915384053252333364217236378176158944003116
681503808608794911981134712221284126975357543438-629827923182617752624696690572530002196221478554,15.151638676015,syn_count <=,DHCP >,681503808608794911981134712221284126975357543438,629827923182617752624696690572530002196221478554
681503808608794911981134712221284126975357543438-681503808608794911981134712221284126975357543438,27986.445169705927,syn_count <=,syn_count <=,681503808608794911981134712221284126975357543438,681503808608794911981134712221284126975357543438
681503808608794911981134712221284126975357543438-684418957212367241623111035135876005715150589706,16606.19598891244,syn_count <=,HTTP <=,681503808608794911981134712221284126975357543438,684418957212367241623111035135876005715150589706
681503808608794911981134712221284126975357543438-714914936218336719861297767221934377853836589461,2960.548736870342,syn_count <=,UDP >,681503808608794911981134712221284126975357543438,714914936218336719861297767221934377853836589461
681503808608794911981134712221284126975357543438-786396322989194697344344278946426998739971577495,9801.725396190886,syn_count <=,HTTPS <=,681503808608794911981134712221284126975357543438,786396322989194697344344278946426998739971577495
681503808608794911981134712221284126975357543438-795584812918386367255521286735341258439959854242,1715.0840377019088,syn_count <=,syn_count >,681503808608794911981134712221284126975357543438,795584812918386367255521286735341258439959854242
681503808608794911981134712221284126975357543438-835140271881840015202809914014108690929910415575,6661.784515813447,syn_count <=,IAT >,681503808608794911981134712221284126975357543438,835140271881840015202809914014108690929910415575
681503808608794911981134712221284126975357543438-841356973986788424033641854148712928121319667477,4344.235481767067,syn_count <=,Variance >,681503808608794911981134712221284126975357543438,841356973986788424033641854148712928121319667477
681503808608794911981134712221284126975357543438-841518471221275042570144506781210008737201997031,16142.392924580403,syn_count <=,Min <=,681503808608794911981134712221284126975357543438,841518471221275042570144506781210008737201997031
681503808608794911981134712221284126975357543438-843826879422383561066103188424018239931401286651,2083.8553725745965,syn_count <=,ack_count <=,681503808608794911981134712221284126975357543438,843826879422383561066103188424018239931401286651
681503808608794911981134712221284126975357543438-896530251803066355404557928035950607124936193677,13014.280097621015,syn_count <=,psh_flag_number <=,681503808608794911981134712221284126975357543438,896530251803066355404557928035950607124936193677
681503808608794911981134712221284126975357543438-922599836131670820904126277297069322180441856169,3357.5542543511306,syn_count <=,Rate <=,681503808608794911981134712221284126975357543438,922599836131670820904126277297069322180441856169
681503808608794911981134712221284126975357543438-926368966621798523173828527325665066772113177503,22459.290301541634,syn_count <=,UDP <=,681503808608794911981134712221284126975357543438,926368966621798523173828527325665066772113177503
681503808608794911981134712221284126975357543438-940331364486966071141541838460909450599289486914,8894.842799135296,syn_count <=,rst_count >,681503808608794911981134712221284126975357543438,940331364486966071141541838460909450599289486914
681503808608794911981134712221284126975357543438-974265510705878984211701297112044370513255377925,12894.875409603257,syn_count <=,Std <=,681503808608794911981134712221284126975357543438,974265510705878984211701297112044370513255377925
684418957212367241623111035135876005715150589706-1043469376771332113858820724324827897913309990452,9105.124735039948,HTTP <=,LLC >,684418957212367241623111035135876005715150589706,1043469376771332113858820724324827897913309990452
684418957212367241623111035135876005715150589706-1043754360836331848364792327262011021650379248223,123.23332789825534,HTTP <=,DNS >,684418957212367241623111035135876005715150589706,1043754360836331848364792327262011021650379248223
684418957212367241623111035135876005715150589706-1077028023530208599426324724984012030801332581683,8474.164882733809,HTTP <=,Time_To_Live >,684418957212367241623111035135876005715150589706,1077028023530208599426324724984012030801332581683
684418957212367241623111035135876005715150589706-1085488307210616684491611463585545838953333018237,1476.6167954429502,HTTP <=,Type >,684418957212367241623111035135876005715150589706,1085488307210616684491611463585545838953333018237
684418957212367241623111035135876005715150589706-1091995366823138898995898948102109473193356840202,1196.979455405185,HTTP <=,DNS <=,684418957212367241623111035135876005715150589706,1091995366823138898995898948102109473193356840202
684418957212367241623111035135876005715150589706-109928824856976412487775174607761519739702474552,6736.33709493328,HTTP <=,Number <=,684418957212367241623111035135876005715150589706,109928824856976412487775174607761519739702474552
684418957212367241623111035135876005715150589706-1118614325010621431186771152252517336813918651911,3747.5052992010437,HTTP <=,sum >,684418957212367241623111035135876005715150589706,1118614325010621431186771152252517336813918651911
684418957212367241623111035135876005715150589706-1184472685782376059334758133512718430805424685192,40.40436980270667,HTTP <=,SSH >,684418957212367241623111035135876005715150589706,1184472685782376059334758133512718430805424685192
684418957212367241623111035135876005715150589706-1232849963170894971818913290506039176322619533319,1536.376161747921,HTTP <=,psh_flag_number >,684418957212367241623111035135876005715150589706,1232849963170894971818913290506039176322619533319
684418957212367241623111035135876005715150589706-1233133706649643691022119102239698495899057226060,6750.234243095259,HTTP <=,Time_To_Live <=,684418957212367241623111035135876005715150589706,1233133706649643691022119102239698495899057226060
684418957212367241623111035135876005715150589706-1236189254858718471128603624930063881324958313531,7489.960052176749,HTTP <=,HTTPS >,684418957212367241623111035135876005715150589706,1236189254858718471128603624930063881324958313531
684418957212367241623111035135876005715150589706-1239329028096551917906154637654656383307088642249,802.0267405837274,HTTP <=,cwr_flag_number <=,684418957212367241623111035135876005715150589706,1239329028096551917906154637654656383307088642249
684418957212367241623111035135876005715150589706-1251276136943778783713685275011300537715092657394,7127.689259058609,HTTP <=,fin_flag_number >,684418957212367241623111035135876005715150589706,1251276136943778783713685275011300537715092657394
684418957212367241623111035135876005715150589706-1329847435934461746074927120436757452470095790255,1563.649111364748,HTTP <=,Min >,684418957212367241623111035135876005715150589706,1329847435934461746074927120436757452470095790255
684418957212367241623111035135876005715150589706-1338222599102815322204523610829624561969283441716,2916.185390510354,HTTP <=,SSH <=,684418957212367241623111035135876005715150589706,1338222599102815322204523610829624561969283441716
684418957212367241623111035135876005715150589706-1345309773886921328764805451107636357621530213384,12589.83870967742,HTTP <=,Class -1,684418957212367241623111035135876005715150589706,1345309773886921328764805451107636357621530213384
684418957212367241623111035135876005715150589706-1375509225989204300559045429796274689340158771149,2855.4973753833046,HTTP <=,rst_count <=,684418957212367241623111035135876005715150589706,1375509225989204300559045429796274689340158771149
684418957212367241623111035135876005715150589706-1379366653555122327876205020011632492492609315477,4509.974858381153,HTTP <=,Type <=,684418957212367241623111035135876005715150589706,1379366653555122327876205020011632492492609315477
684418957212367241623111035135876005715150589706-1418162538066850581097605911983264533342366443794,3774.6967883948814,HTTP <=,Header_Length <=,684418957212367241623111035135876005715150589706,1418162538066850581097605911983264533342366443794
684418957212367241623111035135876005715150589706-1429650867505148313720594668477948880050562903683,906.9966416477754,HTTP <=,syn_flag_number >,684418957212367241623111035135876005715150589706,1429650867505148313720594668477948880050562903683
684418957212367241623111035135876005715150589706-1454952188391427871478129207189215566009723810659,1037.3821946844937,HTTP <=,Std >,684418957212367241623111035135876005715150589706,1454952188391427871478129207189215566009723810659
684418957212367241623111035135876005715150589706-1455733501014453866297060548284701359849809242142,3926.978903131131,HTTP <=,DHCP <=,684418957212367241623111035135876005715150589706,1455733501014453866297060548284701359849809242142
684418957212367241623111035135876005715150589706-153155765823982001952501641876618811106762500815,10017.25338333605,HTTP <=,ack_flag_number >,684418957212367241623111035135876005715150589706,153155765823982001952501641876618811106762500815
684418957212367241623111035135876005715150589706-160227321490815016489601533331665083666172936667,1181.82781672917,HTTP <=,IGMP <=,684418957212367241623111035135876005715150589706,160227321490815016489601533331665083666172936667
684418957212367241623111035135876005715150589706-161772624339136553719839337862344762258727720981,5259.671423236537,HTTP <=,ack_flag_number <=,684418957212367241623111035135876005715150589706,161772624339136553719839337862344762258727720981
684418957212367241623111035135876005715150589706-171982518954274878349485416184092168691833932185,39023.55046469917,HTTP <=,Class 1,684418957212367241623111035135876005715150589706,171982518954274878349485416184092168691833932185
684418957212367241623111035135876005715150589706-207766774224049171901964708681563529125144087827,266.5059198518854,HTTP <=,HTTP >,684418957212367241623111035135876005715150589706,207766774224049171901964708681563529125144087827
684418957212367241623111035135876005715150589706-215123608059624622405742600984392925785664489773,32484.543098415237,HTTP <=,Variance <=,684418957212367241623111035135876005715150589706,215123608059624622405742600984392925785664489773
684418957212367241623111035135876005715150589706-218607780770691257170847497927336330511308420255,15681.783108829548,HTTP <=,ack_count >,684418957212367241623111035135876005715150589706,218607780770691257170847497927336330511308420255
684418957212367241623111035135876005715150589706-223165296026140232481876277255273629987157553131,4638.861539634868,HTTP <=,Header_Length >,684418957212367241623111035135876005715150589706,223165296026140232481876277255273629987157553131
684418957212367241623111035135876005715150589706-335418722972519651500040442315750311827115323662,436.2857334462427,HTTP <=,Rate >,684418957212367241623111035135876005715150589706,335418722972519651500040442315750311827115323662
684418957212367241623111035135876005715150589706-338730224709676774412755851787278702947952010784,14384.884298585654,HTTP <=,sum <=,684418957212367241623111035135876005715150589706,338730224709676774412755851787278702947952010784
684418957212367241623111035135876005715150589706-371266811264664269299964157380215767396824640058,84.849176585684,HTTP <=,ICMP >,684418957212367241623111035135876005715150589706,371266811264664269299964157380215767396824640058
684418957212367241623111035135876005715150589706-378316838538499851440768051160724422589084218125,2876.2209069917894,HTTP <=,IAT <=,684418957212367241623111035135876005715150589706,378316838538499851440768051160724422589084218125
684418957212367241623111035135876005715150589706-40351198695966294513339726256484683518911283460,12140.128298522535,HTTP <=,fin_flag_number <=,684418957212367241623111035135876005715150589706,40351198695966294513339726256484683518911283460
684418957212367241623111035135876005715150589706-426624906449189252299067265451872698344494536313,300.7681737611967,HTTP <=,Number >,684418957212367241623111035135876005715150589706,426624906449189252299067265451872698344494536313
684418957212367241623111035135876005715150589706-450410814915736770904937984733342042835793211647,636.36882439263,HTTP <=,ece_flag_number <=,684418957212367241623111035135876005715150589706,450410814915736770904937984733342042835793211647
684418957212367241623111035135876005715150589706-475011065740486827108472353828139148231878458661,3891.95092124572,HTTP <=,syn_flag_number <=,684418957212367241623111035135876005715150589706,475011065740486827108472353828139148231878458661
684418957212367241623111035135876005715150589706-505469541859377927785473031559292540931343582537,2334.199544505399,HTTP <=,ICMP <=,684418957212367241623111035135876005715150589706,505469541859377927785473031559292540931343582537
684418957212367241623111035135876005715150589706-520582048177068818674784514618258893555315007951,566.671286482961,HTTP <=,LLC <=,684418957212367241623111035135876005715150589706,520582048177068818674784514618258893555315007951
684418957212367241623111035135876005715150589706-565103970815292376991711972572924808853013487374,4.040436980270667,HTTP <=,IGMP >,684418957212367241623111035135876005715150589706,565103970815292376991711972572924808853013487374
684418957212367241623111035135876005715150589706-629827923182617752624696690572530002196221478554,5.0505462253383335,HTTP <=,DHCP >,684418957212367241623111035135876005715150589706,629827923182617752624696690572530002196221478554
684418957212367241623111035135876005715150589706-681503808608794911981134712221284126975357543438,16280.940812000652,HTTP <=,syn_count <=,684418957212367241623111035135876005715150589706,681503808608794911981134712221284126975357543438
684418957212367241623111035135876005715150589706-684418957212367241623111035135876005715150589706,1243.281559832319,HTTP <=,HTTP <=,684418957212367241623111035135876005715150589706,684418957212367241623111035135876005715150589706
684418957212367241623111035135876005715150589706-714914936218336719861297767221934377853836589461,5767.756373505573,HTTP <=,UDP >,684418957212367241623111035135876005715150589706,714914936218336719861297767221934377853836589461
684418957212367241623111035135876005715150589706-786396322989194697344344278946426998739971577495,958.0234506082904,HTTP <=,HTTPS <=,684418957212367241623111035135876005715150589706,786396322989194697344344278946426998739971577495
684418957212367241623111035135876005715150589706-795584812918386367255521286735341258439959854242,1401.8687113079427,HTTP <=,syn_count >,684418957212367241623111035135876005715150589706,795584812918386367255521286735341258439959854242
684418957212367241623111035135876005715150589706-835140271881840015202809914014108690929910415575,1897.6694297901886,HTTP <=,IAT >,684418957212367241623111035135876005715150589706,835140271881840015202809914014108690929910415575
684418957212367241623111035135876005715150589706-841356973986788424033641854148712928121319667477,1763.650741888146,HTTP <=,Variance >,684418957212367241623111035135876005715150589706,841356973986788424033641854148712928121319667477
684418957212367241623111035135876005715150589706-841518471221275042570144506781210008737201997031,3770.7378118376,HTTP <=,Min <=,684418957212367241623111035135876005715150589706,841518471221275042570144506781210008737201997031
684418957212367241623111035135876005715150589706-843826879422383561066103188424018239931401286651,6506.113647480842,HTTP <=,ack_count <=,684418957212367241623111035135876005715150589706,843826879422383561066103188424018239931401286651
684418957212367241623111035135876005715150589706-896530251803066355404557928035950607124936193677,6736.418555356269,HTTP <=,psh_flag_number <=,684418957212367241623111035135876005715150589706,896530251803066355404557928035950607124936193677
684418957212367241623111035135876005715150589706-922599836131670820904126277297069322180441856169,3253.1545762480077,HTTP <=,Rate <=,684418957212367241623111035135876005715150589706,922599836131670820904126277297069322180441856169
684418957212367241623111035135876005715150589706-926368966621798523173828527325665066772113177503,22836.533520405213,HTTP <=,UDP <=,684418957212367241623111035135876005715150589706,926368966621798523173828527325665066772113177503
684418957212367241623111035135876005715150589706-940331364486966071141541838460909450599289486914,7.0707647154736675,HTTP <=,rst_count >,684418957212367241623111035135876005715150589706,940331364486966071141541838460909450599289486914
684418957212367241623111035135876005715150589706-974265510705878984211701297112044370513255377925,15541.198710834566,HTTP <=,Std <=,684418957212367241623111035135876005715150589706,974265510705878984211701297112044370513255377925
714914936218336719861297767221934377853836589461-1043469376771332113858820724324827897913309990452,1654.5589434208382,UDP >,LLC >,714914936218336719861297767221934377853836589461,1043469376771332113858820724324827897913309990452
714914936218336719861297767221934377853836589461-1043754360836331848364792327262011021650379248223,980.4902352687471,UDP >,DNS >,714914936218336719861297767221934377853836589461,1043754360836331848364792327262011021650379248223
714914936218336719861297767221934377853836589461-1077028023530208599426324724984012030801332581683,851.3591727460644,UDP >,Time_To_Live >,714914936218336719861297767221934377853836589461,1077028023530208599426324724984012030801332581683
714914936218336719861297767221934377853836589461-1085488307210616684491611463585545838953333018237,592.9341268547204,UDP >,Type >,714914936218336719861297767221934377853836589461,1085488307210616684491611463585545838953333018237
714914936218336719861297767221934377853836589461-1091995366823138898995898948102109473193356840202,4579.183633752887,UDP >,DNS <=,714914936218336719861297767221934377853836589461,1091995366823138898995898948102109473193356840202
714914936218336719861297767221934377853836589461-109928824856976412487775174607761519739702474552,4207.870733682932,UDP >,Number <=,714914936218336719861297767221934377853836589461,109928824856976412487775174607761519739702474552
714914936218336719861297767221934377853836589461-1118614325010621431186771152252517336813918651911,648.490135333442,UDP >,sum >,714914936218336719861297767221934377853836589461,1118614325010621431186771152252517336813918651911
714914936218336719861297767221934377853836589461-1184472685782376059334758133512718430805424685192,9.090983205609001,UDP >,SSH >,714914936218336719861297767221934377853836589461,1184472685782376059334758133512718430805424685192
714914936218336719861297767221934377853836589461-1232849963170894971818913290506039176322619533319,921.2196315017121,UDP >,psh_flag_number >,714914936218336719861297767221934377853836589461,1232849963170894971818913290506039176322619533319
714914936218336719861297767221934377853836589461-1233133706649643691022119102239698495899057226060,1787.5675220778128,UDP >,Time_To_Live <=,714914936218336719861297767221934377853836589461,1233133706649643691022119102239698495899057226060
714914936218336719861297767221934377853836589461-1236189254858718471128603624930063881324958313531,2262.6447089515736,UDP >,HTTPS >,714914936218336719861297767221934377853836589461,1236189254858718471128603624930063881324958313531
714914936218336719861297767221934377853836589461-1239329028096551917906154637654656383307088642249,10.101092450676667,UDP >,cwr_flag_number <=,714914936218336719861297767221934377853836589461,1239329028096551917906154637654656383307088642249
714914936218336719861297767221934377853836589461-1251276136943778783713685275011300537715092657394,633.1755758114484,UDP >,fin_flag_number >,714914936218336719861297767221934377853836589461,1251276136943778783713685275011300537715092657394
714914936218336719861297767221934377853836589461-1329847435934461746074927120436757452470095790255,971.4807124861275,UDP >,Min >,714914936218336719861297767221934377853836589461,1329847435934461746074927120436757452470095790255
714914936218336719861297767221934377853836589461-1338222599102815322204523610829624561969283441716,1731.6856719071338,UDP >,SSH <=,714914936218336719861297767221934377853836589461,1338222599102815322204523610829624561969283441716
714914936218336719861297767221934377853836589461-1345309773886921328764805451107636357621530213384,5195.806451612903,UDP >,Class -1,714914936218336719861297767221934377853836589461,1345309773886921328764805451107636357621530213384
714914936218336719861297767221934377853836589461-1375509225989204300559045429796274689340158771149,6958.398208002188,UDP >,rst_count <=,714914936218336719861297767221934377853836589461,1375509225989204300559045429796274689340158771149
714914936218336719861297767221934377853836589461-1379366653555122327876205020011632492492609315477,2498.0001630523398,UDP >,Type <=,714914936218336719861297767221934377853836589461,1379366653555122327876205020011632492492609315477
714914936218336719861297767221934377853836589461-1418162538066850581097605911983264533342366443794,2503.0018330238845,UDP >,Header_Length <=,714914936218336719861297767221934377853836589461,1418162538066850581097605911983264533342366443794
714914936218336719861297767221934377853836589461-1429650867505148313720594668477948880050562903683,467.4361991973617,UDP >,syn_flag_number >,714914936218336719861297767221934377853836589461,1429650867505148313720594668477948880050562903683
714914936218336719861297767221934377853836589461-1454952188391427871478129207189215566009723810659,258.50650631433336,UDP >,Std >,714914936218336719861297767221934377853836589461,1454952188391427871478129207189215566009723810659
714914936218336719861297767221934377853836589461-1455733501014453866297060548284701359849809242142,1186.8783629545085,UDP >,DHCP <=,714914936218336719861297767221934377853836589461,1455733501014453866297060548284701359849809242142
714914936218336719861297767221934377853836589461-153155765823982001952501641876618811106762500815,3201.036197619436,UDP >,ack_flag_number >,714914936218336719861297767221934377853836589461,153155765823982001952501641876618811106762500815
714914936218336719861297767221934377853836589461-161772624339136553719839337862344762258727720981,4121.3923486374615,UDP >,ack_flag_number <=,714914936218336719861297767221934377853836589461,161772624339136553719839337862344762258727720981
714914936218336719861297767221934377853836589461-171982518954274878349485416184092168691833932185,12877.882765367684,UDP >,Class 1,714914936218336719861297767221934377853836589461,171982518954274878349485416184092168691833932185
714914936218336719861297767221934377853836589461-207766774224049171901964708681563529125144087827,1247.5989622507534,UDP >,HTTP >,714914936218336719861297767221934377853836589461,207766774224049171901964708681563529125144087827
714914936218336719861297767221934377853836589461-215123608059624622405742600984392925785664489773,1898.8424598812348,UDP >,Variance <=,714914936218336719861297767221934377853836589461,215123608059624622405742600984392925785664489773
714914936218336719861297767221934377853836589461-218607780770691257170847497927336330511308420255,603.035219305397,UDP >,ack_count >,714914936218336719861297767221934377853836589461,218607780770691257170847497927336330511308420255
714914936218336719861297767221934377853836589461-223165296026140232481876277255273629987157553131,4276.150860232587,UDP >,Header_Length >,714914936218336719861297767221934377853836589461,223165296026140232481876277255273629987157553131
714914936218336719861297767221934377853836589461-335418722972519651500040442315750311827115323662,545.2960714905614,UDP >,Rate >,714914936218336719861297767221934377853836589461,335418722972519651500040442315750311827115323662
714914936218336719861297767221934377853836589461-338730224709676774412755851787278702947952010784,980.8160769607044,UDP >,sum <=,714914936218336719861297767221934377853836589461,338730224709676774412755851787278702947952010784
714914936218336719861297767221934377853836589461-371266811264664269299964157380215767396824640058,310.9507266348627,UDP >,ICMP >,714914936218336719861297767221934377853836589461,371266811264664269299964157380215767396824640058
714914936218336719861297767221934377853836589461-378316838538499851440768051160724422589084218125,475.761454426871,UDP >,IAT <=,714914936218336719861297767221934377853836589461,378316838538499851440768051160724422589084218125
714914936218336719861297767221934377853836589461-40351198695966294513339726256484683518911283460,4639.822772626142,UDP >,fin_flag_number <=,714914936218336719861297767221934377853836589461,40351198695966294513339726256484683518911283460
714914936218336719861297767221934377853836589461-450410814915736770904937984733342042835793211647,386.8718408609164,UDP >,ece_flag_number <=,714914936218336719861297767221934377853836589461,450410814915736770904937984733342042835793211647
714914936218336719861297767221934377853836589461-475011065740486827108472353828139148231878458661,1840.1746632443208,UDP >,syn_flag_number <=,714914936218336719861297767221934377853836589461,475011065740486827108472353828139148231878458661
714914936218336719861297767221934377853836589461-505469541859377927785473031559292540931343582537,814.1480515245394,UDP >,ICMP <=,714914936218336719861297767221934377853836589461,505469541859377927785473031559292540931343582537
714914936218336719861297767221934377853836589461-510505520442458443414009447271658614884328320759,4.040436980270667,UDP >,IRC <=,714914936218336719861297767221934377853836589461,510505520442458443414009447271658614884328320759
714914936218336719861297767221934377853836589461-520582048177068818674784514618258893555315007951,292.9316810696234,UDP >,LLC <=,714914936218336719861297767221934377853836589461,520582048177068818674784514618258893555315007951
714914936218336719861297767221934377853836589461-629827923182617752624696690572530002196221478554,13.131420185879668,UDP >,DHCP >,714914936218336719861297767221934377853836589461,629827923182617752624696690572530002196221478554
714914936218336719861297767221934377853836589461-681503808608794911981134712221284126975357543438,4479.7530414521125,UDP >,syn_count <=,714914936218336719861297767221934377853836589461,681503808608794911981134712221284126975357543438
714914936218336719861297767221934377853836589461-684418957212367241623111035135876005715150589706,4075.9863088632096,UDP >,HTTP <=,714914936218336719861297767221934377853836589461,684418957212367241623111035135876005715150589706
714914936218336719861297767221934377853836589461-714914936218336719861297767221934377853836589461,1267.524181713943,UDP >,UDP >,714914936218336719861297767221934377853836589461,714914936218336719861297767221934377853836589461
714914936218336719861297767221934377853836589461-786396322989194697344344278946426998739971577495,5388.313723221283,UDP >,HTTPS <=,714914936218336719861297767221934377853836589461,786396322989194697344344278946426998739971577495
714914936218336719861297767221934377853836589461-795584812918386367255521286735341258439959854242,250.42563235379203,UDP >,syn_count >,714914936218336719861297767221934377853836589461,795584812918386367255521286735341258439959854242
714914936218336719861297767221934377853836589461-835140271881840015202809914014108690929910415575,479.72043098415236,UDP >,IAT >,714914936218336719861297767221934377853836589461,835140271881840015202809914014108690929910415575
714914936218336719861297767221934377853836589461-841356973986788424033641854148712928121319667477,185.8601010924507,UDP >,Variance >,714914936218336719861297767221934377853836589461,841356973986788424033641854148712928121319667477
714914936218336719861297767221934377853836589461-841518471221275042570144506781210008737201997031,5716.973945814026,UDP >,Min <=,714914936218336719861297767221934377853836589461,841518471221275042570144506781210008737201997031
714914936218336719861297767221934377853836589461-843826879422383561066103188424018239931401286651,369.5370628487874,UDP >,ack_count <=,714914936218336719861297767221934377853836589461,843826879422383561066103188424018239931401286651
714914936218336719861297767221934377853836589461-896530251803066355404557928035950607124936193677,2915.126405011493,UDP >,psh_flag_number <=,714914936218336719861297767221934377853836589461,896530251803066355404557928035950607124936193677
714914936218336719861297767221934377853836589461-922599836131670820904126277297069322180441856169,1958.1945240712591,UDP >,Rate <=,714914936218336719861297767221934377853836589461,922599836131670820904126277297069322180441856169
714914936218336719861297767221934377853836589461-926368966621798523173828527325665066772113177503,1358.5969346160118,UDP >,UDP <=,714914936218336719861297767221934377853836589461,926368966621798523173828527325665066772113177503
714914936218336719861297767221934377853836589461-940331364486966071141541838460909450599289486914,135.35463883906735,UDP >,rst_count >,714914936218336719861297767221934377853836589461,940331364486966071141541838460909450599289486914
714914936218336719861297767221934377853836589461-974265510705878984211701297112044370513255377925,1720.0531235042579,UDP >,Std <=,714914936218336719861297767221934377853836589461,974265510705878984211701297112044370513255377925
786396322989194697344344278946426998739971577495-1043469376771332113858820724324827897913309990452,7382.253080900259,HTTPS <=,LLC >,786396322989194697344344278946426998739971577495,1043469376771332113858820724324827897913309990452
786396322989194697344344278946426998739971577495-1043754360836331848364792327262011021650379248223,369.53706284878734,HTTPS <=,DNS >,786396322989194697344344278946426998739971577495,1043754360836331848364792327262011021650379248223
786396322989194697344344278946426998739971577495-1077028023530208599426324724984012030801332581683,3763.129408330397,HTTPS <=,Time_To_Live >,786396322989194697344344278946426998739971577495,1077028023530208599426324724984012030801332581683
786396322989194697344344278946426998739971577495-1085488307210616684491611463585545838953333018237,2149.463597250201,HTTPS <=,Type >,786396322989194697344344278946426998739971577495,1085488307210616684491611463585545838953333018237
786396322989194697344344278946426998739971577495-1091995366823138898995898948102109473193356840202,1011.0378938897451,HTTPS <=,DNS <=,786396322989194697344344278946426998739971577495,1091995366823138898995898948102109473193356840202
786396322989194697344344278946426998739971577495-109928824856976412487775174607761519739702474552,952.5330180988097,HTTPS <=,Number <=,786396322989194697344344278946426998739971577495,109928824856976412487775174607761519739702474552
786396322989194697344344278946426998739971577495-1118614325010621431186771152252517336813918651911,3291.929737590928,HTTPS <=,sum >,786396322989194697344344278946426998739971577495,1118614325010621431186771152252517336813918651911
786396322989194697344344278946426998739971577495-1184472685782376059334758133512718430805424685192,71.71775639980434,HTTPS <=,SSH >,786396322989194697344344278946426998739971577495,1184472685782376059334758133512718430805424685192
786396322989194697344344278946426998739971577495-1232849963170894971818913290506039176322619533319,2213.996544342347,HTTPS <=,psh_flag_number >,786396322989194697344344278946426998739971577495,1232849963170894971818913290506039176322619533319
786396322989194697344344278946426998739971577495-1233133706649643691022119102239698495899057226060,13675.02188057205,HTTPS <=,Time_To_Live <=,786396322989194697344344278946426998739971577495,1233133706649643691022119102239698495899057226060
786396322989194697344344278946426998739971577495-1236189254858718471128603624930063881324958313531,1002.0283711071254,HTTPS <=,HTTPS >,786396322989194697344344278946426998739971577495,1236189254858718471128603624930063881324958313531
786396322989194697344344278946426998739971577495-1239329028096551917906154637654656383307088642249,40.40436980270667,HTTPS <=,cwr_flag_number <=,786396322989194697344344278946426998739971577495,1239329028096551917906154637654656383307088642249
786396322989194697344344278946426998739971577495-1251276136943778783713685275011300537715092657394,1527.154841865529,HTTPS <=,fin_flag_number >,786396322989194697344344278946426998739971577495,1251276136943778783713685275011300537715092657394
786396322989194697344344278946426998739971577495-1329847435934461746074927120436757452470095790255,1197.9081042272635,HTTPS <=,Min >,786396322989194697344344278946426998739971577495,1329847435934461746074927120436757452470095790255
786396322989194697344344278946426998739971577495-1338222599102815322204523610829624561969283441716,1992.53823840356,HTTPS <=,SSH <=,786396322989194697344344278946426998739971577495,1338222599102815322204523610829624561969283441716
786396322989194697344344278946426998739971577495-1345309773886921328764805451107636357621530213384,20783.225806451614,HTTPS <=,Class -1,786396322989194697344344278946426998739971577495,1345309773886921328764805451107636357621530213384
786396322989194697344344278946426998739971577495-1375509225989204300559045429796274689340158771149,4090.535140409104,HTTPS <=,rst_count <=,786396322989194697344344278946426998739971577495,1375509225989204300559045429796274689340158771149
786396322989194697344344278946426998739971577495-1379366653555122327876205020011632492492609315477,3176.7121153148228,HTTPS <=,Type <=,786396322989194697344344278946426998739971577495,1379366653555122327876205020011632492492609315477
786396322989194697344344278946426998739971577495-1418162538066850581097605911983264533342366443794,6246.22231397569,HTTPS <=,Header_Length <=,786396322989194697344344278946426998739971577495,1418162538066850581097605911983264533342366443794
786396322989194697344344278946426998739971577495-1429650867505148313720594668477948880050562903683,4017.302220141698,HTTPS <=,syn_flag_number >,786396322989194697344344278946426998739971577495,1429650867505148313720594668477948880050562903683
786396322989194697344344278946426998739971577495-1454952188391427871478129207189215566009723810659,1206.673245740915,HTTPS <=,Std >,786396322989194697344344278946426998739971577495,1454952188391427871478129207189215566009723810659
786396322989194697344344278946426998739971577495-1455733501014453866297060548284701359849809242142,615.1565302462091,HTTPS <=,DHCP <=,786396322989194697344344278946426998739971577495,1455733501014453866297060548284701359849809242142
786396322989194697344344278946426998739971577495-153155765823982001952501641876618811106762500815,2133.0248838909547,HTTPS <=,ack_flag_number >,786396322989194697344344278946426998739971577495,153155765823982001952501641876618811106762500815
786396322989194697344344278946426998739971577495-160227321490815016489601533331665083666172936667,37.37404206750367,HTTPS <=,IGMP <=,786396322989194697344344278946426998739971577495,160227321490815016489601533331665083666172936667
786396322989194697344344278946426998739971577495-161772624339136553719839337862344762258727720981,4645.101408035851,HTTPS <=,ack_flag_number <=,786396322989194697344344278946426998739971577495,161772624339136553719839337862344762258727720981
786396322989194697344344278946426998739971577495-171982518954274878349485416184092168691833932185,23469.888309147238,HTTPS <=,Class 1,786396322989194697344344278946426998739971577495,171982518954274878349485416184092168691833932185
786396322989194697344344278946426998739971577495-207766774224049171901964708681563529125144087827,250.3441719308027,HTTPS <=,HTTP >,786396322989194697344344278946426998739971577495,207766774224049171901964708681563529125144087827
786396322989194697344344278946426998739971577495-215123608059624622405742600984392925785664489773,6441.010477427771,HTTPS <=,Variance <=,786396322989194697344344278946426998739971577495,215123608059624622405742600984392925785664489773
786396322989194697344344278946426998739971577495-218607780770691257170847497927336330511308420255,1930.6771931854641,HTTPS <=,ack_count >,786396322989194697344344278946426998739971577495,218607780770691257170847497927336330511308420255
786396322989194697344344278946426998739971577495-223165296026140232481876277255273629987157553131,3232.3495842165335,HTTPS <=,Header_Length >,786396322989194697344344278946426998739971577495,223165296026140232481876277255273629987157553131
786396322989194697344344278946426998739971577495-335418722972519651500040442315750311827115323662,9474.889887073106,HTTPS <=,Rate >,786396322989194697344344278946426998739971577495,335418722972519651500040442315750311827115323662
786396322989194697344344278946426998739971577495-337274849629170698169636561573185333120886675912,1.0101092450676668,HTTPS <=,ece_flag_number >,786396322989194697344344278946426998739971577495,337274849629170698169636561573185333120886675912
786396322989194697344344278946426998739971577495-338730224709676774412755851787278702947952010784,4793.245333284242,HTTPS <=,sum <=,786396322989194697344344278946426998739971577495,338730224709676774412755851787278702947952010784
786396322989194697344344278946426998739971577495-371266811264664269299964157380215767396824640058,301.0125550301647,HTTPS <=,ICMP >,786396322989194697344344278946426998739971577495,371266811264664269299964157380215767396824640058
786396322989194697344344278946426998739971577495-378316838538499851440768051160724422589084218125,10042.212856939981,HTTPS <=,IAT <=,786396322989194697344344278946426998739971577495,378316838538499851440768051160724422589084218125
786396322989194697344344278946426998739971577495-40351198695966294513339726256484683518911283460,1450.2724946482015,HTTPS <=,fin_flag_number <=,786396322989194697344344278946426998739971577495,40351198695966294513339726256484683518911283460
786396322989194697344344278946426998739971577495-426624906449189252299067265451872698344494536313,499.5967741935484,HTTPS <=,Number >,786396322989194697344344278946426998739971577495,426624906449189252299067265451872698344494536313
786396322989194697344344278946426998739971577495-450410814915736770904937984733342042835793211647,984.8565139409751,HTTPS <=,ece_flag_number <=,786396322989194697344344278946426998739971577495,450410814915736770904937984733342042835793211647
786396322989194697344344278946426998739971577495-475011065740486827108472353828139148231878458661,7541.996970382332,HTTPS <=,syn_flag_number <=,786396322989194697344344278946426998739971577495,475011065740486827108472353828139148231878458661
786396322989194697344344278946426998739971577495-505469541859377927785473031559292540931343582537,2915.0123604193077,HTTPS <=,ICMP <=,786396322989194697344344278946426998739971577495,505469541859377927785473031559292540931343582537
786396322989194697344344278946426998739971577495-510505520442458443414009447271658614884328320759,448.4070443870547,HTTPS <=,IRC <=,786396322989194697344344278946426998739971577495,510505520442458443414009447271658614884328320759
786396322989194697344344278946426998739971577495-520582048177068818674784514618258893555315007951,1200.0097831403882,HTTPS <=,LLC <=,786396322989194697344344278946426998739971577495,520582048177068818674784514618258893555315007951
786396322989194697344344278946426998739971577495-565103970815292376991711972572924808853013487374,1.0101092450676668,HTTPS <=,IGMP >,786396322989194697344344278946426998739971577495,565103970815292376991711972572924808853013487374
786396322989194697344344278946426998739971577495-629827923182617752624696690572530002196221478554,3.0303277352030005,HTTPS <=,DHCP >,786396322989194697344344278946426998739971577495,629827923182617752624696690572530002196221478554
786396322989194697344344278946426998739971577495-681503808608794911981134712221284126975357543438,6860.205814130853,HTTPS <=,syn_count <=,786396322989194697344344278946426998739971577495,681503808608794911981134712221284126975357543438
786396322989194697344344278946426998739971577495-684418957212367241623111035135876005715150589706,795.5587829983748,HTTPS <=,HTTP <=,786396322989194697344344278946426998739971577495,684418957212367241623111035135876005715150589706
786396322989194697344344278946426998739971577495-714914936218336719861297767221934377853836589461,6912.5685740283925,HTTPS <=,UDP >,786396322989194697344344278946426998739971577495,714914936218336719861297767221934377853836589461
786396322989194697344344278946426998739971577495-786396322989194697344344278946426998739971577495,353.45677535069404,HTTPS <=,HTTPS <=,786396322989194697344344278946426998739971577495,786396322989194697344344278946426998739971577495
786396322989194697344344278946426998739971577495-795584812918386367255521286735341258439959854242,2491.076027098247,HTTPS <=,syn_count >,786396322989194697344344278946426998739971577495,795584812918386367255521286735341258439959854242
786396322989194697344344278946426998739971577495-835140271881840015202809914014108690929910415575,3977.875375414863,HTTPS <=,IAT >,786396322989194697344344278946426998739971577495,835140271881840015202809914014108690929910415575
786396322989194697344344278946426998739971577495-841356973986788424033641854148712928121319667477,2244.0880245946046,HTTPS <=,Variance >,786396322989194697344344278946426998739971577495,841356973986788424033641854148712928121319667477
786396322989194697344344278946426998739971577495-841518471221275042570144506781210008737201997031,5798.629873818528,HTTPS <=,Min <=,786396322989194697344344278946426998739971577495,841518471221275042570144506781210008737201997031
786396322989194697344344278946426998739971577495-843826879422383561066103188424018239931401286651,1002.7940990832251,HTTPS <=,ack_count <=,786396322989194697344344278946426998739971577495,843826879422383561066103188424018239931401286651
786396322989194697344344278946426998739971577495-896530251803066355404557928035950607124936193677,4344.072560921088,HTTPS <=,psh_flag_number <=,786396322989194697344344278946426998739971577495,896530251803066355404557928035950607124936193677
786396322989194697344344278946426998739971577495-922599836131670820904126277297069322180441856169,10598.392040941917,HTTPS <=,Rate <=,786396322989194697344344278946426998739971577495,922599836131670820904126277297069322180441856169
786396322989194697344344278946426998739971577495-926368966621798523173828527325665066772113177503,24119.97506877127,HTTPS <=,UDP <=,786396322989194697344344278946426998739971577495,926368966621798523173828527325665066772113177503
786396322989194697344344278946426998739971577495-940331364486966071141541838460909450599289486914,2409.1757178247767,HTTPS <=,rst_count >,786396322989194697344344278946426998739971577495,940331364486966071141541838460909450599289486914
786396322989194697344344278946426998739971577495-974265510705878984211701297112044370513255377925,20685.6362197104,HTTPS <=,Std <=,786396322989194697344344278946426998739971577495,974265510705878984211701297112044370513255377925
795584812918386367255521286735341258439959854242-1043469376771332113858820724324827897913309990452,131.31420185879668,syn_count >,LLC >,795584812918386367255521286735341258439959854242,1043469376771332113858820724324827897913309990452
795584812918386367255521286735341258439959854242-1043754360836331848364792327262011021650379248223,23.232512636556336,syn_count >,DNS >,795584812918386367255521286735341258439959854242,1043754360836331848364792327262011021650379248223
795584812918386367255521286735341258439959854242-1077028023530208599426324724984012030801332581683,734.7893074483361,syn_count >,Time_To_Live >,795584812918386367255521286735341258439959854242,1077028023530208599426324724984012030801332581683
795584812918386367255521286735341258439959854242-1085488307210616684491611463585545838953333018237,37.37404206750367,syn_count >,Type >,795584812918386367255521286735341258439959854242,1085488307210616684491611463585545838953333018237
795584812918386367255521286735341258439959854242-1091995366823138898995898948102109473193356840202,475.4356127349137,syn_count >,DNS <=,795584812918386367255521286735341258439959854242,1091995366823138898995898948102109473193356840202
795584812918386367255521286735341258439959854242-109928824856976412487775174607761519739702474552,54.545899233654005,syn_count >,Number <=,795584812918386367255521286735341258439959854242,109928824856976412487775174607761519739702474552
795584812918386367255521286735341258439959854242-1118614325010621431186771152252517336813918651911,33.333605087233,syn_count >,sum >,795584812918386367255521286735341258439959854242,1118614325010621431186771152252517336813918651911
795584812918386367255521286735341258439959854242-1232849963170894971818913290506039176322619533319,102.02103375183434,syn_count >,psh_flag_number >,795584812918386367255521286735341258439959854242,1232849963170894971818913290506039176322619533319
795584812918386367255521286735341258439959854242-1233133706649643691022119102239698495899057226060,6121.424945956039,syn_count >,Time_To_Live <=,795584812918386367255521286735341258439959854242,1233133706649643691022119102239698495899057226060
795584812918386367255521286735341258439959854242-1236189254858718471128603624930063881324958313531,52.52568074351867,syn_count >,HTTPS >,795584812918386367255521286735341258439959854242,1236189254858718471128603624930063881324958313531
795584812918386367255521286735341258439959854242-1251276136943778783713685275011300537715092657394,1137.4970545383778,syn_count >,fin_flag_number >,795584812918386367255521286735341258439959854242,1251276136943778783713685275011300537715092657394
795584812918386367255521286735341258439959854242-1329847435934461746074927120436757452470095790255,1150.107128017126,syn_count >,Min >,795584812918386367255521286735341258439959854242,1329847435934461746074927120436757452470095790255
795584812918386367255521286735341258439959854242-1338222599102815322204523610829624561969283441716,1546.4283779448042,syn_count >,SSH <=,795584812918386367255521286735341258439959854242,1338222599102815322204523610829624561969283441716
795584812918386367255521286735341258439959854242-1345309773886921328764805451107636357621530213384,54855.72580645161,syn_count >,Class -1,795584812918386367255521286735341258439959854242,1345309773886921328764805451107636357621530213384
795584812918386367255521286735341258439959854242-1375509225989204300559045429796274689340158771149,601.7807287913614,syn_count >,rst_count <=,795584812918386367255521286735341258439959854242,1375509225989204300559045429796274689340158771149
795584812918386367255521286735341258439959854242-1379366653555122327876205020011632492492609315477,3014.915423173419,syn_count >,Type <=,795584812918386367255521286735341258439959854242,1379366653555122327876205020011632492492609315477
795584812918386367255521286735341258439959854242-1418162538066850581097605911983264533342366443794,640.3278009499114,syn_count >,Header_Length <=,795584812918386367255521286735341258439959854242,1418162538066850581097605911983264533342366443794
795584812918386367255521286735341258439959854242-1429650867505148313720594668477948880050562903683,5128.210592616359,syn_count >,syn_flag_number >,795584812918386367255521286735341258439959854242,1429650867505148313720594668477948880050562903683
795584812918386367255521286735341258439959854242-1454952188391427871478129207189215566009723810659,9.090983205609001,syn_count >,Std >,795584812918386367255521286735341258439959854242,1454952188391427871478129207189215566009723810659
795584812918386367255521286735341258439959854242-1455733501014453866297060548284701359849809242142,608.7700330838458,syn_count >,DHCP <=,795584812918386367255521286735341258439959854242,1455733501014453866297060548284701359849809242142
795584812918386367255521286735341258439959854242-153155765823982001952501641876618811106762500815,911.6398857581671,syn_count >,ack_flag_number >,795584812918386367255521286735341258439959854242,153155765823982001952501641876618811106762500815
795584812918386367255521286735341258439959854242-160227321490815016489601533331665083666172936667,228.20322896230334,syn_count >,IGMP <=,795584812918386367255521286735341258439959854242,160227321490815016489601533331665083666172936667
795584812918386367255521286735341258439959854242-161772624339136553719839337862344762258727720981,775.3565980970214,syn_count >,ack_flag_number <=,795584812918386367255521286735341258439959854242,161772624339136553719839337862344762258727720981
795584812918386367255521286735341258439959854242-171982518954274878349485416184092168691833932185,5651.561226153595,syn_count >,Class 1,795584812918386367255521286735341258439959854242,171982518954274878349485416184092168691833932185
795584812918386367255521286735341258439959854242-207766774224049171901964708681563529125144087827,37.37404206750367,syn_count >,HTTP >,795584812918386367255521286735341258439959854242,207766774224049171901964708681563529125144087827
795584812918386367255521286735341258439959854242-215123608059624622405742600984392925785664489773,731.1561725830121,syn_count >,Variance <=,795584812918386367255521286735341258439959854242,215123608059624622405742600984392925785664489773
795584812918386367255521286735341258439959854242-218607780770691257170847497927336330511308420255,318.1029517733257,syn_count >,ack_count >,795584812918386367255521286735341258439959854242,218607780770691257170847497927336330511308420255
795584812918386367255521286735341258439959854242-223165296026140232481876277255273629987157553131,116.16256318278168,syn_count >,Header_Length >,795584812918386367255521286735341258439959854242,223165296026140232481876277255273629987157553131
795584812918386367255521286735341258439959854242-335418722972519651500040442315750311827115323662,281.82047937387904,syn_count >,Rate >,795584812918386367255521286735341258439959854242,335418722972519651500040442315750311827115323662
795584812918386367255521286735341258439959854242-337274849629170698169636561573185333120886675912,2.0202184901353335,syn_count >,ece_flag_number >,795584812918386367255521286735341258439959854242,337274849629170698169636561573185333120886675912
795584812918386367255521286735341258439959854242-338730224709676774412755851787278702947952010784,1537.5817760081632,syn_count >,sum <=,795584812918386367255521286735341258439959854242,338730224709676774412755851787278702947952010784
795584812918386367255521286735341258439959854242-371266811264664269299964157380215767396824640058,23.232512636556336,syn_count >,ICMP >,795584812918386367255521286735341258439959854242,371266811264664269299964157380215767396824640058
795584812918386367255521286735341258439959854242-378316838538499851440768051160724422589084218125,2339.4455957459118,syn_count >,IAT <=,795584812918386367255521286735341258439959854242,378316838538499851440768051160724422589084218125
795584812918386367255521286735341258439959854242-40351198695966294513339726256484683518911283460,643.0322869931571,syn_count >,fin_flag_number <=,795584812918386367255521286735341258439959854242,40351198695966294513339726256484683518911283460
795584812918386367255521286735341258439959854242-450410814915736770904937984733342042835793211647,207.07239523887168,syn_count >,ece_flag_number <=,795584812918386367255521286735341258439959854242,450410814915736770904937984733342042835793211647
795584812918386367255521286735341258439959854242-475011065740486827108472353828139148231878458661,2074.226750577258,syn_count >,syn_flag_number <=,795584812918386367255521286735341258439959854242,475011065740486827108472353828139148231878458661
795584812918386367255521286735341258439959854242-505469541859377927785473031559292540931343582537,1399.0338885879141,syn_count >,ICMP <=,795584812918386367255521286735341258439959854242,505469541859377927785473031559292540931343582537
795584812918386367255521286735341258439959854242-510505520442458443414009447271658614884328320759,12.121310940812002,syn_count >,IRC <=,795584812918386367255521286735341258439959854242,510505520442458443414009447271658614884328320759
795584812918386367255521286735341258439959854242-520582048177068818674784514618258893555315007951,218.02067608863737,syn_count >,LLC <=,795584812918386367255521286735341258439959854242,520582048177068818674784514618258893555315007951
795584812918386367255521286735341258439959854242-681503808608794911981134712221284126975357543438,1027.2811022338171,syn_count >,syn_count <=,795584812918386367255521286735341258439959854242,681503808608794911981134712221284126975357543438
795584812918386367255521286735341258439959854242-684418957212367241623111035135876005715150589706,886.7129963234328,syn_count >,HTTP <=,795584812918386367255521286735341258439959854242,684418957212367241623111035135876005715150589706
795584812918386367255521286735341258439959854242-714914936218336719861297767221934377853836589461,204.97071632574702,syn_count >,UDP >,795584812918386367255521286735341258439959854242,714914936218336719861297767221934377853836589461
795584812918386367255521286735341258439959854242-786396322989194697344344278946426998739971577495,1475.7207307900676,syn_count >,HTTPS <=,795584812918386367255521286735341258439959854242,786396322989194697344344278946426998739971577495
795584812918386367255521286735341258439959854242-795584812918386367255521286735341258439959854242,29.293168106962337,syn_count >,syn_count >,795584812918386367255521286735341258439959854242,795584812918386367255521286735341258439959854242
795584812918386367255521286735341258439959854242-835140271881840015202809914014108690929910415575,570.3858817712744,syn_count >,IAT >,795584812918386367255521286735341258439959854242,835140271881840015202809914014108690929910415575
795584812918386367255521286735341258439959854242-841356973986788424033641854148712928121319667477,290.7485417335094,syn_count >,Variance >,795584812918386367255521286735341258439959854242,841356973986788424033641854148712928121319667477
795584812918386367255521286735341258439959854242-841518471221275042570144506781210008737201997031,7901.514401203432,syn_count >,Min <=,795584812918386367255521286735341258439959854242,841518471221275042570144506781210008737201997031
795584812918386367255521286735341258439959854242-843826879422383561066103188424018239931401286651,225.2543616500897,syn_count >,ack_count <=,795584812918386367255521286735341258439959854242,843826879422383561066103188424018239931401286651
795584812918386367255521286735341258439959854242-896530251803066355404557928035950607124936193677,1081.2567785065457,syn_count >,psh_flag_number <=,795584812918386367255521286735341258439959854242,896530251803066355404557928035950607124936193677
795584812918386367255521286735341258439959854242-922599836131670820904126277297069322180441856169,280.81037012881137,syn_count >,Rate <=,795584812918386367255521286735341258439959854242,922599836131670820904126277297069322180441856169
795584812918386367255521286735341258439959854242-926368966621798523173828527325665066772113177503,2671.364235258228,syn_count >,UDP <=,795584812918386367255521286735341258439959854242,926368966621798523173828527325665066772113177503
795584812918386367255521286735341258439959854242-940331364486966071141541838460909450599289486914,300.7681737611967,syn_count >,rst_count >,795584812918386367255521286735341258439959854242,940331364486966071141541838460909450599289486914
795584812918386367255521286735341258439959854242-974265510705878984211701297112044370513255377925,2122.0277267873957,syn_count >,Std <=,795584812918386367255521286735341258439959854242,974265510705878984211701297112044370513255377925
835140271881840015202809914014108690929910415575-1043469376771332113858820724324827897913309990452,12185.957932496332,IAT >,LLC >,835140271881840015202809914014108690929910415575,1043469376771332113858820724324827897913309990452
835140271881840015202809914014108690929910415575-1043754360836331848364792327262011021650379248223,566.5083656369824,IAT >,DNS >,835140271881840015202809914014108690929910415575,1043754360836331848364792327262011021650379248223
835140271881840015202809914014108690929910415575-1077028023530208599426324724984012030801332581683,3996.187678502864,IAT >,Time_To_Live >,835140271881840015202809914014108690929910415575,1077028023530208599426324724984012030801332581683
835140271881840015202809914014108690929910415575-1085488307210616684491611463585545838953333018237,1052.2894520915409,IAT >,Type >,835140271881840015202809914014108690929910415575,1085488307210616684491611463585545838953333018237
835140271881840015202809914014108690929910415575-1091995366823138898995898948102109473193356840202,2539.414642100114,IAT >,DNS <=,835140271881840015202809914014108690929910415575,1091995366823138898995898948102109473193356840202
835140271881840015202809914014108690929910415575-109928824856976412487775174607761519739702474552,323.23495842165335,IAT >,Number <=,835140271881840015202809914014108690929910415575,109928824856976412487775174607761519739702474552
835140271881840015202809914014108690929910415575-1118614325010621431186771152252517336813918651911,1350.9559469396129,IAT >,sum >,835140271881840015202809914014108690929910415575,1118614325010621431186771152252517336813918651911
835140271881840015202809914014108690929910415575-1184472685782376059334758133512718430805424685192,11.111201695744334,IAT >,SSH >,835140271881840015202809914014108690929910415575,1184472685782376059334758133512718430805424685192
835140271881840015202809914014108690929910415575-1232849963170894971818913290506039176322619533319,913.1387575411708,IAT >,psh_flag_number >,835140271881840015202809914014108690929910415575,1232849963170894971818913290506039176322619533319
835140271881840015202809914014108690929910415575-1233133706649643691022119102239698495899057226060,2744.4994030180465,IAT >,Time_To_Live <=,835140271881840015202809914014108690929910415575,1233133706649643691022119102239698495899057226060
835140271881840015202809914014108690929910415575-1236189254858718471128603624930063881324958313531,416.1650089678787,IAT >,HTTPS >,835140271881840015202809914014108690929910415575,1236189254858718471128603624930063881324958313531
835140271881840015202809914014108690929910415575-1239329028096551917906154637654656383307088642249,599.9234311472047,IAT >,cwr_flag_number <=,835140271881840015202809914014108690929910415575,1239329028096551917906154637654656383307088642249
835140271881840015202809914014108690929910415575-1251276136943778783713685275011300537715092657394,16.161747921082668,IAT >,fin_flag_number >,835140271881840015202809914014108690929910415575,1251276136943778783713685275011300537715092657394
835140271881840015202809914014108690929910415575-1329847435934461746074927120436757452470095790255,1578.474908348806,IAT >,Min >,835140271881840015202809914014108690929910415575,1329847435934461746074927120436757452470095790255
835140271881840015202809914014108690929910415575-1338222599102815322204523610829624561969283441716,1444.2932996007848,IAT >,SSH <=,835140271881840015202809914014108690929910415575,1338222599102815322204523610829624561969283441716
835140271881840015202809914014108690929910415575-1345309773886921328764805451107636357621530213384,69443.95161290323,IAT >,Class -1,835140271881840015202809914014108690929910415575,1345309773886921328764805451107636357621530213384
835140271881840015202809914014108690929910415575-1375509225989204300559045429796274689340158771149,3215.731657926711,IAT >,rst_count <=,835140271881840015202809914014108690929910415575,1375509225989204300559045429796274689340158771149
835140271881840015202809914014108690929910415575-1379366653555122327876205020011632492492609315477,3311.7409124619326,IAT >,Type <=,835140271881840015202809914014108690929910415575,1379366653555122327876205020011632492492609315477
835140271881840015202809914014108690929910415575-1418162538066850581097605911983264533342366443794,168.68824392630034,IAT >,Header_Length <=,835140271881840015202809914014108690929910415575,1418162538066850581097605911983264533342366443794
835140271881840015202809914014108690929910415575-1429650867505148313720594668477948880050562903683,4934.432538409345,IAT >,syn_flag_number >,835140271881840015202809914014108690929910415575,1429650867505148313720594668477948880050562903683
835140271881840015202809914014108690929910415575-1454952188391427871478129207189215566009723810659,686.8742866460134,IAT >,Std >,835140271881840015202809914014108690929910415575,1454952188391427871478129207189215566009723810659
835140271881840015202809914014108690929910415575-1455733501014453866297060548284701359849809242142,2848.7361602751903,IAT >,DHCP <=,835140271881840015202809914014108690929910415575,1455733501014453866297060548284701359849809242142
835140271881840015202809914014108690929910415575-153155765823982001952501641876618811106762500815,1089.9078754280124,IAT >,ack_flag_number >,835140271881840015202809914014108690929910415575,153155765823982001952501641876618811106762500815
835140271881840015202809914014108690929910415575-160227321490815016489601533331665083666172936667,654.3878699578694,IAT >,IGMP <=,835140271881840015202809914014108690929910415575,160227321490815016489601533331665083666172936667
835140271881840015202809914014108690929910415575-161772624339136553719839337862344762258727720981,4464.454774014717,IAT >,ack_flag_number <=,835140271881840015202809914014108690929910415575,161772624339136553719839337862344762258727720981
835140271881840015202809914014108690929910415575-171982518954274878349485416184092168691833932185,18846.618294472526,IAT >,Class 1,835140271881840015202809914014108690929910415575,171982518954274878349485416184092168691833932185
835140271881840015202809914014108690929910415575-207766774224049171901964708681563529125144087827,2929.5448998806037,IAT >,HTTP >,835140271881840015202809914014108690929910415575,207766774224049171901964708681563529125144087827
835140271881840015202809914014108690929910415575-215123608059624622405742600984392925785664489773,4537.47589718235,IAT >,Variance <=,835140271881840015202809914014108690929910415575,215123608059624622405742600984392925785664489773
835140271881840015202809914014108690929910415575-218607780770691257170847497927336330511308420255,4147.42709982485,IAT >,ack_count >,835140271881840015202809914014108690929910415575,218607780770691257170847497927336330511308420255
835140271881840015202809914014108690929910415575-223165296026140232481876277255273629987157553131,5378.831729985325,IAT >,Header_Length >,835140271881840015202809914014108690929910415575,223165296026140232481876277255273629987157553131
835140271881840015202809914014108690929910415575-335418722972519651500040442315750311827115323662,5985.516376240645,IAT >,Rate >,835140271881840015202809914014108690929910415575,335418722972519651500040442315750311827115323662
835140271881840015202809914014108690929910415575-338730224709676774412755851787278702947952010784,2485.7973916885385,IAT >,sum <=,835140271881840015202809914014108690929910415575,338730224709676774412755851787278702947952010784
835140271881840015202809914014108690929910415575-371266811264664269299964157380215767396824640058,726.9528147567628,IAT >,ICMP >,835140271881840015202809914014108690929910415575,371266811264664269299964157380215767396824640058
835140271881840015202809914014108690929910415575-378316838538499851440768051160724422589084218125,1569.8238114273393,IAT >,IAT <=,835140271881840015202809914014108690929910415575,378316838538499851440768051160724422589084218125
835140271881840015202809914014108690929910415575-40351198695966294513339726256484683518911283460,874.7546062285994,IAT >,fin_flag_number <=,835140271881840015202809914014108690929910415575,40351198695966294513339726256484683518911283460
835140271881840015202809914014108690929910415575-426624906449189252299067265451872698344494536313,3498.1875285999063,IAT >,Number >,835140271881840015202809914014108690929910415575,426624906449189252299067265451872698344494536313
835140271881840015202809914014108690929910415575-450410814915736770904937984733342042835793211647,34.34371433230067,IAT >,ece_flag_number <=,835140271881840015202809914014108690929910415575,450410814915736770904937984733342042835793211647
835140271881840015202809914014108690929910415575-475011065740486827108472353828139148231878458661,5534.323385387354,IAT >,syn_flag_number <=,835140271881840015202809914014108690929910415575,475011065740486827108472353828139148231878458661
835140271881840015202809914014108690929910415575-505469541859377927785473031559292540931343582537,3417.997888209212,IAT >,ICMP <=,835140271881840015202809914014108690929910415575,505469541859377927785473031559292540931343582537
835140271881840015202809914014108690929910415575-520582048177068818674784514618258893555315007951,611.1160932659384,IAT >,LLC <=,835140271881840015202809914014108690929910415575,520582048177068818674784514618258893555315007951
835140271881840015202809914014108690929910415575-565103970815292376991711972572924808853013487374,4.040436980270667,IAT >,IGMP >,835140271881840015202809914014108690929910415575,565103970815292376991711972572924808853013487374
835140271881840015202809914014108690929910415575-629827923182617752624696690572530002196221478554,56.56611772378934,IAT >,DHCP >,835140271881840015202809914014108690929910415575,629827923182617752624696690572530002196221478554
835140271881840015202809914014108690929910415575-681503808608794911981134712221284126975357543438,8715.580992304982,IAT >,syn_count <=,835140271881840015202809914014108690929910415575,681503808608794911981134712221284126975357543438
835140271881840015202809914014108690929910415575-684418957212367241623111035135876005715150589706,2187.40786227863,IAT >,HTTP <=,835140271881840015202809914014108690929910415575,684418957212367241623111035135876005715150589706
835140271881840015202809914014108690929910415575-714914936218336719861297767221934377853836589461,644.3682379301821,IAT >,UDP >,835140271881840015202809914014108690929910415575,714914936218336719861297767221934377853836589461
835140271881840015202809914014108690929910415575-786396322989194697344344278946426998739971577495,2453.34355916959,IAT >,HTTPS <=,835140271881840015202809914014108690929910415575,786396322989194697344344278946426998739971577495
835140271881840015202809914014108690929910415575-795584812918386367255521286735341258439959854242,1217.3771453217128,IAT >,syn_count >,835140271881840015202809914014108690929910415575,795584812918386367255521286735341258439959854242
835140271881840015202809914014108690929910415575-835140271881840015202809914014108690929910415575,23412.491295108957,IAT >,IAT >,835140271881840015202809914014108690929910415575,835140271881840015202809914014108690929910415575
835140271881840015202809914014108690929910415575-841356973986788424033641854148712928121319667477,722.2281102233817,IAT >,Variance >,835140271881840015202809914014108690929910415575,841356973986788424033641854148712928121319667477
835140271881840015202809914014108690929910415575-841518471221275042570144506781210008737201997031,4789.432985488342,IAT >,Min <=,835140271881840015202809914014108690929910415575,841518471221275042570144506781210008737201997031
835140271881840015202809914014108690929910415575-843826879422383561066103188424018239931401286651,3506.838625521373,IAT >,ack_count <=,835140271881840015202809914014108690929910415575,843826879422383561066103188424018239931401286651
835140271881840015202809914014108690929910415575-896530251803066355404557928035950607124936193677,1262.3921750656154,IAT >,psh_flag_number <=,835140271881840015202809914014108690929910415575,896530251803066355404557928035950607124936193677
835140271881840015202809914014108690929910415575-922599836131670820904126277297069322180441856169,9957.379972438895,IAT >,Rate <=,835140271881840015202809914014108690929910415575,922599836131670820904126277297069322180441856169
835140271881840015202809914014108690929910415575-926368966621798523173828527325665066772113177503,7061.217553899318,IAT >,UDP <=,835140271881840015202809914014108690929910415575,926368966621798523173828527325665066772113177503
835140271881840015202809914014108690929910415575-940331364486966071141541838460909450599289486914,2399.0746253741,IAT >,rst_count >,835140271881840015202809914014108690929910415575,940331364486966071141541838460909450599289486914
835140271881840015202809914014108690929910415575-974265510705878984211701297112044370513255377925,6138.74343188357,IAT >,Std <=,835140271881840015202809914014108690929910415575,974265510705878984211701297112044370513255377925
841356973986788424033641854148712928121319667477-1043469376771332113858820724324827897913309990452,3650.371890828569,Variance >,LLC >,841356973986788424033641854148712928121319667477,1043469376771332113858820724324827897913309990452
841356973986788424033641854148712928121319667477-1043754360836331848364792327262011021650379248223,198.91006085534102,Variance >,DNS >,841356973986788424033641854148712928121319667477,1043754360836331848364792327262011021650379248223
841356973986788424033641854148712928121319667477-1077028023530208599426324724984012030801332581683,659.519876606197,Variance >,Time_To_Live >,841356973986788424033641854148712928121319667477,1077028023530208599426324724984012030801332581683
841356973986788424033641854148712928121319667477-1085488307210616684491611463585545838953333018237,698.5882954718787,Variance >,Type >,841356973986788424033641854148712928121319667477,1085488307210616684491611463585545838953333018237
841356973986788424033641854148712928121319667477-1091995366823138898995898948102109473193356840202,880.8152616990054,Variance >,DNS <=,841356973986788424033641854148712928121319667477,1091995366823138898995898948102109473193356840202
841356973986788424033641854148712928121319667477-109928824856976412487775174607761519739702474552,145.37427086675467,Variance >,Number <=,841356973986788424033641854148712928121319667477,109928824856976412487775174607761519739702474552
841356973986788424033641854148712928121319667477-1118614325010621431186771152252517336813918651911,932.2493727744671,Variance >,sum >,841356973986788424033641854148712928121319667477,1118614325010621431186771152252517336813918651911
841356973986788424033641854148712928121319667477-1184472685782376059334758133512718430805424685192,6.060655470406001,Variance >,SSH >,841356973986788424033641854148712928121319667477,1184472685782376059334758133512718430805424685192
841356973986788424033641854148712928121319667477-1232849963170894971818913290506039176322619533319,435.3570846241644,Variance >,psh_flag_number >,841356973986788424033641854148712928121319667477,1232849963170894971818913290506039176322619533319
841356973986788424033641854148712928121319667477-1233133706649643691022119102239698495899057226060,677.7833034404044,Variance >,Time_To_Live <=,841356973986788424033641854148712928121319667477,1233133706649643691022119102239698495899057226060
841356973986788424033641854148712928121319667477-1236189254858718471128603624930063881324958313531,804.0469590738627,Variance >,HTTPS >,841356973986788424033641854148712928121319667477,1236189254858718471128603624930063881324958313531
841356973986788424033641854148712928121319667477-1239329028096551917906154637654656383307088642249,87.87950432088701,Variance >,cwr_flag_number <=,841356973986788424033641854148712928121319667477,1239329028096551917906154637654656383307088642249
841356973986788424033641854148712928121319667477-1251276136943778783713685275011300537715092657394,34.34371433230067,Variance >,fin_flag_number >,841356973986788424033641854148712928121319667477,1251276136943778783713685275011300537715092657394
841356973986788424033641854148712928121319667477-1329847435934461746074927120436757452470095790255,734.2679607412044,Variance >,Min >,841356973986788424033641854148712928121319667477,1329847435934461746074927120436757452470095790255
841356973986788424033641854148712928121319667477-1338222599102815322204523610829624561969283441716,2115.0058383257156,Variance >,SSH <=,841356973986788424033641854148712928121319667477,1338222599102815322204523610829624561969283441716
841356973986788424033641854148712928121319667477-1345309773886921328764805451107636357621530213384,3896.8548387096776,Variance >,Class -1,841356973986788424033641854148712928121319667477,1345309773886921328764805451107636357621530213384
841356973986788424033641854148712928121319667477-1375509225989204300559045429796274689340158771149,682.8338496657427,Variance >,rst_count <=,841356973986788424033641854148712928121319667477,1375509225989204300559045429796274689340158771149
841356973986788424033641854148712928121319667477-1379366653555122327876205020011632492492609315477,348.4062291253557,Variance >,Type <=,841356973986788424033641854148712928121319667477,1379366653555122327876205020011632492492609315477
841356973986788424033641854148712928121319667477-1418162538066850581097605911983264533342366443794,541.33709493328,Variance >,Header_Length <=,841356973986788424033641854148712928121319667477,1418162538066850581097605911983264533342366443794
841356973986788424033641854148712928121319667477-1429650867505148313720594668477948880050562903683,6.060655470406001,Variance >,syn_flag_number >,841356973986788424033641854148712928121319667477,1429650867505148313720594668477948880050562903683
841356973986788424033641854148712928121319667477-1454952188391427871478129207189215566009723810659,305.9816408325137,Variance >,Std >,841356973986788424033641854148712928121319667477,1454952188391427871478129207189215566009723810659
841356973986788424033641854148712928121319667477-1455733501014453866297060548284701359849809242142,241.41610957117234,Variance >,DHCP <=,841356973986788424033641854148712928121319667477,1455733501014453866297060548284701359849809242142
841356973986788424033641854148712928121319667477-153155765823982001952501641876618811106762500815,630.1452480762454,Variance >,ack_flag_number >,841356973986788424033641854148712928121319667477,153155765823982001952501641876618811106762500815
841356973986788424033641854148712928121319667477-160227321490815016489601533331665083666172936667,170.70846241643568,Variance >,IGMP <=,841356973986788424033641854148712928121319667477,160227321490815016489601533331665083666172936667
841356973986788424033641854148712928121319667477-161772624339136553719839337862344762258727720981,2784.8548965669593,Variance >,ack_flag_number <=,841356973986788424033641854148712928121319667477,161772624339136553719839337862344762258727720981
841356973986788424033641854148712928121319667477-171982518954274878349485416184092168691833932185,10963.725745964455,Variance >,Class 1,841356973986788424033641854148712928121319667477,171982518954274878349485416184092168691833932185
841356973986788424033641854148712928121319667477-207766774224049171901964708681563529125144087827,109.09179846730801,Variance >,HTTP >,841356973986788424033641854148712928121319667477,207766774224049171901964708681563529125144087827
841356973986788424033641854148712928121319667477-215123608059624622405742600984392925785664489773,1369.708136311756,Variance >,Variance <=,841356973986788424033641854148712928121319667477,215123608059624622405742600984392925785664489773
841356973986788424033641854148712928121319667477-218607780770691257170847497927336330511308420255,1519.2043045817709,Variance >,ack_count >,841356973986788424033641854148712928121319667477,218607780770691257170847497927336330511308420255
841356973986788424033641854148712928121319667477-223165296026140232481876277255273629987157553131,1049.4220452023164,Variance >,Header_Length >,841356973986788424033641854148712928121319667477,223165296026140232481876277255273629987157553131
841356973986788424033641854148712928121319667477-335418722972519651500040442315750311827115323662,382.8314038806457,Variance >,Rate >,841356973986788424033641854148712928121319667477,335418722972519651500040442315750311827115323662
841356973986788424033641854148712928121319667477-337274849629170698169636561573185333120886675912,5.0505462253383335,Variance >,ece_flag_number >,841356973986788424033641854148712928121319667477,337274849629170698169636561573185333120886675912
841356973986788424033641854148712928121319667477-338730224709676774412755851787278702947952010784,1246.2304271445328,Variance >,sum <=,841356973986788424033641854148712928121319667477,338730224709676774412755851787278702947952010784
841356973986788424033641854148712928121319667477-371266811264664269299964157380215767396824640058,15.151638676015,Variance >,ICMP >,841356973986788424033641854148712928121319667477,371266811264664269299964157380215767396824640058
841356973986788424033641854148712928121319667477-378316838538499851440768051160724422589084218125,1337.3031800466015,Variance >,IAT <=,841356973986788424033641854148712928121319667477,378316838538499851440768051160724422589084218125
841356973986788424033641854148712928121319667477-40351198695966294513339726256484683518911283460,88.88961356595468,Variance >,fin_flag_number <=,841356973986788424033641854148712928121319667477,40351198695966294513339726256484683518911283460
841356973986788424033641854148712928121319667477-426624906449189252299067265451872698344494536313,401.69763784497405,Variance >,Number >,841356973986788424033641854148712928121319667477,426624906449189252299067265451872698344494536313
841356973986788424033641854148712928121319667477-450410814915736770904937984733342042835793211647,393.94260557639,Variance >,ece_flag_number <=,841356973986788424033641854148712928121319667477,450410814915736770904937984733342042835793211647
841356973986788424033641854148712928121319667477-475011065740486827108472353828139148231878458661,380.6482645445317,Variance >,syn_flag_number <=,841356973986788424033641854148712928121319667477,475011065740486827108472353828139148231878458661
841356973986788424033641854148712928121319667477-505469541859377927785473031559292540931343582537,70.70764715473668,Variance >,ICMP <=,841356973986788424033641854148712928121319667477,505469541859377927785473031559292540931343582537
841356973986788424033641854148712928121319667477-510505520442458443414009447271658614884328320759,11.111201695744334,Variance >,IRC <=,841356973986788424033641854148712928121319667477,510505520442458443414009447271658614884328320759
841356973986788424033641854148712928121319667477-520582048177068818674784514618258893555315007951,528.2056747474004,Variance >,LLC <=,841356973986788424033641854148712928121319667477,520582048177068818674784514618258893555315007951
841356973986788424033641854148712928121319667477-629827923182617752624696690572530002196221478554,27.272949616827002,Variance >,DHCP >,841356973986788424033641854148712928121319667477,629827923182617752624696690572530002196221478554
841356973986788424033641854148712928121319667477-681503808608794911981134712221284126975357543438,4556.602804500245,Variance >,syn_count <=,841356973986788424033641854148712928121319667477,681503808608794911981134712221284126975357543438
841356973986788424033641854148712928121319667477-684418957212367241623111035135876005715150589706,1563.5676509417588,Variance >,HTTP <=,841356973986788424033641854148712928121319667477,684418957212367241623111035135876005715150589706
841356973986788424033641854148712928121319667477-714914936218336719861297767221934377853836589461,492.85185117003203,Variance >,UDP >,841356973986788424033641854148712928121319667477,714914936218336719861297767221934377853836589461
841356973986788424033641854148712928121319667477-786396322989194697344344278946426998739971577495,265.65873145279636,Variance >,HTTPS <=,841356973986788424033641854148712928121319667477,786396322989194697344344278946426998739971577495
841356973986788424033641854148712928121319667477-795584812918386367255521286735341258439959854242,41.414479047774336,Variance >,syn_count >,841356973986788424033641854148712928121319667477,795584812918386367255521286735341258439959854242
841356973986788424033641854148712928121319667477-835140271881840015202809914014108690929910415575,976.6127191344551,Variance >,IAT >,841356973986788424033641854148712928121319667477,835140271881840015202809914014108690929910415575
841356973986788424033641854148712928121319667477-841356973986788424033641854148712928121319667477,1621.1438779106159,Variance >,Variance >,841356973986788424033641854148712928121319667477,841356973986788424033641854148712928121319667477
841356973986788424033641854148712928121319667477-841518471221275042570144506781210008737201997031,618.0239371354334,Variance >,Min <=,841356973986788424033641854148712928121319667477,841518471221275042570144506781210008737201997031
841356973986788424033641854148712928121319667477-843826879422383561066103188424018239931401286651,937.0555377308374,Variance >,ack_count <=,841356973986788424033641854148712928121319667477,843826879422383561066103188424018239931401286651
841356973986788424033641854148712928121319667477-896530251803066355404557928035950607124936193677,585.8633621392468,Variance >,psh_flag_number <=,841356973986788424033641854148712928121319667477,896530251803066355404557928035950607124936193677
841356973986788424033641854148712928121319667477-922599836131670820904126277297069322180441856169,1465.3426729012272,Variance >,Rate <=,841356973986788424033641854148712928121319667477,922599836131670820904126277297069322180441856169
841356973986788424033641854148712928121319667477-926368966621798523173828527325665066772113177503,3680.7566286035885,Variance >,UDP <=,841356973986788424033641854148712928121319667477,926368966621798523173828527325665066772113177503
841356973986788424033641854148712928121319667477-974265510705878984211701297112044370513255377925,704.974792634242,Variance >,Std <=,841356973986788424033641854148712928121319667477,974265510705878984211701297112044370513255377925
841518471221275042570144506781210008737201997031-1043469376771332113858820724324827897913309990452,10938.391554414773,Min <=,LLC >,841518471221275042570144506781210008737201997031,1043469376771332113858820724324827897913309990452
841518471221275042570144506781210008737201997031-1043754360836331848364792327262011021650379248223,1168.9733619814542,Min <=,DNS >,841518471221275042570144506781210008737201997031,1043754360836331848364792327262011021650379248223
841518471221275042570144506781210008737201997031-1077028023530208599426324724984012030801332581683,5238.345084497931,Min <=,Time_To_Live >,841518471221275042570144506781210008737201997031,1077028023530208599426324724984012030801332581683
841518471221275042570144506781210008737201997031-1085488307210616684491611463585545838953333018237,1067.3596303445665,Min <=,Type >,841518471221275042570144506781210008737201997031,1085488307210616684491611463585545838953333018237
841518471221275042570144506781210008737201997031-1091995366823138898995898948102109473193356840202,30874.005367577833,Min <=,DNS <=,841518471221275042570144506781210008737201997031,1091995366823138898995898948102109473193356840202
841518471221275042570144506781210008737201997031-109928824856976412487775174607761519739702474552,21026.108203636595,Min <=,Number <=,841518471221275042570144506781210008737201997031,109928824856976412487775174607761519739702474552
841518471221275042570144506781210008737201997031-1118614325010621431186771152252517336813918651911,10659.19410066115,Min <=,sum >,841518471221275042570144506781210008737201997031,1118614325010621431186771152252517336813918651911
841518471221275042570144506781210008737201997031-1184472685782376059334758133512718430805424685192,221.21392466981902,Min <=,SSH >,841518471221275042570144506781210008737201997031,1184472685782376059334758133512718430805424685192
841518471221275042570144506781210008737201997031-1232849963170894971818913290506039176322619533319,7923.296918310778,Min <=,psh_flag_number >,841518471221275042570144506781210008737201997031,1232849963170894971818913290506039176322619533319
841518471221275042570144506781210008737201997031-1233133706649643691022119102239698495899057226060,20935.182079495906,Min <=,Time_To_Live <=,841518471221275042570144506781210008737201997031,1233133706649643691022119102239698495899057226060
841518471221275042570144506781210008737201997031-1236189254858718471128603624930063881324958313531,14590.017935757378,Min <=,HTTPS >,841518471221275042570144506781210008737201997031,1236189254858718471128603624930063881324958313531
841518471221275042570144506781210008737201997031-1239329028096551917906154637654656383307088642249,590.913908364585,Min <=,cwr_flag_number <=,841518471221275042570144506781210008737201997031,1239329028096551917906154637654656383307088642249
841518471221275042570144506781210008737201997031-1251276136943778783713685275011300537715092657394,6124.259768676067,Min <=,fin_flag_number >,841518471221275042570144506781210008737201997031,1251276136943778783713685275011300537715092657394
841518471221275042570144506781210008737201997031-1329847435934461746074927120436757452470095790255,1389.6659399441414,Min <=,Min >,841518471221275042570144506781210008737201997031,1329847435934461746074927120436757452470095790255
841518471221275042570144506781210008737201997031-1338222599102815322204523610829624561969283441716,15977.533320534601,Min <=,SSH <=,841518471221275042570144506781210008737201997031,1338222599102815322204523610829624561969283441716
841518471221275042570144506781210008737201997031-1345309773886921328764805451107636357621530213384,15687.33870967742,Min <=,Class -1,841518471221275042570144506781210008737201997031,1345309773886921328764805451107636357621530213384
841518471221275042570144506781210008737201997031-1375509225989204300559045429796274689340158771149,19688.43030564424,Min <=,rst_count <=,841518471221275042570144506781210008737201997031,1375509225989204300559045429796274689340158771149
841518471221275042570144506781210008737201997031-1379366653555122327876205020011632492492609315477,10492.03731268705,Min <=,Type <=,841518471221275042570144506781210008737201997031,1379366653555122327876205020011632492492609315477
841518471221275042570144506781210008737201997031-1418162538066850581097605911983264533342366443794,18169.421506077644,Min <=,Header_Length <=,841518471221275042570144506781210008737201997031,1418162538066850581097605911983264533342366443794
841518471221275042570144506781210008737201997031-1429650867505148313720594668477948880050562903683,7388.297444286068,Min <=,syn_flag_number >,841518471221275042570144506781210008737201997031,1429650867505148313720594668477948880050562903683
841518471221275042570144506781210008737201997031-1454952188391427871478129207189215566009723810659,3009.115441056579,Min <=,Std >,841518471221275042570144506781210008737201997031,1454952188391427871478129207189215566009723810659
841518471221275042570144506781210008737201997031-1455733501014453866297060548284701359849809242142,16745.59106473178,Min <=,DHCP <=,841518471221275042570144506781210008737201997031,1455733501014453866297060548284701359849809242142
841518471221275042570144506781210008737201997031-153155765823982001952501641876618811106762500815,11105.74384740405,Min <=,ack_flag_number >,841518471221275042570144506781210008737201997031,153155765823982001952501641876618811106762500815
841518471221275042570144506781210008737201997031-160227321490815016489601533331665083666172936667,1543.3654660404054,Min <=,IGMP <=,841518471221275042570144506781210008737201997031,160227321490815016489601533331665083666172936667
841518471221275042570144506781210008737201997031-161772624339136553719839337862344762258727720981,11211.104758498446,Min <=,ack_flag_number <=,841518471221275042570144506781210008737201997031,161772624339136553719839337862344762258727720981
841518471221275042570144506781210008737201997031-171982518954274878349485416184092168691833932185,65919.72933311593,Min <=,Class 1,841518471221275042570144506781210008737201997031,171982518954274878349485416184092168691833932185
841518471221275042570144506781210008737201997031-207766774224049171901964708681563529125144087827,677.6203825944258,Min <=,HTTP >,841518471221275042570144506781210008737201997031,207766774224049171901964708681563529125144087827
841518471221275042570144506781210008737201997031-215123608059624622405742600984392925785664489773,5201.981151675494,Min <=,Variance <=,841518471221275042570144506781210008737201997031,215123608059624622405742600984392925785664489773
841518471221275042570144506781210008737201997031-218607780770691257170847497927336330511308420255,1859.4481993235959,Min <=,ack_count >,841518471221275042570144506781210008737201997031,218607780770691257170847497927336330511308420255
841518471221275042570144506781210008737201997031-223165296026140232481876277255273629987157553131,21664.08994440441,Min <=,Header_Length >,841518471221275042570144506781210008737201997031,223165296026140232481876277255273629987157553131
841518471221275042570144506781210008737201997031-335418722972519651500040442315750311827115323662,705.0562530572314,Min <=,Rate >,841518471221275042570144506781210008737201997031,335418722972519651500040442315750311827115323662
841518471221275042570144506781210008737201997031-337274849629170698169636561573185333120886675912,200.93027934547635,Min <=,ece_flag_number >,841518471221275042570144506781210008737201997031,337274849629170698169636561573185333120886675912
841518471221275042570144506781210008737201997031-338730224709676774412755851787278702947952010784,24215.267471584186,Min <=,sum <=,841518471221275042570144506781210008737201997031,338730224709676774412755851787278702947952010784
841518471221275042570144506781210008737201997031-371266811264664269299964157380215767396824640058,812.9750214334931,Min <=,ICMP >,841518471221275042570144506781210008737201997031,371266811264664269299964157380215767396824640058
841518471221275042570144506781210008737201997031-378316838538499851440768051160724422589084218125,11887.682447678608,Min <=,IAT <=,841518471221275042570144506781210008737201997031,378316838538499851440768051160724422589084218125
841518471221275042570144506781210008737201997031-40351198695966294513339726256484683518911283460,21427.23561852064,Min <=,fin_flag_number <=,841518471221275042570144506781210008737201997031,40351198695966294513339726256484683518911283460
841518471221275042570144506781210008737201997031-426624906449189252299067265451872698344494536313,18895.869266211874,Min <=,Number >,841518471221275042570144506781210008737201997031,426624906449189252299067265451872698344494536313
841518471221275042570144506781210008737201997031-450410814915736770904937984733342042835793211647,18496.110386434048,Min <=,ece_flag_number <=,841518471221275042570144506781210008737201997031,450410814915736770904937984733342042835793211647
841518471221275042570144506781210008737201997031-475011065740486827108472353828139148231878458661,23194.812752796875,Min <=,syn_flag_number <=,841518471221275042570144506781210008737201997031,475011065740486827108472353828139148231878458661
841518471221275042570144506781210008737201997031-505469541859377927785473031559292540931343582537,17713.634147367757,Min <=,ICMP <=,841518471221275042570144506781210008737201997031,505469541859377927785473031559292540931343582537
841518471221275042570144506781210008737201997031-520582048177068818674784514618258893555315007951,485.78108645455836,Min <=,LLC <=,841518471221275042570144506781210008737201997031,520582048177068818674784514618258893555315007951
841518471221275042570144506781210008737201997031-629827923182617752624696690572530002196221478554,139.3136153963487,Min <=,DHCP >,841518471221275042570144506781210008737201997031,629827923182617752624696690572530002196221478554
841518471221275042570144506781210008737201997031-681503808608794911981134712221284126975357543438,10431.398173813794,Min <=,syn_count <=,841518471221275042570144506781210008737201997031,681503808608794911981134712221284126975357543438
841518471221275042570144506781210008737201997031-684418957212367241623111035135876005715150589706,4660.562596319225,Min <=,HTTP <=,841518471221275042570144506781210008737201997031,684418957212367241623111035135876005715150589706
841518471221275042570144506781210008737201997031-714914936218336719861297767221934377853836589461,3480.5920772342115,Min <=,UDP >,841518471221275042570144506781210008737201997031,714914936218336719861297767221934377853836589461
841518471221275042570144506781210008737201997031-786396322989194697344344278946426998739971577495,5090.461832603104,Min <=,HTTPS <=,841518471221275042570144506781210008737201997031,786396322989194697344344278946426998739971577495
841518471221275042570144506781210008737201997031-795584812918386367255521286735341258439959854242,1806.0264539271946,Min <=,syn_count >,841518471221275042570144506781210008737201997031,795584812918386367255521286735341258439959854242
841518471221275042570144506781210008737201997031-835140271881840015202809914014108690929910415575,4422.812205782572,Min <=,IAT >,841518471221275042570144506781210008737201997031,835140271881840015202809914014108690929910415575
841518471221275042570144506781210008737201997031-841356973986788424033641854148712928121319667477,359.5988912440894,Min <=,Variance >,841518471221275042570144506781210008737201997031,841356973986788424033641854148712928121319667477
841518471221275042570144506781210008737201997031-841518471221275042570144506781210008737201997031,52668.31794417298,Min <=,Min <=,841518471221275042570144506781210008737201997031,841518471221275042570144506781210008737201997031
841518471221275042570144506781210008737201997031-843826879422383561066103188424018239931401286651,1316.0908859001804,Min <=,ack_count <=,841518471221275042570144506781210008737201997031,843826879422383561066103188424018239931401286651
841518471221275042570144506781210008737201997031-896530251803066355404557928035950607124936193677,5317.65495232034,Min <=,psh_flag_number <=,841518471221275042570144506781210008737201997031,896530251803066355404557928035950607124936193677
841518471221275042570144506781210008737201997031-922599836131670820904126277297069322180441856169,8258.164425135308,Min <=,Rate <=,841518471221275042570144506781210008737201997031,922599836131670820904126277297069322180441856169
841518471221275042570144506781210008737201997031-926368966621798523173828527325665066772113177503,26977.916256844255,Min <=,UDP <=,841518471221275042570144506781210008737201997031,926368966621798523173828527325665066772113177503
841518471221275042570144506781210008737201997031-940331364486966071141541838460909450599289486914,1106.1836679412802,Min <=,rst_count >,841518471221275042570144506781210008737201997031,940331364486966071141541838460909450599289486914
841518471221275042570144506781210008737201997031-974265510705878984211701297112044370513255377925,16691.79460138963,Min <=,Std <=,841518471221275042570144506781210008737201997031,974265510705878984211701297112044370513255377925
843826879422383561066103188424018239931401286651-1043469376771332113858820724324827897913309990452,14897.77541381106,ack_count <=,LLC >,843826879422383561066103188424018239931401286651,1043469376771332113858820724324827897913309990452
843826879422383561066103188424018239931401286651-1043754360836331848364792327262011021650379248223,252.44585084392736,ack_count <=,DNS >,843826879422383561066103188424018239931401286651,1043754360836331848364792327262011021650379248223
843826879422383561066103188424018239931401286651-1077028023530208599426324724984012030801332581683,1873.2638870625858,ack_count <=,Time_To_Live >,843826879422383561066103188424018239931401286651,1077028023530208599426324724984012030801332581683
843826879422383561066103188424018239931401286651-1085488307210616684491611463585545838953333018237,1107.2752376093372,ack_count <=,Type >,843826879422383561066103188424018239931401286651,1085488307210616684491611463585545838953333018237
843826879422383561066103188424018239931401286651-1091995366823138898995898948102109473193356840202,5175.343593357984,ack_count <=,DNS <=,843826879422383561066103188424018239931401286651,1091995366823138898995898948102109473193356840202
843826879422383561066103188424018239931401286651-109928824856976412487775174607761519739702474552,859.4400467066057,ack_count <=,Number <=,843826879422383561066103188424018239931401286651,109928824856976412487775174607761519739702474552
843826879422383561066103188424018239931401286651-1118614325010621431186771152252517336813918651911,1264.5753144017294,ack_count <=,sum >,843826879422383561066103188424018239931401286651,1118614325010621431186771152252517336813918651911
843826879422383561066103188424018239931401286651-1184472685782376059334758133512718430805424685192,65.65710092939834,ack_count <=,SSH >,843826879422383561066103188424018239931401286651,1184472685782376059334758133512718430805424685192
843826879422383561066103188424018239931401286651-1232849963170894971818913290506039176322619533319,393.94260557639,ack_count <=,psh_flag_number >,843826879422383561066103188424018239931401286651,1232849963170894971818913290506039176322619533319
843826879422383561066103188424018239931401286651-1233133706649643691022119102239698495899057226060,2448.0975079290774,ack_count <=,Time_To_Live <=,843826879422383561066103188424018239931401286651,1233133706649643691022119102239698495899057226060
843826879422383561066103188424018239931401286651-1236189254858718471128603624930063881324958313531,794.9559758682537,ack_count <=,HTTPS >,843826879422383561066103188424018239931401286651,1236189254858718471128603624930063881324958313531
843826879422383561066103188424018239931401286651-1239329028096551917906154637654656383307088642249,2.0202184901353335,ack_count <=,cwr_flag_number <=,843826879422383561066103188424018239931401286651,1239329028096551917906154637654656383307088642249
843826879422383561066103188424018239931401286651-1251276136943778783713685275011300537715092657394,40.40436980270667,ack_count <=,fin_flag_number >,843826879422383561066103188424018239931401286651,1251276136943778783713685275011300537715092657394
843826879422383561066103188424018239931401286651-1329847435934461746074927120436757452470095790255,351.4365568605587,ack_count <=,Min >,843826879422383561066103188424018239931401286651,1329847435934461746074927120436757452470095790255
843826879422383561066103188424018239931401286651-1338222599102815322204523610829624561969283441716,6911.851722306086,ack_count <=,SSH <=,843826879422383561066103188424018239931401286651,1338222599102815322204523610829624561969283441716
843826879422383561066103188424018239931401286651-1345309773886921328764805451107636357621530213384,9492.33870967742,ack_count <=,Class -1,843826879422383561066103188424018239931401286651,1345309773886921328764805451107636357621530213384
843826879422383561066103188424018239931401286651-1375509225989204300559045429796274689340158771149,21941.348640090888,ack_count <=,rst_count <=,843826879422383561066103188424018239931401286651,1375509225989204300559045429796274689340158771149
843826879422383561066103188424018239931401286651-1379366653555122327876205020011632492492609315477,1544.2941148624839,ack_count <=,Type <=,843826879422383561066103188424018239931401286651,1379366653555122327876205020011632492492609315477
843826879422383561066103188424018239931401286651-1418162538066850581097605911983264533342366443794,572.5690211073884,ack_count <=,Header_Length <=,843826879422383561066103188424018239931401286651,1418162538066850581097605911983264533342366443794
843826879422383561066103188424018239931401286651-1429650867505148313720594668477948880050562903683,296.97211804989405,ack_count <=,syn_flag_number >,843826879422383561066103188424018239931401286651,1429650867505148313720594668477948880050562903683
843826879422383561066103188424018239931401286651-1454952188391427871478129207189215566009723810659,257.4963970692657,ack_count <=,Std >,843826879422383561066103188424018239931401286651,1454952188391427871478129207189215566009723810659
843826879422383561066103188424018239931401286651-1455733501014453866297060548284701359849809242142,9613.24226947818,ack_count <=,DHCP <=,843826879422383561066103188424018239931401286651,1455733501014453866297060548284701359849809242142
843826879422383561066103188424018239931401286651-153155765823982001952501641876618811106762500815,10411.033068066463,ack_count <=,ack_flag_number >,843826879422383561066103188424018239931401286651,153155765823982001952501641876618811106762500815
843826879422383561066103188424018239931401286651-160227321490815016489601533331665083666172936667,7636.262971865582,ack_count <=,IGMP <=,843826879422383561066103188424018239931401286651,160227321490815016489601533331665083666172936667
843826879422383561066103188424018239931401286651-161772624339136553719839337862344762258727720981,846.064245251758,ack_count <=,ack_flag_number <=,843826879422383561066103188424018239931401286651,161772624339136553719839337862344762258727720981
843826879422383561066103188424018239931401286651-171982518954274878349485416184092168691833932185,18992.07402576227,ack_count <=,Class 1,843826879422383561066103188424018239931401286651,171982518954274878349485416184092168691833932185
843826879422383561066103188424018239931401286651-207766774224049171901964708681563529125144087827,169.6168927483787,ack_count <=,HTTP >,843826879422383561066103188424018239931401286651,207766774224049171901964708681563529125144087827
843826879422383561066103188424018239931401286651-215123608059624622405742600984392925785664489773,5041.292321286746,ack_count <=,Variance <=,843826879422383561066103188424018239931401286651,215123608059624622405742600984392925785664489773
843826879422383561066103188424018239931401286651-218607780770691257170847497927336330511308420255,1045.463068645035,ack_count <=,ack_count >,843826879422383561066103188424018239931401286651,218607780770691257170847497927336330511308420255
843826879422383561066103188424018239931401286651-223165296026140232481876277255273629987157553131,2343.453448556987,ack_count <=,Header_Length >,843826879422383561066103188424018239931401286651,223165296026140232481876277255273629987157553131
843826879422383561066103188424018239931401286651-335418722972519651500040442315750311827115323662,8964.230787437606,ack_count <=,Rate >,843826879422383561066103188424018239931401286651,335418722972519651500040442315750311827115323662
843826879422383561066103188424018239931401286651-337274849629170698169636561573185333120886675912,1.0101092450676668,ack_count <=,ece_flag_number >,843826879422383561066103188424018239931401286651,337274849629170698169636561573185333120886675912
843826879422383561066103188424018239931401286651-338730224709676774412755851787278702947952010784,2500.541728249607,ack_count <=,sum <=,843826879422383561066103188424018239931401286651,338730224709676774412755851787278702947952010784
843826879422383561066103188424018239931401286651-371266811264664269299964157380215767396824640058,61.61666394912767,ack_count <=,ICMP >,843826879422383561066103188424018239931401286651,371266811264664269299964157380215767396824640058
843826879422383561066103188424018239931401286651-378316838538499851440768051160724422589084218125,14822.375646292137,ack_count <=,IAT <=,843826879422383561066103188424018239931401286651,378316838538499851440768051160724422589084218125
843826879422383561066103188424018239931401286651-40351198695966294513339726256484683518911283460,149.4961682700147,ack_count <=,fin_flag_number <=,843826879422383561066103188424018239931401286651,40351198695966294513339726256484683518911283460
843826879422383561066103188424018239931401286651-426624906449189252299067265451872698344494536313,1398.8709677419356,ack_count <=,Number >,843826879422383561066103188424018239931401286651,426624906449189252299067265451872698344494536313
843826879422383561066103188424018239931401286651-450410814915736770904937984733342042835793211647,1676.2111238514015,ack_count <=,ece_flag_number <=,843826879422383561066103188424018239931401286651,450410814915736770904937984733342042835793211647
843826879422383561066103188424018239931401286651-475011065740486827108472353828139148231878458661,5471.598859685572,ack_count <=,syn_flag_number <=,843826879422383561066103188424018239931401286651,475011065740486827108472353828139148231878458661
843826879422383561066103188424018239931401286651-505469541859377927785473031559292540931343582537,6865.370404948376,ack_count <=,ICMP <=,843826879422383561066103188424018239931401286651,505469541859377927785473031559292540931343582537
843826879422383561066103188424018239931401286651-510505520442458443414009447271658614884328320759,4.040436980270667,ack_count <=,IRC <=,843826879422383561066103188424018239931401286651,510505520442458443414009447271658614884328320759
843826879422383561066103188424018239931401286651-520582048177068818674784514618258893555315007951,938.1471073988944,ack_count <=,LLC <=,843826879422383561066103188424018239931401286651,520582048177068818674784514618258893555315007951
843826879422383561066103188424018239931401286651-565103970815292376991711972572924808853013487374,35.35382357736834,ack_count <=,IGMP >,843826879422383561066103188424018239931401286651,565103970815292376991711972572924808853013487374
843826879422383561066103188424018239931401286651-629827923182617752624696690572530002196221478554,49.49535300831567,ack_count <=,DHCP >,843826879422383561066103188424018239931401286651,629827923182617752624696690572530002196221478554
843826879422383561066103188424018239931401286651-681503808608794911981134712221284126975357543438,1346.4756236751998,ack_count <=,syn_count <=,843826879422383561066103188424018239931401286651,681503808608794911981134712221284126975357543438
843826879422383561066103188424018239931401286651-684418957212367241623111035135876005715150589706,4395.995434534486,ack_count <=,HTTP <=,843826879422383561066103188424018239931401286651,684418957212367241623111035135876005715150589706
843826879422383561066103188424018239931401286651-714914936218336719861297767221934377853836589461,458.5081368377314,ack_count <=,UDP >,843826879422383561066103188424018239931401286651,714914936218336719861297767221934377853836589461
843826879422383561066103188424018239931401286651-786396322989194697344344278946426998739971577495,979.5615864466688,ack_count <=,HTTPS <=,843826879422383561066103188424018239931401286651,786396322989194697344344278946426998739971577495
843826879422383561066103188424018239931401286651-795584812918386367255521286735341258439959854242,262.54694329460403,ack_count <=,syn_count >,843826879422383561066103188424018239931401286651,795584812918386367255521286735341258439959854242
843826879422383561066103188424018239931401286651-835140271881840015202809914014108690929910415575,3264.412406705133,ack_count <=,IAT >,843826879422383561066103188424018239931401286651,835140271881840015202809914014108690929910415575
843826879422383561066103188424018239931401286651-841356973986788424033641854148712928121319667477,554.3055942731811,ack_count <=,Variance >,843826879422383561066103188424018239931401286651,841356973986788424033641854148712928121319667477
843826879422383561066103188424018239931401286651-841518471221275042570144506781210008737201997031,1313.1420185879667,ack_count <=,Min <=,843826879422383561066103188424018239931401286651,841518471221275042570144506781210008737201997031
843826879422383561066103188424018239931401286651-843826879422383561066103188424018239931401286651,2637.1834417719056,ack_count <=,ack_count <=,843826879422383561066103188424018239931401286651,843826879422383561066103188424018239931401286651
843826879422383561066103188424018239931401286651-896530251803066355404557928035950607124936193677,486.87265612261535,ack_count <=,psh_flag_number <=,843826879422383561066103188424018239931401286651,896530251803066355404557928035950607124936193677
843826879422383561066103188424018239931401286651-922599836131670820904126277297069322180441856169,18532.604655933264,ack_count <=,Rate <=,843826879422383561066103188424018239931401286651,922599836131670820904126277297069322180441856169
843826879422383561066103188424018239931401286651-926368966621798523173828527325665066772113177503,1927.288439589108,ack_count <=,UDP <=,843826879422383561066103188424018239931401286651,926368966621798523173828527325665066772113177503
843826879422383561066103188424018239931401286651-940331364486966071141541838460909450599289486914,8217.711179078808,ack_count <=,rst_count >,843826879422383561066103188424018239931401286651,940331364486966071141541838460909450599289486914
843826879422383561066103188424018239931401286651-974265510705878984211701297112044370513255377925,1343.1194542480396,ack_count <=,Std <=,843826879422383561066103188424018239931401286651,974265510705878984211701297112044370513255377925
896530251803066355404557928035950607124936193677-1043469376771332113858820724324827897913309990452,1831.3280613076797,psh_flag_number <=,LLC >,896530251803066355404557928035950607124936193677,1043469376771332113858820724324827897913309990452
896530251803066355404557928035950607124936193677-1043754360836331848364792327262011021650379248223,94.95026903636068,psh_flag_number <=,DNS >,896530251803066355404557928035950607124936193677,1043754360836331848364792327262011021650379248223
896530251803066355404557928035950607124936193677-1077028023530208599426324724984012030801332581683,1543.2840056174161,psh_flag_number <=,Time_To_Live >,896530251803066355404557928035950607124936193677,1077028023530208599426324724984012030801332581683
896530251803066355404557928035950607124936193677-1085488307210616684491611463585545838953333018237,609.095874775803,psh_flag_number <=,Type >,896530251803066355404557928035950607124936193677,1085488307210616684491611463585545838953333018237
896530251803066355404557928035950607124936193677-1091995366823138898995898948102109473193356840202,2590.9302135985654,psh_flag_number <=,DNS <=,896530251803066355404557928035950607124936193677,1091995366823138898995898948102109473193356840202
896530251803066355404557928035950607124936193677-109928824856976412487775174607761519739702474552,1640.4174139898907,psh_flag_number <=,Number <=,896530251803066355404557928035950607124936193677,109928824856976412487775174607761519739702474552
896530251803066355404557928035950607124936193677-1118614325010621431186771152252517336813918651911,2151.3697711481514,psh_flag_number <=,sum >,896530251803066355404557928035950607124936193677,1118614325010621431186771152252517336813918651911
896530251803066355404557928035950607124936193677-1184472685782376059334758133512718430805424685192,95.96037828142835,psh_flag_number <=,SSH >,896530251803066355404557928035950607124936193677,1184472685782376059334758133512718430805424685192
896530251803066355404557928035950607124936193677-1232849963170894971818913290506039176322619533319,3216.187836295451,psh_flag_number <=,psh_flag_number >,896530251803066355404557928035950607124936193677,1232849963170894971818913290506039176322619533319
896530251803066355404557928035950607124936193677-1233133706649643691022119102239698495899057226060,2800.022827327572,psh_flag_number <=,Time_To_Live <=,896530251803066355404557928035950607124936193677,1233133706649643691022119102239698495899057226060
896530251803066355404557928035950607124936193677-1236189254858718471128603624930063881324958313531,16971.855535626935,psh_flag_number <=,HTTPS >,896530251803066355404557928035950607124936193677,1236189254858718471128603624930063881324958313531
896530251803066355404557928035950607124936193677-1239329028096551917906154637654656383307088642249,5244.487200391326,psh_flag_number <=,cwr_flag_number <=,896530251803066355404557928035950607124936193677,1239329028096551917906154637654656383307088642249
896530251803066355404557928035950607124936193677-1251276136943778783713685275011300537715092657394,85.85928583075167,psh_flag_number <=,fin_flag_number >,896530251803066355404557928035950607124936193677,1251276136943778783713685275011300537715092657394
896530251803066355404557928035950607124936193677-1329847435934461746074927120436757452470095790255,1202.7957296066231,psh_flag_number <=,Min >,896530251803066355404557928035950607124936193677,1329847435934461746074927120436757452470095790255
896530251803066355404557928035950607124936193677-1338222599102815322204523610829624561969283441716,810.1076145442687,psh_flag_number <=,SSH <=,896530251803066355404557928035950607124936193677,1338222599102815322204523610829624561969283441716
896530251803066355404557928035950607124936193677-1345309773886921328764805451107636357621530213384,7194.193548387097,psh_flag_number <=,Class -1,896530251803066355404557928035950607124936193677,1345309773886921328764805451107636357621530213384
896530251803066355404557928035950607124936193677-1375509225989204300559045429796274689340158771149,13326.403854346923,psh_flag_number <=,rst_count <=,896530251803066355404557928035950607124936193677,1375509225989204300559045429796274689340158771149
896530251803066355404557928035950607124936193677-1379366653555122327876205020011632492492609315477,3162.6520463068646,psh_flag_number <=,Type <=,896530251803066355404557928035950607124936193677,1379366653555122327876205020011632492492609315477
896530251803066355404557928035950607124936193677-1418162538066850581097605911983264533342366443794,4865.728817660147,psh_flag_number <=,Header_Length <=,896530251803066355404557928035950607124936193677,1418162538066850581097605911983264533342366443794
896530251803066355404557928035950607124936193677-1429650867505148313720594668477948880050562903683,753.1341947055328,psh_flag_number <=,syn_flag_number >,896530251803066355404557928035950607124936193677,1429650867505148313720594668477948880050562903683
896530251803066355404557928035950607124936193677-1454952188391427871478129207189215566009723810659,5406.104679602153,psh_flag_number <=,Std >,896530251803066355404557928035950607124936193677,1454952188391427871478129207189215566009723810659
896530251803066355404557928035950607124936193677-1455733501014453866297060548284701359849809242142,8652.514332826644,psh_flag_number <=,DHCP <=,896530251803066355404557928035950607124936193677,1455733501014453866297060548284701359849809242142
896530251803066355404557928035950607124936193677-153155765823982001952501641876618811106762500815,26527.651914813043,psh_flag_number <=,ack_flag_number >,896530251803066355404557928035950607124936193677,153155765823982001952501641876618811106762500815
896530251803066355404557928035950607124936193677-160227321490815016489601533331665083666172936667,81.818848850481,psh_flag_number <=,IGMP <=,896530251803066355404557928035950607124936193677,160227321490815016489601533331665083666172936667
896530251803066355404557928035950607124936193677-161772624339136553719839337862344762258727720981,13554.753712070607,psh_flag_number <=,ack_flag_number <=,896530251803066355404557928035950607124936193677,161772624339136553719839337862344762258727720981
896530251803066355404557928035950607124936193677-171982518954274878349485416184092168691833932185,43584.193706179685,psh_flag_number <=,Class 1,896530251803066355404557928035950607124936193677,171982518954274878349485416184092168691833932185
896530251803066355404557928035950607124936193677-207766774224049171901964708681563529125144087827,2503.441719308027,psh_flag_number <=,HTTP >,896530251803066355404557928035950607124936193677,207766774224049171901964708681563529125144087827
896530251803066355404557928035950607124936193677-215123608059624622405742600984392925785664489773,18662.452570178255,psh_flag_number <=,Variance <=,896530251803066355404557928035950607124936193677,215123608059624622405742600984392925785664489773
896530251803066355404557928035950607124936193677-218607780770691257170847497927336330511308420255,6704.4534853752575,psh_flag_number <=,ack_count >,896530251803066355404557928035950607124936193677,218607780770691257170847497927336330511308420255
896530251803066355404557928035950607124936193677-223165296026140232481876277255273629987157553131,2530.9264660246263,psh_flag_number <=,Header_Length >,896530251803066355404557928035950607124936193677,223165296026140232481876277255273629987157553131
896530251803066355404557928035950607124936193677-335418722972519651500040442315750311827115323662,3557.278919436365,psh_flag_number <=,Rate >,896530251803066355404557928035950607124936193677,335418722972519651500040442315750311827115323662
896530251803066355404557928035950607124936193677-338730224709676774412755851787278702947952010784,5766.664803837516,psh_flag_number <=,sum <=,896530251803066355404557928035950607124936193677,338730224709676774412755851787278702947952010784
896530251803066355404557928035950607124936193677-371266811264664269299964157380215767396824640058,223.23414315995436,psh_flag_number <=,ICMP >,896530251803066355404557928035950607124936193677,371266811264664269299964157380215767396824640058
896530251803066355404557928035950607124936193677-378316838538499851440768051160724422589084218125,2018.1982716451982,psh_flag_number <=,IAT <=,896530251803066355404557928035950607124936193677,378316838538499851440768051160724422589084218125
896530251803066355404557928035950607124936193677-40351198695966294513339726256484683518911283460,2640.8654528910233,psh_flag_number <=,fin_flag_number <=,896530251803066355404557928035950607124936193677,40351198695966294513339726256484683518911283460
896530251803066355404557928035950607124936193677-426624906449189252299067265451872698344494536313,100.92946408377735,psh_flag_number <=,Number >,896530251803066355404557928035950607124936193677,426624906449189252299067265451872698344494536313
896530251803066355404557928035950607124936193677-450410814915736770904937984733342042835793211647,153.53660525028533,psh_flag_number <=,ece_flag_number <=,896530251803066355404557928035950607124936193677,450410814915736770904937984733342042835793211647
896530251803066355404557928035950607124936193677-475011065740486827108472353828139148231878458661,9825.642176380554,psh_flag_number <=,syn_flag_number <=,896530251803066355404557928035950607124936193677,475011065740486827108472353828139148231878458661
896530251803066355404557928035950607124936193677-505469541859377927785473031559292540931343582537,11741.26548339759,psh_flag_number <=,ICMP <=,896530251803066355404557928035950607124936193677,505469541859377927785473031559292540931343582537
896530251803066355404557928035950607124936193677-520582048177068818674784514618258893555315007951,181.81966411218002,psh_flag_number <=,LLC <=,896530251803066355404557928035950607124936193677,520582048177068818674784514618258893555315007951
896530251803066355404557928035950607124936193677-629827923182617752624696690572530002196221478554,23.232512636556336,psh_flag_number <=,DHCP >,896530251803066355404557928035950607124936193677,629827923182617752624696690572530002196221478554
896530251803066355404557928035950607124936193677-681503808608794911981134712221284126975357543438,11747.244678445008,psh_flag_number <=,syn_count <=,896530251803066355404557928035950607124936193677,681503808608794911981134712221284126975357543438
896530251803066355404557928035950607124936193677-684418957212367241623111035135876005715150589706,10608.770098830757,psh_flag_number <=,HTTP <=,896530251803066355404557928035950607124936193677,684418957212367241623111035135876005715150589706
896530251803066355404557928035950607124936193677-714914936218336719861297767221934377853836589461,2771.772352634873,psh_flag_number <=,UDP >,896530251803066355404557928035950607124936193677,714914936218336719861297767221934377853836589461
896530251803066355404557928035950607124936193677-786396322989194697344344278946426998739971577495,4477.5210258622055,psh_flag_number <=,HTTPS <=,896530251803066355404557928035950607124936193677,786396322989194697344344278946426998739971577495
896530251803066355404557928035950607124936193677-795584812918386367255521286735341258439959854242,2603.5239949927154,psh_flag_number <=,syn_count >,896530251803066355404557928035950607124936193677,795584812918386367255521286735341258439959854242
896530251803066355404557928035950607124936193677-835140271881840015202809914014108690929910415575,1665.5072242706037,psh_flag_number <=,IAT >,896530251803066355404557928035950607124936193677,835140271881840015202809914014108690929910415575
896530251803066355404557928035950607124936193677-841356973986788424033641854148712928121319667477,1102.9578351909029,psh_flag_number <=,Variance >,896530251803066355404557928035950607124936193677,841356973986788424033641854148712928121319667477
896530251803066355404557928035950607124936193677-841518471221275042570144506781210008737201997031,6379.964036439568,psh_flag_number <=,Min <=,896530251803066355404557928035950607124936193677,841518471221275042570144506781210008737201997031
896530251803066355404557928035950607124936193677-843826879422383561066103188424018239931401286651,1863.684141319041,psh_flag_number <=,ack_count <=,896530251803066355404557928035950607124936193677,843826879422383561066103188424018239931401286651
896530251803066355404557928035950607124936193677-896530251803066355404557928035950607124936193677,3318.811677177406,psh_flag_number <=,psh_flag_number <=,896530251803066355404557928035950607124936193677,896530251803066355404557928035950607124936193677
896530251803066355404557928035950607124936193677-922599836131670820904126277297069322180441856169,27069.03788600012,psh_flag_number <=,Rate <=,896530251803066355404557928035950607124936193677,922599836131670820904126277297069322180441856169
896530251803066355404557928035950607124936193677-926368966621798523173828527325665066772113177503,25282.236091898405,psh_flag_number <=,UDP <=,896530251803066355404557928035950607124936193677,926368966621798523173828527325665066772113177503
896530251803066355404557928035950607124936193677-940331364486966071141541838460909450599289486914,203.87914665769003,psh_flag_number <=,rst_count >,896530251803066355404557928035950607124936193677,940331364486966071141541838460909450599289486914
896530251803066355404557928035950607124936193677-974265510705878984211701297112044370513255377925,6359.321965254073,psh_flag_number <=,Std <=,896530251803066355404557928035950607124936193677,974265510705878984211701297112044370513255377925
922599836131670820904126277297069322180441856169-1043469376771332113858820724324827897913309990452,18776.36682568653,Rate <=,LLC >,922599836131670820904126277297069322180441856169,1043469376771332113858820724324827897913309990452
922599836131670820904126277297069322180441856169-1043754360836331848364792327262011021650379248223,444.36660740678406,Rate <=,DNS >,922599836131670820904126277297069322180441856169,1043754360836331848364792327262011021650379248223
922599836131670820904126277297069322180441856169-1077028023530208599426324724984012030801332581683,3414.169248328714,Rate <=,Time_To_Live >,922599836131670820904126277297069322180441856169,1077028023530208599426324724984012030801332581683
922599836131670820904126277297069322180441856169-1085488307210616684491611463585545838953333018237,729.1359540928768,Rate <=,Type >,922599836131670820904126277297069322180441856169,1085488307210616684491611463585545838953333018237
922599836131670820904126277297069322180441856169-1091995366823138898995898948102109473193356840202,4227.909997738307,Rate <=,DNS <=,922599836131670820904126277297069322180441856169,1091995366823138898995898948102109473193356840202
922599836131670820904126277297069322180441856169-109928824856976412487775174607761519739702474552,1870.722321865319,Rate <=,Number <=,922599836131670820904126277297069322180441856169,109928824856976412487775174607761519739702474552
922599836131670820904126277297069322180441856169-1118614325010621431186771152252517336813918651911,5407.228833439405,Rate <=,sum >,922599836131670820904126277297069322180441856169,1118614325010621431186771152252517336813918651911
922599836131670820904126277297069322180441856169-1184472685782376059334758133512718430805424685192,233.33523561063103,Rate <=,SSH >,922599836131670820904126277297069322180441856169,1184472685782376059334758133512718430805424685192
922599836131670820904126277297069322180441856169-1232849963170894971818913290506039176322619533319,10580.079737853916,Rate <=,psh_flag_number >,922599836131670820904126277297069322180441856169,1232849963170894971818913290506039176322619533319
922599836131670820904126277297069322180441856169-1233133706649643691022119102239698495899057226060,9029.643507098037,Rate <=,Time_To_Live <=,922599836131670820904126277297069322180441856169,1233133706649643691022119102239698495899057226060
922599836131670820904126277297069322180441856169-1236189254858718471128603624930063881324958313531,11398.072721343551,Rate <=,HTTPS >,922599836131670820904126277297069322180441856169,1236189254858718471128603624930063881324958313531
922599836131670820904126277297069322180441856169-1239329028096551917906154637654656383307088642249,18.181966411218003,Rate <=,cwr_flag_number <=,922599836131670820904126277297069322180441856169,1239329028096551917906154637654656383307088642249
922599836131670820904126277297069322180441856169-1251276136943778783713685275011300537715092657394,2284.0850922823647,Rate <=,fin_flag_number >,922599836131670820904126277297069322180441856169,1251276136943778783713685275011300537715092657394
922599836131670820904126277297069322180441856169-1329847435934461746074927120436757452470095790255,1518.8784628898134,Rate <=,Min >,922599836131670820904126277297069322180441856169,1329847435934461746074927120436757452470095790255
922599836131670820904126277297069322180441856169-1338222599102815322204523610829624561969283441716,26254.531408614424,Rate <=,SSH <=,922599836131670820904126277297069322180441856169,1338222599102815322204523610829624561969283441716
922599836131670820904126277297069322180441856169-1345309773886921328764805451107636357621530213384,62849.27419354839,Rate <=,Class -1,922599836131670820904126277297069322180441856169,1345309773886921328764805451107636357621530213384
922599836131670820904126277297069322180441856169-1375509225989204300559045429796274689340158771149,31362.800489682995,Rate <=,rst_count <=,922599836131670820904126277297069322180441856169,1375509225989204300559045429796274689340158771149
922599836131670820904126277297069322180441856169-1379366653555122327876205020011632492492609315477,10063.099309394445,Rate <=,Type <=,922599836131670820904126277297069322180441856169,1379366653555122327876205020011632492492609315477
922599836131670820904126277297069322180441856169-1418162538066850581097605911983264533342366443794,1913.1469101581608,Rate <=,Header_Length <=,922599836131670820904126277297069322180441856169,1418162538066850581097605911983264533342366443794
922599836131670820904126277297069322180441856169-1429650867505148313720594668477948880050562903683,277.69858197061905,Rate <=,syn_flag_number >,922599836131670820904126277297069322180441856169,1429650867505148313720594668477948880050562903683
922599836131670820904126277297069322180441856169-1454952188391427871478129207189215566009723810659,1389.9103212131095,Rate <=,Std >,922599836131670820904126277297069322180441856169,1454952188391427871478129207189215566009723810659
922599836131670820904126277297069322180441856169-1455733501014453866297060548284701359849809242142,9774.827164519811,Rate <=,DHCP <=,922599836131670820904126277297069322180441856169,1455733501014453866297060548284701359849809242142
922599836131670820904126277297069322180441856169-153155765823982001952501641876618811106762500815,21410.24297428507,Rate <=,ack_flag_number >,922599836131670820904126277297069322180441856169,153155765823982001952501641876618811106762500815
922599836131670820904126277297069322180441856169-160227321490815016489601533331665083666172936667,3266.6932985488343,Rate <=,IGMP <=,922599836131670820904126277297069322180441856169,160227321490815016489601533331665083666172936667
922599836131670820904126277297069322180441856169-161772624339136553719839337862344762258727720981,10366.132082914744,Rate <=,ack_flag_number <=,922599836131670820904126277297069322180441856169,161772624339136553719839337862344762258727720981
922599836131670820904126277297069322180441856169-171982518954274878349485416184092168691833932185,74322.82814283385,Rate <=,Class 1,922599836131670820904126277297069322180441856169,171982518954274878349485416184092168691833932185
922599836131670820904126277297069322180441856169-207766774224049171901964708681563529125144087827,124.243437143323,Rate <=,HTTP >,922599836131670820904126277297069322180441856169,207766774224049171901964708681563529125144087827
922599836131670820904126277297069322180441856169-215123608059624622405742600984392925785664489773,27167.523537394212,Rate <=,Variance <=,922599836131670820904126277297069322180441856169,215123608059624622405742600984392925785664489773
922599836131670820904126277297069322180441856169-218607780770691257170847497927336330511308420255,1280.8185227458014,Rate <=,ack_count >,922599836131670820904126277297069322180441856169,218607780770691257170847497927336330511308420255
922599836131670820904126277297069322180441856169-223165296026140232481876277255273629987157553131,9080.37705853579,Rate <=,Header_Length >,922599836131670820904126277297069322180441856169,223165296026140232481876277255273629987157553131
922599836131670820904126277297069322180441856169-335418722972519651500040442315750311827115323662,11301.574704270393,Rate <=,Rate >,922599836131670820904126277297069322180441856169,335418722972519651500040442315750311827115323662
922599836131670820904126277297069322180441856169-338730224709676774412755851787278702947952010784,4257.366086691248,Rate <=,sum <=,922599836131670820904126277297069322180441856169,338730224709676774412755851787278702947952010784
922599836131670820904126277297069322180441856169-371266811264664269299964157380215767396824640058,192.849405384935,Rate <=,ICMP >,922599836131670820904126277297069322180441856169,371266811264664269299964157380215767396824640058
922599836131670820904126277297069322180441856169-378316838538499851440768051160724422589084218125,6683.648493343783,Rate <=,IAT <=,922599836131670820904126277297069322180441856169,378316838538499851440768051160724422589084218125
922599836131670820904126277297069322180441856169-40351198695966294513339726256484683518911283460,5874.79536931355,Rate <=,fin_flag_number <=,922599836131670820904126277297069322180441856169,40351198695966294513339726256484683518911283460
922599836131670820904126277297069322180441856169-450410814915736770904937984733342042835793211647,165.57645576810802,Rate <=,ece_flag_number <=,922599836131670820904126277297069322180441856169,450410814915736770904937984733342042835793211647
922599836131670820904126277297069322180441856169-475011065740486827108472353828139148231878458661,5356.071687802108,Rate <=,syn_flag_number <=,922599836131670820904126277297069322180441856169,475011065740486827108472353828139148231878458661
922599836131670820904126277297069322180441856169-505469541859377927785473031559292540931343582537,341.33546440988204,Rate <=,ICMP <=,922599836131670820904126277297069322180441856169,505469541859377927785473031559292540931343582537
922599836131670820904126277297069322180441856169-510505520442458443414009447271658614884328320759,28.28305886189467,Rate <=,IRC <=,922599836131670820904126277297069322180441856169,510505520442458443414009447271658614884328320759
922599836131670820904126277297069322180441856169-520582048177068818674784514618258893555315007951,2158.5219962866145,Rate <=,LLC <=,922599836131670820904126277297069322180441856169,520582048177068818674784514618258893555315007951
922599836131670820904126277297069322180441856169-565103970815292376991711972572924808853013487374,12.121310940812002,Rate <=,IGMP >,922599836131670820904126277297069322180441856169,565103970815292376991711972572924808853013487374
922599836131670820904126277297069322180441856169-629827923182617752624696690572530002196221478554,134.34452959399968,Rate <=,DHCP >,922599836131670820904126277297069322180441856169,629827923182617752624696690572530002196221478554
922599836131670820904126277297069322180441856169-681503808608794911981134712221284126975357543438,2390.2768996912528,Rate <=,syn_count <=,922599836131670820904126277297069322180441856169,681503808608794911981134712221284126975357543438
922599836131670820904126277297069322180441856169-684418957212367241623111035135876005715150589706,3189.8435355007023,Rate <=,HTTP <=,922599836131670820904126277297069322180441856169,684418957212367241623111035135876005715150589706
922599836131670820904126277297069322180441856169-714914936218336719861297767221934377853836589461,2593.2273975268645,Rate <=,UDP >,922599836131670820904126277297069322180441856169,714914936218336719861297767221934377853836589461
922599836131670820904126277297069322180441856169-786396322989194697344344278946426998739971577495,6961.868422021534,Rate <=,HTTPS <=,922599836131670820904126277297069322180441856169,786396322989194697344344278946426998739971577495
922599836131670820904126277297069322180441856169-795584812918386367255521286735341258439959854242,214.06169953135603,Rate <=,syn_count >,922599836131670820904126277297069322180441856169,795584812918386367255521286735341258439959854242
922599836131670820904126277297069322180441856169-835140271881840015202809914014108690929910415575,12676.936193937609,Rate <=,IAT >,922599836131670820904126277297069322180441856169,835140271881840015202809914014108690929910415575
922599836131670820904126277297069322180441856169-841356973986788424033641854148712928121319667477,1116.0892553767824,Rate <=,Variance >,922599836131670820904126277297069322180441856169,841356973986788424033641854148712928121319667477
922599836131670820904126277297069322180441856169-841518471221275042570144506781210008737201997031,9922.335698468885,Rate <=,Min <=,922599836131670820904126277297069322180441856169,841518471221275042570144506781210008737201997031
922599836131670820904126277297069322180441856169-843826879422383561066103188424018239931401286651,8631.855969556551,Rate <=,ack_count <=,922599836131670820904126277297069322180441856169,843826879422383561066103188424018239931401286651
922599836131670820904126277297069322180441856169-896530251803066355404557928035950607124936193677,40216.29397810891,Rate <=,psh_flag_number <=,922599836131670820904126277297069322180441856169,896530251803066355404557928035950607124936193677
922599836131670820904126277297069322180441856169-922599836131670820904126277297069322180441856169,49006.21575243395,Rate <=,Rate <=,922599836131670820904126277297069322180441856169,922599836131670820904126277297069322180441856169
922599836131670820904126277297069322180441856169-926368966621798523173828527325665066772113177503,36561.96311072306,Rate <=,UDP <=,922599836131670820904126277297069322180441856169,926368966621798523173828527325665066772113177503
922599836131670820904126277297069322180441856169-940331364486966071141541838460909450599289486914,19748.759894910138,Rate <=,rst_count >,922599836131670820904126277297069322180441856169,940331364486966071141541838460909450599289486914
922599836131670820904126277297069322180441856169-974265510705878984211701297112044370513255377925,36200.37658515803,Rate <=,Std <=,922599836131670820904126277297069322180441856169,974265510705878984211701297112044370513255377925
926368966621798523173828527325665066772113177503-1043469376771332113858820724324827897913309990452,43448.72502274843,UDP <=,LLC >,926368966621798523173828527325665066772113177503,1043469376771332113858820724324827897913309990452
926368966621798523173828527325665066772113177503-1043754360836331848364792327262011021650379248223,839.4007826512311,UDP <=,DNS >,926368966621798523173828527325665066772113177503,1043754360836331848364792327262011021650379248223
926368966621798523173828527325665066772113177503-1077028023530208599426324724984012030801332581683,5225.29512473504,UDP <=,Time_To_Live >,926368966621798523173828527325665066772113177503,1077028023530208599426324724984012030801332581683
926368966621798523173828527325665066772113177503-1085488307210616684491611463585545838953333018237,1221.222077286809,UDP <=,Type >,926368966621798523173828527325665066772113177503,1085488307210616684491611463585545838953333018237
926368966621798523173828527325665066772113177503-1091995366823138898995898948102109473193356840202,21857.591033173263,UDP <=,DNS <=,926368966621798523173828527325665066772113177503,1091995366823138898995898948102109473193356840202
926368966621798523173828527325665066772113177503-109928824856976412487775174607761519739702474552,13332.431925648134,UDP <=,Number <=,926368966621798523173828527325665066772113177503,109928824856976412487775174607761519739702474552
926368966621798523173828527325665066772113177503-1118614325010621431186771152252517336813918651911,4143.826549128722,UDP <=,sum >,926368966621798523173828527325665066772113177503,1118614325010621431186771152252517336813918651911
926368966621798523173828527325665066772113177503-1184472685782376059334758133512718430805424685192,160.607369965759,UDP <=,SSH >,926368966621798523173828527325665066772113177503,1184472685782376059334758133512718430805424685192
926368966621798523173828527325665066772113177503-1232849963170894971818913290506039176322619533319,3349.359335798404,UDP <=,psh_flag_number >,926368966621798523173828527325665066772113177503,1232849963170894971818913290506039176322619533319
926368966621798523173828527325665066772113177503-1233133706649643691022119102239698495899057226060,16566.42701040905,UDP <=,Time_To_Live <=,926368966621798523173828527325665066772113177503,1233133706649643691022119102239698495899057226060
926368966621798523173828527325665066772113177503-1236189254858718471128603624930063881324958313531,10703.883288713096,UDP <=,HTTPS >,926368966621798523173828527325665066772113177503,1236189254858718471128603624930063881324958313531
926368966621798523173828527325665066772113177503-1239329028096551917906154637654656383307088642249,22.22240339148867,UDP <=,cwr_flag_number <=,926368966621798523173828527325665066772113177503,1239329028096551917906154637654656383307088642249
926368966621798523173828527325665066772113177503-1251276136943778783713685275011300537715092657394,1251.7208596540136,UDP <=,fin_flag_number >,926368966621798523173828527325665066772113177503,1251276136943778783713685275011300537715092657394
926368966621798523173828527325665066772113177503-1329847435934461746074927120436757452470095790255,563.6409587477581,UDP <=,Min >,926368966621798523173828527325665066772113177503,1329847435934461746074927120436757452470095790255
926368966621798523173828527325665066772113177503-1338222599102815322204523610829624561969283441716,11682.548810506883,UDP <=,SSH <=,926368966621798523173828527325665066772113177503,1338222599102815322204523610829624561969283441716
926368966621798523173828527325665066772113177503-1345309773886921328764805451107636357621530213384,18485.08064516129,UDP <=,Class -1,926368966621798523173828527325665066772113177503,1345309773886921328764805451107636357621530213384
926368966621798523173828527325665066772113177503-1375509225989204300559045429796274689340158771149,2997.6783976688776,UDP <=,rst_count <=,926368966621798523173828527325665066772113177503,1375509225989204300559045429796274689340158771149
926368966621798523173828527325665066772113177503-1379366653555122327876205020011632492492609315477,19092.22146978535,UDP <=,Type <=,926368966621798523173828527325665066772113177503,1379366653555122327876205020011632492492609315477
926368966621798523173828527325665066772113177503-1418162538066850581097605911983264533342366443794,5710.066101944531,UDP <=,Header_Length <=,926368966621798523173828527325665066772113177503,1418162538066850581097605911983264533342366443794
926368966621798523173828527325665066772113177503-1429650867505148313720594668477948880050562903683,3826.5544936698875,UDP <=,syn_flag_number >,926368966621798523173828527325665066772113177503,1429650867505148313720594668477948880050562903683
926368966621798523173828527325665066772113177503-1454952188391427871478129207189215566009723810659,572.731941953367,UDP <=,Std >,926368966621798523173828527325665066772113177503,1454952188391427871478129207189215566009723810659
926368966621798523173828527325665066772113177503-1455733501014453866297060548284701359849809242142,3504.068971139736,UDP <=,DHCP <=,926368966621798523173828527325665066772113177503,1455733501014453866297060548284701359849809242142
926368966621798523173828527325665066772113177503-153155765823982001952501641876618811106762500815,7753.712609731595,UDP <=,ack_flag_number >,926368966621798523173828527325665066772113177503,153155765823982001952501641876618811106762500815
926368966621798523173828527325665066772113177503-160227321490815016489601533331665083666172936667,10881.906897113973,UDP <=,IGMP <=,926368966621798523173828527325665066772113177503,160227321490815016489601533331665083666172936667
926368966621798523173828527325665066772113177503-161772624339136553719839337862344762258727720981,5139.696512257854,UDP <=,ack_flag_number <=,926368966621798523173828527325665066772113177503,161772624339136553719839337862344762258727720981
926368966621798523173828527325665066772113177503-171982518954274878349485416184092168691833932185,59579.273601826186,UDP <=,Class 1,926368966621798523173828527325665066772113177503,171982518954274878349485416184092168691833932185
926368966621798523173828527325665066772113177503-207766774224049171901964708681563529125144087827,2016.8134444543796,UDP <=,HTTP >,926368966621798523173828527325665066772113177503,207766774224049171901964708681563529125144087827
926368966621798523173828527325665066772113177503-215123608059624622405742600984392925785664489773,18188.646165903127,UDP <=,Variance <=,926368966621798523173828527325665066772113177503,215123608059624622405742600984392925785664489773
926368966621798523173828527325665066772113177503-218607780770691257170847497927336330511308420255,5994.672527784644,UDP <=,ack_count >,926368966621798523173828527325665066772113177503,218607780770691257170847497927336330511308420255
926368966621798523173828527325665066772113177503-223165296026140232481876277255273629987157553131,9016.235121473994,UDP <=,Header_Length >,926368966621798523173828527325665066772113177503,223165296026140232481876277255273629987157553131
926368966621798523173828527325665066772113177503-335418722972519651500040442315750311827115323662,1854.3161926752682,UDP <=,Rate >,926368966621798523173828527325665066772113177503,335418722972519651500040442315750311827115323662
926368966621798523173828527325665066772113177503-337274849629170698169636561573185333120886675912,8.080873960541334,UDP <=,ece_flag_number >,926368966621798523173828527325665066772113177503,337274849629170698169636561573185333120886675912
926368966621798523173828527325665066772113177503-338730224709676774412755851787278702947952010784,6615.80825307827,UDP <=,sum <=,926368966621798523173828527325665066772113177503,338730224709676774412755851787278702947952010784
926368966621798523173828527325665066772113177503-371266811264664269299964157380215767396824640058,1002.0283711071254,UDP <=,ICMP >,926368966621798523173828527325665066772113177503,371266811264664269299964157380215767396824640058
926368966621798523173828527325665066772113177503-378316838538499851440768051160724422589084218125,37968.81719991795,UDP <=,IAT <=,926368966621798523173828527325665066772113177503,378316838538499851440768051160724422589084218125
926368966621798523173828527325665066772113177503-40351198695966294513339726256484683518911283460,6321.78500234059,UDP <=,fin_flag_number <=,926368966621798523173828527325665066772113177503,40351198695966294513339726256484683518911283460
926368966621798523173828527325665066772113177503-426624906449189252299067265451872698344494536313,7597.9114047222065,UDP <=,Number >,926368966621798523173828527325665066772113177503,426624906449189252299067265451872698344494536313
926368966621798523173828527325665066772113177503-450410814915736770904937984733342042835793211647,4199.024131746291,UDP <=,ece_flag_number <=,926368966621798523173828527325665066772113177503,450410814915736770904937984733342042835793211647
926368966621798523173828527325665066772113177503-475011065740486827108472353828139148231878458661,25344.92803343099,UDP <=,syn_flag_number <=,926368966621798523173828527325665066772113177503,475011065740486827108472353828139148231878458661
926368966621798523173828527325665066772113177503-505469541859377927785473031559292540931343582537,13159.703244741562,UDP <=,ICMP <=,926368966621798523173828527325665066772113177503,505469541859377927785473031559292540931343582537
926368966621798523173828527325665066772113177503-510505520442458443414009447271658614884328320759,10.101092450676667,UDP <=,IRC <=,926368966621798523173828527325665066772113177503,510505520442458443414009447271658614884328320759
926368966621798523173828527325665066772113177503-520582048177068818674784514618258893555315007951,1458.5977498777108,UDP <=,LLC <=,926368966621798523173828527325665066772113177503,520582048177068818674784514618258893555315007951
926368966621798523173828527325665066772113177503-565103970815292376991711972572924808853013487374,57.57622696885701,UDP <=,IGMP >,926368966621798523173828527325665066772113177503,565103970815292376991711972572924808853013487374
926368966621798523173828527325665066772113177503-629827923182617752624696690572530002196221478554,28.28305886189467,UDP <=,DHCP >,926368966621798523173828527325665066772113177503,629827923182617752624696690572530002196221478554
926368966621798523173828527325665066772113177503-681503808608794911981134712221284126975357543438,26744.85798667179,UDP <=,syn_count <=,926368966621798523173828527325665066772113177503,681503808608794911981134712221284126975357543438
926368966621798523173828527325665066772113177503-684418957212367241623111035135876005715150589706,19884.326330848977,UDP <=,HTTP <=,926368966621798523173828527325665066772113177503,684418957212367241623111035135876005715150589706
926368966621798523173828527325665066772113177503-714914936218336719861297767221934377853836589461,2095.650841823451,UDP <=,UDP >,926368966621798523173828527325665066772113177503,714914936218336719861297767221934377853836589461
926368966621798523173828527325665066772113177503-786396322989194697344344278946426998739971577495,10152.575438005922,UDP <=,HTTPS <=,926368966621798523173828527325665066772113177503,786396322989194697344344278946426998739971577495
926368966621798523173828527325665066772113177503-795584812918386367255521286735341258439959854242,5028.095732762475,UDP <=,syn_count >,926368966621798523173828527325665066772113177503,795584812918386367255521286735341258439959854242
926368966621798523173828527325665066772113177503-835140271881840015202809914014108690929910415575,13908.813294551423,UDP <=,IAT >,926368966621798523173828527325665066772113177503,835140271881840015202809914014108690929910415575
926368966621798523173828527325665066772113177503-841356973986788424033641854148712928121319667477,4365.610696759466,UDP <=,Variance >,926368966621798523173828527325665066772113177503,841356973986788424033641854148712928121319667477
926368966621798523173828527325665066772113177503-841518471221275042570144506781210008737201997031,21389.747531860954,UDP <=,Min <=,926368966621798523173828527325665066772113177503,841518471221275042570144506781210008737201997031
926368966621798523173828527325665066772113177503-843826879422383561066103188424018239931401286651,2216.179683678461,UDP <=,ack_count <=,926368966621798523173828527325665066772113177503,843826879422383561066103188424018239931401286651
926368966621798523173828527325665066772113177503-896530251803066355404557928035950607124936193677,17434.24118859896,UDP <=,psh_flag_number <=,926368966621798523173828527325665066772113177503,896530251803066355404557928035950607124936193677
926368966621798523173828527325665066772113177503-922599836131670820904126277297069322180441856169,52974.73947128964,UDP <=,Rate <=,926368966621798523173828527325665066772113177503,922599836131670820904126277297069322180441856169
926368966621798523173828527325665066772113177503-926368966621798523173828527325665066772113177503,30284.67179141924,UDP <=,UDP <=,926368966621798523173828527325665066772113177503,926368966621798523173828527325665066772113177503
926368966621798523173828527325665066772113177503-940331364486966071141541838460909450599289486914,1567.4777512452465,UDP <=,rst_count >,926368966621798523173828527325665066772113177503,940331364486966071141541838460909450599289486914
926368966621798523173828527325665066772113177503-974265510705878984211701297112044370513255377925,10608.639762153975,UDP <=,Std <=,926368966621798523173828527325665066772113177503,974265510705878984211701297112044370513255377925
940331364486966071141541838460909450599289486914-1043469376771332113858820724324827897913309990452,200.84881892248703,rst_count >,LLC >,940331364486966071141541838460909450599289486914,1043469376771332113858820724324827897913309990452
940331364486966071141541838460909450599289486914-1077028023530208599426324724984012030801332581683,9.090983205609001,rst_count >,Time_To_Live >,940331364486966071141541838460909450599289486914,1077028023530208599426324724984012030801332581683
940331364486966071141541838460909450599289486914-1091995366823138898995898948102109473193356840202,1.0101092450676668,rst_count >,DNS <=,940331364486966071141541838460909450599289486914,1091995366823138898995898948102109473193356840202
940331364486966071141541838460909450599289486914-109928824856976412487775174607761519739702474552,121.13164898513068,rst_count >,Number <=,940331364486966071141541838460909450599289486914,109928824856976412487775174607761519739702474552
940331364486966071141541838460909450599289486914-1118614325010621431186771152252517336813918651911,103.95979181898035,rst_count >,sum >,940331364486966071141541838460909450599289486914,1118614325010621431186771152252517336813918651911
940331364486966071141541838460909450599289486914-1232849963170894971818913290506039176322619533319,118.10132124992768,rst_count >,psh_flag_number >,940331364486966071141541838460909450599289486914,1232849963170894971818913290506039176322619533319
940331364486966071141541838460909450599289486914-1233133706649643691022119102239698495899057226060,2701.863017625432,rst_count >,Time_To_Live <=,940331364486966071141541838460909450599289486914,1233133706649643691022119102239698495899057226060
940331364486966071141541838460909450599289486914-1236189254858718471128603624930063881324958313531,1677.4981985346328,rst_count >,HTTPS >,940331364486966071141541838460909450599289486914,1236189254858718471128603624930063881324958313531
940331364486966071141541838460909450599289486914-1251276136943778783713685275011300537715092657394,6295.929464083778,rst_count >,fin_flag_number >,940331364486966071141541838460909450599289486914,1251276136943778783713685275011300537715092657394
940331364486966071141541838460909450599289486914-1338222599102815322204523610829624561969283441716,108.00022879925102,rst_count >,SSH <=,940331364486966071141541838460909450599289486914,1338222599102815322204523610829624561969283441716
940331364486966071141541838460909450599289486914-1345309773886921328764805451107636357621530213384,85630.8870967742,rst_count >,Class -1,940331364486966071141541838460909450599289486914,1345309773886921328764805451107636357621530213384
940331364486966071141541838460909450599289486914-1375509225989204300559045429796274689340158771149,17.171857166150335,rst_count >,rst_count <=,940331364486966071141541838460909450599289486914,1375509225989204300559045429796274689340158771149
940331364486966071141541838460909450599289486914-1379366653555122327876205020011632492492609315477,499.5967741935484,rst_count >,Type <=,940331364486966071141541838460909450599289486914,1379366653555122327876205020011632492492609315477
940331364486966071141541838460909450599289486914-1454952188391427871478129207189215566009723810659,1398.8709677419356,rst_count >,Std >,940331364486966071141541838460909450599289486914,1454952188391427871478129207189215566009723810659
940331364486966071141541838460909450599289486914-1455733501014453866297060548284701359849809242142,5.0505462253383335,rst_count >,DHCP <=,940331364486966071141541838460909450599289486914,1455733501014453866297060548284701359849809242142
940331364486966071141541838460909450599289486914-153155765823982001952501641876618811106762500815,508.6877573991574,rst_count >,ack_flag_number >,940331364486966071141541838460909450599289486914,153155765823982001952501641876618811106762500815
940331364486966071141541838460909450599289486914-161772624339136553719839337862344762258727720981,312.8894847020087,rst_count >,ack_flag_number <=,940331364486966071141541838460909450599289486914,161772624339136553719839337862344762258727720981
940331364486966071141541838460909450599289486914-171982518954274878349485416184092168691833932185,784.8548834175771,rst_count >,Class 1,940331364486966071141541838460909450599289486914,171982518954274878349485416184092168691833932185
940331364486966071141541838460909450599289486914-215123608059624622405742600984392925785664489773,4052.330202027109,rst_count >,Variance <=,940331364486966071141541838460909450599289486914,215123608059624622405742600984392925785664489773
940331364486966071141541838460909450599289486914-218607780770691257170847497927336330511308420255,5.0505462253383335,rst_count >,ack_count >,940331364486966071141541838460909450599289486914,218607780770691257170847497927336330511308420255
940331364486966071141541838460909450599289486914-335418722972519651500040442315750311827115323662,7593.870967741936,rst_count >,Rate >,940331364486966071141541838460909450599289486914,335418722972519651500040442315750311827115323662
940331364486966071141541838460909450599289486914-338730224709676774412755851787278702947952010784,15.151638676015,rst_count >,sum <=,940331364486966071141541838460909450599289486914,338730224709676774412755851787278702947952010784
940331364486966071141541838460909450599289486914-378316838538499851440768051160724422589084218125,30.30327735203,rst_count >,IAT <=,940331364486966071141541838460909450599289486914,378316838538499851440768051160724422589084218125
940331364486966071141541838460909450599289486914-40351198695966294513339726256484683518911283460,1801.5787148319773,rst_count >,fin_flag_number <=,940331364486966071141541838460909450599289486914,40351198695966294513339726256484683518911283460
940331364486966071141541838460909450599289486914-426624906449189252299067265451872698344494536313,699.4354838709678,rst_count >,Number >,940331364486966071141541838460909450599289486914,426624906449189252299067265451872698344494536313
940331364486966071141541838460909450599289486914-450410814915736770904937984733342042835793211647,3037.985014963997,rst_count >,ece_flag_number <=,940331364486966071141541838460909450599289486914,450410814915736770904937984733342042835793211647
940331364486966071141541838460909450599289486914-475011065740486827108472353828139148231878458661,2230.5493022937785,rst_count >,syn_flag_number <=,940331364486966071141541838460909450599289486914,475011065740486827108472353828139148231878458661
940331364486966071141541838460909450599289486914-505469541859377927785473031559292540931343582537,3298.348818922487,rst_count >,ICMP <=,940331364486966071141541838460909450599289486914,505469541859377927785473031559292540931343582537
940331364486966071141541838460909450599289486914-520582048177068818674784514618258893555315007951,4.040436980270667,rst_count >,LLC <=,940331364486966071141541838460909450599289486914,520582048177068818674784514618258893555315007951
940331364486966071141541838460909450599289486914-681503808608794911981134712221284126975357543438,1503.8408688059835,rst_count >,syn_count <=,940331364486966071141541838460909450599289486914,681503808608794911981134712221284126975357543438
940331364486966071141541838460909450599289486914-684418957212367241623111035135876005715150589706,2.0202184901353335,rst_count >,HTTP <=,940331364486966071141541838460909450599289486914,684418957212367241623111035135876005715150589706
940331364486966071141541838460909450599289486914-714914936218336719861297767221934377853836589461,56.56611772378934,rst_count >,UDP >,940331364486966071141541838460909450599289486914,714914936218336719861297767221934377853836589461
940331364486966071141541838460909450599289486914-786396322989194697344344278946426998739971577495,8124.7811285325815,rst_count >,HTTPS <=,940331364486966071141541838460909450599289486914,786396322989194697344344278946426998739971577495
940331364486966071141541838460909450599289486914-795584812918386367255521286735341258439959854242,299.758064516129,rst_count >,syn_count >,940331364486966071141541838460909450599289486914,795584812918386367255521286735341258439959854242
940331364486966071141541838460909450599289486914-835140271881840015202809914014108690929910415575,9693.187528599907,rst_count >,IAT >,940331364486966071141541838460909450599289486914,835140271881840015202809914014108690929910415575
940331364486966071141541838460909450599289486914-841518471221275042570144506781210008737201997031,1507.8813057862542,rst_count >,Min <=,940331364486966071141541838460909450599289486914,841518471221275042570144506781210008737201997031
940331364486966071141541838460909450599289486914-843826879422383561066103188424018239931401286651,3293.379733120138,rst_count >,ack_count <=,940331364486966071141541838460909450599289486914,843826879422383561066103188424018239931401286651
940331364486966071141541838460909450599289486914-896530251803066355404557928035950607124936193677,99.91935483870968,rst_count >,psh_flag_number <=,940331364486966071141541838460909450599289486914,896530251803066355404557928035950607124936193677
940331364486966071141541838460909450599289486914-922599836131670820904126277297069322180441856169,24328.8884695697,rst_count >,Rate <=,940331364486966071141541838460909450599289486914,922599836131670820904126277297069322180441856169
940331364486966071141541838460909450599289486914-926368966621798523173828527325665066772113177503,1294.9926363459444,rst_count >,UDP <=,940331364486966071141541838460909450599289486914,926368966621798523173828527325665066772113177503
940331364486966071141541838460909450599289486914-974265510705878984211701297112044370513255377925,5895.241935483871,rst_count >,Std <=,940331364486966071141541838460909450599289486914,974265510705878984211701297112044370513255377925
974265510705878984211701297112044370513255377925-1043469376771332113858820724324827897913309990452,5871.993130762717,Std <=,LLC >,974265510705878984211701297112044370513255377925,1043469376771332113858820724324827897913309990452
974265510705878984211701297112044370513255377925-1043754360836331848364792327262011021650379248223,852.4507424141214,Std <=,DNS >,974265510705878984211701297112044370513255377925,1043754360836331848364792327262011021650379248223
974265510705878984211701297112044370513255377925-1077028023530208599426324724984012030801332581683,3401.2333331580085,Std <=,Time_To_Live >,974265510705878984211701297112044370513255377925,1077028023530208599426324724984012030801332581683
974265510705878984211701297112044370513255377925-1085488307210616684491611463585545838953333018237,1300.010598402087,Std <=,Type >,974265510705878984211701297112044370513255377925,1085488307210616684491611463585545838953333018237
974265510705878984211701297112044370513255377925-1091995366823138898995898948102109473193356840202,25313.33768139573,Std <=,DNS <=,974265510705878984211701297112044370513255377925,1091995366823138898995898948102109473193356840202
974265510705878984211701297112044370513255377925-109928824856976412487775174607761519739702474552,3181.8441219631504,Std <=,Number <=,974265510705878984211701297112044370513255377925,109928824856976412487775174607761519739702474552
974265510705878984211701297112044370513255377925-1118614325010621431186771152252517336813918651911,2703.7366073541866,Std <=,sum >,974265510705878984211701297112044370513255377925,1118614325010621431186771152252517336813918651911
974265510705878984211701297112044370513255377925-1184472685782376059334758133512718430805424685192,36.363932822436006,Std <=,SSH >,974265510705878984211701297112044370513255377925,1184472685782376059334758133512718430805424685192
974265510705878984211701297112044370513255377925-1232849963170894971818913290506039176322619533319,529.2972444154574,Std <=,psh_flag_number >,974265510705878984211701297112044370513255377925,1232849963170894971818913290506039176322619533319
974265510705878984211701297112044370513255377925-1233133706649643691022119102239698495899057226060,18746.014672080706,Std <=,Time_To_Live <=,974265510705878984211701297112044370513255377925,1233133706649643691022119102239698495899057226060
974265510705878984211701297112044370513255377925-1236189254858718471128603624930063881324958313531,7677.2701487984095,Std <=,HTTPS >,974265510705878984211701297112044370513255377925,1236189254858718471128603624930063881324958313531
974265510705878984211701297112044370513255377925-1239329028096551917906154637654656383307088642249,641.4193706179684,Std <=,cwr_flag_number <=,974265510705878984211701297112044370513255377925,1239329028096551917906154637654656383307088642249
974265510705878984211701297112044370513255377925-1251276136943778783713685275011300537715092657394,2331.886068492502,Std <=,fin_flag_number >,974265510705878984211701297112044370513255377925,1251276136943778783713685275011300537715092657394
974265510705878984211701297112044370513255377925-1329847435934461746074927120436757452470095790255,980.734616537715,Std <=,Min >,974265510705878984211701297112044370513255377925,1329847435934461746074927120436757452470095790255
974265510705878984211701297112044370513255377925-1338222599102815322204523610829624561969283441716,1759.6103049078754,Std <=,SSH <=,974265510705878984211701297112044370513255377925,1338222599102815322204523610829624561969283441716
974265510705878984211701297112044370513255377925-1345309773886921328764805451107636357621530213384,41466.532258064515,Std <=,Class -1,974265510705878984211701297112044370513255377925,1345309773886921328764805451107636357621530213384
974265510705878984211701297112044370513255377925-1375509225989204300559045429796274689340158771149,518.9517706958127,Std <=,rst_count <=,974265510705878984211701297112044370513255377925,1375509225989204300559045429796274689340158771149
974265510705878984211701297112044370513255377925-1379366653555122327876205020011632492492609315477,16041.414584242833,Std <=,Type <=,974265510705878984211701297112044370513255377925,1379366653555122327876205020011632492492609315477
974265510705878984211701297112044370513255377925-1418162538066850581097605911983264533342366443794,5579.680548907812,Std <=,Header_Length <=,974265510705878984211701297112044370513255377925,1418162538066850581097605911983264533342366443794
974265510705878984211701297112044370513255377925-1429650867505148313720594668477948880050562903683,872.2456252005281,Std <=,syn_flag_number >,974265510705878984211701297112044370513255377925,1429650867505148313720594668477948880050562903683
974265510705878984211701297112044370513255377925-1454952188391427871478129207189215566009723810659,2136.902400025247,Std <=,Std >,974265510705878984211701297112044370513255377925,1454952188391427871478129207189215566009723810659
974265510705878984211701297112044370513255377925-1455733501014453866297060548284701359849809242142,4802.857663196984,Std <=,DHCP <=,974265510705878984211701297112044370513255377925,1455733501014453866297060548284701359849809242142
974265510705878984211701297112044370513255377925-153155765823982001952501641876618811106762500815,14999.177348348176,Std <=,ack_flag_number >,974265510705878984211701297112044370513255377925,153155765823982001952501641876618811106762500815
974265510705878984211701297112044370513255377925-160227321490815016489601533331665083666172936667,667.6822109897278,Std <=,IGMP <=,974265510705878984211701297112044370513255377925,160227321490815016489601533331665083666172936667
974265510705878984211701297112044370513255377925-161772624339136553719839337862344762258727720981,6868.840618967721,Std <=,ack_flag_number <=,974265510705878984211701297112044370513255377925,161772624339136553719839337862344762258727720981
974265510705878984211701297112044370513255377925-171982518954274878349485416184092168691833932185,36775.047285178545,Std <=,Class 1,974265510705878984211701297112044370513255377925,171982518954274878349485416184092168691833932185
974265510705878984211701297112044370513255377925-207766774224049171901964708681563529125144087827,7604.868124845495,Std <=,HTTP >,974265510705878984211701297112044370513255377925,207766774224049171901964708681563529125144087827
974265510705878984211701297112044370513255377925-215123608059624622405742600984392925785664489773,14380.778693266991,Std <=,Variance <=,974265510705878984211701297112044370513255377925,215123608059624622405742600984392925785664489773
974265510705878984211701297112044370513255377925-218607780770691257170847497927336330511308420255,1572.495713301389,Std <=,ack_count >,974265510705878984211701297112044370513255377925,218607780770691257170847497927336330511308420255
974265510705878984211701297112044370513255377925-223165296026140232481876277255273629987157553131,7533.248120953278,Std <=,Header_Length >,974265510705878984211701297112044370513255377925,223165296026140232481876277255273629987157553131
974265510705878984211701297112044370513255377925-335418722972519651500040442315750311827115323662,12942.85559874397,Std <=,Rate >,974265510705878984211701297112044370513255377925,335418722972519651500040442315750311827115323662
974265510705878984211701297112044370513255377925-337274849629170698169636561573185333120886675912,6.060655470406001,Std <=,ece_flag_number >,974265510705878984211701297112044370513255377925,337274849629170698169636561573185333120886675912
974265510705878984211701297112044370513255377925-338730224709676774412755851787278702947952010784,4440.440241317463,Std <=,sum <=,974265510705878984211701297112044370513255377925,338730224709676774412755851787278702947952010784
974265510705878984211701297112044370513255377925-371266811264664269299964157380215767396824640058,50.505462253383335,Std <=,ICMP >,974265510705878984211701297112044370513255377925,371266811264664269299964157380215767396824640058
974265510705878984211701297112044370513255377925-378316838538499851440768051160724422589084218125,6233.824037596713,Std <=,IAT <=,974265510705878984211701297112044370513255377925,378316838538499851440768051160724422589084218125
974265510705878984211701297112044370513255377925-40351198695966294513339726256484683518911283460,11120.24380269615,Std <=,fin_flag_number <=,974265510705878984211701297112044370513255377925,40351198695966294513339726256484683518911283460
974265510705878984211701297112044370513255377925-426624906449189252299067265451872698344494536313,3502.227965580177,Std <=,Number >,974265510705878984211701297112044370513255377925,426624906449189252299067265451872698344494536313
974265510705878984211701297112044370513255377925-450410814915736770904937984733342042835793211647,293.8603298917017,Std <=,ece_flag_number <=,974265510705878984211701297112044370513255377925,450410814915736770904937984733342042835793211647
974265510705878984211701297112044370513255377925-475011065740486827108472353828139148231878458661,3978.852900490735,Std <=,syn_flag_number <=,974265510705878984211701297112044370513255377925,475011065740486827108472353828139148231878458661
974265510705878984211701297112044370513255377925-505469541859377927785473031559292540931343582537,4818.286267311162,Std <=,ICMP <=,974265510705878984211701297112044370513255377925,505469541859377927785473031559292540931343582537
974265510705878984211701297112044370513255377925-520582048177068818674784514618258893555315007951,729.2988749388554,Std <=,LLC <=,974265510705878984211701297112044370513255377925,520582048177068818674784514618258893555315007951
974265510705878984211701297112044370513255377925-565103970815292376991711972572924808853013487374,9.090983205609001,Std <=,IGMP >,974265510705878984211701297112044370513255377925,565103970815292376991711972572924808853013487374
974265510705878984211701297112044370513255377925-629827923182617752624696690572530002196221478554,234.26388443270935,Std <=,DHCP >,974265510705878984211701297112044370513255377925,629827923182617752624696690572530002196221478554
974265510705878984211701297112044370513255377925-681503808608794911981134712221284126975357543438,15425.29682100535,Std <=,syn_count <=,974265510705878984211701297112044370513255377925,681503808608794911981134712221284126975357543438
974265510705878984211701297112044370513255377925-684418957212367241623111035135876005715150589706,22640.00210390116,Std <=,HTTP <=,974265510705878984211701297112044370513255377925,684418957212367241623111035135876005715150589706
974265510705878984211701297112044370513255377925-714914936218336719861297767221934377853836589461,1709.8705706305918,Std <=,UDP >,974265510705878984211701297112044370513255377925,714914936218336719861297767221934377853836589461
974265510705878984211701297112044370513255377925-786396322989194697344344278946426998739971577495,25911.094265291416,Std <=,HTTPS <=,974265510705878984211701297112044370513255377925,786396322989194697344344278946426998739971577495
974265510705878984211701297112044370513255377925-795584812918386367255521286735341258439959854242,5321.630220962219,Std <=,syn_count >,974265510705878984211701297112044370513255377925,795584812918386367255521286735341258439959854242
974265510705878984211701297112044370513255377925-835140271881840015202809914014108690929910415575,5655.829752318236,Std <=,IAT >,974265510705878984211701297112044370513255377925,835140271881840015202809914014108690929910415575
974265510705878984211701297112044370513255377925-841356973986788424033641854148712928121319667477,1431.2433398378944,Std <=,Variance >,974265510705878984211701297112044370513255377925,841356973986788424033641854148712928121319667477
974265510705878984211701297112044370513255377925-841518471221275042570144506781210008737201997031,14249.72516476176,Std <=,Min <=,974265510705878984211701297112044370513255377925,841518471221275042570144506781210008737201997031
974265510705878984211701297112044370513255377925-843826879422383561066103188424018239931401286651,1389.5844795211522,Std <=,ack_count <=,974265510705878984211701297112044370513255377925,843826879422383561066103188424018239931401286651
974265510705878984211701297112044370513255377925-896530251803066355404557928035950607124936193677,5533.2155236347,Std <=,psh_flag_number <=,974265510705878984211701297112044370513255377925,896530251803066355404557928035950607124936193677
974265510705878984211701297112044370513255377925-922599836131670820904126277297069322180441856169,38756.425445632565,Std <=,Rate <=,974265510705878984211701297112044370513255377925,922599836131670820904126277297069322180441856169
974265510705878984211701297112044370513255377925-926368966621798523173828527325665066772113177503,13122.866841465788,Std <=,UDP <=,974265510705878984211701297112044370513255377925,926368966621798523173828527325665066772113177503
974265510705878984211701297112044370513255377925-940331364486966071141541838460909450599289486914,1398.8709677419356,Std <=,rst_count >,974265510705878984211701297112044370513255377925,940331364486966071141541838460909450599289486914
974265510705878984211701297112044370513255377925-974265510705878984211701297112044370513255377925,22504.94072258485,Std <=,Std <=,974265510705878984211701297112044370513255377925,974265510705878984211701297112044370513255377925
510505520442458443414009447271658614884328320759-1043754360836331848364792327262011021650379248223,10.101092450676667,IRC <=,DNS >,510505520442458443414009447271658614884328320759,1043754360836331848364792327262011021650379248223
510505520442458443414009447271658614884328320759-1085488307210616684491611463585545838953333018237,129.21252294567202,IRC <=,Type >,510505520442458443414009447271658614884328320759,1085488307210616684491611463585545838953333018237
510505520442458443414009447271658614884328320759-1091995366823138898995898948102109473193356840202,22.22240339148867,IRC <=,DNS <=,510505520442458443414009447271658614884328320759,1091995366823138898995898948102109473193356840202
510505520442458443414009447271658614884328320759-1118614325010621431186771152252517336813918651911,4.040436980270667,IRC <=,sum >,510505520442458443414009447271658614884328320759,1118614325010621431186771152252517336813918651911
510505520442458443414009447271658614884328320759-1236189254858718471128603624930063881324958313531,93.94015979129301,IRC <=,HTTPS >,510505520442458443414009447271658614884328320759,1236189254858718471128603624930063881324958313531
510505520442458443414009447271658614884328320759-1345309773886921328764805451107636357621530213384,299.758064516129,IRC <=,Class -1,510505520442458443414009447271658614884328320759,1345309773886921328764805451107636357621530213384
510505520442458443414009447271658614884328320759-1379366653555122327876205020011632492492609315477,129.29398336866134,IRC <=,Type <=,510505520442458443414009447271658614884328320759,1379366653555122327876205020011632492492609315477
510505520442458443414009447271658614884328320759-1454952188391427871478129207189215566009723810659,302.86985267432135,IRC <=,Std >,510505520442458443414009447271658614884328320759,1454952188391427871478129207189215566009723810659
510505520442458443414009447271658614884328320759-153155765823982001952501641876618811106762500815,361.5376493112354,IRC <=,ack_flag_number >,510505520442458443414009447271658614884328320759,153155765823982001952501641876618811106762500815
510505520442458443414009447271658614884328320759-161772624339136553719839337862344762258727720981,236.28410292284468,IRC <=,ack_flag_number <=,510505520442458443414009447271658614884328320759,161772624339136553719839337862344762258727720981
510505520442458443414009447271658614884328320759-171982518954274878349485416184092168691833932185,186.87021033751836,IRC <=,Class 1,510505520442458443414009447271658614884328320759,171982518954274878349485416184092168691833932185
510505520442458443414009447271658614884328320759-215123608059624622405742600984392925785664489773,23.232512636556336,IRC <=,Variance <=,510505520442458443414009447271658614884328320759,215123608059624622405742600984392925785664489773
510505520442458443414009447271658614884328320759-218607780770691257170847497927336330511308420255,3.0303277352030005,IRC <=,ack_count >,510505520442458443414009447271658614884328320759,218607780770691257170847497927336330511308420255
510505520442458443414009447271658614884328320759-223165296026140232481876277255273629987157553131,24.242621881624004,IRC <=,Header_Length >,510505520442458443414009447271658614884328320759,223165296026140232481876277255273629987157553131
510505520442458443414009447271658614884328320759-335418722972519651500040442315750311827115323662,19.192075656285667,IRC <=,Rate >,510505520442458443414009447271658614884328320759,335418722972519651500040442315750311827115323662
510505520442458443414009447271658614884328320759-338730224709676774412755851787278702947952010784,4.040436980270667,IRC <=,sum <=,510505520442458443414009447271658614884328320759,338730224709676774412755851787278702947952010784
510505520442458443414009447271658614884328320759-371266811264664269299964157380215767396824640058,448.4070443870547,IRC <=,ICMP >,510505520442458443414009447271658614884328320759,371266811264664269299964157380215767396824640058
510505520442458443414009447271658614884328320759-681503808608794911981134712221284126975357543438,30.30327735203,IRC <=,syn_count <=,510505520442458443414009447271658614884328320759,681503808608794911981134712221284126975357543438
510505520442458443414009447271658614884328320759-714914936218336719861297767221934377853836589461,6.060655470406001,IRC <=,UDP >,510505520442458443414009447271658614884328320759,714914936218336719861297767221934377853836589461
510505520442458443414009447271658614884328320759-786396322989194697344344278946426998739971577495,1682.1903188988183,IRC <=,HTTPS <=,510505520442458443414009447271658614884328320759,786396322989194697344344278946426998739971577495
510505520442458443414009447271658614884328320759-795584812918386367255521286735341258439959854242,13.131420185879668,IRC <=,syn_count >,510505520442458443414009447271658614884328320759,795584812918386367255521286735341258439959854242
510505520442458443414009447271658614884328320759-841356973986788424033641854148712928121319667477,22.22240339148867,IRC <=,Variance >,510505520442458443414009447271658614884328320759,841356973986788424033641854148712928121319667477
510505520442458443414009447271658614884328320759-843826879422383561066103188424018239931401286651,2.0202184901353335,IRC <=,ack_count <=,510505520442458443414009447271658614884328320759,843826879422383561066103188424018239931401286651
510505520442458443414009447271658614884328320759-922599836131670820904126277297069322180441856169,44.44480678297734,IRC <=,Rate <=,510505520442458443414009447271658614884328320759,922599836131670820904126277297069322180441856169
510505520442458443414009447271658614884328320759-926368966621798523173828527325665066772113177503,102.94968257391268,IRC <=,UDP <=,510505520442458443414009447271658614884328320759,926368966621798523173828527325665066772113177503
579184915384053252333364217236378176158944003116-1233133706649643691022119102239698495899057226060,8.080873960541334,cwr_flag_number >,Time_To_Live <=,579184915384053252333364217236378176158944003116,1233133706649643691022119102239698495899057226060
579184915384053252333364217236378176158944003116-1345309773886921328764805451107636357621530213384,299.758064516129,cwr_flag_number >,Class -1,579184915384053252333364217236378176158944003116,1345309773886921328764805451107636357621530213384
579184915384053252333364217236378176158944003116-153155765823982001952501641876618811106762500815,3.0303277352030005,cwr_flag_number >,ack_flag_number >,579184915384053252333364217236378176158944003116,153155765823982001952501641876618811106762500815
579184915384053252333364217236378176158944003116-171982518954274878349485416184092168691833932185,127.27376487852601,cwr_flag_number >,Class 1,579184915384053252333364217236378176158944003116,171982518954274878349485416184092168691833932185
579184915384053252333364217236378176158944003116-215123608059624622405742600984392925785664489773,15.151638676015,cwr_flag_number >,Variance <=,579184915384053252333364217236378176158944003116,215123608059624622405742600984392925785664489773
579184915384053252333364217236378176158944003116-223165296026140232481876277255273629987157553131,9.090983205609001,cwr_flag_number >,Header_Length >,579184915384053252333364217236378176158944003116,223165296026140232481876277255273629987157553131
579184915384053252333364217236378176158944003116-505469541859377927785473031559292540931343582537,3.0303277352030005,cwr_flag_number >,ICMP <=,579184915384053252333364217236378176158944003116,505469541859377927785473031559292540931343582537
579184915384053252333364217236378176158944003116-681503808608794911981134712221284126975357543438,9.090983205609001,cwr_flag_number >,syn_count <=,579184915384053252333364217236378176158944003116,681503808608794911981134712221284126975357543438
708408391217891577256114269656040681679338993095-1454952188391427871478129207189215566009723810659,1.0101092450676668,IRC >,Std >,708408391217891577256114269656040681679338993095,1454952188391427871478129207189215566009723810659
708408391217891577256114269656040681679338993095-171982518954274878349485416184092168691833932185,3.0303277352030005,IRC >,Class 1,708408391217891577256114269656040681679338993095,171982518954274878349485416184092168691833932185
