Edge,Weighted frequency,Node_u_label,Node_v_label,Source_id,Target_id
1043469376771332113858820724324827897913309990452-1043469376771332113858820724324827897913309990452,2748.5072558291213,LLC >,LLC >,1043469376771332113858820724324827897913309990452,1043469376771332113858820724324827897913309990452
1043469376771332113858820724324827897913309990452-1043754360836331848364792327262011021650379248223,779.5599559232708,LLC >,DNS >,1043469376771332113858820724324827897913309990452,1043754360836331848364792327262011021650379248223
1043469376771332113858820724324827897913309990452-1077028023530208599426324724984012030801332581683,3515.1801728354803,LLC >,Time_To_Live >,1043469376771332113858820724324827897913309990452,1077028023530208599426324724984012030801332581683
1043469376771332113858820724324827897913309990452-1085488307210616684491611463585545838953333018237,1811.044415983337,LLC >,Type >,1043469376771332113858820724324827897913309990452,1085488307210616684491611463585545838953333018237
1043469376771332113858820724324827897913309990452-1091995366823138898995898948102109473193356840202,13577.54633842302,LLC >,DNS <=,1043469376771332113858820724324827897913309990452,1091995366823138898995898948102109473193356840202
1043469376771332113858820724324827897913309990452-109928824856976412487775174607761519739702474552,1250.5152453937715,LLC >,Number <=,1043469376771332113858820724324827897913309990452,109928824856976412487775174607761519739702474552
1043469376771332113858820724324827897913309990452-1118614325010621431186771152252517336813918651911,6288.321060576574,LLC >,sum >,1043469376771332113858820724324827897913309990452,1118614325010621431186771152252517336813918651911
1043469376771332113858820724324827897913309990452-1142857970576506471478393393000113013376204379484,6088.237969630187,LLC >,rst_flag_number <=,1043469376771332113858820724324827897913309990452,1142857970576506471478393393000113013376204379484
1043469376771332113858820724324827897913309990452-1184472685782376059334758133512718430805424685192,21.212294146421,LLC >,SSH >,1043469376771332113858820724324827897913309990452,1184472685782376059334758133512718430805424685192
1043469376771332113858820724324827897913309990452-1232849963170894971818913290506039176322619533319,11692.780239634343,LLC >,psh_flag_number >,1043469376771332113858820724324827897913309990452,1232849963170894971818913290506039176322619533319
1043469376771332113858820724324827897913309990452-1233133706649643691022119102239698495899057226060,6471.558136048769,LLC >,Time_To_Live <=,1043469376771332113858820724324827897913309990452,1233133706649643691022119102239698495899057226060
1043469376771332113858820724324827897913309990452-1236189254858718471128603624930063881324958313531,8129.359204304582,LLC >,HTTPS >,1043469376771332113858820724324827897913309990452,1236189254858718471128603624930063881324958313531
1043469376771332113858820724324827897913309990452-1251276136943778783713685275011300537715092657394,3118.435328708257,LLC >,fin_flag_number >,1043469376771332113858820724324827897913309990452,1251276136943778783713685275011300537715092657394
1043469376771332113858820724324827897913309990452-1329847435934461746074927120436757452470095790255,181.81966411218002,LLC >,Min >,1043469376771332113858820724324827897913309990452,1329847435934461746074927120436757452470095790255
1043469376771332113858820724324827897913309990452-1338222599102815322204523610829624561969283441716,981.826186205772,LLC >,SSH <=,1043469376771332113858820724324827897913309990452,1338222599102815322204523610829624561969283441716
1043469376771332113858820724324827897913309990452-1345309773886921328764805451107636357621530213384,19284.43548387097,LLC >,Class -1,1043469376771332113858820724324827897913309990452,1345309773886921328764805451107636357621530213384
1043469376771332113858820724324827897913309990452-1375509225989204300559045429796274689340158771149,2637.395238871678,LLC >,rst_count <=,1043469376771332113858820724324827897913309990452,1375509225989204300559045429796274689340158771149
1043469376771332113858820724324827897913309990452-1379366653555122327876205020011632492492609315477,21775.49521888462,LLC >,Type <=,1043469376771332113858820724324827897913309990452,1379366653555122327876205020011632492492609315477
1043469376771332113858820724324827897913309990452-1418162538066850581097605911983264533342366443794,6696.861373952652,LLC >,Header_Length <=,1043469376771332113858820724324827897913309990452,1418162538066850581097605911983264533342366443794
1043469376771332113858820724324827897913309990452-1429650867505148313720594668477948880050562903683,9010.239634341979,LLC >,syn_flag_number >,1043469376771332113858820724324827897913309990452,1429650867505148313720594668477948880050562903683
1043469376771332113858820724324827897913309990452-1454952188391427871478129207189215566009723810659,825.2592532202838,LLC >,Std >,1043469376771332113858820724324827897913309990452,1454952188391427871478129207189215566009723810659
1043469376771332113858820724324827897913309990452-1455733501014453866297060548284701359849809242142,17385.984034020083,LLC >,DHCP <=,1043469376771332113858820724324827897913309990452,1455733501014453866297060548284701359849809242142
1043469376771332113858820724324827897913309990452-160227321490815016489601533331665083666172936667,12712.19226500739,LLC >,IGMP <=,1043469376771332113858820724324827897913309990452,160227321490815016489601533331665083666172936667
1043469376771332113858820724324827897913309990452-171982518954274878349485416184092168691833932185,40599.32088700473,LLC >,Class 1,1043469376771332113858820724324827897913309990452,171982518954274878349485416184092168691833932185
1043469376771332113858820724324827897913309990452-207766774224049171901964708681563529125144087827,2173.4618378628575,LLC >,HTTP >,1043469376771332113858820724324827897913309990452,207766774224049171901964708681563529125144087827
1043469376771332113858820724324827897913309990452-215123608059624622405742600984392925785664489773,7089.663533607191,LLC >,Variance <=,1043469376771332113858820724324827897913309990452,215123608059624622405742600984392925785664489773
1043469376771332113858820724324827897913309990452-218607780770691257170847497927336330511308420255,5866.372361576453,LLC >,ack_count >,1043469376771332113858820724324827897913309990452,218607780770691257170847497927336330511308420255
1043469376771332113858820724324827897913309990452-223165296026140232481876277255273629987157553131,8755.219634131588,LLC >,Header_Length >,1043469376771332113858820724324827897913309990452,223165296026140232481876277255273629987157553131
1043469376771332113858820724324827897913309990452-335418722972519651500040442315750311827115323662,278.79015163867604,LLC >,Rate >,1043469376771332113858820724324827897913309990452,335418722972519651500040442315750311827115323662
1043469376771332113858820724324827897913309990452-337274849629170698169636561573185333120886675912,147.39448935689,LLC >,ece_flag_number >,1043469376771332113858820724324827897913309990452,337274849629170698169636561573185333120886675912
1043469376771332113858820724324827897913309990452-338730224709676774412755851787278702947952010784,7846.2842344166675,LLC >,sum <=,1043469376771332113858820724324827897913309990452,338730224709676774412755851787278702947952010784
1043469376771332113858820724324827897913309990452-371266811264664269299964157380215767396824640058,96.97048752649602,LLC >,ICMP >,1043469376771332113858820724324827897913309990452,371266811264664269299964157380215767396824640058
1043469376771332113858820724324827897913309990452-378316838538499851440768051160724422589084218125,11274.578720091731,LLC >,IAT <=,1043469376771332113858820724324827897913309990452,378316838538499851440768051160724422589084218125
1043469376771332113858820724324827897913309990452-40351198695966294513339726256484683518911283460,11986.477648680066,LLC >,fin_flag_number <=,1043469376771332113858820724324827897913309990452,40351198695966294513339726256484683518911283460
1043469376771332113858820724324827897913309990452-417610515582391639059962073933335223318558562917,15287.710166576375,LLC >,fin_count <=,1043469376771332113858820724324827897913309990452,417610515582391639059962073933335223318558562917
1043469376771332113858820724324827897913309990452-426624906449189252299067265451872698344494536313,1698.6290322580646,LLC >,Number >,1043469376771332113858820724324827897913309990452,426624906449189252299067265451872698344494536313
1043469376771332113858820724324827897913309990452-450410814915736770904937984733342042835793211647,19397.55142723395,LLC >,ece_flag_number <=,1043469376771332113858820724324827897913309990452,450410814915736770904937984733342042835793211647
1043469376771332113858820724324827897913309990452-475011065740486827108472353828139148231878458661,13755.781743923671,LLC >,syn_flag_number <=,1043469376771332113858820724324827897913309990452,475011065740486827108472353828139148231878458661
1043469376771332113858820724324827897913309990452-505469541859377927785473031559292540931343582537,7984.098978030012,LLC >,ICMP <=,1043469376771332113858820724324827897913309990452,505469541859377927785473031559292540931343582537
1043469376771332113858820724324827897913309990452-520582048177068818674784514618258893555315007951,5131.061707420986,LLC >,LLC <=,1043469376771332113858820724324827897913309990452,520582048177068818674784514618258893555315007951
1043469376771332113858820724324827897913309990452-559797210707093786647851972932919518973015855277,2757.060600243001,LLC >,fin_count >,1043469376771332113858820724324827897913309990452,559797210707093786647851972932919518973015855277
1043469376771332113858820724324827897913309990452-565103970815292376991711972572924808853013487374,14.141529430947335,LLC >,IGMP >,1043469376771332113858820724324827897913309990452,565103970815292376991711972572924808853013487374
1043469376771332113858820724324827897913309990452-629827923182617752624696690572530002196221478554,433.1739452880504,LLC >,DHCP >,1043469376771332113858820724324827897913309990452,629827923182617752624696690572530002196221478554
1043469376771332113858820724324827897913309990452-681503808608794911981134712221284126975357543438,23841.29896172478,LLC >,syn_count <=,1043469376771332113858820724324827897913309990452,681503808608794911981134712221284126975357543438
1043469376771332113858820724324827897913309990452-684418957212367241623111035135876005715150589706,6450.55763900212,LLC >,HTTP <=,1043469376771332113858820724324827897913309990452,684418957212367241623111035135876005715150589706
1043469376771332113858820724324827897913309990452-714914936218336719861297767221934377853836589461,4577.489256954708,LLC >,UDP >,1043469376771332113858820724324827897913309990452,714914936218336719861297767221934377853836589461
1043469376771332113858820724324827897913309990452-786396322989194697344344278946426998739971577495,7358.482929471974,LLC >,HTTPS <=,1043469376771332113858820724324827897913309990452,786396322989194697344344278946426998739971577495
1043469376771332113858820724324827897913309990452-791432257472445298809701838101022411569407290467,1755.1951499818538,LLC >,rst_flag_number >,1043469376771332113858820724324827897913309990452,791432257472445298809701838101022411569407290467
1043469376771332113858820724324827897913309990452-795584812918386367255521286735341258439959854242,2347.640514298638,LLC >,syn_count >,1043469376771332113858820724324827897913309990452,795584812918386367255521286735341258439959854242
1043469376771332113858820724324827897913309990452-835140271881840015202809914014108690929910415575,1136.9757078312462,LLC >,IAT >,1043469376771332113858820724324827897913309990452,835140271881840015202809914014108690929910415575
1043469376771332113858820724324827897913309990452-841356973986788424033641854148712928121319667477,1318.8768323664156,LLC >,Variance >,1043469376771332113858820724324827897913309990452,841356973986788424033641854148712928121319667477
1043469376771332113858820724324827897913309990452-841518471221275042570144506781210008737201997031,8810.645305933527,LLC >,Min <=,1043469376771332113858820724324827897913309990452,841518471221275042570144506781210008737201997031
1043469376771332113858820724324827897913309990452-843826879422383561066103188424018239931401286651,6043.711702424221,LLC >,ack_count <=,1043469376771332113858820724324827897913309990452,843826879422383561066103188424018239931401286651
1043469376771332113858820724324827897913309990452-896530251803066355404557928035950607124936193677,19018.434618641615,LLC >,psh_flag_number <=,1043469376771332113858820724324827897913309990452,896530251803066355404557928035950607124936193677
1043469376771332113858820724324827897913309990452-922599836131670820904126277297069322180441856169,8481.887330833199,LLC >,Rate <=,1043469376771332113858820724324827897913309990452,922599836131670820904126277297069322180441856169
1043469376771332113858820724324827897913309990452-926368966621798523173828527325665066772113177503,21821.699570804165,LLC >,UDP <=,1043469376771332113858820724324827897913309990452,926368966621798523173828527325665066772113177503
1043469376771332113858820724324827897913309990452-974265510705878984211701297112044370513255377925,10287.962661014186,LLC >,Std <=,1043469376771332113858820724324827897913309990452,974265510705878984211701297112044370513255377925
1043754360836331848364792327262011021650379248223-1043469376771332113858820724324827897913309990452,524.1652377671297,DNS >,LLC >,1043754360836331848364792327262011021650379248223,1043469376771332113858820724324827897913309990452
1043754360836331848364792327262011021650379248223-1043754360836331848364792327262011021650379248223,55.55600847872167,DNS >,DNS >,1043754360836331848364792327262011021650379248223,1043754360836331848364792327262011021650379248223
1043754360836331848364792327262011021650379248223-1077028023530208599426324724984012030801332581683,104.04125224196967,DNS >,Time_To_Live >,1043754360836331848364792327262011021650379248223,1077028023530208599426324724984012030801332581683
1043754360836331848364792327262011021650379248223-1085488307210616684491611463585545838953333018237,35.35382357736834,DNS >,Type >,1043754360836331848364792327262011021650379248223,1085488307210616684491611463585545838953333018237
1043754360836331848364792327262011021650379248223-1091995366823138898995898948102109473193356840202,499.9226158855057,DNS >,DNS <=,1043754360836331848364792327262011021650379248223,1091995366823138898995898948102109473193356840202
1043754360836331848364792327262011021650379248223-109928824856976412487775174607761519739702474552,20.202184901353334,DNS >,Number <=,1043754360836331848364792327262011021650379248223,109928824856976412487775174607761519739702474552
1043754360836331848364792327262011021650379248223-1118614325010621431186771152252517336813918651911,203.96060708067935,DNS >,sum >,1043754360836331848364792327262011021650379248223,1118614325010621431186771152252517336813918651911
1043754360836331848364792327262011021650379248223-1142857970576506471478393393000113013376204379484,26.262840371759335,DNS >,rst_flag_number <=,1043754360836331848364792327262011021650379248223,1142857970576506471478393393000113013376204379484
1043754360836331848364792327262011021650379248223-1184472685782376059334758133512718430805424685192,124.16197672033368,DNS >,SSH >,1043754360836331848364792327262011021650379248223,1184472685782376059334758133512718430805424685192
1043754360836331848364792327262011021650379248223-1232849963170894971818913290506039176322619533319,28.28305886189467,DNS >,psh_flag_number >,1043754360836331848364792327262011021650379248223,1232849963170894971818913290506039176322619533319
1043754360836331848364792327262011021650379248223-1233133706649643691022119102239698495899057226060,227.27458014022503,DNS >,Time_To_Live <=,1043754360836331848364792327262011021650379248223,1233133706649643691022119102239698495899057226060
1043754360836331848364792327262011021650379248223-1236189254858718471128603624930063881324958313531,157.49558180756668,DNS >,HTTPS >,1043754360836331848364792327262011021650379248223,1236189254858718471128603624930063881324958313531
1043754360836331848364792327262011021650379248223-1251276136943778783713685275011300537715092657394,287.7996744212957,DNS >,fin_flag_number >,1043754360836331848364792327262011021650379248223,1251276136943778783713685275011300537715092657394
1043754360836331848364792327262011021650379248223-1329847435934461746074927120436757452470095790255,251.51720202184902,DNS >,Min >,1043754360836331848364792327262011021650379248223,1329847435934461746074927120436757452470095790255
1043754360836331848364792327262011021650379248223-1338222599102815322204523610829624561969283441716,26.262840371759335,DNS >,SSH <=,1043754360836331848364792327262011021650379248223,1338222599102815322204523610829624561969283441716
1043754360836331848364792327262011021650379248223-1345309773886921328764805451107636357621530213384,3996.7741935483873,DNS >,Class -1,1043754360836331848364792327262011021650379248223,1345309773886921328764805451107636357621530213384
1043754360836331848364792327262011021650379248223-1375509225989204300559045429796274689340158771149,13.131420185879668,DNS >,rst_count <=,1043754360836331848364792327262011021650379248223,1375509225989204300559045429796274689340158771149
1043754360836331848364792327262011021650379248223-1379366653555122327876205020011632492492609315477,331.3158323821947,DNS >,Type <=,1043754360836331848364792327262011021650379248223,1379366653555122327876205020011632492492609315477
1043754360836331848364792327262011021650379248223-1418162538066850581097605911983264533342366443794,205.9808255708147,DNS >,Header_Length <=,1043754360836331848364792327262011021650379248223,1418162538066850581097605911983264533342366443794
1043754360836331848364792327262011021650379248223-1429650867505148313720594668477948880050562903683,298.9923365400294,DNS >,syn_flag_number >,1043754360836331848364792327262011021650379248223,1429650867505148313720594668477948880050562903683
1043754360836331848364792327262011021650379248223-1454952188391427871478129207189215566009723810659,103.031142996902,DNS >,Std >,1043754360836331848364792327262011021650379248223,1454952188391427871478129207189215566009723810659
1043754360836331848364792327262011021650379248223-1455733501014453866297060548284701359849809242142,323.23495842165335,DNS >,DHCP <=,1043754360836331848364792327262011021650379248223,1455733501014453866297060548284701359849809242142
1043754360836331848364792327262011021650379248223-171982518954274878349485416184092168691833932185,3259.6225338333606,DNS >,Class 1,1043754360836331848364792327262011021650379248223,171982518954274878349485416184092168691833932185
1043754360836331848364792327262011021650379248223-207766774224049171901964708681563529125144087827,25.252731126691668,DNS >,HTTP >,1043754360836331848364792327262011021650379248223,207766774224049171901964708681563529125144087827
1043754360836331848364792327262011021650379248223-215123608059624622405742600984392925785664489773,484.7709772094907,DNS >,Variance <=,1043754360836331848364792327262011021650379248223,215123608059624622405742600984392925785664489773
1043754360836331848364792327262011021650379248223-218607780770691257170847497927336330511308420255,172.72868090657101,DNS >,ack_count >,1043754360836331848364792327262011021650379248223,218607780770691257170847497927336330511308420255
1043754360836331848364792327262011021650379248223-223165296026140232481876277255273629987157553131,73.73797488993968,DNS >,Header_Length >,1043754360836331848364792327262011021650379248223,223165296026140232481876277255273629987157553131
1043754360836331848364792327262011021650379248223-335418722972519651500040442315750311827115323662,244.36497688338602,DNS >,Rate >,1043754360836331848364792327262011021650379248223,335418722972519651500040442315750311827115323662
1043754360836331848364792327262011021650379248223-338730224709676774412755851787278702947952010784,176.76911788684168,DNS >,sum <=,1043754360836331848364792327262011021650379248223,338730224709676774412755851787278702947952010784
1043754360836331848364792327262011021650379248223-371266811264664269299964157380215767396824640058,105.05136148703734,DNS >,ICMP >,1043754360836331848364792327262011021650379248223,371266811264664269299964157380215767396824640058
1043754360836331848364792327262011021650379248223-378316838538499851440768051160724422589084218125,110.10190771237568,DNS >,IAT <=,1043754360836331848364792327262011021650379248223,378316838538499851440768051160724422589084218125
1043754360836331848364792327262011021650379248223-40351198695966294513339726256484683518911283460,1915.7699357784172,DNS >,fin_flag_number <=,1043754360836331848364792327262011021650379248223,40351198695966294513339726256484683518911283460
1043754360836331848364792327262011021650379248223-417610515582391639059962073933335223318558562917,397.9830425566607,DNS >,fin_count <=,1043754360836331848364792327262011021650379248223,417610515582391639059962073933335223318558562917
1043754360836331848364792327262011021650379248223-426624906449189252299067265451872698344494536313,799.3548387096774,DNS >,Number >,1043754360836331848364792327262011021650379248223,426624906449189252299067265451872698344494536313
1043754360836331848364792327262011021650379248223-450410814915736770904937984733342042835793211647,135.35463883906735,DNS >,ece_flag_number <=,1043754360836331848364792327262011021650379248223,450410814915736770904937984733342042835793211647
1043754360836331848364792327262011021650379248223-475011065740486827108472353828139148231878458661,408.08413500733735,DNS >,syn_flag_number <=,1043754360836331848364792327262011021650379248223,475011065740486827108472353828139148231878458661
1043754360836331848364792327262011021650379248223-505469541859377927785473031559292540931343582537,588.8936898744497,DNS >,ICMP <=,1043754360836331848364792327262011021650379248223,505469541859377927785473031559292540931343582537
1043754360836331848364792327262011021650379248223-520582048177068818674784514618258893555315007951,22.22240339148867,DNS >,LLC <=,1043754360836331848364792327262011021650379248223,520582048177068818674784514618258893555315007951
1043754360836331848364792327262011021650379248223-559797210707093786647851972932919518973015855277,134.34452959399968,DNS >,fin_count >,1043754360836331848364792327262011021650379248223,559797210707093786647851972932919518973015855277
1043754360836331848364792327262011021650379248223-629827923182617752624696690572530002196221478554,2.0202184901353335,DNS >,DHCP >,1043754360836331848364792327262011021650379248223,629827923182617752624696690572530002196221478554
1043754360836331848364792327262011021650379248223-681503808608794911981134712221284126975357543438,150.50627751508236,DNS >,syn_count <=,1043754360836331848364792327262011021650379248223,681503808608794911981134712221284126975357543438
1043754360836331848364792327262011021650379248223-684418957212367241623111035135876005715150589706,922.2297407467797,DNS >,HTTP <=,1043754360836331848364792327262011021650379248223,684418957212367241623111035135876005715150589706
1043754360836331848364792327262011021650379248223-714914936218336719861297767221934377853836589461,249.41552310872436,DNS >,UDP >,1043754360836331848364792327262011021650379248223,714914936218336719861297767221934377853836589461
1043754360836331848364792327262011021650379248223-786396322989194697344344278946426998739971577495,62.62677319419534,DNS >,HTTPS <=,1043754360836331848364792327262011021650379248223,786396322989194697344344278946426998739971577495
1043754360836331848364792327262011021650379248223-795584812918386367255521286735341258439959854242,56.56611772378934,DNS >,syn_count >,1043754360836331848364792327262011021650379248223,795584812918386367255521286735341258439959854242
1043754360836331848364792327262011021650379248223-835140271881840015202809914014108690929910415575,12.121310940812002,DNS >,IAT >,1043754360836331848364792327262011021650379248223,835140271881840015202809914014108690929910415575
1043754360836331848364792327262011021650379248223-841356973986788424033641854148712928121319667477,360.5275400661677,DNS >,Variance >,1043754360836331848364792327262011021650379248223,841356973986788424033641854148712928121319667477
1043754360836331848364792327262011021650379248223-841518471221275042570144506781210008737201997031,847.3187357657937,DNS >,Min <=,1043754360836331848364792327262011021650379248223,841518471221275042570144506781210008737201997031
1043754360836331848364792327262011021650379248223-843826879422383561066103188424018239931401286651,778.7127675241817,DNS >,ack_count <=,1043754360836331848364792327262011021650379248223,843826879422383561066103188424018239931401286651
1043754360836331848364792327262011021650379248223-896530251803066355404557928035950607124936193677,128.28387412359368,DNS >,psh_flag_number <=,1043754360836331848364792327262011021650379248223,896530251803066355404557928035950607124936193677
1043754360836331848364792327262011021650379248223-922599836131670820904126277297069322180441856169,325.2551769117887,DNS >,Rate <=,1043754360836331848364792327262011021650379248223,922599836131670820904126277297069322180441856169
1043754360836331848364792327262011021650379248223-926368966621798523173828527325665066772113177503,684.60968688691,DNS >,UDP <=,1043754360836331848364792327262011021650379248223,926368966621798523173828527325665066772113177503
1043754360836331848364792327262011021650379248223-974265510705878984211701297112044370513255377925,496.8922881503027,DNS >,Std <=,1043754360836331848364792327262011021650379248223,974265510705878984211701297112044370513255377925
1077028023530208599426324724984012030801332581683-1043469376771332113858820724324827897913309990452,4259.549226027361,Time_To_Live >,LLC >,1077028023530208599426324724984012030801332581683,1043469376771332113858820724324827897913309990452
1077028023530208599426324724984012030801332581683-1043754360836331848364792327262011021650379248223,178.78933637697702,Time_To_Live >,DNS >,1077028023530208599426324724984012030801332581683,1043754360836331848364792327262011021650379248223
1077028023530208599426324724984012030801332581683-1077028023530208599426324724984012030801332581683,2093.8750046022838,Time_To_Live >,Time_To_Live >,1077028023530208599426324724984012030801332581683,1077028023530208599426324724984012030801332581683
1077028023530208599426324724984012030801332581683-1085488307210616684491611463585545838953333018237,2083.773912151607,Time_To_Live >,Type >,1077028023530208599426324724984012030801332581683,1085488307210616684491611463585545838953333018237
1077028023530208599426324724984012030801332581683-1091995366823138898995898948102109473193356840202,7968.751834338823,Time_To_Live >,DNS <=,1077028023530208599426324724984012030801332581683,1091995366823138898995898948102109473193356840202
1077028023530208599426324724984012030801332581683-109928824856976412487775174607761519739702474552,72.72786564487201,Time_To_Live >,Number <=,1077028023530208599426324724984012030801332581683,109928824856976412487775174607761519739702474552
1077028023530208599426324724984012030801332581683-1118614325010621431186771152252517336813918651911,741.4201858796674,Time_To_Live >,sum >,1077028023530208599426324724984012030801332581683,1118614325010621431186771152252517336813918651911
1077028023530208599426324724984012030801332581683-1142857970576506471478393393000113013376204379484,1259.6062285993805,Time_To_Live >,rst_flag_number <=,1077028023530208599426324724984012030801332581683,1142857970576506471478393393000113013376204379484
1077028023530208599426324724984012030801332581683-1184472685782376059334758133512718430805424685192,126.26365563345834,Time_To_Live >,SSH >,1077028023530208599426324724984012030801332581683,1184472685782376059334758133512718430805424685192
1077028023530208599426324724984012030801332581683-1232849963170894971818913290506039176322619533319,322.2248491765857,Time_To_Live >,psh_flag_number >,1077028023530208599426324724984012030801332581683,1232849963170894971818913290506039176322619533319
1077028023530208599426324724984012030801332581683-1233133706649643691022119102239698495899057226060,2208.01734929493,Time_To_Live >,Time_To_Live <=,1077028023530208599426324724984012030801332581683,1233133706649643691022119102239698495899057226060
1077028023530208599426324724984012030801332581683-1236189254858718471128603624930063881324958313531,511.11527800423937,Time_To_Live >,HTTPS >,1077028023530208599426324724984012030801332581683,1236189254858718471128603624930063881324958313531
1077028023530208599426324724984012030801332581683-1239329028096551917906154637654656383307088642249,72.72786564487201,Time_To_Live >,cwr_flag_number <=,1077028023530208599426324724984012030801332581683,1239329028096551917906154637654656383307088642249
1077028023530208599426324724984012030801332581683-1251276136943778783713685275011300537715092657394,837.2991037381064,Time_To_Live >,fin_flag_number >,1077028023530208599426324724984012030801332581683,1251276136943778783713685275011300537715092657394
1077028023530208599426324724984012030801332581683-1329847435934461746074927120436757452470095790255,953.5431273438774,Time_To_Live >,Min >,1077028023530208599426324724984012030801332581683,1329847435934461746074927120436757452470095790255
1077028023530208599426324724984012030801332581683-1338222599102815322204523610829624561969283441716,5502.065057883581,Time_To_Live >,SSH <=,1077028023530208599426324724984012030801332581683,1338222599102815322204523610829624561969283441716
1077028023530208599426324724984012030801332581683-1345309773886921328764805451107636357621530213384,799.3548387096774,Time_To_Live >,Class -1,1077028023530208599426324724984012030801332581683,1345309773886921328764805451107636357621530213384
1077028023530208599426324724984012030801332581683-1375509225989204300559045429796274689340158771149,898.9972281102234,Time_To_Live >,rst_count <=,1077028023530208599426324724984012030801332581683,1375509225989204300559045429796274689340158771149
1077028023530208599426324724984012030801332581683-1379366653555122327876205020011632492492609315477,1404.0518506440567,Time_To_Live >,Type <=,1077028023530208599426324724984012030801332581683,1379366653555122327876205020011632492492609315477
1077028023530208599426324724984012030801332581683-1418162538066850581097605911983264533342366443794,973.5823913992521,Time_To_Live >,Header_Length <=,1077028023530208599426324724984012030801332581683,1418162538066850581097605911983264533342366443794
1077028023530208599426324724984012030801332581683-1429650867505148313720594668477948880050562903683,376.7707484102397,Time_To_Live >,syn_flag_number >,1077028023530208599426324724984012030801332581683,1429650867505148313720594668477948880050562903683
1077028023530208599426324724984012030801332581683-1454952188391427871478129207189215566009723810659,3936.3957280286972,Time_To_Live >,Std >,1077028023530208599426324724984012030801332581683,1454952188391427871478129207189215566009723810659
1077028023530208599426324724984012030801332581683-1455733501014453866297060548284701359849809242142,1401.0215229088537,Time_To_Live >,DHCP <=,1077028023530208599426324724984012030801332581683,1455733501014453866297060548284701359849809242142
1077028023530208599426324724984012030801332581683-160227321490815016489601533331665083666172936667,968.6947660198924,Time_To_Live >,IGMP <=,1077028023530208599426324724984012030801332581683,160227321490815016489601533331665083666172936667
1077028023530208599426324724984012030801332581683-171982518954274878349485416184092168691833932185,25777.987934126857,Time_To_Live >,Class 1,1077028023530208599426324724984012030801332581683,171982518954274878349485416184092168691833932185
1077028023530208599426324724984012030801332581683-207766774224049171901964708681563529125144087827,178.78933637697702,Time_To_Live >,HTTP >,1077028023530208599426324724984012030801332581683,207766774224049171901964708681563529125144087827
1077028023530208599426324724984012030801332581683-215123608059624622405742600984392925785664489773,8848.55698679276,Time_To_Live >,Variance <=,1077028023530208599426324724984012030801332581683,215123608059624622405742600984392925785664489773
1077028023530208599426324724984012030801332581683-218607780770691257170847497927336330511308420255,1585.8715147562368,Time_To_Live >,ack_count >,1077028023530208599426324724984012030801332581683,218607780770691257170847497927336330511308420255
1077028023530208599426324724984012030801332581683-223165296026140232481876277255273629987157553131,880.733801276016,Time_To_Live >,Header_Length >,1077028023530208599426324724984012030801332581683,223165296026140232481876277255273629987157553131
1077028023530208599426324724984012030801332581683-335418722972519651500040442315750311827115323662,205.05217674873634,Time_To_Live >,Rate >,1077028023530208599426324724984012030801332581683,335418722972519651500040442315750311827115323662
1077028023530208599426324724984012030801332581683-338730224709676774412755851787278702947952010784,3111.1364748084134,Time_To_Live >,sum <=,1077028023530208599426324724984012030801332581683,338730224709676774412755851787278702947952010784
1077028023530208599426324724984012030801332581683-371266811264664269299964157380215767396824640058,189.90053807272136,Time_To_Live >,ICMP >,1077028023530208599426324724984012030801332581683,371266811264664269299964157380215767396824640058
1077028023530208599426324724984012030801332581683-378316838538499851440768051160724422589084218125,1903.045817707484,Time_To_Live >,IAT <=,1077028023530208599426324724984012030801332581683,378316838538499851440768051160724422589084218125
1077028023530208599426324724984012030801332581683-40351198695966294513339726256484683518911283460,5356.609326593837,Time_To_Live >,fin_flag_number <=,1077028023530208599426324724984012030801332581683,40351198695966294513339726256484683518911283460
1077028023530208599426324724984012030801332581683-417610515582391639059962073933335223318558562917,3932.2738306254373,Time_To_Live >,fin_count <=,1077028023530208599426324724984012030801332581683,417610515582391639059962073933335223318558562917
1077028023530208599426324724984012030801332581683-450410814915736770904937984733342042835793211647,3228.309147236263,Time_To_Live >,ece_flag_number <=,1077028023530208599426324724984012030801332581683,450410814915736770904937984733342042835793211647
1077028023530208599426324724984012030801332581683-475011065740486827108472353828139148231878458661,5022.263166476439,Time_To_Live >,syn_flag_number <=,1077028023530208599426324724984012030801332581683,475011065740486827108472353828139148231878458661
1077028023530208599426324724984012030801332581683-505469541859377927785473031559292540931343582537,1928.2985488341758,Time_To_Live >,ICMP <=,1077028023530208599426324724984012030801332581683,505469541859377927785473031559292540931343582537
1077028023530208599426324724984012030801332581683-520582048177068818674784514618258893555315007951,292.9316810696234,Time_To_Live >,LLC <=,1077028023530208599426324724984012030801332581683,520582048177068818674784514618258893555315007951
1077028023530208599426324724984012030801332581683-559797210707093786647851972932919518973015855277,198.91006085534102,Time_To_Live >,fin_count >,1077028023530208599426324724984012030801332581683,559797210707093786647851972932919518973015855277
1077028023530208599426324724984012030801332581683-629827923182617752624696690572530002196221478554,40.40436980270667,Time_To_Live >,DHCP >,1077028023530208599426324724984012030801332581683,629827923182617752624696690572530002196221478554
1077028023530208599426324724984012030801332581683-681503808608794911981134712221284126975357543438,1135.3627914560575,Time_To_Live >,syn_count <=,1077028023530208599426324724984012030801332581683,681503808608794911981134712221284126975357543438
1077028023530208599426324724984012030801332581683-684418957212367241623111035135876005715150589706,6324.293983368661,Time_To_Live >,HTTP <=,1077028023530208599426324724984012030801332581683,684418957212367241623111035135876005715150589706
1077028023530208599426324724984012030801332581683-714914936218336719861297767221934377853836589461,2176.7854231208216,Time_To_Live >,UDP >,1077028023530208599426324724984012030801332581683,714914936218336719861297767221934377853836589461
1077028023530208599426324724984012030801332581683-786396322989194697344344278946426998739971577495,2040.4206750366868,Time_To_Live >,HTTPS <=,1077028023530208599426324724984012030801332581683,786396322989194697344344278946426998739971577495
1077028023530208599426324724984012030801332581683-791432257472445298809701838101022411569407290467,3.0303277352030005,Time_To_Live >,rst_flag_number >,1077028023530208599426324724984012030801332581683,791432257472445298809701838101022411569407290467
1077028023530208599426324724984012030801332581683-795584812918386367255521286735341258439959854242,241.41610957117234,Time_To_Live >,syn_count >,1077028023530208599426324724984012030801332581683,795584812918386367255521286735341258439959854242
1077028023530208599426324724984012030801332581683-835140271881840015202809914014108690929910415575,601.0150008152617,Time_To_Live >,IAT >,1077028023530208599426324724984012030801332581683,835140271881840015202809914014108690929910415575
1077028023530208599426324724984012030801332581683-841356973986788424033641854148712928121319667477,714.0657758398511,Time_To_Live >,Variance >,1077028023530208599426324724984012030801332581683,841356973986788424033641854148712928121319667477
1077028023530208599426324724984012030801332581683-841518471221275042570144506781210008737201997031,5912.006490535075,Time_To_Live >,Min <=,1077028023530208599426324724984012030801332581683,841518471221275042570144506781210008737201997031
1077028023530208599426324724984012030801332581683-843826879422383561066103188424018239931401286651,5232.284429027524,Time_To_Live >,ack_count <=,1077028023530208599426324724984012030801332581683,843826879422383561066103188424018239931401286651
1077028023530208599426324724984012030801332581683-896530251803066355404557928035950607124936193677,2018.1982716451982,Time_To_Live >,psh_flag_number <=,1077028023530208599426324724984012030801332581683,896530251803066355404557928035950607124936193677
1077028023530208599426324724984012030801332581683-922599836131670820904126277297069322180441856169,3204.066525354639,Time_To_Live >,Rate <=,1077028023530208599426324724984012030801332581683,922599836131670820904126277297069322180441856169
1077028023530208599426324724984012030801332581683-926368966621798523173828527325665066772113177503,3305.0774498614055,Time_To_Live >,UDP <=,1077028023530208599426324724984012030801332581683,926368966621798523173828527325665066772113177503
1077028023530208599426324724984012030801332581683-974265510705878984211701297112044370513255377925,10164.72933311593,Time_To_Live >,Std <=,1077028023530208599426324724984012030801332581683,974265510705878984211701297112044370513255377925
1085488307210616684491611463585545838953333018237-1043469376771332113858820724324827897913309990452,1520.1329534038491,Type >,LLC >,1085488307210616684491611463585545838953333018237,1043469376771332113858820724324827897913309990452
1085488307210616684491611463585545838953333018237-1043754360836331848364792327262011021650379248223,28.28305886189467,Type >,DNS >,1085488307210616684491611463585545838953333018237,1043754360836331848364792327262011021650379248223
1085488307210616684491611463585545838953333018237-1077028023530208599426324724984012030801332581683,1245.464699168433,Type >,Time_To_Live >,1085488307210616684491611463585545838953333018237,1077028023530208599426324724984012030801332581683
1085488307210616684491611463585545838953333018237-1091995366823138898995898948102109473193356840202,822.2289254850807,Type >,DNS <=,1085488307210616684491611463585545838953333018237,1091995366823138898995898948102109473193356840202
1085488307210616684491611463585545838953333018237-109928824856976412487775174607761519739702474552,214.14315995434535,Type >,Number <=,1085488307210616684491611463585545838953333018237,109928824856976412487775174607761519739702474552
1085488307210616684491611463585545838953333018237-1118614325010621431186771152252517336813918651911,1598.7585536731485,Type >,sum >,1085488307210616684491611463585545838953333018237,1118614325010621431186771152252517336813918651911
1085488307210616684491611463585545838953333018237-1142857970576506471478393393000113013376204379484,295.9620088048264,Type >,rst_flag_number <=,1085488307210616684491611463585545838953333018237,1142857970576506471478393393000113013376204379484
1085488307210616684491611463585545838953333018237-1184472685782376059334758133512718430805424685192,6.060655470406001,Type >,SSH >,1085488307210616684491611463585545838953333018237,1184472685782376059334758133512718430805424685192
1085488307210616684491611463585545838953333018237-1232849963170894971818913290506039176322619533319,27.272949616827002,Type >,psh_flag_number >,1085488307210616684491611463585545838953333018237,1232849963170894971818913290506039176322619533319
1085488307210616684491611463585545838953333018237-1233133706649643691022119102239698495899057226060,1320.0498624574618,Type >,Time_To_Live <=,1085488307210616684491611463585545838953333018237,1233133706649643691022119102239698495899057226060
1085488307210616684491611463585545838953333018237-1236189254858718471128603624930063881324958313531,358.5887819990217,Type >,HTTPS >,1085488307210616684491611463585545838953333018237,1236189254858718471128603624930063881324958313531
1085488307210616684491611463585545838953333018237-1251276136943778783713685275011300537715092657394,833.6985530419781,Type >,fin_flag_number >,1085488307210616684491611463585545838953333018237,1251276136943778783713685275011300537715092657394
1085488307210616684491611463585545838953333018237-1329847435934461746074927120436757452470095790255,53.53578998858634,Type >,Min >,1085488307210616684491611463585545838953333018237,1329847435934461746074927120436757452470095790255
1085488307210616684491611463585545838953333018237-1338222599102815322204523610829624561969283441716,205.05217674873634,Type >,SSH <=,1085488307210616684491611463585545838953333018237,1338222599102815322204523610829624561969283441716
1085488307210616684491611463585545838953333018237-1345309773886921328764805451107636357621530213384,3896.8548387096776,Type >,Class -1,1085488307210616684491611463585545838953333018237,1345309773886921328764805451107636357621530213384
1085488307210616684491611463585545838953333018237-1375509225989204300559045429796274689340158771149,1850.5201369639656,Type >,rst_count <=,1085488307210616684491611463585545838953333018237,1375509225989204300559045429796274689340158771149
1085488307210616684491611463585545838953333018237-1379366653555122327876205020011632492492609315477,2203.048263492581,Type >,Type <=,1085488307210616684491611463585545838953333018237,1379366653555122327876205020011632492492609315477
1085488307210616684491611463585545838953333018237-1418162538066850581097605911983264533342366443794,3050.9698063884957,Type >,Header_Length <=,1085488307210616684491611463585545838953333018237,1418162538066850581097605911983264533342366443794
1085488307210616684491611463585545838953333018237-1429650867505148313720594668477948880050562903683,450.2643420312114,Type >,syn_flag_number >,1085488307210616684491611463585545838953333018237,1429650867505148313720594668477948880050562903683
1085488307210616684491611463585545838953333018237-1454952188391427871478129207189215566009723810659,333.33605087233,Type >,Std >,1085488307210616684491611463585545838953333018237,1454952188391427871478129207189215566009723810659
1085488307210616684491611463585545838953333018237-1455733501014453866297060548284701359849809242142,100.000815261699,Type >,DHCP <=,1085488307210616684491611463585545838953333018237,1455733501014453866297060548284701359849809242142
1085488307210616684491611463585545838953333018237-160227321490815016489601533331665083666172936667,40.40436980270667,Type >,IGMP <=,1085488307210616684491611463585545838953333018237,160227321490815016489601533331665083666172936667
1085488307210616684491611463585545838953333018237-171982518954274878349485416184092168691833932185,16204.17250937551,Type >,Class 1,1085488307210616684491611463585545838953333018237,171982518954274878349485416184092168691833932185
1085488307210616684491611463585545838953333018237-207766774224049171901964708681563529125144087827,6714.684914502717,Type >,HTTP >,1085488307210616684491611463585545838953333018237,207766774224049171901964708681563529125144087827
1085488307210616684491611463585545838953333018237-215123608059624622405742600984392925785664489773,774.7537909669004,Type >,Variance <=,1085488307210616684491611463585545838953333018237,215123608059624622405742600984392925785664489773
1085488307210616684491611463585545838953333018237-218607780770691257170847497927336330511308420255,1026.2709929887494,Type >,ack_count >,1085488307210616684491611463585545838953333018237,218607780770691257170847497927336330511308420255
1085488307210616684491611463585545838953333018237-223165296026140232481876277255273629987157553131,2684.9844179820434,Type >,Header_Length >,1085488307210616684491611463585545838953333018237,223165296026140232481876277255273629987157553131
1085488307210616684491611463585545838953333018237-335418722972519651500040442315750311827115323662,767.6830262514268,Type >,Rate >,1085488307210616684491611463585545838953333018237,335418722972519651500040442315750311827115323662
1085488307210616684491611463585545838953333018237-338730224709676774412755851787278702947952010784,2682.850154899723,Type >,sum <=,1085488307210616684491611463585545838953333018237,338730224709676774412755851787278702947952010784
1085488307210616684491611463585545838953333018237-371266811264664269299964157380215767396824640058,85.85928583075167,Type >,ICMP >,1085488307210616684491611463585545838953333018237,371266811264664269299964157380215767396824640058
1085488307210616684491611463585545838953333018237-378316838538499851440768051160724422589084218125,1452.9769806914471,Type >,IAT <=,1085488307210616684491611463585545838953333018237,378316838538499851440768051160724422589084218125
1085488307210616684491611463585545838953333018237-40351198695966294513339726256484683518911283460,2366.1971986556073,Type >,fin_flag_number <=,1085488307210616684491611463585545838953333018237,40351198695966294513339726256484683518911283460
1085488307210616684491611463585545838953333018237-417610515582391639059962073933335223318558562917,3378.4895830593878,Type >,fin_count <=,1085488307210616684491611463585545838953333018237,417610515582391639059962073933335223318558562917
1085488307210616684491611463585545838953333018237-450410814915736770904937984733342042835793211647,1100.0089678786892,Type >,ece_flag_number <=,1085488307210616684491611463585545838953333018237,450410814915736770904937984733342042835793211647
1085488307210616684491611463585545838953333018237-475011065740486827108472353828139148231878458661,2145.472036523724,Type >,syn_flag_number <=,1085488307210616684491611463585545838953333018237,475011065740486827108472353828139148231878458661
1085488307210616684491611463585545838953333018237-505469541859377927785473031559292540931343582537,371.5572813389227,Type >,ICMP <=,1085488307210616684491611463585545838953333018237,505469541859377927785473031559292540931343582537
1085488307210616684491611463585545838953333018237-520582048177068818674784514618258893555315007951,158.58715147562367,Type >,LLC <=,1085488307210616684491611463585545838953333018237,520582048177068818674784514618258893555315007951
1085488307210616684491611463585545838953333018237-559797210707093786647851972932919518973015855277,59.596445458992335,Type >,fin_count >,1085488307210616684491611463585545838953333018237,559797210707093786647851972932919518973015855277
1085488307210616684491611463585545838953333018237-681503808608794911981134712221284126975357543438,5707.117234632317,Type >,syn_count <=,1085488307210616684491611463585545838953333018237,681503808608794911981134712221284126975357543438
1085488307210616684491611463585545838953333018237-684418957212367241623111035135876005715150589706,11940.33846509891,Type >,HTTP <=,1085488307210616684491611463585545838953333018237,684418957212367241623111035135876005715150589706
1085488307210616684491611463585545838953333018237-714914936218336719861297767221934377853836589461,183.83988260231536,Type >,UDP >,1085488307210616684491611463585545838953333018237,714914936218336719861297767221934377853836589461
1085488307210616684491611463585545838953333018237-786396322989194697344344278946426998739971577495,305.05299201043533,Type >,HTTPS <=,1085488307210616684491611463585545838953333018237,786396322989194697344344278946426998739971577495
1085488307210616684491611463585545838953333018237-795584812918386367255521286735341258439959854242,1068.6955812815913,Type >,syn_count >,1085488307210616684491611463585545838953333018237,795584812918386367255521286735341258439959854242
1085488307210616684491611463585545838953333018237-835140271881840015202809914014108690929910415575,118.18278167291702,Type >,IAT >,1085488307210616684491611463585545838953333018237,835140271881840015202809914014108690929910415575
1085488307210616684491611463585545838953333018237-841356973986788424033641854148712928121319667477,71.71775639980434,Type >,Variance >,1085488307210616684491611463585545838953333018237,841356973986788424033641854148712928121319667477
1085488307210616684491611463585545838953333018237-841518471221275042570144506781210008737201997031,3369.5615206997577,Type >,Min <=,1085488307210616684491611463585545838953333018237,841518471221275042570144506781210008737201997031
1085488307210616684491611463585545838953333018237-843826879422383561066103188424018239931401286651,1579.8108592858307,Type >,ack_count <=,1085488307210616684491611463585545838953333018237,843826879422383561066103188424018239931401286651
1085488307210616684491611463585545838953333018237-896530251803066355404557928035950607124936193677,901.5387933074904,Type >,psh_flag_number <=,1085488307210616684491611463585545838953333018237,896530251803066355404557928035950607124936193677
1085488307210616684491611463585545838953333018237-922599836131670820904126277297069322180441856169,21952.280628856057,Type >,Rate <=,1085488307210616684491611463585545838953333018237,922599836131670820904126277297069322180441856169
1085488307210616684491611463585545838953333018237-926368966621798523173828527325665066772113177503,7854.316232123415,Type >,UDP <=,1085488307210616684491611463585545838953333018237,926368966621798523173828527325665066772113177503
1085488307210616684491611463585545838953333018237-940331364486966071141541838460909450599289486914,433.0110244420717,Type >,rst_count >,1085488307210616684491611463585545838953333018237,940331364486966071141541838460909450599289486914
1085488307210616684491611463585545838953333018237-974265510705878984211701297112044370513255377925,3997.523629439889,Type >,Std <=,1085488307210616684491611463585545838953333018237,974265510705878984211701297112044370513255377925
1091995366823138898995898948102109473193356840202-1043469376771332113858820724324827897913309990452,19679.567411623004,DNS <=,LLC >,1091995366823138898995898948102109473193356840202,1043469376771332113858820724324827897913309990452
1091995366823138898995898948102109473193356840202-1043754360836331848364792327262011021650379248223,773.6622212988434,DNS <=,DNS >,1091995366823138898995898948102109473193356840202,1043754360836331848364792327262011021650379248223
1091995366823138898995898948102109473193356840202-1077028023530208599426324724984012030801332581683,5747.521604435024,DNS <=,Time_To_Live >,1091995366823138898995898948102109473193356840202,1077028023530208599426324724984012030801332581683
1091995366823138898995898948102109473193356840202-1085488307210616684491611463585545838953333018237,869.704060003261,DNS <=,Type >,1091995366823138898995898948102109473193356840202,1085488307210616684491611463585545838953333018237
1091995366823138898995898948102109473193356840202-1091995366823138898995898948102109473193356840202,20552.64393313802,DNS <=,DNS <=,1091995366823138898995898948102109473193356840202,1091995366823138898995898948102109473193356840202
1091995366823138898995898948102109473193356840202-109928824856976412487775174607761519739702474552,661.6215555193218,DNS <=,Number <=,1091995366823138898995898948102109473193356840202,109928824856976412487775174607761519739702474552
1091995366823138898995898948102109473193356840202-1118614325010621431186771152252517336813918651911,16130.43453448557,DNS <=,sum >,1091995366823138898995898948102109473193356840202,1118614325010621431186771152252517336813918651911
1091995366823138898995898948102109473193356840202-1142857970576506471478393393000113013376204379484,21254.37660093729,DNS <=,rst_flag_number <=,1091995366823138898995898948102109473193356840202,1142857970576506471478393393000113013376204379484
1091995366823138898995898948102109473193356840202-1184472685782376059334758133512718430805424685192,188.8904288276537,DNS <=,SSH >,1091995366823138898995898948102109473193356840202,1184472685782376059334758133512718430805424685192
1091995366823138898995898948102109473193356840202-1232849963170894971818913290506039176322619533319,9286.814062475345,DNS <=,psh_flag_number >,1091995366823138898995898948102109473193356840202,1232849963170894971818913290506039176322619533319
1091995366823138898995898948102109473193356840202-1233133706649643691022119102239698495899057226060,25810.60468749178,DNS <=,Time_To_Live <=,1091995366823138898995898948102109473193356840202,1233133706649643691022119102239698495899057226060
1091995366823138898995898948102109473193356840202-1236189254858718471128603624930063881324958313531,2443.454263818686,DNS <=,HTTPS >,1091995366823138898995898948102109473193356840202,1236189254858718471128603624930063881324958313531
1091995366823138898995898948102109473193356840202-1251276136943778783713685275011300537715092657394,2173.869139977804,DNS <=,fin_flag_number >,1091995366823138898995898948102109473193356840202,1251276136943778783713685275011300537715092657394
1091995366823138898995898948102109473193356840202-1329847435934461746074927120436757452470095790255,474.75134518180334,DNS <=,Min >,1091995366823138898995898948102109473193356840202,1329847435934461746074927120436757452470095790255
1091995366823138898995898948102109473193356840202-1338222599102815322204523610829624561969283441716,73.73797488993968,DNS <=,SSH <=,1091995366823138898995898948102109473193356840202,1338222599102815322204523610829624561969283441716
1091995366823138898995898948102109473193356840202-1345309773886921328764805451107636357621530213384,22381.93548387097,DNS <=,Class -1,1091995366823138898995898948102109473193356840202,1345309773886921328764805451107636357621530213384
1091995366823138898995898948102109473193356840202-1375509225989204300559045429796274689340158771149,374.7505299201044,DNS <=,rst_count <=,1091995366823138898995898948102109473193356840202,1375509225989204300559045429796274689340158771149
1091995366823138898995898948102109473193356840202-1379366653555122327876205020011632492492609315477,4751.146586683358,DNS <=,Type <=,1091995366823138898995898948102109473193356840202,1379366653555122327876205020011632492492609315477
1091995366823138898995898948102109473193356840202-1418162538066850581097605911983264533342366443794,19900.031900401318,DNS <=,Header_Length <=,1091995366823138898995898948102109473193356840202,1418162538066850581097605911983264533342366443794
1091995366823138898995898948102109473193356840202-1429650867505148313720594668477948880050562903683,535.276439462874,DNS <=,syn_flag_number >,1091995366823138898995898948102109473193356840202,1429650867505148313720594668477948880050562903683
1091995366823138898995898948102109473193356840202-1454952188391427871478129207189215566009723810659,837.2991037381064,DNS <=,Std >,1091995366823138898995898948102109473193356840202,1454952188391427871478129207189215566009723810659
1091995366823138898995898948102109473193356840202-1455733501014453866297060548284701359849809242142,9377.886815377415,DNS <=,DHCP <=,1091995366823138898995898948102109473193356840202,1455733501014453866297060548284701359849809242142
1091995366823138898995898948102109473193356840202-160227321490815016489601533331665083666172936667,7664.708951573455,DNS <=,IGMP <=,1091995366823138898995898948102109473193356840202,160227321490815016489601533331665083666172936667
1091995366823138898995898948102109473193356840202-171982518954274878349485416184092168691833932185,38507.384640469594,DNS <=,Class 1,1091995366823138898995898948102109473193356840202,171982518954274878349485416184092168691833932185
1091995366823138898995898948102109473193356840202-207766774224049171901964708681563529125144087827,5281.8286582896335,DNS <=,HTTP >,1091995366823138898995898948102109473193356840202,207766774224049171901964708681563529125144087827
1091995366823138898995898948102109473193356840202-215123608059624622405742600984392925785664489773,11559.185145931844,DNS <=,Variance <=,1091995366823138898995898948102109473193356840202,215123608059624622405742600984392925785664489773
1091995366823138898995898948102109473193356840202-218607780770691257170847497927336330511308420255,8716.428180704072,DNS <=,ack_count >,1091995366823138898995898948102109473193356840202,218607780770691257170847497927336330511308420255
1091995366823138898995898948102109473193356840202-223165296026140232481876277255273629987157553131,11008.34976567801,DNS <=,Header_Length >,1091995366823138898995898948102109473193356840202,223165296026140232481876277255273629987157553131
1091995366823138898995898948102109473193356840202-335418722972519651500040442315750311827115323662,324.245067666721,DNS <=,Rate >,1091995366823138898995898948102109473193356840202,335418722972519651500040442315750311827115323662
1091995366823138898995898948102109473193356840202-338730224709676774412755851787278702947952010784,15570.08457682658,DNS <=,sum <=,1091995366823138898995898948102109473193356840202,338730224709676774412755851787278702947952010784
1091995366823138898995898948102109473193356840202-371266811264664269299964157380215767396824640058,71.71775639980434,DNS <=,ICMP >,1091995366823138898995898948102109473193356840202,371266811264664269299964157380215767396824640058
1091995366823138898995898948102109473193356840202-378316838538499851440768051160724422589084218125,1773.7518343388228,DNS <=,IAT <=,1091995366823138898995898948102109473193356840202,378316838538499851440768051160724422589084218125
1091995366823138898995898948102109473193356840202-40351198695966294513339726256484683518911283460,19490.448893610977,DNS <=,fin_flag_number <=,1091995366823138898995898948102109473193356840202,40351198695966294513339726256484683518911283460
1091995366823138898995898948102109473193356840202-417610515582391639059962073933335223318558562917,12651.58571030333,DNS <=,fin_count <=,1091995366823138898995898948102109473193356840202,417610515582391639059962073933335223318558562917
1091995366823138898995898948102109473193356840202-426624906449189252299067265451872698344494536313,2598.9133350515194,DNS <=,Number >,1091995366823138898995898948102109473193356840202,426624906449189252299067265451872698344494536313
1091995366823138898995898948102109473193356840202-450410814915736770904937984733342042835793211647,9240.055779679471,DNS <=,ece_flag_number <=,1091995366823138898995898948102109473193356840202,450410814915736770904937984733342042835793211647
1091995366823138898995898948102109473193356840202-475011065740486827108472353828139148231878458661,4203.585915433693,DNS <=,syn_flag_number <=,1091995366823138898995898948102109473193356840202,475011065740486827108472353828139148231878458661
1091995366823138898995898948102109473193356840202-505469541859377927785473031559292540931343582537,4935.507815992804,DNS <=,ICMP <=,1091995366823138898995898948102109473193356840202,505469541859377927785473031559292540931343582537
1091995366823138898995898948102109473193356840202-510505520442458443414009447271658614884328320759,231.3150171204957,DNS <=,IRC <=,1091995366823138898995898948102109473193356840202,510505520442458443414009447271658614884328320759
1091995366823138898995898948102109473193356840202-520582048177068818674784514618258893555315007951,1143.3622049936093,DNS <=,LLC <=,1091995366823138898995898948102109473193356840202,520582048177068818674784514618258893555315007951
1091995366823138898995898948102109473193356840202-559797210707093786647851972932919518973015855277,4246.515558349069,DNS <=,fin_count >,1091995366823138898995898948102109473193356840202,559797210707093786647851972932919518973015855277
1091995366823138898995898948102109473193356840202-565103970815292376991711972572924808853013487374,18.181966411218003,DNS <=,IGMP >,1091995366823138898995898948102109473193356840202,565103970815292376991711972572924808853013487374
1091995366823138898995898948102109473193356840202-629827923182617752624696690572530002196221478554,16.161747921082668,DNS <=,DHCP >,1091995366823138898995898948102109473193356840202,629827923182617752624696690572530002196221478554
1091995366823138898995898948102109473193356840202-681503808608794911981134712221284126975357543438,2840.1013554383217,DNS <=,syn_count <=,1091995366823138898995898948102109473193356840202,681503808608794911981134712221284126975357543438
1091995366823138898995898948102109473193356840202-684418957212367241623111035135876005715150589706,8527.260786438253,DNS <=,HTTP <=,1091995366823138898995898948102109473193356840202,684418957212367241623111035135876005715150589706
1091995366823138898995898948102109473193356840202-714914936218336719861297767221934377853836589461,1054.309670581676,DNS <=,UDP >,1091995366823138898995898948102109473193356840202,714914936218336719861297767221934377853836589461
1091995366823138898995898948102109473193356840202-786396322989194697344344278946426998739971577495,775.7639002119681,DNS <=,HTTPS <=,1091995366823138898995898948102109473193356840202,786396322989194697344344278946426998739971577495
1091995366823138898995898948102109473193356840202-791432257472445298809701838101022411569407290467,3992.815216991106,DNS <=,rst_flag_number >,1091995366823138898995898948102109473193356840202,791432257472445298809701838101022411569407290467
1091995366823138898995898948102109473193356840202-795584812918386367255521286735341258439959854242,1006.3457735255598,DNS <=,syn_count >,1091995366823138898995898948102109473193356840202,795584812918386367255521286735341258439959854242
1091995366823138898995898948102109473193356840202-835140271881840015202809914014108690929910415575,303.0327735203,DNS <=,IAT >,1091995366823138898995898948102109473193356840202,835140271881840015202809914014108690929910415575
1091995366823138898995898948102109473193356840202-841356973986788424033641854148712928121319667477,237.37567259090167,DNS <=,Variance >,1091995366823138898995898948102109473193356840202,841356973986788424033641854148712928121319667477
1091995366823138898995898948102109473193356840202-841518471221275042570144506781210008737201997031,11768.52214092982,DNS <=,Min <=,1091995366823138898995898948102109473193356840202,841518471221275042570144506781210008737201997031
1091995366823138898995898948102109473193356840202-843826879422383561066103188424018239931401286651,17535.496494374696,DNS <=,ack_count <=,1091995366823138898995898948102109473193356840202,843826879422383561066103188424018239931401286651
1091995366823138898995898948102109473193356840202-896530251803066355404557928035950607124936193677,10622.504326146758,DNS <=,psh_flag_number <=,1091995366823138898995898948102109473193356840202,896530251803066355404557928035950607124936193677
1091995366823138898995898948102109473193356840202-922599836131670820904126277297069322180441856169,7126.467352713769,DNS <=,Rate <=,1091995366823138898995898948102109473193356840202,922599836131670820904126277297069322180441856169
1091995366823138898995898948102109473193356840202-926368966621798523173828527325665066772113177503,3381.6828316405695,DNS <=,UDP <=,1091995366823138898995898948102109473193356840202,926368966621798523173828527325665066772113177503
1091995366823138898995898948102109473193356840202-940331364486966071141541838460909450599289486914,1298.9516129032259,DNS <=,rst_count >,1091995366823138898995898948102109473193356840202,940331364486966071141541838460909450599289486914
1091995366823138898995898948102109473193356840202-974265510705878984211701297112044370513255377925,18607.385324237468,DNS <=,Std <=,1091995366823138898995898948102109473193356840202,974265510705878984211701297112044370513255377925
109928824856976412487775174607761519739702474552-1043469376771332113858820724324827897913309990452,1758.600195662808,Number <=,LLC >,109928824856976412487775174607761519739702474552,1043469376771332113858820724324827897913309990452
109928824856976412487775174607761519739702474552-1043754360836331848364792327262011021650379248223,10.101092450676667,Number <=,DNS >,109928824856976412487775174607761519739702474552,1043754360836331848364792327262011021650379248223
109928824856976412487775174607761519739702474552-1077028023530208599426324724984012030801332581683,71.71775639980434,Number <=,Time_To_Live >,109928824856976412487775174607761519739702474552,1077028023530208599426324724984012030801332581683
109928824856976412487775174607761519739702474552-1085488307210616684491611463585545838953333018237,171.71857166150335,Number <=,Type >,109928824856976412487775174607761519739702474552,1085488307210616684491611463585545838953333018237
109928824856976412487775174607761519739702474552-1091995366823138898995898948102109473193356840202,709.0152296145127,Number <=,DNS <=,109928824856976412487775174607761519739702474552,1091995366823138898995898948102109473193356840202
109928824856976412487775174607761519739702474552-1118614325010621431186771152252517336813918651911,658.5097673611294,Number <=,sum >,109928824856976412487775174607761519739702474552,1118614325010621431186771152252517336813918651911
109928824856976412487775174607761519739702474552-1142857970576506471478393393000113013376204379484,16481.952551769118,Number <=,rst_flag_number <=,109928824856976412487775174607761519739702474552,1142857970576506471478393393000113013376204379484
109928824856976412487775174607761519739702474552-1184472685782376059334758133512718430805424685192,45.454916028045005,Number <=,SSH >,109928824856976412487775174607761519739702474552,1184472685782376059334758133512718430805424685192
109928824856976412487775174607761519739702474552-1232849963170894971818913290506039176322619533319,1184.858144464373,Number <=,psh_flag_number >,109928824856976412487775174607761519739702474552,1232849963170894971818913290506039176322619533319
109928824856976412487775174607761519739702474552-1233133706649643691022119102239698495899057226060,6352.495581807567,Number <=,Time_To_Live <=,109928824856976412487775174607761519739702474552,1233133706649643691022119102239698495899057226060
109928824856976412487775174607761519739702474552-1236189254858718471128603624930063881324958313531,17.171857166150335,Number <=,HTTPS >,109928824856976412487775174607761519739702474552,1236189254858718471128603624930063881324958313531
109928824856976412487775174607761519739702474552-1251276136943778783713685275011300537715092657394,953.5431273438774,Number <=,fin_flag_number >,109928824856976412487775174607761519739702474552,1251276136943778783713685275011300537715092657394
109928824856976412487775174607761519739702474552-1329847435934461746074927120436757452470095790255,129.29398336866134,Number <=,Min >,109928824856976412487775174607761519739702474552,1329847435934461746074927120436757452470095790255
109928824856976412487775174607761519739702474552-1338222599102815322204523610829624561969283441716,1482.8403717593349,Number <=,SSH <=,109928824856976412487775174607761519739702474552,1338222599102815322204523610829624561969283441716
109928824856976412487775174607761519739702474552-1345309773886921328764805451107636357621530213384,99.91935483870968,Number <=,Class -1,109928824856976412487775174607761519739702474552,1345309773886921328764805451107636357621530213384
109928824856976412487775174607761519739702474552-1379366653555122327876205020011632492492609315477,923.2398499918474,Number <=,Type <=,109928824856976412487775174607761519739702474552,1379366653555122327876205020011632492492609315477
109928824856976412487775174607761519739702474552-1418162538066850581097605911983264533342366443794,271.71938692320236,Number <=,Header_Length <=,109928824856976412487775174607761519739702474552,1418162538066850581097605911983264533342366443794
109928824856976412487775174607761519739702474552-1429650867505148313720594668477948880050562903683,307.07321050057067,Number <=,syn_flag_number >,109928824856976412487775174607761519739702474552,1429650867505148313720594668477948880050562903683
109928824856976412487775174607761519739702474552-1454952188391427871478129207189215566009723810659,118.18278167291702,Number <=,Std >,109928824856976412487775174607761519739702474552,1454952188391427871478129207189215566009723810659
109928824856976412487775174607761519739702474552-1455733501014453866297060548284701359849809242142,2183.774727413306,Number <=,DHCP <=,109928824856976412487775174607761519739702474552,1455733501014453866297060548284701359849809242142
109928824856976412487775174607761519739702474552-160227321490815016489601533331665083666172936667,453.5390510353824,Number <=,IGMP <=,109928824856976412487775174607761519739702474552,160227321490815016489601533331665083666172936667
109928824856976412487775174607761519739702474552-171982518954274878349485416184092168691833932185,11850.601663133866,Number <=,Class 1,109928824856976412487775174607761519739702474552,171982518954274878349485416184092168691833932185
109928824856976412487775174607761519739702474552-207766774224049171901964708681563529125144087827,404.0436980270667,Number <=,HTTP >,109928824856976412487775174607761519739702474552,207766774224049171901964708681563529125144087827
109928824856976412487775174607761519739702474552-215123608059624622405742600984392925785664489773,397.9830425566607,Number <=,Variance <=,109928824856976412487775174607761519739702474552,215123608059624622405742600984392925785664489773
109928824856976412487775174607761519739702474552-218607780770691257170847497927336330511308420255,1377.7890102722974,Number <=,ack_count >,109928824856976412487775174607761519739702474552,218607780770691257170847497927336330511308420255
109928824856976412487775174607761519739702474552-223165296026140232481876277255273629987157553131,247.47676504157835,Number <=,Header_Length >,109928824856976412487775174607761519739702474552,223165296026140232481876277255273629987157553131
109928824856976412487775174607761519739702474552-335418722972519651500040442315750311827115323662,29.293168106962337,Number <=,Rate >,109928824856976412487775174607761519739702474552,335418722972519651500040442315750311827115323662
109928824856976412487775174607761519739702474552-338730224709676774412755851787278702947952010784,10936.37133592464,Number <=,sum <=,109928824856976412487775174607761519739702474552,338730224709676774412755851787278702947952010784
109928824856976412487775174607761519739702474552-371266811264664269299964157380215767396824640058,364.6494374694277,Number <=,ICMP >,109928824856976412487775174607761519739702474552,371266811264664269299964157380215767396824640058
109928824856976412487775174607761519739702474552-378316838538499851440768051160724422589084218125,325.2551769117887,Number <=,IAT <=,109928824856976412487775174607761519739702474552,378316838538499851440768051160724422589084218125
109928824856976412487775174607761519739702474552-40351198695966294513339726256484683518911283460,17926.40877221588,Number <=,fin_flag_number <=,109928824856976412487775174607761519739702474552,40351198695966294513339726256484683518911283460
109928824856976412487775174607761519739702474552-417610515582391639059962073933335223318558562917,132.32431110386435,Number <=,fin_count <=,109928824856976412487775174607761519739702474552,417610515582391639059962073933335223318558562917
109928824856976412487775174607761519739702474552-450410814915736770904937984733342042835793211647,6399.970716325747,Number <=,ece_flag_number <=,109928824856976412487775174607761519739702474552,450410814915736770904937984733342042835793211647
109928824856976412487775174607761519739702474552-475011065740486827108472353828139148231878458661,1017.1800097831405,Number <=,syn_flag_number <=,109928824856976412487775174607761519739702474552,475011065740486827108472353828139148231878458661
109928824856976412487775174607761519739702474552-505469541859377927785473031559292540931343582537,7040.461438121637,Number <=,ICMP <=,109928824856976412487775174607761519739702474552,505469541859377927785473031559292540931343582537
109928824856976412487775174607761519739702474552-520582048177068818674784514618258893555315007951,210.10272297407468,Number <=,LLC <=,109928824856976412487775174607761519739702474552,520582048177068818674784514618258893555315007951
109928824856976412487775174607761519739702474552-559797210707093786647851972932919518973015855277,418.185227458014,Number <=,fin_count >,109928824856976412487775174607761519739702474552,559797210707093786647851972932919518973015855277
109928824856976412487775174607761519739702474552-629827923182617752624696690572530002196221478554,117.09121200486001,Number <=,DHCP >,109928824856976412487775174607761519739702474552,629827923182617752624696690572530002196221478554
109928824856976412487775174607761519739702474552-681503808608794911981134712221284126975357543438,1707.084624164357,Number <=,syn_count <=,109928824856976412487775174607761519739702474552,681503808608794911981134712221284126975357543438
109928824856976412487775174607761519739702474552-684418957212367241623111035135876005715150589706,4230.17459749741,Number <=,HTTP <=,109928824856976412487775174607761519739702474552,684418957212367241623111035135876005715150589706
109928824856976412487775174607761519739702474552-714914936218336719861297767221934377853836589461,557.5803032773521,Number <=,UDP >,109928824856976412487775174607761519739702474552,714914936218336719861297767221934377853836589461
109928824856976412487775174607761519739702474552-786396322989194697344344278946426998739971577495,62.62677319419534,Number <=,HTTPS <=,109928824856976412487775174607761519739702474552,786396322989194697344344278946426998739971577495
109928824856976412487775174607761519739702474552-791432257472445298809701838101022411569407290467,157.577042230556,Number <=,rst_flag_number >,109928824856976412487775174607761519739702474552,791432257472445298809701838101022411569407290467
109928824856976412487775174607761519739702474552-795584812918386367255521286735341258439959854242,142.42540355454102,Number <=,syn_count >,109928824856976412487775174607761519739702474552,795584812918386367255521286735341258439959854242
109928824856976412487775174607761519739702474552-835140271881840015202809914014108690929910415575,147.47594977987936,Number <=,IAT >,109928824856976412487775174607761519739702474552,835140271881840015202809914014108690929910415575
109928824856976412487775174607761519739702474552-841356973986788424033641854148712928121319667477,67.67731941953367,Number <=,Variance >,109928824856976412487775174607761519739702474552,841356973986788424033641854148712928121319667477
109928824856976412487775174607761519739702474552-841518471221275042570144506781210008737201997031,224.24425240502202,Number <=,Min <=,109928824856976412487775174607761519739702474552,841518471221275042570144506781210008737201997031
109928824856976412487775174607761519739702474552-843826879422383561066103188424018239931401286651,879.8051524539377,Number <=,ack_count <=,109928824856976412487775174607761519739702474552,843826879422383561066103188424018239931401286651
109928824856976412487775174607761519739702474552-896530251803066355404557928035950607124936193677,3727.30311429969,Number <=,psh_flag_number <=,109928824856976412487775174607761519739702474552,896530251803066355404557928035950607124936193677
109928824856976412487775174607761519739702474552-922599836131670820904126277297069322180441856169,1825.2674058372738,Number <=,Rate <=,109928824856976412487775174607761519739702474552,922599836131670820904126277297069322180441856169
109928824856976412487775174607761519739702474552-926368966621798523173828527325665066772113177503,2168.7045491602803,Number <=,UDP <=,109928824856976412487775174607761519739702474552,926368966621798523173828527325665066772113177503
109928824856976412487775174607761519739702474552-974265510705878984211701297112044370513255377925,960.6138920593511,Number <=,Std <=,109928824856976412487775174607761519739702474552,974265510705878984211701297112044370513255377925
1118614325010621431186771152252517336813918651911-1043469376771332113858820724324827897913309990452,9168.0936420107,sum >,LLC >,1118614325010621431186771152252517336813918651911,1043469376771332113858820724324827897913309990452
1118614325010621431186771152252517336813918651911-1043754360836331848364792327262011021650379248223,248.486874286646,sum >,DNS >,1118614325010621431186771152252517336813918651911,1043754360836331848364792327262011021650379248223
1118614325010621431186771152252517336813918651911-1077028023530208599426324724984012030801332581683,769.7032447415621,sum >,Time_To_Live >,1118614325010621431186771152252517336813918651911,1077028023530208599426324724984012030801332581683
1118614325010621431186771152252517336813918651911-1085488307210616684491611463585545838953333018237,1609.706834522914,sum >,Type >,1118614325010621431186771152252517336813918651911,1085488307210616684491611463585545838953333018237
1118614325010621431186771152252517336813918651911-1091995366823138898995898948102109473193356840202,12570.30450024458,sum >,DNS <=,1118614325010621431186771152252517336813918651911,1091995366823138898995898948102109473193356840202
1118614325010621431186771152252517336813918651911-109928824856976412487775174607761519739702474552,375.76063916517205,sum >,Number <=,1118614325010621431186771152252517336813918651911,109928824856976412487775174607761519739702474552
1118614325010621431186771152252517336813918651911-1118614325010621431186771152252517336813918651911,4218.232499487174,sum >,sum >,1118614325010621431186771152252517336813918651911,1118614325010621431186771152252517336813918651911
1118614325010621431186771152252517336813918651911-1142857970576506471478393393000113013376204379484,6031.622975652604,sum >,rst_flag_number <=,1118614325010621431186771152252517336813918651911,1142857970576506471478393393000113013376204379484
1118614325010621431186771152252517336813918651911-1184472685782376059334758133512718430805424685192,68.68742866460134,sum >,SSH >,1118614325010621431186771152252517336813918651911,1184472685782376059334758133512718430805424685192
1118614325010621431186771152252517336813918651911-1232849963170894971818913290506039176322619533319,1644.2949301241829,sum >,psh_flag_number >,1118614325010621431186771152252517336813918651911,1232849963170894971818913290506039176322619533319
1118614325010621431186771152252517336813918651911-1233133706649643691022119102239698495899057226060,4630.617744828348,sum >,Time_To_Live <=,1118614325010621431186771152252517336813918651911,1233133706649643691022119102239698495899057226060
1118614325010621431186771152252517336813918651911-1236189254858718471128603624930063881324958313531,517.1759334746454,sum >,HTTPS >,1118614325010621431186771152252517336813918651911,1236189254858718471128603624930063881324958313531
1118614325010621431186771152252517336813918651911-1251276136943778783713685275011300537715092657394,29.293168106962337,sum >,fin_flag_number >,1118614325010621431186771152252517336813918651911,1251276136943778783713685275011300537715092657394
1118614325010621431186771152252517336813918651911-1329847435934461746074927120436757452470095790255,1528.2952877873797,sum >,Min >,1118614325010621431186771152252517336813918651911,1329847435934461746074927120436757452470095790255
1118614325010621431186771152252517336813918651911-1338222599102815322204523610829624561969283441716,4393.893755621361,sum >,SSH <=,1118614325010621431186771152252517336813918651911,1338222599102815322204523610829624561969283441716
1118614325010621431186771152252517336813918651911-1345309773886921328764805451107636357621530213384,25379.516129032258,sum >,Class -1,1118614325010621431186771152252517336813918651911,1345309773886921328764805451107636357621530213384
1118614325010621431186771152252517336813918651911-1375509225989204300559045429796274689340158771149,1622.2354475786728,sum >,rst_count <=,1118614325010621431186771152252517336813918651911,1375509225989204300559045429796274689340158771149
1118614325010621431186771152252517336813918651911-1379366653555122327876205020011632492492609315477,15382.38347017457,sum >,Type <=,1118614325010621431186771152252517336813918651911,1379366653555122327876205020011632492492609315477
1118614325010621431186771152252517336813918651911-1418162538066850581097605911983264533342366443794,973.5823913992521,sum >,Header_Length <=,1118614325010621431186771152252517336813918651911,1418162538066850581097605911983264533342366443794
1118614325010621431186771152252517336813918651911-1429650867505148313720594668477948880050562903683,56.56611772378934,sum >,syn_flag_number >,1118614325010621431186771152252517336813918651911,1429650867505148313720594668477948880050562903683
1118614325010621431186771152252517336813918651911-1454952188391427871478129207189215566009723810659,3352.8295498177495,sum >,Std >,1118614325010621431186771152252517336813918651911,1454952188391427871478129207189215566009723810659
1118614325010621431186771152252517336813918651911-1455733501014453866297060548284701359849809242142,2371.8505520110666,sum >,DHCP <=,1118614325010621431186771152252517336813918651911,1455733501014453866297060548284701359849809242142
1118614325010621431186771152252517336813918651911-160227321490815016489601533331665083666172936667,5946.708630728529,sum >,IGMP <=,1118614325010621431186771152252517336813918651911,160227321490815016489601533331665083666172936667
1118614325010621431186771152252517336813918651911-171982518954274878349485416184092168691833932185,15722.350399478233,sum >,Class 1,1118614325010621431186771152252517336813918651911,171982518954274878349485416184092168691833932185
1118614325010621431186771152252517336813918651911-207766774224049171901964708681563529125144087827,15360.959378928379,sum >,HTTP >,1118614325010621431186771152252517336813918651911,207766774224049171901964708681563529125144087827
1118614325010621431186771152252517336813918651911-215123608059624622405742600984392925785664489773,1513.9093770874645,sum >,Variance <=,1118614325010621431186771152252517336813918651911,215123608059624622405742600984392925785664489773
1118614325010621431186771152252517336813918651911-218607780770691257170847497927336330511308420255,2239.4121963150174,sum >,ack_count >,1118614325010621431186771152252517336813918651911,218607780770691257170847497927336330511308420255
1118614325010621431186771152252517336813918651911-223165296026140232481876277255273629987157553131,1439.1612929524572,sum >,Header_Length >,1118614325010621431186771152252517336813918651911,223165296026140232481876277255273629987157553131
1118614325010621431186771152252517336813918651911-335418722972519651500040442315750311827115323662,459.51824608279907,sum >,Rate >,1118614325010621431186771152252517336813918651911,335418722972519651500040442315750311827115323662
1118614325010621431186771152252517336813918651911-338730224709676774412755851787278702947952010784,2270.7581670813106,sum >,sum <=,1118614325010621431186771152252517336813918651911,338730224709676774412755851787278702947952010784
1118614325010621431186771152252517336813918651911-371266811264664269299964157380215767396824640058,63.636882439263005,sum >,ICMP >,1118614325010621431186771152252517336813918651911,371266811264664269299964157380215767396824640058
1118614325010621431186771152252517336813918651911-378316838538499851440768051160724422589084218125,169.698353171368,sum >,IAT <=,1118614325010621431186771152252517336813918651911,378316838538499851440768051160724422589084218125
1118614325010621431186771152252517336813918651911-40351198695966294513339726256484683518911283460,2661.0676377923764,sum >,fin_flag_number <=,1118614325010621431186771152252517336813918651911,40351198695966294513339726256484683518911283460
1118614325010621431186771152252517336813918651911-417610515582391639059962073933335223318558562917,3969.761917285126,sum >,fin_count <=,1118614325010621431186771152252517336813918651911,417610515582391639059962073933335223318558562917
1118614325010621431186771152252517336813918651911-450410814915736770904937984733342042835793211647,390.66789657221904,sum >,ece_flag_number <=,1118614325010621431186771152252517336813918651911,450410814915736770904937984733342042835793211647
1118614325010621431186771152252517336813918651911-475011065740486827108472353828139148231878458661,4297.021020602452,sum >,syn_flag_number <=,1118614325010621431186771152252517336813918651911,475011065740486827108472353828139148231878458661
1118614325010621431186771152252517336813918651911-505469541859377927785473031559292540931343582537,1158.0250811316885,sum >,ICMP <=,1118614325010621431186771152252517336813918651911,505469541859377927785473031559292540931343582537
1118614325010621431186771152252517336813918651911-520582048177068818674784514618258893555315007951,641.4193706179684,sum >,LLC <=,1118614325010621431186771152252517336813918651911,520582048177068818674784514618258893555315007951
1118614325010621431186771152252517336813918651911-559797210707093786647851972932919518973015855277,209.93980212809603,sum >,fin_count >,1118614325010621431186771152252517336813918651911,559797210707093786647851972932919518973015855277
1118614325010621431186771152252517336813918651911-565103970815292376991711972572924808853013487374,4.040436980270667,sum >,IGMP >,1118614325010621431186771152252517336813918651911,565103970815292376991711972572924808853013487374
1118614325010621431186771152252517336813918651911-629827923182617752624696690572530002196221478554,12.121310940812002,sum >,DHCP >,1118614325010621431186771152252517336813918651911,629827923182617752624696690572530002196221478554
1118614325010621431186771152252517336813918651911-681503808608794911981134712221284126975357543438,3824.469106841361,sum >,syn_count <=,1118614325010621431186771152252517336813918651911,681503808608794911981134712221284126975357543438
1118614325010621431186771152252517336813918651911-684418957212367241623111035135876005715150589706,6278.5132256486595,sum >,HTTP <=,1118614325010621431186771152252517336813918651911,684418957212367241623111035135876005715150589706
1118614325010621431186771152252517336813918651911-714914936218336719861297767221934377853836589461,1053.1366404906298,sum >,UDP >,1118614325010621431186771152252517336813918651911,714914936218336719861297767221934377853836589461
1118614325010621431186771152252517336813918651911-786396322989194697344344278946426998739971577495,3307.162836689932,sum >,HTTPS <=,1118614325010621431186771152252517336813918651911,786396322989194697344344278946426998739971577495
1118614325010621431186771152252517336813918651911-795584812918386367255521286735341258439959854242,2940.167339038412,sum >,syn_count >,1118614325010621431186771152252517336813918651911,795584812918386367255521286735341258439959854242
1118614325010621431186771152252517336813918651911-835140271881840015202809914014108690929910415575,182.8297733572477,sum >,IAT >,1118614325010621431186771152252517336813918651911,835140271881840015202809914014108690929910415575
1118614325010621431186771152252517336813918651911-841356973986788424033641854148712928121319667477,499.8411554625164,sum >,Variance >,1118614325010621431186771152252517336813918651911,841356973986788424033641854148712928121319667477
1118614325010621431186771152252517336813918651911-841518471221275042570144506781210008737201997031,3326.159407331044,sum >,Min <=,1118614325010621431186771152252517336813918651911,841518471221275042570144506781210008737201997031
1118614325010621431186771152252517336813918651911-843826879422383561066103188424018239931401286651,2832.2648627467483,sum >,ack_count <=,1118614325010621431186771152252517336813918651911,843826879422383561066103188424018239931401286651
1118614325010621431186771152252517336813918651911-896530251803066355404557928035950607124936193677,5073.159638760171,sum >,psh_flag_number <=,1118614325010621431186771152252517336813918651911,896530251803066355404557928035950607124936193677
1118614325010621431186771152252517336813918651911-922599836131670820904126277297069322180441856169,4746.731431757336,sum >,Rate <=,1118614325010621431186771152252517336813918651911,922599836131670820904126277297069322180441856169
1118614325010621431186771152252517336813918651911-926368966621798523173828527325665066772113177503,1806.7595977340984,sum >,UDP <=,1118614325010621431186771152252517336813918651911,926368966621798523173828527325665066772113177503
1118614325010621431186771152252517336813918651911-940331364486966071141541838460909450599289486914,599.516129032258,sum >,rst_count >,1118614325010621431186771152252517336813918651911,940331364486966071141541838460909450599289486914
1118614325010621431186771152252517336813918651911-974265510705878984211701297112044370513255377925,11604.411972775519,sum >,Std <=,1118614325010621431186771152252517336813918651911,974265510705878984211701297112044370513255377925
1142857970576506471478393393000113013376204379484-1043469376771332113858820724324827897913309990452,4127.420419938671,rst_flag_number <=,LLC >,1142857970576506471478393393000113013376204379484,1043469376771332113858820724324827897913309990452
1142857970576506471478393393000113013376204379484-1043754360836331848364792327262011021650379248223,33.333605087233,rst_flag_number <=,DNS >,1142857970576506471478393393000113013376204379484,1043754360836331848364792327262011021650379248223
1142857970576506471478393393000113013376204379484-1077028023530208599426324724984012030801332581683,1382.8395564976358,rst_flag_number <=,Time_To_Live >,1142857970576506471478393393000113013376204379484,1077028023530208599426324724984012030801332581683
1142857970576506471478393393000113013376204379484-1085488307210616684491611463585545838953333018237,262.62840371759336,rst_flag_number <=,Type >,1142857970576506471478393393000113013376204379484,1085488307210616684491611463585545838953333018237
1142857970576506471478393393000113013376204379484-1091995366823138898995898948102109473193356840202,9937.11261919915,rst_flag_number <=,DNS <=,1142857970576506471478393393000113013376204379484,1091995366823138898995898948102109473193356840202
1142857970576506471478393393000113013376204379484-109928824856976412487775174607761519739702474552,8762.69770096201,rst_flag_number <=,Number <=,1142857970576506471478393393000113013376204379484,109928824856976412487775174607761519739702474552
1142857970576506471478393393000113013376204379484-1118614325010621431186771152252517336813918651911,12312.417093144964,rst_flag_number <=,sum >,1142857970576506471478393393000113013376204379484,1118614325010621431186771152252517336813918651911
1142857970576506471478393393000113013376204379484-1184472685782376059334758133512718430805424685192,15.151638676015,rst_flag_number <=,SSH >,1142857970576506471478393393000113013376204379484,1184472685782376059334758133512718430805424685192
1142857970576506471478393393000113013376204379484-1232849963170894971818913290506039176322619533319,7815.19893700394,rst_flag_number <=,psh_flag_number >,1142857970576506471478393393000113013376204379484,1232849963170894971818913290506039176322619533319
1142857970576506471478393393000113013376204379484-1233133706649643691022119102239698495899057226060,4479.671581029123,rst_flag_number <=,Time_To_Live <=,1142857970576506471478393393000113013376204379484,1233133706649643691022119102239698495899057226060
1142857970576506471478393393000113013376204379484-1236189254858718471128603624930063881324958313531,2691.941138105332,rst_flag_number <=,HTTPS >,1142857970576506471478393393000113013376204379484,1236189254858718471128603624930063881324958313531
1142857970576506471478393393000113013376204379484-1251276136943778783713685275011300537715092657394,769.4588634725941,rst_flag_number <=,fin_flag_number >,1142857970576506471478393393000113013376204379484,1251276136943778783713685275011300537715092657394
1142857970576506471478393393000113013376204379484-1329847435934461746074927120436757452470095790255,110.10190771237568,rst_flag_number <=,Min >,1142857970576506471478393393000113013376204379484,1329847435934461746074927120436757452470095790255
1142857970576506471478393393000113013376204379484-1338222599102815322204523610829624561969283441716,2800.7070948806827,rst_flag_number <=,SSH <=,1142857970576506471478393393000113013376204379484,1338222599102815322204523610829624561969283441716
1142857970576506471478393393000113013376204379484-1345309773886921328764805451107636357621530213384,7793.709677419355,rst_flag_number <=,Class -1,1142857970576506471478393393000113013376204379484,1345309773886921328764805451107636357621530213384
1142857970576506471478393393000113013376204379484-1379366653555122327876205020011632492492609315477,2777.75154768229,rst_flag_number <=,Type <=,1142857970576506471478393393000113013376204379484,1379366653555122327876205020011632492492609315477
1142857970576506471478393393000113013376204379484-1418162538066850581097605911983264533342366443794,4665.694602967553,rst_flag_number <=,Header_Length <=,1142857970576506471478393393000113013376204379484,1418162538066850581097605911983264533342366443794
1142857970576506471478393393000113013376204379484-1429650867505148313720594668477948880050562903683,1428.2130121026914,rst_flag_number <=,syn_flag_number >,1142857970576506471478393393000113013376204379484,1429650867505148313720594668477948880050562903683
1142857970576506471478393393000113013376204379484-1454952188391427871478129207189215566009723810659,977.7042888025121,rst_flag_number <=,Std >,1142857970576506471478393393000113013376204379484,1454952188391427871478129207189215566009723810659
1142857970576506471478393393000113013376204379484-1455733501014453866297060548284701359849809242142,3587.745117634374,rst_flag_number <=,DHCP <=,1142857970576506471478393393000113013376204379484,1455733501014453866297060548284701359849809242142
1142857970576506471478393393000113013376204379484-160227321490815016489601533331665083666172936667,6133.25299937409,rst_flag_number <=,IGMP <=,1142857970576506471478393393000113013376204379484,160227321490815016489601533331665083666172936667
1142857970576506471478393393000113013376204379484-171982518954274878349485416184092168691833932185,27155.776944399153,rst_flag_number <=,Class 1,1142857970576506471478393393000113013376204379484,171982518954274878349485416184092168691833932185
1142857970576506471478393393000113013376204379484-207766774224049171901964708681563529125144087827,3978.152340853027,rst_flag_number <=,HTTP >,1142857970576506471478393393000113013376204379484,207766774224049171901964708681563529125144087827
1142857970576506471478393393000113013376204379484-215123608059624622405742600984392925785664489773,3156.1026282985226,rst_flag_number <=,Variance <=,1142857970576506471478393393000113013376204379484,215123608059624622405742600984392925785664489773
1142857970576506471478393393000113013376204379484-218607780770691257170847497927336330511308420255,15127.542682894758,rst_flag_number <=,ack_count >,1142857970576506471478393393000113013376204379484,218607780770691257170847497927336330511308420255
1142857970576506471478393393000113013376204379484-223165296026140232481876277255273629987157553131,11134.906678834228,rst_flag_number <=,Header_Length >,1142857970576506471478393393000113013376204379484,223165296026140232481876277255273629987157553131
1142857970576506471478393393000113013376204379484-335418722972519651500040442315750311827115323662,328.20404422400236,rst_flag_number <=,Rate >,1142857970576506471478393393000113013376204379484,335418722972519651500040442315750311827115323662
1142857970576506471478393393000113013376204379484-338730224709676774412755851787278702947952010784,7983.903473014838,rst_flag_number <=,sum <=,1142857970576506471478393393000113013376204379484,338730224709676774412755851787278702947952010784
1142857970576506471478393393000113013376204379484-371266811264664269299964157380215767396824640058,27.272949616827002,rst_flag_number <=,ICMP >,1142857970576506471478393393000113013376204379484,371266811264664269299964157380215767396824640058
1142857970576506471478393393000113013376204379484-378316838538499851440768051160724422589084218125,4985.329010693078,rst_flag_number <=,IAT <=,1142857970576506471478393393000113013376204379484,378316838538499851440768051160724422589084218125
1142857970576506471478393393000113013376204379484-40351198695966294513339726256484683518911283460,12027.97358815083,rst_flag_number <=,fin_flag_number <=,1142857970576506471478393393000113013376204379484,40351198695966294513339726256484683518911283460
1142857970576506471478393393000113013376204379484-417610515582391639059962073933335223318558562917,21599.16598728192,rst_flag_number <=,fin_count <=,1142857970576506471478393393000113013376204379484,417610515582391639059962073933335223318558562917
1142857970576506471478393393000113013376204379484-426624906449189252299067265451872698344494536313,1398.8709677419356,rst_flag_number <=,Number >,1142857970576506471478393393000113013376204379484,426624906449189252299067265451872698344494536313
1142857970576506471478393393000113013376204379484-450410814915736770904937984733342042835793211647,2768.7094407304744,rst_flag_number <=,ece_flag_number <=,1142857970576506471478393393000113013376204379484,450410814915736770904937984733342042835793211647
1142857970576506471478393393000113013376204379484-475011065740486827108472353828139148231878458661,17865.80221751182,rst_flag_number <=,syn_flag_number <=,1142857970576506471478393393000113013376204379484,475011065740486827108472353828139148231878458661
1142857970576506471478393393000113013376204379484-505469541859377927785473031559292540931343582537,651.3575422226664,rst_flag_number <=,ICMP <=,1142857970576506471478393393000113013376204379484,505469541859377927785473031559292540931343582537
1142857970576506471478393393000113013376204379484-520582048177068818674784514618258893555315007951,97.98059677156367,rst_flag_number <=,LLC <=,1142857970576506471478393393000113013376204379484,520582048177068818674784514618258893555315007951
1142857970576506471478393393000113013376204379484-559797210707093786647851972932919518973015855277,10726.936588419076,rst_flag_number <=,fin_count >,1142857970576506471478393393000113013376204379484,559797210707093786647851972932919518973015855277
1142857970576506471478393393000113013376204379484-565103970815292376991711972572924808853013487374,1.0101092450676668,rst_flag_number <=,IGMP >,1142857970576506471478393393000113013376204379484,565103970815292376991711972572924808853013487374
1142857970576506471478393393000113013376204379484-629827923182617752624696690572530002196221478554,4.040436980270667,rst_flag_number <=,DHCP >,1142857970576506471478393393000113013376204379484,629827923182617752624696690572530002196221478554
1142857970576506471478393393000113013376204379484-681503808608794911981134712221284126975357543438,10065.396493322743,rst_flag_number <=,syn_count <=,1142857970576506471478393393000113013376204379484,681503808608794911981134712221284126975357543438
1142857970576506471478393393000113013376204379484-684418957212367241623111035135876005715150589706,22787.575806188626,rst_flag_number <=,HTTP <=,1142857970576506471478393393000113013376204379484,684418957212367241623111035135876005715150589706
1142857970576506471478393393000113013376204379484-714914936218336719861297767221934377853836589461,3575.705267116551,rst_flag_number <=,UDP >,1142857970576506471478393393000113013376204379484,714914936218336719861297767221934377853836589461
1142857970576506471478393393000113013376204379484-786396322989194697344344278946426998739971577495,380.8111853905104,rst_flag_number <=,HTTPS <=,1142857970576506471478393393000113013376204379484,786396322989194697344344278946426998739971577495
1142857970576506471478393393000113013376204379484-791432257472445298809701838101022411569407290467,4104.855882770627,rst_flag_number <=,rst_flag_number >,1142857970576506471478393393000113013376204379484,791432257472445298809701838101022411569407290467
1142857970576506471478393393000113013376204379484-795584812918386367255521286735341258439959854242,594.547043229909,rst_flag_number <=,syn_count >,1142857970576506471478393393000113013376204379484,795584812918386367255521286735341258439959854242
1142857970576506471478393393000113013376204379484-835140271881840015202809914014108690929910415575,712.127017772705,rst_flag_number <=,IAT >,1142857970576506471478393393000113013376204379484,835140271881840015202809914014108690929910415575
1142857970576506471478393393000113013376204379484-841356973986788424033641854148712928121319667477,295.9620088048264,rst_flag_number <=,Variance >,1142857970576506471478393393000113013376204379484,841356973986788424033641854148712928121319667477
1142857970576506471478393393000113013376204379484-841518471221275042570144506781210008737201997031,6334.395075819338,rst_flag_number <=,Min <=,1142857970576506471478393393000113013376204379484,841518471221275042570144506781210008737201997031
1142857970576506471478393393000113013376204379484-843826879422383561066103188424018239931401286651,280.72890970582205,rst_flag_number <=,ack_count <=,1142857970576506471478393393000113013376204379484,843826879422383561066103188424018239931401286651
1142857970576506471478393393000113013376204379484-896530251803066355404557928035950607124936193677,6280.272770785229,rst_flag_number <=,psh_flag_number <=,1142857970576506471478393393000113013376204379484,896530251803066355404557928035950607124936193677
1142857970576506471478393393000113013376204379484-922599836131670820904126277297069322180441856169,21196.65374520705,rst_flag_number <=,Rate <=,1142857970576506471478393393000113013376204379484,922599836131670820904126277297069322180441856169
1142857970576506471478393393000113013376204379484-926368966621798523173828527325665066772113177503,14010.736575795669,rst_flag_number <=,UDP <=,1142857970576506471478393393000113013376204379484,926368966621798523173828527325665066772113177503
1142857970576506471478393393000113013376204379484-940331364486966071141541838460909450599289486914,222.061113068908,rst_flag_number <=,rst_count >,1142857970576506471478393393000113013376204379484,940331364486966071141541838460909450599289486914
1142857970576506471478393393000113013376204379484-974265510705878984211701297112044370513255377925,27528.37691915234,rst_flag_number <=,Std <=,1142857970576506471478393393000113013376204379484,974265510705878984211701297112044370513255377925
1184472685782376059334758133512718430805424685192-1043469376771332113858820724324827897913309990452,20.202184901353334,SSH >,LLC >,1184472685782376059334758133512718430805424685192,1043469376771332113858820724324827897913309990452
1184472685782376059334758133512718430805424685192-1043754360836331848364792327262011021650379248223,70.70764715473668,SSH >,DNS >,1184472685782376059334758133512718430805424685192,1043754360836331848364792327262011021650379248223
1184472685782376059334758133512718430805424685192-1077028023530208599426324724984012030801332581683,98.99070601663134,SSH >,Time_To_Live >,1184472685782376059334758133512718430805424685192,1077028023530208599426324724984012030801332581683
1184472685782376059334758133512718430805424685192-1085488307210616684491611463585545838953333018237,27.272949616827002,SSH >,Type >,1184472685782376059334758133512718430805424685192,1085488307210616684491611463585545838953333018237
1184472685782376059334758133512718430805424685192-1091995366823138898995898948102109473193356840202,313.1338659709767,SSH >,DNS <=,1184472685782376059334758133512718430805424685192,1091995366823138898995898948102109473193356840202
1184472685782376059334758133512718430805424685192-109928824856976412487775174607761519739702474552,15.151638676015,SSH >,Number <=,1184472685782376059334758133512718430805424685192,109928824856976412487775174607761519739702474552
1184472685782376059334758133512718430805424685192-1118614325010621431186771152252517336813918651911,27.272949616827002,SSH >,sum >,1184472685782376059334758133512718430805424685192,1118614325010621431186771152252517336813918651911
1184472685782376059334758133512718430805424685192-1142857970576506471478393393000113013376204379484,17.171857166150335,SSH >,rst_flag_number <=,1184472685782376059334758133512718430805424685192,1142857970576506471478393393000113013376204379484
1184472685782376059334758133512718430805424685192-1184472685782376059334758133512718430805424685192,34.34371433230067,SSH >,SSH >,1184472685782376059334758133512718430805424685192,1184472685782376059334758133512718430805424685192
1184472685782376059334758133512718430805424685192-1232849963170894971818913290506039176322619533319,37.37404206750367,SSH >,psh_flag_number >,1184472685782376059334758133512718430805424685192,1232849963170894971818913290506039176322619533319
1184472685782376059334758133512718430805424685192-1233133706649643691022119102239698495899057226060,83.83906734061634,SSH >,Time_To_Live <=,1184472685782376059334758133512718430805424685192,1233133706649643691022119102239698495899057226060
1184472685782376059334758133512718430805424685192-1236189254858718471128603624930063881324958313531,45.454916028045005,SSH >,HTTPS >,1184472685782376059334758133512718430805424685192,1236189254858718471128603624930063881324958313531
1184472685782376059334758133512718430805424685192-1329847435934461746074927120436757452470095790255,122.22321865318767,SSH >,Min >,1184472685782376059334758133512718430805424685192,1329847435934461746074927120436757452470095790255
1184472685782376059334758133512718430805424685192-1338222599102815322204523610829624561969283441716,357.4157519079754,SSH >,SSH <=,1184472685782376059334758133512718430805424685192,1338222599102815322204523610829624561969283441716
1184472685782376059334758133512718430805424685192-1345309773886921328764805451107636357621530213384,99.91935483870968,SSH >,Class -1,1184472685782376059334758133512718430805424685192,1345309773886921328764805451107636357621530213384
1184472685782376059334758133512718430805424685192-1375509225989204300559045429796274689340158771149,193.94097505299203,SSH >,rst_count <=,1184472685782376059334758133512718430805424685192,1375509225989204300559045429796274689340158771149
1184472685782376059334758133512718430805424685192-1379366653555122327876205020011632492492609315477,312.123756725909,SSH >,Type <=,1184472685782376059334758133512718430805424685192,1379366653555122327876205020011632492492609315477
1184472685782376059334758133512718430805424685192-1418162538066850581097605911983264533342366443794,18.181966411218003,SSH >,Header_Length <=,1184472685782376059334758133512718430805424685192,1418162538066850581097605911983264533342366443794
1184472685782376059334758133512718430805424685192-1429650867505148313720594668477948880050562903683,9.090983205609001,SSH >,syn_flag_number >,1184472685782376059334758133512718430805424685192,1429650867505148313720594668477948880050562903683
1184472685782376059334758133512718430805424685192-1454952188391427871478129207189215566009723810659,56.56611772378934,SSH >,Std >,1184472685782376059334758133512718430805424685192,1454952188391427871478129207189215566009723810659
1184472685782376059334758133512718430805424685192-1455733501014453866297060548284701359849809242142,618.1053975584227,SSH >,DHCP <=,1184472685782376059334758133512718430805424685192,1455733501014453866297060548284701359849809242142
1184472685782376059334758133512718430805424685192-160227321490815016489601533331665083666172936667,168.68824392630034,SSH >,IGMP <=,1184472685782376059334758133512718430805424685192,160227321490815016489601533331665083666172936667
1184472685782376059334758133512718430805424685192-171982518954274878349485416184092168691833932185,1465.6685145931845,SSH >,Class 1,1184472685782376059334758133512718430805424685192,171982518954274878349485416184092168691833932185
1184472685782376059334758133512718430805424685192-215123608059624622405742600984392925785664489773,302.02266427523233,SSH >,Variance <=,1184472685782376059334758133512718430805424685192,215123608059624622405742600984392925785664489773
1184472685782376059334758133512718430805424685192-218607780770691257170847497927336330511308420255,9.090983205609001,SSH >,ack_count >,1184472685782376059334758133512718430805424685192,218607780770691257170847497927336330511308420255
1184472685782376059334758133512718430805424685192-223165296026140232481876277255273629987157553131,23.232512636556336,SSH >,Header_Length >,1184472685782376059334758133512718430805424685192,223165296026140232481876277255273629987157553131
1184472685782376059334758133512718430805424685192-335418722972519651500040442315750311827115323662,70.70764715473668,SSH >,Rate >,1184472685782376059334758133512718430805424685192,335418722972519651500040442315750311827115323662
1184472685782376059334758133512718430805424685192-338730224709676774412755851787278702947952010784,37.37404206750367,SSH >,sum <=,1184472685782376059334758133512718430805424685192,338730224709676774412755851787278702947952010784
1184472685782376059334758133512718430805424685192-371266811264664269299964157380215767396824640058,2.0202184901353335,SSH >,ICMP >,1184472685782376059334758133512718430805424685192,371266811264664269299964157380215767396824640058
1184472685782376059334758133512718430805424685192-378316838538499851440768051160724422589084218125,1.0101092450676668,SSH >,IAT <=,1184472685782376059334758133512718430805424685192,378316838538499851440768051160724422589084218125
1184472685782376059334758133512718430805424685192-40351198695966294513339726256484683518911283460,110.10190771237568,SSH >,fin_flag_number <=,1184472685782376059334758133512718430805424685192,40351198695966294513339726256484683518911283460
1184472685782376059334758133512718430805424685192-417610515582391639059962073933335223318558562917,140.40518506440569,SSH >,fin_count <=,1184472685782376059334758133512718430805424685192,417610515582391639059962073933335223318558562917
1184472685782376059334758133512718430805424685192-450410814915736770904937984733342042835793211647,34.34371433230067,SSH >,ece_flag_number <=,1184472685782376059334758133512718430805424685192,450410814915736770904937984733342042835793211647
1184472685782376059334758133512718430805424685192-475011065740486827108472353828139148231878458661,10.101092450676667,SSH >,syn_flag_number <=,1184472685782376059334758133512718430805424685192,475011065740486827108472353828139148231878458661
1184472685782376059334758133512718430805424685192-505469541859377927785473031559292540931343582537,155.47536331743134,SSH >,ICMP <=,1184472685782376059334758133512718430805424685192,505469541859377927785473031559292540931343582537
1184472685782376059334758133512718430805424685192-510505520442458443414009447271658614884328320759,37.37404206750367,SSH >,IRC <=,1184472685782376059334758133512718430805424685192,510505520442458443414009447271658614884328320759
1184472685782376059334758133512718430805424685192-520582048177068818674784514618258893555315007951,32.323495842165336,SSH >,LLC <=,1184472685782376059334758133512718430805424685192,520582048177068818674784514618258893555315007951
1184472685782376059334758133512718430805424685192-559797210707093786647851972932919518973015855277,9.090983205609001,SSH >,fin_count >,1184472685782376059334758133512718430805424685192,559797210707093786647851972932919518973015855277
1184472685782376059334758133512718430805424685192-629827923182617752624696690572530002196221478554,103.95979181898035,SSH >,DHCP >,1184472685782376059334758133512718430805424685192,629827923182617752624696690572530002196221478554
1184472685782376059334758133512718430805424685192-681503808608794911981134712221284126975357543438,127.27376487852601,SSH >,syn_count <=,1184472685782376059334758133512718430805424685192,681503808608794911981134712221284126975357543438
1184472685782376059334758133512718430805424685192-684418957212367241623111035135876005715150589706,157.577042230556,SSH >,HTTP <=,1184472685782376059334758133512718430805424685192,684418957212367241623111035135876005715150589706
1184472685782376059334758133512718430805424685192-714914936218336719861297767221934377853836589461,234.26388443270935,SSH >,UDP >,1184472685782376059334758133512718430805424685192,714914936218336719861297767221934377853836589461
1184472685782376059334758133512718430805424685192-786396322989194697344344278946426998739971577495,54.545899233654005,SSH >,HTTPS <=,1184472685782376059334758133512718430805424685192,786396322989194697344344278946426998739971577495
1184472685782376059334758133512718430805424685192-835140271881840015202809914014108690929910415575,5.0505462253383335,SSH >,IAT >,1184472685782376059334758133512718430805424685192,835140271881840015202809914014108690929910415575
1184472685782376059334758133512718430805424685192-841356973986788424033641854148712928121319667477,33.333605087233,SSH >,Variance >,1184472685782376059334758133512718430805424685192,841356973986788424033641854148712928121319667477
1184472685782376059334758133512718430805424685192-841518471221275042570144506781210008737201997031,142.42540355454102,SSH >,Min <=,1184472685782376059334758133512718430805424685192,841518471221275042570144506781210008737201997031
1184472685782376059334758133512718430805424685192-843826879422383561066103188424018239931401286651,12.121310940812002,SSH >,ack_count <=,1184472685782376059334758133512718430805424685192,843826879422383561066103188424018239931401286651
1184472685782376059334758133512718430805424685192-896530251803066355404557928035950607124936193677,15.151638676015,SSH >,psh_flag_number <=,1184472685782376059334758133512718430805424685192,896530251803066355404557928035950607124936193677
1184472685782376059334758133512718430805424685192-922599836131670820904126277297069322180441856169,411.11446274254035,SSH >,Rate <=,1184472685782376059334758133512718430805424685192,922599836131670820904126277297069322180441856169
1184472685782376059334758133512718430805424685192-926368966621798523173828527325665066772113177503,70.70764715473668,SSH >,UDP <=,1184472685782376059334758133512718430805424685192,926368966621798523173828527325665066772113177503
1184472685782376059334758133512718430805424685192-974265510705878984211701297112044370513255377925,78.788521115278,SSH >,Std <=,1184472685782376059334758133512718430805424685192,974265510705878984211701297112044370513255377925
1232849963170894971818913290506039176322619533319-1043469376771332113858820724324827897913309990452,6949.388685219568,psh_flag_number >,LLC >,1232849963170894971818913290506039176322619533319,1043469376771332113858820724324827897913309990452
1232849963170894971818913290506039176322619533319-1043754360836331848364792327262011021650379248223,108.08168922224034,psh_flag_number >,DNS >,1232849963170894971818913290506039176322619533319,1043754360836331848364792327262011021650379248223
1232849963170894971818913290506039176322619533319-1077028023530208599426324724984012030801332581683,311.11364748084134,psh_flag_number >,Time_To_Live >,1232849963170894971818913290506039176322619533319,1077028023530208599426324724984012030801332581683
1232849963170894971818913290506039176322619533319-1085488307210616684491611463585545838953333018237,32.323495842165336,psh_flag_number >,Type >,1232849963170894971818913290506039176322619533319,1085488307210616684491611463585545838953333018237
1232849963170894971818913290506039176322619533319-1091995366823138898995898948102109473193356840202,3814.563519405858,psh_flag_number >,DNS <=,1232849963170894971818913290506039176322619533319,1091995366823138898995898948102109473193356840202
1232849963170894971818913290506039176322619533319-109928824856976412487775174607761519739702474552,655.5609000489158,psh_flag_number >,Number <=,1232849963170894971818913290506039176322619533319,109928824856976412487775174607761519739702474552
1232849963170894971818913290506039176322619533319-1118614325010621431186771152252517336813918651911,1250.4337849707822,psh_flag_number >,sum >,1232849963170894971818913290506039176322619533319,1118614325010621431186771152252517336813918651911
1232849963170894971818913290506039176322619533319-1142857970576506471478393393000113013376204379484,10684.39795553405,psh_flag_number >,rst_flag_number <=,1232849963170894971818913290506039176322619533319,1142857970576506471478393393000113013376204379484
1232849963170894971818913290506039176322619533319-1184472685782376059334758133512718430805424685192,34.34371433230067,psh_flag_number >,SSH >,1232849963170894971818913290506039176322619533319,1184472685782376059334758133512718430805424685192
1232849963170894971818913290506039176322619533319-1232849963170894971818913290506039176322619533319,6015.884821931066,psh_flag_number >,psh_flag_number >,1232849963170894971818913290506039176322619533319,1232849963170894971818913290506039176322619533319
1232849963170894971818913290506039176322619533319-1233133706649643691022119102239698495899057226060,3559.6249796184575,psh_flag_number >,Time_To_Live <=,1232849963170894971818913290506039176322619533319,1233133706649643691022119102239698495899057226060
1232849963170894971818913290506039176322619533319-1236189254858718471128603624930063881324958313531,2311.1299527148217,psh_flag_number >,HTTPS >,1232849963170894971818913290506039176322619533319,1236189254858718471128603624930063881324958313531
1232849963170894971818913290506039176322619533319-1239329028096551917906154637654656383307088642249,687.8843958910811,psh_flag_number >,cwr_flag_number <=,1232849963170894971818913290506039176322619533319,1239329028096551917906154637654656383307088642249
1232849963170894971818913290506039176322619533319-1251276136943778783713685275011300537715092657394,88.88961356595468,psh_flag_number >,fin_flag_number >,1232849963170894971818913290506039176322619533319,1251276136943778783713685275011300537715092657394
1232849963170894971818913290506039176322619533319-1329847435934461746074927120436757452470095790255,285.8609163541497,psh_flag_number >,Min >,1232849963170894971818913290506039176322619533319,1329847435934461746074927120436757452470095790255
1232849963170894971818913290506039176322619533319-1338222599102815322204523610829624561969283441716,3647.015721401409,psh_flag_number >,SSH <=,1232849963170894971818913290506039176322619533319,1338222599102815322204523610829624561969283441716
1232849963170894971818913290506039176322619533319-1345309773886921328764805451107636357621530213384,12889.59677419355,psh_flag_number >,Class -1,1232849963170894971818913290506039176322619533319,1345309773886921328764805451107636357621530213384
1232849963170894971818913290506039176322619533319-1375509225989204300559045429796274689340158771149,10.101092450676667,psh_flag_number >,rst_count <=,1232849963170894971818913290506039176322619533319,1375509225989204300559045429796274689340158771149
1232849963170894971818913290506039176322619533319-1379366653555122327876205020011632492492609315477,357.57867275395404,psh_flag_number >,Type <=,1232849963170894971818913290506039176322619533319,1379366653555122327876205020011632492492609315477
1232849963170894971818913290506039176322619533319-1418162538066850581097605911983264533342366443794,3554.5744333931193,psh_flag_number >,Header_Length <=,1232849963170894971818913290506039176322619533319,1418162538066850581097605911983264533342366443794
1232849963170894971818913290506039176322619533319-1429650867505148313720594668477948880050562903683,168.68824392630034,psh_flag_number >,syn_flag_number >,1232849963170894971818913290506039176322619533319,1429650867505148313720594668477948880050562903683
1232849963170894971818913290506039176322619533319-1454952188391427871478129207189215566009723810659,532.2461117276711,psh_flag_number >,Std >,1232849963170894971818913290506039176322619533319,1454952188391427871478129207189215566009723810659
1232849963170894971818913290506039176322619533319-1455733501014453866297060548284701359849809242142,375.6791787421827,psh_flag_number >,DHCP <=,1232849963170894971818913290506039176322619533319,1455733501014453866297060548284701359849809242142
1232849963170894971818913290506039176322619533319-160227321490815016489601533331665083666172936667,22.22240339148867,psh_flag_number >,IGMP <=,1232849963170894971818913290506039176322619533319,160227321490815016489601533331665083666172936667
1232849963170894971818913290506039176322619533319-171982518954274878349485416184092168691833932185,20866.836784607858,psh_flag_number >,Class 1,1232849963170894971818913290506039176322619533319,171982518954274878349485416184092168691833932185
1232849963170894971818913290506039176322619533319-207766774224049171901964708681563529125144087827,592.5268247397737,psh_flag_number >,HTTP >,1232849963170894971818913290506039176322619533319,207766774224049171901964708681563529125144087827
1232849963170894971818913290506039176322619533319-215123608059624622405742600984392925785664489773,11044.941787684815,psh_flag_number >,Variance <=,1232849963170894971818913290506039176322619533319,215123608059624622405742600984392925785664489773
1232849963170894971818913290506039176322619533319-218607780770691257170847497927336330511308420255,917.1791945214414,psh_flag_number >,ack_count >,1232849963170894971818913290506039176322619533319,218607780770691257170847497927336330511308420255
1232849963170894971818913290506039176322619533319-223165296026140232481876277255273629987157553131,2845.4777433556173,psh_flag_number >,Header_Length >,1232849963170894971818913290506039176322619533319,223165296026140232481876277255273629987157553131
1232849963170894971818913290506039176322619533319-335418722972519651500040442315750311827115323662,495.8007184822457,psh_flag_number >,Rate >,1232849963170894971818913290506039176322619533319,335418722972519651500040442315750311827115323662
1232849963170894971818913290506039176322619533319-337274849629170698169636561573185333120886675912,1.0101092450676668,psh_flag_number >,ece_flag_number >,1232849963170894971818913290506039176322619533319,337274849629170698169636561573185333120886675912
1232849963170894971818913290506039176322619533319-338730224709676774412755851787278702947952010784,6911.167454752976,psh_flag_number >,sum <=,1232849963170894971818913290506039176322619533319,338730224709676774412755851787278702947952010784
1232849963170894971818913290506039176322619533319-371266811264664269299964157380215767396824640058,180.80955486711235,psh_flag_number >,ICMP >,1232849963170894971818913290506039176322619533319,371266811264664269299964157380215767396824640058
1232849963170894971818913290506039176322619533319-378316838538499851440768051160724422589084218125,888.5702939675895,psh_flag_number >,IAT <=,1232849963170894971818913290506039176322619533319,378316838538499851440768051160724422589084218125
1232849963170894971818913290506039176322619533319-40351198695966294513339726256484683518911283460,2768.7094407304744,psh_flag_number >,fin_flag_number <=,1232849963170894971818913290506039176322619533319,40351198695966294513339726256484683518911283460
1232849963170894971818913290506039176322619533319-417610515582391639059962073933335223318558562917,1910.116582422958,psh_flag_number >,fin_count <=,1232849963170894971818913290506039176322619533319,417610515582391639059962073933335223318558562917
1232849963170894971818913290506039176322619533319-426624906449189252299067265451872698344494536313,1.0101092450676668,psh_flag_number >,Number >,1232849963170894971818913290506039176322619533319,426624906449189252299067265451872698344494536313
1232849963170894971818913290506039176322619533319-450410814915736770904937984733342042835793211647,2149.512473503995,psh_flag_number >,ece_flag_number <=,1232849963170894971818913290506039176322619533319,450410814915736770904937984733342042835793211647
1232849963170894971818913290506039176322619533319-475011065740486827108472353828139148231878458661,2808.7065084182345,psh_flag_number >,syn_flag_number <=,1232849963170894971818913290506039176322619533319,475011065740486827108472353828139148231878458661
1232849963170894971818913290506039176322619533319-505469541859377927785473031559292540931343582537,8386.855601373847,psh_flag_number >,ICMP <=,1232849963170894971818913290506039176322619533319,505469541859377927785473031559292540931343582537
1232849963170894971818913290506039176322619533319-520582048177068818674784514618258893555315007951,196.971302788195,psh_flag_number >,LLC <=,1232849963170894971818913290506039176322619533319,520582048177068818674784514618258893555315007951
1232849963170894971818913290506039176322619533319-559797210707093786647851972932919518973015855277,202.86903741262236,psh_flag_number >,fin_count >,1232849963170894971818913290506039176322619533319,559797210707093786647851972932919518973015855277
1232849963170894971818913290506039176322619533319-579184915384053252333364217236378176158944003116,1.0101092450676668,psh_flag_number >,cwr_flag_number >,1232849963170894971818913290506039176322619533319,579184915384053252333364217236378176158944003116
1232849963170894971818913290506039176322619533319-629827923182617752624696690572530002196221478554,21.212294146421,psh_flag_number >,DHCP >,1232849963170894971818913290506039176322619533319,629827923182617752624696690572530002196221478554
1232849963170894971818913290506039176322619533319-681503808608794911981134712221284126975357543438,477.700212494017,psh_flag_number >,syn_count <=,1232849963170894971818913290506039176322619533319,681503808608794911981134712221284126975357543438
1232849963170894971818913290506039176322619533319-684418957212367241623111035135876005715150589706,986.8767324311104,psh_flag_number >,HTTP <=,1232849963170894971818913290506039176322619533319,684418957212367241623111035135876005715150589706
1232849963170894971818913290506039176322619533319-714914936218336719861297767221934377853836589461,49.49535300831567,psh_flag_number >,UDP >,1232849963170894971818913290506039176322619533319,714914936218336719861297767221934377853836589461
1232849963170894971818913290506039176322619533319-786396322989194697344344278946426998739971577495,303.0327735203,psh_flag_number >,HTTPS <=,1232849963170894971818913290506039176322619533319,786396322989194697344344278946426998739971577495
1232849963170894971818913290506039176322619533319-791432257472445298809701838101022411569407290467,3127.966198198009,psh_flag_number >,rst_flag_number >,1232849963170894971818913290506039176322619533319,791432257472445298809701838101022411569407290467
1232849963170894971818913290506039176322619533319-795584812918386367255521286735341258439959854242,14.141529430947335,psh_flag_number >,syn_count >,1232849963170894971818913290506039176322619533319,795584812918386367255521286735341258439959854242
1232849963170894971818913290506039176322619533319-835140271881840015202809914014108690929910415575,509.09505951410404,psh_flag_number >,IAT >,1232849963170894971818913290506039176322619533319,835140271881840015202809914014108690929910415575
1232849963170894971818913290506039176322619533319-841356973986788424033641854148712928121319667477,522.1450192769944,psh_flag_number >,Variance >,1232849963170894971818913290506039176322619533319,841356973986788424033641854148712928121319667477
1232849963170894971818913290506039176322619533319-841518471221275042570144506781210008737201997031,2192.8657106189153,psh_flag_number >,Min <=,1232849963170894971818913290506039176322619533319,841518471221275042570144506781210008737201997031
1232849963170894971818913290506039176322619533319-843826879422383561066103188424018239931401286651,389.90216859611934,psh_flag_number >,ack_count <=,1232849963170894971818913290506039176322619533319,843826879422383561066103188424018239931401286651
1232849963170894971818913290506039176322619533319-896530251803066355404557928035950607124936193677,11566.435123577894,psh_flag_number >,psh_flag_number <=,1232849963170894971818913290506039176322619533319,896530251803066355404557928035950607124936193677
1232849963170894971818913290506039176322619533319-922599836131670820904126277297069322180441856169,4179.017451860112,psh_flag_number >,Rate <=,1232849963170894971818913290506039176322619533319,922599836131670820904126277297069322180441856169
1232849963170894971818913290506039176322619533319-926368966621798523173828527325665066772113177503,1393.3805352324548,psh_flag_number >,UDP <=,1232849963170894971818913290506039176322619533319,926368966621798523173828527325665066772113177503
1232849963170894971818913290506039176322619533319-974265510705878984211701297112044370513255377925,2336.301223418524,psh_flag_number >,Std <=,1232849963170894971818913290506039176322619533319,974265510705878984211701297112044370513255377925
1233133706649643691022119102239698495899057226060-1043469376771332113858820724324827897913309990452,5712.037444180873,Time_To_Live <=,LLC >,1233133706649643691022119102239698495899057226060,1043469376771332113858820724324827897913309990452
1233133706649643691022119102239698495899057226060-1043754360836331848364792327262011021650379248223,361.6191097342247,Time_To_Live <=,DNS >,1233133706649643691022119102239698495899057226060,1043754360836331848364792327262011021650379248223
1233133706649643691022119102239698495899057226060-1077028023530208599426324724984012030801332581683,2009.1072884395892,Time_To_Live <=,Time_To_Live >,1233133706649643691022119102239698495899057226060,1077028023530208599426324724984012030801332581683
1233133706649643691022119102239698495899057226060-1085488307210616684491611463585545838953333018237,1553.3036376451034,Time_To_Live <=,Type >,1233133706649643691022119102239698495899057226060,1085488307210616684491611463585545838953333018237
1233133706649643691022119102239698495899057226060-1091995366823138898995898948102109473193356840202,23288.72032841897,Time_To_Live <=,DNS <=,1233133706649643691022119102239698495899057226060,1091995366823138898995898948102109473193356840202
1233133706649643691022119102239698495899057226060-109928824856976412487775174607761519739702474552,11056.65579651068,Time_To_Live <=,Number <=,1233133706649643691022119102239698495899057226060,109928824856976412487775174607761519739702474552
1233133706649643691022119102239698495899057226060-1118614325010621431186771152252517336813918651911,6611.68635567501,Time_To_Live <=,sum >,1233133706649643691022119102239698495899057226060,1118614325010621431186771152252517336813918651911
1233133706649643691022119102239698495899057226060-1142857970576506471478393393000113013376204379484,4124.0316663423155,Time_To_Live <=,rst_flag_number <=,1233133706649643691022119102239698495899057226060,1142857970576506471478393393000113013376204379484
1233133706649643691022119102239698495899057226060-1184472685782376059334758133512718430805424685192,78.788521115278,Time_To_Live <=,SSH >,1233133706649643691022119102239698495899057226060,1184472685782376059334758133512718430805424685192
1233133706649643691022119102239698495899057226060-1232849963170894971818913290506039176322619533319,3282.855046469917,Time_To_Live <=,psh_flag_number >,1233133706649643691022119102239698495899057226060,1232849963170894971818913290506039176322619533319
1233133706649643691022119102239698495899057226060-1233133706649643691022119102239698495899057226060,2570.646568274223,Time_To_Live <=,Time_To_Live <=,1233133706649643691022119102239698495899057226060,1233133706649643691022119102239698495899057226060
1233133706649643691022119102239698495899057226060-1236189254858718471128603624930063881324958313531,1879.8133050709278,Time_To_Live <=,HTTPS >,1233133706649643691022119102239698495899057226060,1236189254858718471128603624930063881324958313531
1233133706649643691022119102239698495899057226060-1251276136943778783713685275011300537715092657394,1215.764228946524,Time_To_Live <=,fin_flag_number >,1233133706649643691022119102239698495899057226060,1251276136943778783713685275011300537715092657394
1233133706649643691022119102239698495899057226060-1329847435934461746074927120436757452470095790255,424.24588292842003,Time_To_Live <=,Min >,1233133706649643691022119102239698495899057226060,1329847435934461746074927120436757452470095790255
1233133706649643691022119102239698495899057226060-1338222599102815322204523610829624561969283441716,9744.670515929161,Time_To_Live <=,SSH <=,1233133706649643691022119102239698495899057226060,1338222599102815322204523610829624561969283441716
1233133706649643691022119102239698495899057226060-1345309773886921328764805451107636357621530213384,33073.3064516129,Time_To_Live <=,Class -1,1233133706649643691022119102239698495899057226060,1345309773886921328764805451107636357621530213384
1233133706649643691022119102239698495899057226060-1375509225989204300559045429796274689340158771149,3170.1952814756764,Time_To_Live <=,rst_count <=,1233133706649643691022119102239698495899057226060,1375509225989204300559045429796274689340158771149
1233133706649643691022119102239698495899057226060-1379366653555122327876205020011632492492609315477,7015.730053702077,Time_To_Live <=,Type <=,1233133706649643691022119102239698495899057226060,1379366653555122327876205020011632492492609315477
1233133706649643691022119102239698495899057226060-1418162538066850581097605911983264533342366443794,4356.356792707878,Time_To_Live <=,Header_Length <=,1233133706649643691022119102239698495899057226060,1418162538066850581097605911983264533342366443794
1233133706649643691022119102239698495899057226060-1429650867505148313720594668477948880050562903683,860.1243142597161,Time_To_Live <=,syn_flag_number >,1233133706649643691022119102239698495899057226060,1429650867505148313720594668477948880050562903683
1233133706649643691022119102239698495899057226060-1454952188391427871478129207189215566009723810659,1736.377792271319,Time_To_Live <=,Std >,1233133706649643691022119102239698495899057226060,1454952188391427871478129207189215566009723810659
1233133706649643691022119102239698495899057226060-1455733501014453866297060548284701359849809242142,6475.8429542980075,Time_To_Live <=,DHCP <=,1233133706649643691022119102239698495899057226060,1455733501014453866297060548284701359849809242142
1233133706649643691022119102239698495899057226060-160227321490815016489601533331665083666172936667,11332.171239145186,Time_To_Live <=,IGMP <=,1233133706649643691022119102239698495899057226060,160227321490815016489601533331665083666172936667
1233133706649643691022119102239698495899057226060-171982518954274878349485416184092168691833932185,46182.19468449373,Time_To_Live <=,Class 1,1233133706649643691022119102239698495899057226060,171982518954274878349485416184092168691833932185
1233133706649643691022119102239698495899057226060-207766774224049171901964708681563529125144087827,10811.297002466825,Time_To_Live <=,HTTP >,1233133706649643691022119102239698495899057226060,207766774224049171901964708681563529125144087827
1233133706649643691022119102239698495899057226060-215123608059624622405742600984392925785664489773,14849.094665032637,Time_To_Live <=,Variance <=,1233133706649643691022119102239698495899057226060,215123608059624622405742600984392925785664489773
1233133706649643691022119102239698495899057226060-218607780770691257170847497927336330511308420255,11770.640111927542,Time_To_Live <=,ack_count >,1233133706649643691022119102239698495899057226060,218607780770691257170847497927336330511308420255
1233133706649643691022119102239698495899057226060-223165296026140232481876277255273629987157553131,3363.4194048063623,Time_To_Live <=,Header_Length >,1233133706649643691022119102239698495899057226060,223165296026140232481876277255273629987157553131
1233133706649643691022119102239698495899057226060-335418722972519651500040442315750311827115323662,1679.1599911636151,Time_To_Live <=,Rate >,1233133706649643691022119102239698495899057226060,335418722972519651500040442315750311827115323662
1233133706649643691022119102239698495899057226060-337274849629170698169636561573185333120886675912,7.0707647154736675,Time_To_Live <=,ece_flag_number >,1233133706649643691022119102239698495899057226060,337274849629170698169636561573185333120886675912
1233133706649643691022119102239698495899057226060-338730224709676774412755851787278702947952010784,10204.644940380702,Time_To_Live <=,sum <=,1233133706649643691022119102239698495899057226060,338730224709676774412755851787278702947952010784
1233133706649643691022119102239698495899057226060-371266811264664269299964157380215767396824640058,1921.7491308258338,Time_To_Live <=,ICMP >,1233133706649643691022119102239698495899057226060,371266811264664269299964157380215767396824640058
1233133706649643691022119102239698495899057226060-378316838538499851440768051160724422589084218125,4844.386186836942,Time_To_Live <=,IAT <=,1233133706649643691022119102239698495899057226060,378316838538499851440768051160724422589084218125
1233133706649643691022119102239698495899057226060-40351198695966294513339726256484683518911283460,2816.8688428017654,Time_To_Live <=,fin_flag_number <=,1233133706649643691022119102239698495899057226060,40351198695966294513339726256484683518911283460
1233133706649643691022119102239698495899057226060-417610515582391639059962073933335223318558562917,12877.719844521705,Time_To_Live <=,fin_count <=,1233133706649643691022119102239698495899057226060,417610515582391639059962073933335223318558562917
1233133706649643691022119102239698495899057226060-426624906449189252299067265451872698344494536313,4.040436980270667,Time_To_Live <=,Number >,1233133706649643691022119102239698495899057226060,426624906449189252299067265451872698344494536313
1233133706649643691022119102239698495899057226060-450410814915736770904937984733342042835793211647,5549.084014033021,Time_To_Live <=,ece_flag_number <=,1233133706649643691022119102239698495899057226060,450410814915736770904937984733342042835793211647
1233133706649643691022119102239698495899057226060-475011065740486827108472353828139148231878458661,9265.732105005707,Time_To_Live <=,syn_flag_number <=,1233133706649643691022119102239698495899057226060,475011065740486827108472353828139148231878458661
1233133706649643691022119102239698495899057226060-505469541859377927785473031559292540931343582537,13888.578525480872,Time_To_Live <=,ICMP <=,1233133706649643691022119102239698495899057226060,505469541859377927785473031559292540931343582537
1233133706649643691022119102239698495899057226060-520582048177068818674784514618258893555315007951,422.2256644382847,Time_To_Live <=,LLC <=,1233133706649643691022119102239698495899057226060,520582048177068818674784514618258893555315007951
1233133706649643691022119102239698495899057226060-559797210707093786647851972932919518973015855277,10464.585150139646,Time_To_Live <=,fin_count >,1233133706649643691022119102239698495899057226060,559797210707093786647851972932919518973015855277
1233133706649643691022119102239698495899057226060-565103970815292376991711972572924808853013487374,1.0101092450676668,Time_To_Live <=,IGMP >,1233133706649643691022119102239698495899057226060,565103970815292376991711972572924808853013487374
1233133706649643691022119102239698495899057226060-629827923182617752624696690572530002196221478554,149.41470784702534,Time_To_Live <=,DHCP >,1233133706649643691022119102239698495899057226060,629827923182617752624696690572530002196221478554
1233133706649643691022119102239698495899057226060-681503808608794911981134712221284126975357543438,4448.358194432026,Time_To_Live <=,syn_count <=,1233133706649643691022119102239698495899057226060,681503808608794911981134712221284126975357543438
1233133706649643691022119102239698495899057226060-684418957212367241623111035135876005715150589706,19469.839406594678,Time_To_Live <=,HTTP <=,1233133706649643691022119102239698495899057226060,684418957212367241623111035135876005715150589706
1233133706649643691022119102239698495899057226060-714914936218336719861297767221934377853836589461,867.6838415131257,Time_To_Live <=,UDP >,1233133706649643691022119102239698495899057226060,714914936218336719861297767221934377853836589461
1233133706649643691022119102239698495899057226060-786396322989194697344344278946426998739971577495,6996.489101791998,Time_To_Live <=,HTTPS <=,1233133706649643691022119102239698495899057226060,786396322989194697344344278946426998739971577495
1233133706649643691022119102239698495899057226060-791432257472445298809701838101022411569407290467,203.87914665769003,Time_To_Live <=,rst_flag_number >,1233133706649643691022119102239698495899057226060,791432257472445298809701838101022411569407290467
1233133706649643691022119102239698495899057226060-795584812918386367255521286735341258439959854242,1115.519032415857,Time_To_Live <=,syn_count >,1233133706649643691022119102239698495899057226060,795584812918386367255521286735341258439959854242
1233133706649643691022119102239698495899057226060-835140271881840015202809914014108690929910415575,1053.462482182587,Time_To_Live <=,IAT >,1233133706649643691022119102239698495899057226060,835140271881840015202809914014108690929910415575
1233133706649643691022119102239698495899057226060-841356973986788424033641854148712928121319667477,1253.4641127059851,Time_To_Live <=,Variance >,1233133706649643691022119102239698495899057226060,841356973986788424033641854148712928121319667477
1233133706649643691022119102239698495899057226060-841518471221275042570144506781210008737201997031,3458.369673842723,Time_To_Live <=,Min <=,1233133706649643691022119102239698495899057226060,841518471221275042570144506781210008737201997031
1233133706649643691022119102239698495899057226060-843826879422383561066103188424018239931401286651,9061.52711665606,Time_To_Live <=,ack_count <=,1233133706649643691022119102239698495899057226060,843826879422383561066103188424018239931401286651
1233133706649643691022119102239698495899057226060-896530251803066355404557928035950607124936193677,8804.552066293925,Time_To_Live <=,psh_flag_number <=,1233133706649643691022119102239698495899057226060,896530251803066355404557928035950607124936193677
1233133706649643691022119102239698495899057226060-922599836131670820904126277297069322180441856169,33229.23799329907,Time_To_Live <=,Rate <=,1233133706649643691022119102239698495899057226060,922599836131670820904126277297069322180441856169
1233133706649643691022119102239698495899057226060-926368966621798523173828527325665066772113177503,19445.955210574208,Time_To_Live <=,UDP <=,1233133706649643691022119102239698495899057226060,926368966621798523173828527325665066772113177503
1233133706649643691022119102239698495899057226060-940331364486966071141541838460909450599289486914,1206.1030227799897,Time_To_Live <=,rst_count >,1233133706649643691022119102239698495899057226060,940331364486966071141541838460909450599289486914
1233133706649643691022119102239698495899057226060-974265510705878984211701297112044370513255377925,4337.409098320561,Time_To_Live <=,Std <=,1233133706649643691022119102239698495899057226060,974265510705878984211701297112044370513255377925
1236189254858718471128603624930063881324958313531-1043469376771332113858820724324827897913309990452,11342.51671286483,HTTPS >,LLC >,1236189254858718471128603624930063881324958313531,1043469376771332113858820724324827897913309990452
1236189254858718471128603624930063881324958313531-1043754360836331848364792327262011021650379248223,14.141529430947335,HTTPS >,DNS >,1236189254858718471128603624930063881324958313531,1043754360836331848364792327262011021650379248223
1236189254858718471128603624930063881324958313531-1077028023530208599426324724984012030801332581683,560.610631012555,HTTPS >,Time_To_Live >,1236189254858718471128603624930063881324958313531,1077028023530208599426324724984012030801332581683
1236189254858718471128603624930063881324958313531-1085488307210616684491611463585545838953333018237,430.30653839882604,HTTPS >,Type >,1236189254858718471128603624930063881324958313531,1085488307210616684491611463585545838953333018237
1236189254858718471128603624930063881324958313531-1091995366823138898995898948102109473193356840202,2003.046632969183,HTTPS >,DNS <=,1236189254858718471128603624930063881324958313531,1091995366823138898995898948102109473193356840202
1236189254858718471128603624930063881324958313531-109928824856976412487775174607761519739702474552,38.38415131257133,HTTPS >,Number <=,1236189254858718471128603624930063881324958313531,109928824856976412487775174607761519739702474552
1236189254858718471128603624930063881324958313531-1118614325010621431186771152252517336813918651911,456.5693787705854,HTTPS >,sum >,1236189254858718471128603624930063881324958313531,1118614325010621431186771152252517336813918651911
1236189254858718471128603624930063881324958313531-1142857970576506471478393393000113013376204379484,3182.854231208218,HTTPS >,rst_flag_number <=,1236189254858718471128603624930063881324958313531,1142857970576506471478393393000113013376204379484
1236189254858718471128603624930063881324958313531-1184472685782376059334758133512718430805424685192,49.49535300831567,HTTPS >,SSH >,1236189254858718471128603624930063881324958313531,1184472685782376059334758133512718430805424685192
1236189254858718471128603624930063881324958313531-1232849963170894971818913290506039176322619533319,2037.3903473014839,HTTPS >,psh_flag_number >,1236189254858718471128603624930063881324958313531,1232849963170894971818913290506039176322619533319
1236189254858718471128603624930063881324958313531-1233133706649643691022119102239698495899057226060,1613.1444643730638,HTTPS >,Time_To_Live <=,1236189254858718471128603624930063881324958313531,1233133706649643691022119102239698495899057226060
1236189254858718471128603624930063881324958313531-1236189254858718471128603624930063881324958313531,3693.9695092124575,HTTPS >,HTTPS >,1236189254858718471128603624930063881324958313531,1236189254858718471128603624930063881324958313531
1236189254858718471128603624930063881324958313531-1239329028096551917906154637654656383307088642249,9596.037828142835,HTTPS >,cwr_flag_number <=,1236189254858718471128603624930063881324958313531,1239329028096551917906154637654656383307088642249
1236189254858718471128603624930063881324958313531-1251276136943778783713685275011300537715092657394,276.7699331485407,HTTPS >,fin_flag_number >,1236189254858718471128603624930063881324958313531,1251276136943778783713685275011300537715092657394
1236189254858718471128603624930063881324958313531-1329847435934461746074927120436757452470095790255,917.1791945214414,HTTPS >,Min >,1236189254858718471128603624930063881324958313531,1329847435934461746074927120436757452470095790255
1236189254858718471128603624930063881324958313531-1338222599102815322204523610829624561969283441716,6202.070764715474,HTTPS >,SSH <=,1236189254858718471128603624930063881324958313531,1338222599102815322204523610829624561969283441716
1236189254858718471128603624930063881324958313531-1345309773886921328764805451107636357621530213384,799.3548387096774,HTTPS >,Class -1,1236189254858718471128603624930063881324958313531,1345309773886921328764805451107636357621530213384
1236189254858718471128603624930063881324958313531-1375509225989204300559045429796274689340158771149,1211.1209848361325,HTTPS >,rst_count <=,1236189254858718471128603624930063881324958313531,1375509225989204300559045429796274689340158771149
1236189254858718471128603624930063881324958313531-1379366653555122327876205020011632492492609315477,1926.2783303440406,HTTPS >,Type <=,1236189254858718471128603624930063881324958313531,1379366653555122327876205020011632492492609315477
1236189254858718471128603624930063881324958313531-1418162538066850581097605911983264533342366443794,561.6207402576227,HTTPS >,Header_Length <=,1236189254858718471128603624930063881324958313531,1418162538066850581097605911983264533342366443794
1236189254858718471128603624930063881324958313531-1429650867505148313720594668477948880050562903683,782.8346649274417,HTTPS >,syn_flag_number >,1236189254858718471128603624930063881324958313531,1429650867505148313720594668477948880050562903683
1236189254858718471128603624930063881324958313531-1454952188391427871478129207189215566009723810659,2987.821686487169,HTTPS >,Std >,1236189254858718471128603624930063881324958313531,1454952188391427871478129207189215566009723810659
1236189254858718471128603624930063881324958313531-1455733501014453866297060548284701359849809242142,8491.988423283874,HTTPS >,DHCP <=,1236189254858718471128603624930063881324958313531,1455733501014453866297060548284701359849809242142
1236189254858718471128603624930063881324958313531-160227321490815016489601533331665083666172936667,1222.2321865318768,HTTPS >,IGMP <=,1236189254858718471128603624930063881324958313531,160227321490815016489601533331665083666172936667
1236189254858718471128603624930063881324958313531-171982518954274878349485416184092168691833932185,36302.31615848687,HTTPS >,Class 1,1236189254858718471128603624930063881324958313531,171982518954274878349485416184092168691833932185
1236189254858718471128603624930063881324958313531-207766774224049171901964708681563529125144087827,1080.6539713764248,HTTPS >,HTTP >,1236189254858718471128603624930063881324958313531,207766774224049171901964708681563529125144087827
1236189254858718471128603624930063881324958313531-215123608059624622405742600984392925785664489773,11246.474874160413,HTTPS >,Variance <=,1236189254858718471128603624930063881324958313531,215123608059624622405742600984392925785664489773
1236189254858718471128603624930063881324958313531-218607780770691257170847497927336330511308420255,666.67210174466,HTTPS >,ack_count >,1236189254858718471128603624930063881324958313531,218607780770691257170847497927336330511308420255
1236189254858718471128603624930063881324958313531-223165296026140232481876277255273629987157553131,7009.148051524539,HTTPS >,Header_Length >,1236189254858718471128603624930063881324958313531,223165296026140232481876277255273629987157553131
1236189254858718471128603624930063881324958313531-335418722972519651500040442315750311827115323662,282.8305886189467,HTTPS >,Rate >,1236189254858718471128603624930063881324958313531,335418722972519651500040442315750311827115323662
1236189254858718471128603624930063881324958313531-337274849629170698169636561573185333120886675912,7.0707647154736675,HTTPS >,ece_flag_number >,1236189254858718471128603624930063881324958313531,337274849629170698169636561573185333120886675912
1236189254858718471128603624930063881324958313531-338730224709676774412755851787278702947952010784,5663.682537094407,HTTPS >,sum <=,1236189254858718471128603624930063881324958313531,338730224709676774412755851787278702947952010784
1236189254858718471128603624930063881324958313531-371266811264664269299964157380215767396824640058,120.20300016305234,HTTPS >,ICMP >,1236189254858718471128603624930063881324958313531,371266811264664269299964157380215767396824640058
1236189254858718471128603624930063881324958313531-378316838538499851440768051160724422589084218125,1188.8985814446437,HTTPS >,IAT <=,1236189254858718471128603624930063881324958313531,378316838538499851440768051160724422589084218125
1236189254858718471128603624930063881324958313531-40351198695966294513339726256484683518911283460,6263.687428664602,HTTPS >,fin_flag_number <=,1236189254858718471128603624930063881324958313531,40351198695966294513339726256484683518911283460
1236189254858718471128603624930063881324958313531-417610515582391639059962073933335223318558562917,12855.660361976195,HTTPS >,fin_count <=,1236189254858718471128603624930063881324958313531,417610515582391639059962073933335223318558562917
1236189254858718471128603624930063881324958313531-450410814915736770904937984733342042835793211647,382.8314038806457,HTTPS >,ece_flag_number <=,1236189254858718471128603624930063881324958313531,450410814915736770904937984733342042835793211647
1236189254858718471128603624930063881324958313531-475011065740486827108472353828139148231878458661,10476.77162941885,HTTPS >,syn_flag_number <=,1236189254858718471128603624930063881324958313531,475011065740486827108472353828139148231878458661
1236189254858718471128603624930063881324958313531-505469541859377927785473031559292540931343582537,9635.432088700472,HTTPS >,ICMP <=,1236189254858718471128603624930063881324958313531,505469541859377927785473031559292540931343582537
1236189254858718471128603624930063881324958313531-520582048177068818674784514618258893555315007951,1569.7097668351541,HTTPS >,LLC <=,1236189254858718471128603624930063881324958313531,520582048177068818674784514618258893555315007951
1236189254858718471128603624930063881324958313531-559797210707093786647851972932919518973015855277,1016.6097868222151,HTTPS >,fin_count >,1236189254858718471128603624930063881324958313531,559797210707093786647851972932919518973015855277
1236189254858718471128603624930063881324958313531-579184915384053252333364217236378176158944003116,16.161747921082668,HTTPS >,cwr_flag_number >,1236189254858718471128603624930063881324958313531,579184915384053252333364217236378176158944003116
1236189254858718471128603624930063881324958313531-629827923182617752624696690572530002196221478554,123.23332789825534,HTTPS >,DHCP >,1236189254858718471128603624930063881324958313531,629827923182617752624696690572530002196221478554
1236189254858718471128603624930063881324958313531-681503808608794911981134712221284126975357543438,2097.9969020055437,HTTPS >,syn_count <=,1236189254858718471128603624930063881324958313531,681503808608794911981134712221284126975357543438
1236189254858718471128603624930063881324958313531-684418957212367241623111035135876005715150589706,11583.851362013012,HTTPS >,HTTP <=,1236189254858718471128603624930063881324958313531,684418957212367241623111035135876005715150589706
1236189254858718471128603624930063881324958313531-714914936218336719861297767221934377853836589461,724.248328713517,HTTPS >,UDP >,1236189254858718471128603624930063881324958313531,714914936218336719861297767221934377853836589461
1236189254858718471128603624930063881324958313531-786396322989194697344344278946426998739971577495,1373.7485732920268,HTTPS >,HTTPS <=,1236189254858718471128603624930063881324958313531,786396322989194697344344278946426998739971577495
1236189254858718471128603624930063881324958313531-791432257472445298809701838101022411569407290467,29.293168106962337,HTTPS >,rst_flag_number >,1236189254858718471128603624930063881324958313531,791432257472445298809701838101022411569407290467
1236189254858718471128603624930063881324958313531-795584812918386367255521286735341258439959854242,40.40436980270667,HTTPS >,syn_count >,1236189254858718471128603624930063881324958313531,795584812918386367255521286735341258439959854242
1236189254858718471128603624930063881324958313531-835140271881840015202809914014108690929910415575,144.44562204467636,HTTPS >,IAT >,1236189254858718471128603624930063881324958313531,835140271881840015202809914014108690929910415575
1236189254858718471128603624930063881324958313531-841356973986788424033641854148712928121319667477,1521.224523071906,HTTPS >,Variance >,1236189254858718471128603624930063881324958313531,841356973986788424033641854148712928121319667477
1236189254858718471128603624930063881324958313531-841518471221275042570144506781210008737201997031,4834.301386470864,HTTPS >,Min <=,1236189254858718471128603624930063881324958313531,841518471221275042570144506781210008737201997031
1236189254858718471128603624930063881324958313531-843826879422383561066103188424018239931401286651,3232.3495842165335,HTTPS >,ack_count <=,1236189254858718471128603624930063881324958313531,843826879422383561066103188424018239931401286651
1236189254858718471128603624930063881324958313531-896530251803066355404557928035950607124936193677,2261.634599706506,HTTPS >,psh_flag_number <=,1236189254858718471128603624930063881324958313531,896530251803066355404557928035950607124936193677
1236189254858718471128603624930063881324958313531-922599836131670820904126277297069322180441856169,8004.024197493202,HTTPS >,Rate <=,1236189254858718471128603624930063881324958313531,922599836131670820904126277297069322180441856169
1236189254858718471128603624930063881324958313531-926368966621798523173828527325665066772113177503,1793.9540192401762,HTTPS >,UDP <=,1236189254858718471128603624930063881324958313531,926368966621798523173828527325665066772113177503
1236189254858718471128603624930063881324958313531-940331364486966071141541838460909450599289486914,4.040436980270667,HTTPS >,rst_count >,1236189254858718471128603624930063881324958313531,940331364486966071141541838460909450599289486914
1236189254858718471128603624930063881324958313531-974265510705878984211701297112044370513255377925,8556.635414968205,HTTPS >,Std <=,1236189254858718471128603624930063881324958313531,974265510705878984211701297112044370513255377925
1251276136943778783713685275011300537715092657394-1043469376771332113858820724324827897913309990452,2112.0080947597085,fin_flag_number >,LLC >,1251276136943778783713685275011300537715092657394,1043469376771332113858820724324827897913309990452
1251276136943778783713685275011300537715092657394-1043754360836331848364792327262011021650379248223,294.8704391367694,fin_flag_number >,DNS >,1251276136943778783713685275011300537715092657394,1043754360836331848364792327262011021650379248223
1251276136943778783713685275011300537715092657394-1077028023530208599426324724984012030801332581683,1070.6343393487375,fin_flag_number >,Time_To_Live >,1251276136943778783713685275011300537715092657394,1077028023530208599426324724984012030801332581683
1251276136943778783713685275011300537715092657394-1085488307210616684491611463585545838953333018237,1134.4667268031749,fin_flag_number >,Type >,1251276136943778783713685275011300537715092657394,1085488307210616684491611463585545838953333018237
1251276136943778783713685275011300537715092657394-1091995366823138898995898948102109473193356840202,2701.6675126102577,fin_flag_number >,DNS <=,1251276136943778783713685275011300537715092657394,1091995366823138898995898948102109473193356840202
1251276136943778783713685275011300537715092657394-109928824856976412487775174607761519739702474552,565.6611772378934,fin_flag_number >,Number <=,1251276136943778783713685275011300537715092657394,109928824856976412487775174607761519739702474552
1251276136943778783713685275011300537715092657394-1118614325010621431186771152252517336813918651911,39.394260557639,fin_flag_number >,sum >,1251276136943778783713685275011300537715092657394,1118614325010621431186771152252517336813918651911
1251276136943778783713685275011300537715092657394-1142857970576506471478393393000113013376204379484,2752.694321570773,fin_flag_number >,rst_flag_number <=,1251276136943778783713685275011300537715092657394,1142857970576506471478393393000113013376204379484
1251276136943778783713685275011300537715092657394-1184472685782376059334758133512718430805424685192,2.0202184901353335,fin_flag_number >,SSH >,1251276136943778783713685275011300537715092657394,1184472685782376059334758133512718430805424685192
1251276136943778783713685275011300537715092657394-1232849963170894971818913290506039176322619533319,251.4357415988597,fin_flag_number >,psh_flag_number >,1251276136943778783713685275011300537715092657394,1232849963170894971818913290506039176322619533319
1251276136943778783713685275011300537715092657394-1233133706649643691022119102239698495899057226060,3645.63089421059,fin_flag_number >,Time_To_Live <=,1251276136943778783713685275011300537715092657394,1233133706649643691022119102239698495899057226060
1251276136943778783713685275011300537715092657394-1236189254858718471128603624930063881324958313531,232.32512636556336,fin_flag_number >,HTTPS >,1251276136943778783713685275011300537715092657394,1236189254858718471128603624930063881324958313531
1251276136943778783713685275011300537715092657394-1251276136943778783713685275011300537715092657394,1399.2782698568822,fin_flag_number >,fin_flag_number >,1251276136943778783713685275011300537715092657394,1251276136943778783713685275011300537715092657394
1251276136943778783713685275011300537715092657394-1329847435934461746074927120436757452470095790255,267.59748951994237,fin_flag_number >,Min >,1251276136943778783713685275011300537715092657394,1329847435934461746074927120436757452470095790255
1251276136943778783713685275011300537715092657394-1338222599102815322204523610829624561969283441716,398.911691378739,fin_flag_number >,SSH <=,1251276136943778783713685275011300537715092657394,1338222599102815322204523610829624561969283441716
1251276136943778783713685275011300537715092657394-1345309773886921328764805451107636357621530213384,18784.83870967742,fin_flag_number >,Class -1,1251276136943778783713685275011300537715092657394,1345309773886921328764805451107636357621530213384
1251276136943778783713685275011300537715092657394-1375509225989204300559045429796274689340158771149,1945.0631038853794,fin_flag_number >,rst_count <=,1251276136943778783713685275011300537715092657394,1375509225989204300559045429796274689340158771149
1251276136943778783713685275011300537715092657394-1379366653555122327876205020011632492492609315477,333.2545904493407,fin_flag_number >,Type <=,1251276136943778783713685275011300537715092657394,1379366653555122327876205020011632492492609315477
1251276136943778783713685275011300537715092657394-1418162538066850581097605911983264533342366443794,1288.5735550143854,fin_flag_number >,Header_Length <=,1251276136943778783713685275011300537715092657394,1418162538066850581097605911983264533342366443794
1251276136943778783713685275011300537715092657394-1429650867505148313720594668477948880050562903683,2777.7841318514857,fin_flag_number >,syn_flag_number >,1251276136943778783713685275011300537715092657394,1429650867505148313720594668477948880050562903683
1251276136943778783713685275011300537715092657394-1454952188391427871478129207189215566009723810659,519.9618799408804,fin_flag_number >,Std >,1251276136943778783713685275011300537715092657394,1454952188391427871478129207189215566009723810659
1251276136943778783713685275011300537715092657394-1455733501014453866297060548284701359849809242142,191.83929613986737,fin_flag_number >,DHCP <=,1251276136943778783713685275011300537715092657394,1455733501014453866297060548284701359849809242142
1251276136943778783713685275011300537715092657394-160227321490815016489601533331665083666172936667,699.5169442939571,fin_flag_number >,IGMP <=,1251276136943778783713685275011300537715092657394,160227321490815016489601533331665083666172936667
1251276136943778783713685275011300537715092657394-171982518954274878349485416184092168691833932185,3475.7859122778414,fin_flag_number >,Class 1,1251276136943778783713685275011300537715092657394,171982518954274878349485416184092168691833932185
1251276136943778783713685275011300537715092657394-207766774224049171901964708681563529125144087827,1205.1743739579115,fin_flag_number >,HTTP >,1251276136943778783713685275011300537715092657394,207766774224049171901964708681563529125144087827
1251276136943778783713685275011300537715092657394-215123608059624622405742600984392925785664489773,443.27503773872706,fin_flag_number >,Variance <=,1251276136943778783713685275011300537715092657394,215123608059624622405742600984392925785664489773
1251276136943778783713685275011300537715092657394-218607780770691257170847497927336330511308420255,4774.232470558533,fin_flag_number >,ack_count >,1251276136943778783713685275011300537715092657394,218607780770691257170847497927336330511308420255
1251276136943778783713685275011300537715092657394-223165296026140232481876277255273629987157553131,2816.2497435870464,fin_flag_number >,Header_Length >,1251276136943778783713685275011300537715092657394,223165296026140232481876277255273629987157553131
1251276136943778783713685275011300537715092657394-335418722972519651500040442315750311827115323662,30.30327735203,fin_flag_number >,Rate >,1251276136943778783713685275011300537715092657394,335418722972519651500040442315750311827115323662
1251276136943778783713685275011300537715092657394-337274849629170698169636561573185333120886675912,2.0202184901353335,fin_flag_number >,ece_flag_number >,1251276136943778783713685275011300537715092657394,337274849629170698169636561573185333120886675912
1251276136943778783713685275011300537715092657394-338730224709676774412755851787278702947952010784,602.8722984594184,fin_flag_number >,sum <=,1251276136943778783713685275011300537715092657394,338730224709676774412755851787278702947952010784
1251276136943778783713685275011300537715092657394-371266811264664269299964157380215767396824640058,127.19230445553669,fin_flag_number >,ICMP >,1251276136943778783713685275011300537715092657394,371266811264664269299964157380215767396824640058
1251276136943778783713685275011300537715092657394-378316838538499851440768051160724422589084218125,7642.763513620131,fin_flag_number >,IAT <=,1251276136943778783713685275011300537715092657394,378316838538499851440768051160724422589084218125
1251276136943778783713685275011300537715092657394-40351198695966294513339726256484683518911283460,1547.4873634436656,fin_flag_number >,fin_flag_number <=,1251276136943778783713685275011300537715092657394,40351198695966294513339726256484683518911283460
1251276136943778783713685275011300537715092657394-417610515582391639059962073933335223318558562917,1363.6474808413502,fin_flag_number >,fin_count <=,1251276136943778783713685275011300537715092657394,417610515582391639059962073933335223318558562917
1251276136943778783713685275011300537715092657394-426624906449189252299067265451872698344494536313,3896.8548387096776,fin_flag_number >,Number >,1251276136943778783713685275011300537715092657394,426624906449189252299067265451872698344494536313
1251276136943778783713685275011300537715092657394-450410814915736770904937984733342042835793211647,412.97176038669704,fin_flag_number >,ece_flag_number <=,1251276136943778783713685275011300537715092657394,450410814915736770904937984733342042835793211647
1251276136943778783713685275011300537715092657394-475011065740486827108472353828139148231878458661,2684.0557691599647,fin_flag_number >,syn_flag_number <=,1251276136943778783713685275011300537715092657394,475011065740486827108472353828139148231878458661
1251276136943778783713685275011300537715092657394-505469541859377927785473031559292540931343582537,365.49662586851673,fin_flag_number >,ICMP <=,1251276136943778783713685275011300537715092657394,505469541859377927785473031559292540931343582537
1251276136943778783713685275011300537715092657394-520582048177068818674784514618258893555315007951,148.40459860195767,fin_flag_number >,LLC <=,1251276136943778783713685275011300537715092657394,520582048177068818674784514618258893555315007951
1251276136943778783713685275011300537715092657394-559797210707093786647851972932919518973015855277,75.758193380075,fin_flag_number >,fin_count >,1251276136943778783713685275011300537715092657394,559797210707093786647851972932919518973015855277
1251276136943778783713685275011300537715092657394-681503808608794911981134712221284126975357543438,245.3750861284537,fin_flag_number >,syn_count <=,1251276136943778783713685275011300537715092657394,681503808608794911981134712221284126975357543438
1251276136943778783713685275011300537715092657394-684418957212367241623111035135876005715150589706,329.1326930460807,fin_flag_number >,HTTP <=,1251276136943778783713685275011300537715092657394,684418957212367241623111035135876005715150589706
1251276136943778783713685275011300537715092657394-714914936218336719861297767221934377853836589461,309.093428990706,fin_flag_number >,UDP >,1251276136943778783713685275011300537715092657394,714914936218336719861297767221934377853836589461
1251276136943778783713685275011300537715092657394-786396322989194697344344278946426998739971577495,47.47513451818034,fin_flag_number >,HTTPS <=,1251276136943778783713685275011300537715092657394,786396322989194697344344278946426998739971577495
1251276136943778783713685275011300537715092657394-791432257472445298809701838101022411569407290467,1306.0223776186995,fin_flag_number >,rst_flag_number >,1251276136943778783713685275011300537715092657394,791432257472445298809701838101022411569407290467
1251276136943778783713685275011300537715092657394-795584812918386367255521286735341258439959854242,131.31420185879668,fin_flag_number >,syn_count >,1251276136943778783713685275011300537715092657394,795584812918386367255521286735341258439959854242
1251276136943778783713685275011300537715092657394-835140271881840015202809914014108690929910415575,679.5591406615717,fin_flag_number >,IAT >,1251276136943778783713685275011300537715092657394,835140271881840015202809914014108690929910415575
1251276136943778783713685275011300537715092657394-841356973986788424033641854148712928121319667477,50.505462253383335,fin_flag_number >,Variance >,1251276136943778783713685275011300537715092657394,841356973986788424033641854148712928121319667477
1251276136943778783713685275011300537715092657394-841518471221275042570144506781210008737201997031,274.66825423541604,fin_flag_number >,Min <=,1251276136943778783713685275011300537715092657394,841518471221275042570144506781210008737201997031
1251276136943778783713685275011300537715092657394-843826879422383561066103188424018239931401286651,2068.980699336745,fin_flag_number >,ack_count <=,1251276136943778783713685275011300537715092657394,843826879422383561066103188424018239931401286651
1251276136943778783713685275011300537715092657394-896530251803066355404557928035950607124936193677,1308.2869773778027,fin_flag_number >,psh_flag_number <=,1251276136943778783713685275011300537715092657394,896530251803066355404557928035950607124936193677
1251276136943778783713685275011300537715092657394-922599836131670820904126277297069322180441856169,886.2242337854968,fin_flag_number >,Rate <=,1251276136943778783713685275011300537715092657394,922599836131670820904126277297069322180441856169
1251276136943778783713685275011300537715092657394-926368966621798523173828527325665066772113177503,1211.7237919662534,fin_flag_number >,UDP <=,1251276136943778783713685275011300537715092657394,926368966621798523173828527325665066772113177503
1251276136943778783713685275011300537715092657394-940331364486966071141541838460909450599289486914,746.9106183891481,fin_flag_number >,rst_count >,1251276136943778783713685275011300537715092657394,940331364486966071141541838460909450599289486914
1251276136943778783713685275011300537715092657394-974265510705878984211701297112044370513255377925,523.0736680990727,fin_flag_number >,Std <=,1251276136943778783713685275011300537715092657394,974265510705878984211701297112044370513255377925
1329847435934461746074927120436757452470095790255-1043469376771332113858820724324827897913309990452,130.304092613729,Min >,LLC >,1329847435934461746074927120436757452470095790255,1043469376771332113858820724324827897913309990452
1329847435934461746074927120436757452470095790255-1043754360836331848364792327262011021650379248223,112.12212620251101,Min >,DNS >,1329847435934461746074927120436757452470095790255,1043754360836331848364792327262011021650379248223
1329847435934461746074927120436757452470095790255-1077028023530208599426324724984012030801332581683,580.8128159139084,Min >,Time_To_Live >,1329847435934461746074927120436757452470095790255,1077028023530208599426324724984012030801332581683
1329847435934461746074927120436757452470095790255-1085488307210616684491611463585545838953333018237,70.70764715473668,Min >,Type >,1329847435934461746074927120436757452470095790255,1085488307210616684491611463585545838953333018237
1329847435934461746074927120436757452470095790255-1091995366823138898995898948102109473193356840202,486.87265612261535,Min >,DNS <=,1329847435934461746074927120436757452470095790255,1091995366823138898995898948102109473193356840202
1329847435934461746074927120436757452470095790255-109928824856976412487775174607761519739702474552,115.15245393771401,Min >,Number <=,1329847435934461746074927120436757452470095790255,109928824856976412487775174607761519739702474552
1329847435934461746074927120436757452470095790255-1118614325010621431186771152252517336813918651911,1744.3772058088712,Min >,sum >,1329847435934461746074927120436757452470095790255,1118614325010621431186771152252517336813918651911
1329847435934461746074927120436757452470095790255-1142857970576506471478393393000113013376204379484,110.10190771237568,Min >,rst_flag_number <=,1329847435934461746074927120436757452470095790255,1142857970576506471478393393000113013376204379484
1329847435934461746074927120436757452470095790255-1184472685782376059334758133512718430805424685192,42.424588292842,Min >,SSH >,1329847435934461746074927120436757452470095790255,1184472685782376059334758133512718430805424685192
1329847435934461746074927120436757452470095790255-1232849963170894971818913290506039176322619533319,551.5196478069461,Min >,psh_flag_number >,1329847435934461746074927120436757452470095790255,1232849963170894971818913290506039176322619533319
1329847435934461746074927120436757452470095790255-1233133706649643691022119102239698495899057226060,419.1953367030817,Min >,Time_To_Live <=,1329847435934461746074927120436757452470095790255,1233133706649643691022119102239698495899057226060
1329847435934461746074927120436757452470095790255-1236189254858718471128603624930063881324958313531,1314.1521278330345,Min >,HTTPS >,1329847435934461746074927120436757452470095790255,1236189254858718471128603624930063881324958313531
1329847435934461746074927120436757452470095790255-1239329028096551917906154637654656383307088642249,257.577857492255,Min >,cwr_flag_number <=,1329847435934461746074927120436757452470095790255,1239329028096551917906154637654656383307088642249
1329847435934461746074927120436757452470095790255-1251276136943778783713685275011300537715092657394,125.25354638839067,Min >,fin_flag_number >,1329847435934461746074927120436757452470095790255,1251276136943778783713685275011300537715092657394
1329847435934461746074927120436757452470095790255-1329847435934461746074927120436757452470095790255,83.83906734061634,Min >,Min >,1329847435934461746074927120436757452470095790255,1329847435934461746074927120436757452470095790255
1329847435934461746074927120436757452470095790255-1338222599102815322204523610829624561969283441716,739.3999673895321,Min >,SSH <=,1329847435934461746074927120436757452470095790255,1338222599102815322204523610829624561969283441716
1329847435934461746074927120436757452470095790255-1345309773886921328764805451107636357621530213384,399.6774193548387,Min >,Class -1,1329847435934461746074927120436757452470095790255,1345309773886921328764805451107636357621530213384
1329847435934461746074927120436757452470095790255-1375509225989204300559045429796274689340158771149,276.7699331485407,Min >,rst_count <=,1329847435934461746074927120436757452470095790255,1375509225989204300559045429796274689340158771149
1329847435934461746074927120436757452470095790255-1379366653555122327876205020011632492492609315477,155.55682374042067,Min >,Type <=,1329847435934461746074927120436757452470095790255,1379366653555122327876205020011632492492609315477
1329847435934461746074927120436757452470095790255-1418162538066850581097605911983264533342366443794,331.23437195920536,Min >,Header_Length <=,1329847435934461746074927120436757452470095790255,1418162538066850581097605911983264533342366443794
1329847435934461746074927120436757452470095790255-1429650867505148313720594668477948880050562903683,79.79863036034567,Min >,syn_flag_number >,1329847435934461746074927120436757452470095790255,1429650867505148313720594668477948880050562903683
1329847435934461746074927120436757452470095790255-1454952188391427871478129207189215566009723810659,1150.5144301320724,Min >,Std >,1329847435934461746074927120436757452470095790255,1454952188391427871478129207189215566009723810659
1329847435934461746074927120436757452470095790255-1455733501014453866297060548284701359849809242142,52.52568074351867,Min >,DHCP <=,1329847435934461746074927120436757452470095790255,1455733501014453866297060548284701359849809242142
1329847435934461746074927120436757452470095790255-160227321490815016489601533331665083666172936667,138.38496657427035,Min >,IGMP <=,1329847435934461746074927120436757452470095790255,160227321490815016489601533331665083666172936667
1329847435934461746074927120436757452470095790255-171982518954274878349485416184092168691833932185,6377.829773357248,Min >,Class 1,1329847435934461746074927120436757452470095790255,171982518954274878349485416184092168691833932185
1329847435934461746074927120436757452470095790255-207766774224049171901964708681563529125144087827,240.40600032610467,Min >,HTTP >,1329847435934461746074927120436757452470095790255,207766774224049171901964708681563529125144087827
1329847435934461746074927120436757452470095790255-215123608059624622405742600984392925785664489773,1173.7469427686287,Min >,Variance <=,1329847435934461746074927120436757452470095790255,215123608059624622405742600984392925785664489773
1329847435934461746074927120436757452470095790255-218607780770691257170847497927336330511308420255,311.11364748084134,Min >,ack_count >,1329847435934461746074927120436757452470095790255,218607780770691257170847497927336330511308420255
1329847435934461746074927120436757452470095790255-223165296026140232481876277255273629987157553131,483.84232838741235,Min >,Header_Length >,1329847435934461746074927120436757452470095790255,223165296026140232481876277255273629987157553131
1329847435934461746074927120436757452470095790255-335418722972519651500040442315750311827115323662,939.4015979129301,Min >,Rate >,1329847435934461746074927120436757452470095790255,335418722972519651500040442315750311827115323662
1329847435934461746074927120436757452470095790255-338730224709676774412755851787278702947952010784,677.7833034404044,Min >,sum <=,1329847435934461746074927120436757452470095790255,338730224709676774412755851787278702947952010784
1329847435934461746074927120436757452470095790255-371266811264664269299964157380215767396824640058,57.57622696885701,Min >,ICMP >,1329847435934461746074927120436757452470095790255,371266811264664269299964157380215767396824640058
1329847435934461746074927120436757452470095790255-378316838538499851440768051160724422589084218125,1029.219860300963,Min >,IAT <=,1329847435934461746074927120436757452470095790255,378316838538499851440768051160724422589084218125
1329847435934461746074927120436757452470095790255-40351198695966294513339726256484683518911283460,871.7242784933964,Min >,fin_flag_number <=,1329847435934461746074927120436757452470095790255,40351198695966294513339726256484683518911283460
1329847435934461746074927120436757452470095790255-417610515582391639059962073933335223318558562917,235.35545410076637,Min >,fin_count <=,1329847435934461746074927120436757452470095790255,417610515582391639059962073933335223318558562917
1329847435934461746074927120436757452470095790255-450410814915736770904937984733342042835793211647,143.4355127996087,Min >,ece_flag_number <=,1329847435934461746074927120436757452470095790255,450410814915736770904937984733342042835793211647
1329847435934461746074927120436757452470095790255-475011065740486827108472353828139148231878458661,508.08495026903637,Min >,syn_flag_number <=,1329847435934461746074927120436757452470095790255,475011065740486827108472353828139148231878458661
1329847435934461746074927120436757452470095790255-505469541859377927785473031559292540931343582537,740.4100766345997,Min >,ICMP <=,1329847435934461746074927120436757452470095790255,505469541859377927785473031559292540931343582537
1329847435934461746074927120436757452470095790255-629827923182617752624696690572530002196221478554,9.090983205609001,Min >,DHCP >,1329847435934461746074927120436757452470095790255,629827923182617752624696690572530002196221478554
1329847435934461746074927120436757452470095790255-681503808608794911981134712221284126975357543438,469.70079895646506,Min >,syn_count <=,1329847435934461746074927120436757452470095790255,681503808608794911981134712221284126975357543438
1329847435934461746074927120436757452470095790255-684418957212367241623111035135876005715150589706,1355.5666068808089,Min >,HTTP <=,1329847435934461746074927120436757452470095790255,684418957212367241623111035135876005715150589706
1329847435934461746074927120436757452470095790255-714914936218336719861297767221934377853836589461,104.04125224196967,Min >,UDP >,1329847435934461746074927120436757452470095790255,714914936218336719861297767221934377853836589461
1329847435934461746074927120436757452470095790255-786396322989194697344344278946426998739971577495,230.30490787542803,Min >,HTTPS <=,1329847435934461746074927120436757452470095790255,786396322989194697344344278946426998739971577495
1329847435934461746074927120436757452470095790255-795584812918386367255521286735341258439959854242,1.0101092450676668,Min >,syn_count >,1329847435934461746074927120436757452470095790255,795584812918386367255521286735341258439959854242
1329847435934461746074927120436757452470095790255-835140271881840015202809914014108690929910415575,315.154084461112,Min >,IAT >,1329847435934461746074927120436757452470095790255,835140271881840015202809914014108690929910415575
1329847435934461746074927120436757452470095790255-841356973986788424033641854148712928121319667477,186.87021033751836,Min >,Variance >,1329847435934461746074927120436757452470095790255,841356973986788424033641854148712928121319667477
1329847435934461746074927120436757452470095790255-841518471221275042570144506781210008737201997031,50.505462253383335,Min >,Min <=,1329847435934461746074927120436757452470095790255,841518471221275042570144506781210008737201997031
1329847435934461746074927120436757452470095790255-843826879422383561066103188424018239931401286651,434.3469753790967,Min >,ack_count <=,1329847435934461746074927120436757452470095790255,843826879422383561066103188424018239931401286651
1329847435934461746074927120436757452470095790255-896530251803066355404557928035950607124936193677,1210.1108755910648,Min >,psh_flag_number <=,1329847435934461746074927120436757452470095790255,896530251803066355404557928035950607124936193677
1329847435934461746074927120436757452470095790255-922599836131670820904126277297069322180441856169,1897.9952714821459,Min >,Rate <=,1329847435934461746074927120436757452470095790255,922599836131670820904126277297069322180441856169
1329847435934461746074927120436757452470095790255-926368966621798523173828527325665066772113177503,901.0174466003588,Min >,UDP <=,1329847435934461746074927120436757452470095790255,926368966621798523173828527325665066772113177503
1329847435934461746074927120436757452470095790255-974265510705878984211701297112044370513255377925,1355.5666068808089,Min >,Std <=,1329847435934461746074927120436757452470095790255,974265510705878984211701297112044370513255377925
1338222599102815322204523610829624561969283441716-1043469376771332113858820724324827897913309990452,1245.464699168433,SSH <=,LLC >,1338222599102815322204523610829624561969283441716,1043469376771332113858820724324827897913309990452
1338222599102815322204523610829624561969283441716-1043754360836331848364792327262011021650379248223,34.34371433230067,SSH <=,DNS >,1338222599102815322204523610829624561969283441716,1043754360836331848364792327262011021650379248223
1338222599102815322204523610829624561969283441716-1077028023530208599426324724984012030801332581683,3758.616500896788,SSH <=,Time_To_Live >,1338222599102815322204523610829624561969283441716,1077028023530208599426324724984012030801332581683
1338222599102815322204523610829624561969283441716-1085488307210616684491611463585545838953333018237,295.9620088048264,SSH <=,Type >,1338222599102815322204523610829624561969283441716,1085488307210616684491611463585545838953333018237
1338222599102815322204523610829624561969283441716-1091995366823138898995898948102109473193356840202,69.69753790966901,SSH <=,DNS <=,1338222599102815322204523610829624561969283441716,1091995366823138898995898948102109473193356840202
1338222599102815322204523610829624561969283441716-109928824856976412487775174607761519739702474552,963.644219794554,SSH <=,Number <=,1338222599102815322204523610829624561969283441716,109928824856976412487775174607761519739702474552
1338222599102815322204523610829624561969283441716-1118614325010621431186771152252517336813918651911,2928.7465877353084,SSH <=,sum >,1338222599102815322204523610829624561969283441716,1118614325010621431186771152252517336813918651911
1338222599102815322204523610829624561969283441716-1142857970576506471478393393000113013376204379484,2660.3019098162767,SSH <=,rst_flag_number <=,1338222599102815322204523610829624561969283441716,1142857970576506471478393393000113013376204379484
1338222599102815322204523610829624561969283441716-1184472685782376059334758133512718430805424685192,285.8609163541497,SSH <=,SSH >,1338222599102815322204523610829624561969283441716,1184472685782376059334758133512718430805424685192
1338222599102815322204523610829624561969283441716-1232849963170894971818913290506039176322619533319,4440.114399625506,SSH <=,psh_flag_number >,1338222599102815322204523610829624561969283441716,1232849963170894971818913290506039176322619533319
1338222599102815322204523610829624561969283441716-1233133706649643691022119102239698495899057226060,9327.413937293226,SSH <=,Time_To_Live <=,1338222599102815322204523610829624561969283441716,1233133706649643691022119102239698495899057226060
1338222599102815322204523610829624561969283441716-1236189254858718471128603624930063881324958313531,11878.88472199576,SSH <=,HTTPS >,1338222599102815322204523610829624561969283441716,1236189254858718471128603624930063881324958313531
1338222599102815322204523610829624561969283441716-1239329028096551917906154637654656383307088642249,809.0975052992011,SSH <=,cwr_flag_number <=,1338222599102815322204523610829624561969283441716,1239329028096551917906154637654656383307088642249
1338222599102815322204523610829624561969283441716-1251276136943778783713685275011300537715092657394,340.4068155878037,SSH <=,fin_flag_number >,1338222599102815322204523610829624561969283441716,1251276136943778783713685275011300537715092657394
1338222599102815322204523610829624561969283441716-1329847435934461746074927120436757452470095790255,943.4420348932008,SSH <=,Min >,1338222599102815322204523610829624561969283441716,1329847435934461746074927120436757452470095790255
1338222599102815322204523610829624561969283441716-1338222599102815322204523610829624561969283441716,32196.07544852543,SSH <=,SSH <=,1338222599102815322204523610829624561969283441716,1338222599102815322204523610829624561969283441716
1338222599102815322204523610829624561969283441716-1345309773886921328764805451107636357621530213384,17186.129032258064,SSH <=,Class -1,1338222599102815322204523610829624561969283441716,1345309773886921328764805451107636357621530213384
1338222599102815322204523610829624561969283441716-1375509225989204300559045429796274689340158771149,23632.67881844911,SSH <=,rst_count <=,1338222599102815322204523610829624561969283441716,1375509225989204300559045429796274689340158771149
1338222599102815322204523610829624561969283441716-1379366653555122327876205020011632492492609315477,2784.871188651557,SSH <=,Type <=,1338222599102815322204523610829624561969283441716,1379366653555122327876205020011632492492609315477
1338222599102815322204523610829624561969283441716-1418162538066850581097605911983264533342366443794,3566.695744333931,SSH <=,Header_Length <=,1338222599102815322204523610829624561969283441716,1418162538066850581097605911983264533342366443794
1338222599102815322204523610829624561969283441716-1429650867505148313720594668477948880050562903683,12431.9847020087,SSH <=,syn_flag_number >,1338222599102815322204523610829624561969283441716,1429650867505148313720594668477948880050562903683
1338222599102815322204523610829624561969283441716-1454952188391427871478129207189215566009723810659,713.0556665947834,SSH <=,Std >,1338222599102815322204523610829624561969283441716,1454952188391427871478129207189215566009723810659
1338222599102815322204523610829624561969283441716-1455733501014453866297060548284701359849809242142,18567.795558664653,SSH <=,DHCP <=,1338222599102815322204523610829624561969283441716,1455733501014453866297060548284701359849809242142
1338222599102815322204523610829624561969283441716-160227321490815016489601533331665083666172936667,7768.750203815425,SSH <=,IGMP <=,1338222599102815322204523610829624561969283441716,160227321490815016489601533331665083666172936667
1338222599102815322204523610829624561969283441716-171982518954274878349485416184092168691833932185,48975.14674710582,SSH <=,Class 1,1338222599102815322204523610829624561969283441716,171982518954274878349485416184092168691833932185
1338222599102815322204523610829624561969283441716-207766774224049171901964708681563529125144087827,742.3488347017458,SSH <=,HTTP >,1338222599102815322204523610829624561969283441716,207766774224049171901964708681563529125144087827
1338222599102815322204523610829624561969283441716-215123608059624622405742600984392925785664489773,10427.699870610079,SSH <=,Variance <=,1338222599102815322204523610829624561969283441716,215123608059624622405742600984392925785664489773
1338222599102815322204523610829624561969283441716-218607780770691257170847497927336330511308420255,5503.515053412791,SSH <=,ack_count >,1338222599102815322204523610829624561969283441716,218607780770691257170847497927336330511308420255
1338222599102815322204523610829624561969283441716-223165296026140232481876277255273629987157553131,2069.7138431436492,SSH <=,Header_Length >,1338222599102815322204523610829624561969283441716,223165296026140232481876277255273629987157553131
1338222599102815322204523610829624561969283441716-335418722972519651500040442315750311827115323662,269.69916843306703,SSH <=,Rate >,1338222599102815322204523610829624561969283441716,335418722972519651500040442315750311827115323662
1338222599102815322204523610829624561969283441716-337274849629170698169636561573185333120886675912,282.667667772968,SSH <=,ece_flag_number >,1338222599102815322204523610829624561969283441716,337274849629170698169636561573185333120886675912
1338222599102815322204523610829624561969283441716-338730224709676774412755851787278702947952010784,14878.892887762133,SSH <=,sum <=,1338222599102815322204523610829624561969283441716,338730224709676774412755851787278702947952010784
1338222599102815322204523610829624561969283441716-371266811264664269299964157380215767396824640058,38.38415131257133,SSH <=,ICMP >,1338222599102815322204523610829624561969283441716,371266811264664269299964157380215767396824640058
1338222599102815322204523610829624561969283441716-378316838538499851440768051160724422589084218125,794.9559758682537,SSH <=,IAT <=,1338222599102815322204523610829624561969283441716,378316838538499851440768051160724422589084218125
1338222599102815322204523610829624561969283441716-40351198695966294513339726256484683518911283460,13027.655899075862,SSH <=,fin_flag_number <=,1338222599102815322204523610829624561969283441716,40351198695966294513339726256484683518911283460
1338222599102815322204523610829624561969283441716-417610515582391639059962073933335223318558562917,26995.03923775661,SSH <=,fin_count <=,1338222599102815322204523610829624561969283441716,417610515582391639059962073933335223318558562917
1338222599102815322204523610829624561969283441716-426624906449189252299067265451872698344494536313,1.0101092450676668,SSH <=,Number >,1338222599102815322204523610829624561969283441716,426624906449189252299067265451872698344494536313
1338222599102815322204523610829624561969283441716-450410814915736770904937984733342042835793211647,21557.751508234145,SSH <=,ece_flag_number <=,1338222599102815322204523610829624561969283441716,450410814915736770904937984733342042835793211647
1338222599102815322204523610829624561969283441716-475011065740486827108472353828139148231878458661,19638.44619009799,SSH <=,syn_flag_number <=,1338222599102815322204523610829624561969283441716,475011065740486827108472353828139148231878458661
1338222599102815322204523610829624561969283441716-505469541859377927785473031559292540931343582537,8934.367396369718,SSH <=,ICMP <=,1338222599102815322204523610829624561969283441716,505469541859377927785473031559292540931343582537
1338222599102815322204523610829624561969283441716-510505520442458443414009447271658614884328320759,6025.301646828632,SSH <=,IRC <=,1338222599102815322204523610829624561969283441716,510505520442458443414009447271658614884328320759
1338222599102815322204523610829624561969283441716-520582048177068818674784514618258893555315007951,910.1084298059677,SSH <=,LLC <=,1338222599102815322204523610829624561969283441716,520582048177068818674784514618258893555315007951
1338222599102815322204523610829624561969283441716-559797210707093786647851972932919518973015855277,24543.276010793015,SSH <=,fin_count >,1338222599102815322204523610829624561969283441716,559797210707093786647851972932919518973015855277
1338222599102815322204523610829624561969283441716-565103970815292376991711972572924808853013487374,5.0505462253383335,SSH <=,IGMP >,1338222599102815322204523610829624561969283441716,565103970815292376991711972572924808853013487374
1338222599102815322204523610829624561969283441716-579184915384053252333364217236378176158944003116,1.0101092450676668,SSH <=,cwr_flag_number >,1338222599102815322204523610829624561969283441716,579184915384053252333364217236378176158944003116
1338222599102815322204523610829624561969283441716-629827923182617752624696690572530002196221478554,14.141529430947335,SSH <=,DHCP >,1338222599102815322204523610829624561969283441716,629827923182617752624696690572530002196221478554
1338222599102815322204523610829624561969283441716-681503808608794911981134712221284126975357543438,13924.193022411808,SSH <=,syn_count <=,1338222599102815322204523610829624561969283441716,681503808608794911981134712221284126975357543438
1338222599102815322204523610829624561969283441716-684418957212367241623111035135876005715150589706,10545.459058083452,SSH <=,HTTP <=,1338222599102815322204523610829624561969283441716,684418957212367241623111035135876005715150589706
1338222599102815322204523610829624561969283441716-714914936218336719861297767221934377853836589461,646.306995997328,SSH <=,UDP >,1338222599102815322204523610829624561969283441716,714914936218336719861297767221934377853836589461
1338222599102815322204523610829624561969283441716-786396322989194697344344278946426998739971577495,5945.77998190645,SSH <=,HTTPS <=,1338222599102815322204523610829624561969283441716,786396322989194697344344278946426998739971577495
1338222599102815322204523610829624561969283441716-791432257472445298809701838101022411569407290467,614.6677677082731,SSH <=,rst_flag_number >,1338222599102815322204523610829624561969283441716,791432257472445298809701838101022411569407290467
1338222599102815322204523610829624561969283441716-795584812918386367255521286735341258439959854242,1461.5466171899245,SSH <=,syn_count >,1338222599102815322204523610829624561969283441716,795584812918386367255521286735341258439959854242
1338222599102815322204523610829624561969283441716-835140271881840015202809914014108690929910415575,1805.0652209359205,SSH <=,IAT >,1338222599102815322204523610829624561969283441716,835140271881840015202809914014108690929910415575
1338222599102815322204523610829624561969283441716-841356973986788424033641854148712928121319667477,201.94038859054402,SSH <=,Variance >,1338222599102815322204523610829624561969283441716,841356973986788424033641854148712928121319667477
1338222599102815322204523610829624561969283441716-841518471221275042570144506781210008737201997031,12841.518832545247,SSH <=,Min <=,1338222599102815322204523610829624561969283441716,841518471221275042570144506781210008737201997031
1338222599102815322204523610829624561969283441716-843826879422383561066103188424018239931401286651,4901.2455620834935,SSH <=,ack_count <=,1338222599102815322204523610829624561969283441716,843826879422383561066103188424018239931401286651
1338222599102815322204523610829624561969283441716-896530251803066355404557928035950607124936193677,6386.757835716879,SSH <=,psh_flag_number <=,1338222599102815322204523610829624561969283441716,896530251803066355404557928035950607124936193677
1338222599102815322204523610829624561969283441716-922599836131670820904126277297069322180441856169,17312.099430368762,SSH <=,Rate <=,1338222599102815322204523610829624561969283441716,922599836131670820904126277297069322180441856169
1338222599102815322204523610829624561969283441716-926368966621798523173828527325665066772113177503,3979.211326351888,SSH <=,UDP <=,1338222599102815322204523610829624561969283441716,926368966621798523173828527325665066772113177503
1338222599102815322204523610829624561969283441716-940331364486966071141541838460909450599289486914,8498.19570751566,SSH <=,rst_count >,1338222599102815322204523610829624561969283441716,940331364486966071141541838460909450599289486914
1338222599102815322204523610829624561969283441716-974265510705878984211701297112044370513255377925,3480.673537657201,SSH <=,Std <=,1338222599102815322204523610829624561969283441716,974265510705878984211701297112044370513255377925
1345309773886921328764805451107636357621530213384-1043469376771332113858820724324827897913309990452,15687.33870967742,Class -1,LLC >,1345309773886921328764805451107636357621530213384,1043469376771332113858820724324827897913309990452
1345309773886921328764805451107636357621530213384-1043754360836331848364792327262011021650379248223,1498.7903225806451,Class -1,DNS >,1345309773886921328764805451107636357621530213384,1043754360836331848364792327262011021650379248223
1345309773886921328764805451107636357621530213384-1077028023530208599426324724984012030801332581683,299.758064516129,Class -1,Time_To_Live >,1345309773886921328764805451107636357621530213384,1077028023530208599426324724984012030801332581683
1345309773886921328764805451107636357621530213384-1085488307210616684491611463585545838953333018237,5195.806451612903,Class -1,Type >,1345309773886921328764805451107636357621530213384,1085488307210616684491611463585545838953333018237
1345309773886921328764805451107636357621530213384-1091995366823138898995898948102109473193356840202,16286.854838709678,Class -1,DNS <=,1345309773886921328764805451107636357621530213384,1091995366823138898995898948102109473193356840202
1345309773886921328764805451107636357621530213384-1118614325010621431186771152252517336813918651911,10991.129032258064,Class -1,sum >,1345309773886921328764805451107636357621530213384,1118614325010621431186771152252517336813918651911
1345309773886921328764805451107636357621530213384-1142857970576506471478393393000113013376204379484,7693.790322580645,Class -1,rst_flag_number <=,1345309773886921328764805451107636357621530213384,1142857970576506471478393393000113013376204379484
1345309773886921328764805451107636357621530213384-1184472685782376059334758133512718430805424685192,99.91935483870968,Class -1,SSH >,1345309773886921328764805451107636357621530213384,1184472685782376059334758133512718430805424685192
1345309773886921328764805451107636357621530213384-1232849963170894971818913290506039176322619533319,5895.241935483871,Class -1,psh_flag_number >,1345309773886921328764805451107636357621530213384,1232849963170894971818913290506039176322619533319
1345309773886921328764805451107636357621530213384-1233133706649643691022119102239698495899057226060,15387.58064516129,Class -1,Time_To_Live <=,1345309773886921328764805451107636357621530213384,1233133706649643691022119102239698495899057226060
1345309773886921328764805451107636357621530213384-1236189254858718471128603624930063881324958313531,499.5967741935484,Class -1,HTTPS >,1345309773886921328764805451107636357621530213384,1236189254858718471128603624930063881324958313531
1345309773886921328764805451107636357621530213384-1251276136943778783713685275011300537715092657394,8593.064516129032,Class -1,fin_flag_number >,1345309773886921328764805451107636357621530213384,1251276136943778783713685275011300537715092657394
1345309773886921328764805451107636357621530213384-1338222599102815322204523610829624561969283441716,14688.145161290324,Class -1,SSH <=,1345309773886921328764805451107636357621530213384,1338222599102815322204523610829624561969283441716
1345309773886921328764805451107636357621530213384-1375509225989204300559045429796274689340158771149,4296.532258064516,Class -1,rst_count <=,1345309773886921328764805451107636357621530213384,1375509225989204300559045429796274689340158771149
1345309773886921328764805451107636357621530213384-1379366653555122327876205020011632492492609315477,9592.258064516129,Class -1,Type <=,1345309773886921328764805451107636357621530213384,1379366653555122327876205020011632492492609315477
1345309773886921328764805451107636357621530213384-1418162538066850581097605911983264533342366443794,14588.225806451614,Class -1,Header_Length <=,1345309773886921328764805451107636357621530213384,1418162538066850581097605911983264533342366443794
1345309773886921328764805451107636357621530213384-1429650867505148313720594668477948880050562903683,14088.629032258064,Class -1,syn_flag_number >,1345309773886921328764805451107636357621530213384,1429650867505148313720594668477948880050562903683
1345309773886921328764805451107636357621530213384-1454952188391427871478129207189215566009723810659,1199.032258064516,Class -1,Std >,1345309773886921328764805451107636357621530213384,1454952188391427871478129207189215566009723810659
1345309773886921328764805451107636357621530213384-1455733501014453866297060548284701359849809242142,7793.709677419355,Class -1,DHCP <=,1345309773886921328764805451107636357621530213384,1455733501014453866297060548284701359849809242142
1345309773886921328764805451107636357621530213384-160227321490815016489601533331665083666172936667,13089.435483870968,Class -1,IGMP <=,1345309773886921328764805451107636357621530213384,160227321490815016489601533331665083666172936667
1345309773886921328764805451107636357621530213384-207766774224049171901964708681563529125144087827,21082.983870967742,Class -1,HTTP >,1345309773886921328764805451107636357621530213384,207766774224049171901964708681563529125144087827
1345309773886921328764805451107636357621530213384-215123608059624622405742600984392925785664489773,12789.677419354839,Class -1,Variance <=,1345309773886921328764805451107636357621530213384,215123608059624622405742600984392925785664489773
1345309773886921328764805451107636357621530213384-218607780770691257170847497927336330511308420255,16686.532258064515,Class -1,ack_count >,1345309773886921328764805451107636357621530213384,218607780770691257170847497927336330511308420255
1345309773886921328764805451107636357621530213384-223165296026140232481876277255273629987157553131,12889.59677419355,Class -1,Header_Length >,1345309773886921328764805451107636357621530213384,223165296026140232481876277255273629987157553131
1345309773886921328764805451107636357621530213384-335418722972519651500040442315750311827115323662,3597.0967741935483,Class -1,Rate >,1345309773886921328764805451107636357621530213384,335418722972519651500040442315750311827115323662
1345309773886921328764805451107636357621530213384-337274849629170698169636561573185333120886675912,399.6774193548387,Class -1,ece_flag_number >,1345309773886921328764805451107636357621530213384,337274849629170698169636561573185333120886675912
1345309773886921328764805451107636357621530213384-338730224709676774412755851787278702947952010784,7993.548387096775,Class -1,sum <=,1345309773886921328764805451107636357621530213384,338730224709676774412755851787278702947952010784
1345309773886921328764805451107636357621530213384-371266811264664269299964157380215767396824640058,699.4354838709678,Class -1,ICMP >,1345309773886921328764805451107636357621530213384,371266811264664269299964157380215767396824640058
1345309773886921328764805451107636357621530213384-378316838538499851440768051160724422589084218125,7493.951612903226,Class -1,IAT <=,1345309773886921328764805451107636357621530213384,378316838538499851440768051160724422589084218125
1345309773886921328764805451107636357621530213384-40351198695966294513339726256484683518911283460,7893.629032258064,Class -1,fin_flag_number <=,1345309773886921328764805451107636357621530213384,40351198695966294513339726256484683518911283460
1345309773886921328764805451107636357621530213384-417610515582391639059962073933335223318558562917,4696.209677419355,Class -1,fin_count <=,1345309773886921328764805451107636357621530213384,417610515582391639059962073933335223318558562917
1345309773886921328764805451107636357621530213384-426624906449189252299067265451872698344494536313,11290.887096774193,Class -1,Number >,1345309773886921328764805451107636357621530213384,426624906449189252299067265451872698344494536313
1345309773886921328764805451107636357621530213384-450410814915736770904937984733342042835793211647,11790.483870967742,Class -1,ece_flag_number <=,1345309773886921328764805451107636357621530213384,450410814915736770904937984733342042835793211647
1345309773886921328764805451107636357621530213384-475011065740486827108472353828139148231878458661,7893.629032258064,Class -1,syn_flag_number <=,1345309773886921328764805451107636357621530213384,475011065740486827108472353828139148231878458661
1345309773886921328764805451107636357621530213384-505469541859377927785473031559292540931343582537,11390.806451612903,Class -1,ICMP <=,1345309773886921328764805451107636357621530213384,505469541859377927785473031559292540931343582537
1345309773886921328764805451107636357621530213384-520582048177068818674784514618258893555315007951,5395.645161290323,Class -1,LLC <=,1345309773886921328764805451107636357621530213384,520582048177068818674784514618258893555315007951
1345309773886921328764805451107636357621530213384-559797210707093786647851972932919518973015855277,20483.467741935485,Class -1,fin_count >,1345309773886921328764805451107636357621530213384,559797210707093786647851972932919518973015855277
1345309773886921328764805451107636357621530213384-565103970815292376991711972572924808853013487374,199.83870967741936,Class -1,IGMP >,1345309773886921328764805451107636357621530213384,565103970815292376991711972572924808853013487374
1345309773886921328764805451107636357621530213384-629827923182617752624696690572530002196221478554,199.83870967741936,Class -1,DHCP >,1345309773886921328764805451107636357621530213384,629827923182617752624696690572530002196221478554
1345309773886921328764805451107636357621530213384-681503808608794911981134712221284126975357543438,6894.435483870968,Class -1,syn_count <=,1345309773886921328764805451107636357621530213384,681503808608794911981134712221284126975357543438
1345309773886921328764805451107636357621530213384-684418957212367241623111035135876005715150589706,8792.903225806453,Class -1,HTTP <=,1345309773886921328764805451107636357621530213384,684418957212367241623111035135876005715150589706
1345309773886921328764805451107636357621530213384-714914936218336719861297767221934377853836589461,3597.0967741935483,Class -1,UDP >,1345309773886921328764805451107636357621530213384,714914936218336719861297767221934377853836589461
1345309773886921328764805451107636357621530213384-786396322989194697344344278946426998739971577495,7693.790322580645,Class -1,HTTPS <=,1345309773886921328764805451107636357621530213384,786396322989194697344344278946426998739971577495
1345309773886921328764805451107636357621530213384-791432257472445298809701838101022411569407290467,10691.370967741936,Class -1,rst_flag_number >,1345309773886921328764805451107636357621530213384,791432257472445298809701838101022411569407290467
1345309773886921328764805451107636357621530213384-795584812918386367255521286735341258439959854242,16686.532258064515,Class -1,syn_count >,1345309773886921328764805451107636357621530213384,795584812918386367255521286735341258439959854242
1345309773886921328764805451107636357621530213384-835140271881840015202809914014108690929910415575,3497.177419354839,Class -1,IAT >,1345309773886921328764805451107636357621530213384,835140271881840015202809914014108690929910415575
1345309773886921328764805451107636357621530213384-841356973986788424033641854148712928121319667477,1498.7903225806451,Class -1,Variance >,1345309773886921328764805451107636357621530213384,841356973986788424033641854148712928121319667477
1345309773886921328764805451107636357621530213384-841518471221275042570144506781210008737201997031,7493.951612903226,Class -1,Min <=,1345309773886921328764805451107636357621530213384,841518471221275042570144506781210008737201997031
1345309773886921328764805451107636357621530213384-843826879422383561066103188424018239931401286651,4995.967741935484,Class -1,ack_count <=,1345309773886921328764805451107636357621530213384,843826879422383561066103188424018239931401286651
1345309773886921328764805451107636357621530213384-896530251803066355404557928035950607124936193677,8593.064516129032,Class -1,psh_flag_number <=,1345309773886921328764805451107636357621530213384,896530251803066355404557928035950607124936193677
1345309773886921328764805451107636357621530213384-922599836131670820904126277297069322180441856169,15587.41935483871,Class -1,Rate <=,1345309773886921328764805451107636357621530213384,922599836131670820904126277297069322180441856169
1345309773886921328764805451107636357621530213384-926368966621798523173828527325665066772113177503,12889.59677419355,Class -1,UDP <=,1345309773886921328764805451107636357621530213384,926368966621798523173828527325665066772113177503
1345309773886921328764805451107636357621530213384-940331364486966071141541838460909450599289486914,24080.564516129034,Class -1,rst_count >,1345309773886921328764805451107636357621530213384,940331364486966071141541838460909450599289486914
1345309773886921328764805451107636357621530213384-974265510705878984211701297112044370513255377925,11190.967741935485,Class -1,Std <=,1345309773886921328764805451107636357621530213384,974265510705878984211701297112044370513255377925
1375509225989204300559045429796274689340158771149-1043469376771332113858820724324827897913309990452,4549.532039784771,rst_count <=,LLC >,1375509225989204300559045429796274689340158771149,1043469376771332113858820724324827897913309990452
1375509225989204300559045429796274689340158771149-1043754360836331848364792327262011021650379248223,23.232512636556336,rst_count <=,DNS >,1375509225989204300559045429796274689340158771149,1043754360836331848364792327262011021650379248223
1375509225989204300559045429796274689340158771149-1077028023530208599426324724984012030801332581683,1187.8884721995762,rst_count <=,Time_To_Live >,1375509225989204300559045429796274689340158771149,1077028023530208599426324724984012030801332581683
1375509225989204300559045429796274689340158771149-1085488307210616684491611463585545838953333018237,1397.9911951736508,rst_count <=,Type >,1375509225989204300559045429796274689340158771149,1085488307210616684491611463585545838953333018237
1375509225989204300559045429796274689340158771149-1091995366823138898995898948102109473193356840202,476.7715636719387,rst_count <=,DNS <=,1375509225989204300559045429796274689340158771149,1091995366823138898995898948102109473193356840202
1375509225989204300559045429796274689340158771149-1118614325010621431186771152252517336813918651911,4317.043992573229,rst_count <=,sum >,1375509225989204300559045429796274689340158771149,1118614325010621431186771152252517336813918651911
1375509225989204300559045429796274689340158771149-1184472685782376059334758133512718430805424685192,276.7699331485407,rst_count <=,SSH >,1375509225989204300559045429796274689340158771149,1184472685782376059334758133512718430805424685192
1375509225989204300559045429796274689340158771149-1232849963170894971818913290506039176322619533319,12.121310940812002,rst_count <=,psh_flag_number >,1375509225989204300559045429796274689340158771149,1232849963170894971818913290506039176322619533319
1375509225989204300559045429796274689340158771149-1233133706649643691022119102239698495899057226060,4424.865008441903,rst_count <=,Time_To_Live <=,1375509225989204300559045429796274689340158771149,1233133706649643691022119102239698495899057226060
1375509225989204300559045429796274689340158771149-1236189254858718471128603624930063881324958313531,1118.190934289907,rst_count <=,HTTPS >,1375509225989204300559045429796274689340158771149,1236189254858718471128603624930063881324958313531
1375509225989204300559045429796274689340158771149-1239329028096551917906154637654656383307088642249,408.08413500733735,rst_count <=,cwr_flag_number <=,1375509225989204300559045429796274689340158771149,1239329028096551917906154637654656383307088642249
1375509225989204300559045429796274689340158771149-1251276136943778783713685275011300537715092657394,2525.387157261352,rst_count <=,fin_flag_number >,1375509225989204300559045429796274689340158771149,1251276136943778783713685275011300537715092657394
1375509225989204300559045429796274689340158771149-1329847435934461746074927120436757452470095790255,572.731941953367,rst_count <=,Min >,1375509225989204300559045429796274689340158771149,1329847435934461746074927120436757452470095790255
1375509225989204300559045429796274689340158771149-1338222599102815322204523610829624561969283441716,20900.154097610495,rst_count <=,SSH <=,1375509225989204300559045429796274689340158771149,1338222599102815322204523610829624561969283441716
1375509225989204300559045429796274689340158771149-1345309773886921328764805451107636357621530213384,6694.596774193548,rst_count <=,Class -1,1375509225989204300559045429796274689340158771149,1345309773886921328764805451107636357621530213384
1375509225989204300559045429796274689340158771149-1375509225989204300559045429796274689340158771149,1465.5870541701952,rst_count <=,rst_count <=,1375509225989204300559045429796274689340158771149,1375509225989204300559045429796274689340158771149
1375509225989204300559045429796274689340158771149-1379366653555122327876205020011632492492609315477,5944.248525954251,rst_count <=,Type <=,1375509225989204300559045429796274689340158771149,1379366653555122327876205020011632492492609315477
1375509225989204300559045429796274689340158771149-1418162538066850581097605911983264533342366443794,7537.435186694929,rst_count <=,Header_Length <=,1375509225989204300559045429796274689340158771149,1418162538066850581097605911983264533342366443794
1375509225989204300559045429796274689340158771149-1429650867505148313720594668477948880050562903683,1677.4981985346328,rst_count <=,syn_flag_number >,1375509225989204300559045429796274689340158771149,1429650867505148313720594668477948880050562903683
1375509225989204300559045429796274689340158771149-1454952188391427871478129207189215566009723810659,1212.0496336582107,rst_count <=,Std >,1375509225989204300559045429796274689340158771149,1454952188391427871478129207189215566009723810659
1375509225989204300559045429796274689340158771149-1455733501014453866297060548284701359849809242142,18419.113994624535,rst_count <=,DHCP <=,1375509225989204300559045429796274689340158771149,1455733501014453866297060548284701359849809242142
1375509225989204300559045429796274689340158771149-160227321490815016489601533331665083666172936667,1161.6256318278167,rst_count <=,IGMP <=,1375509225989204300559045429796274689340158771149,160227321490815016489601533331665083666172936667
1375509225989204300559045429796274689340158771149-171982518954274878349485416184092168691833932185,24484.037991195175,rst_count <=,Class 1,1375509225989204300559045429796274689340158771149,171982518954274878349485416184092168691833932185
1375509225989204300559045429796274689340158771149-207766774224049171901964708681563529125144087827,3041.9114073520827,rst_count <=,HTTP >,1375509225989204300559045429796274689340158771149,207766774224049171901964708681563529125144087827
1375509225989204300559045429796274689340158771149-215123608059624622405742600984392925785664489773,19095.463594620327,rst_count <=,Variance <=,1375509225989204300559045429796274689340158771149,215123608059624622405742600984392925785664489773
1375509225989204300559045429796274689340158771149-218607780770691257170847497927336330511308420255,113.13223544757868,rst_count <=,ack_count >,1375509225989204300559045429796274689340158771149,218607780770691257170847497927336330511308420255
1375509225989204300559045429796274689340158771149-223165296026140232481876277255273629987157553131,12124.341268547205,rst_count <=,Header_Length >,1375509225989204300559045429796274689340158771149,223165296026140232481876277255273629987157553131
1375509225989204300559045429796274689340158771149-335418722972519651500040442315750311827115323662,69.69753790966901,rst_count <=,Rate >,1375509225989204300559045429796274689340158771149,335418722972519651500040442315750311827115323662
1375509225989204300559045429796274689340158771149-337274849629170698169636561573185333120886675912,27.272949616827002,rst_count <=,ece_flag_number >,1375509225989204300559045429796274689340158771149,337274849629170698169636561573185333120886675912
1375509225989204300559045429796274689340158771149-338730224709676774412755851787278702947952010784,7043.49176585684,rst_count <=,sum <=,1375509225989204300559045429796274689340158771149,338730224709676774412755851787278702947952010784
1375509225989204300559045429796274689340158771149-371266811264664269299964157380215767396824640058,258.50650631433336,rst_count <=,ICMP >,1375509225989204300559045429796274689340158771149,371266811264664269299964157380215767396824640058
1375509225989204300559045429796274689340158771149-378316838538499851440768051160724422589084218125,5486.913419207566,rst_count <=,IAT <=,1375509225989204300559045429796274689340158771149,378316838538499851440768051160724422589084218125
1375509225989204300559045429796274689340158771149-40351198695966294513339726256484683518911283460,12655.25142933785,rst_count <=,fin_flag_number <=,1375509225989204300559045429796274689340158771149,40351198695966294513339726256484683518911283460
1375509225989204300559045429796274689340158771149-417610515582391639059962073933335223318558562917,12556.668025436165,rst_count <=,fin_count <=,1375509225989204300559045429796274689340158771149,417610515582391639059962073933335223318558562917
1375509225989204300559045429796274689340158771149-450410814915736770904937984733342042835793211647,14141.969317231476,rst_count <=,ece_flag_number <=,1375509225989204300559045429796274689340158771149,450410814915736770904937984733342042835793211647
1375509225989204300559045429796274689340158771149-475011065740486827108472353828139148231878458661,2860.4501691010555,rst_count <=,syn_flag_number <=,1375509225989204300559045429796274689340158771149,475011065740486827108472353828139148231878458661
1375509225989204300559045429796274689340158771149-505469541859377927785473031559292540931343582537,19867.170765767423,rst_count <=,ICMP <=,1375509225989204300559045429796274689340158771149,505469541859377927785473031559292540931343582537
1375509225989204300559045429796274689340158771149-520582048177068818674784514618258893555315007951,252.36439042093804,rst_count <=,LLC <=,1375509225989204300559045429796274689340158771149,520582048177068818674784514618258893555315007951
1375509225989204300559045429796274689340158771149-559797210707093786647851972932919518973015855277,4218.916767040285,rst_count <=,fin_count >,1375509225989204300559045429796274689340158771149,559797210707093786647851972932919518973015855277
1375509225989204300559045429796274689340158771149-579184915384053252333364217236378176158944003116,3.0303277352030005,rst_count <=,cwr_flag_number >,1375509225989204300559045429796274689340158771149,579184915384053252333364217236378176158944003116
1375509225989204300559045429796274689340158771149-629827923182617752624696690572530002196221478554,181.81966411218002,rst_count <=,DHCP >,1375509225989204300559045429796274689340158771149,629827923182617752624696690572530002196221478554
1375509225989204300559045429796274689340158771149-681503808608794911981134712221284126975357543438,1769.7113973585522,rst_count <=,syn_count <=,1375509225989204300559045429796274689340158771149,681503808608794911981134712221284126975357543438
1375509225989204300559045429796274689340158771149-684418957212367241623111035135876005715150589706,12631.139144133009,rst_count <=,HTTP <=,1375509225989204300559045429796274689340158771149,684418957212367241623111035135876005715150589706
1375509225989204300559045429796274689340158771149-714914936218336719861297767221934377853836589461,3665.6864503505626,rst_count <=,UDP >,1375509225989204300559045429796274689340158771149,714914936218336719861297767221934377853836589461
1375509225989204300559045429796274689340158771149-786396322989194697344344278946426998739971577495,6055.653800434456,rst_count <=,HTTPS <=,1375509225989204300559045429796274689340158771149,786396322989194697344344278946426998739971577495
1375509225989204300559045429796274689340158771149-795584812918386367255521286735341258439959854242,228.20322896230334,rst_count <=,syn_count >,1375509225989204300559045429796274689340158771149,795584812918386367255521286735341258439959854242
1375509225989204300559045429796274689340158771149-835140271881840015202809914014108690929910415575,443.4379585847057,rst_count <=,IAT >,1375509225989204300559045429796274689340158771149,835140271881840015202809914014108690929910415575
1375509225989204300559045429796274689340158771149-841356973986788424033641854148712928121319667477,2130.320397847709,rst_count <=,Variance >,1375509225989204300559045429796274689340158771149,841356973986788424033641854148712928121319667477
1375509225989204300559045429796274689340158771149-841518471221275042570144506781210008737201997031,1927.288439589108,rst_count <=,Min <=,1375509225989204300559045429796274689340158771149,841518471221275042570144506781210008737201997031
1375509225989204300559045429796274689340158771149-843826879422383561066103188424018239931401286651,2499.0102722974075,rst_count <=,ack_count <=,1375509225989204300559045429796274689340158771149,843826879422383561066103188424018239931401286651
1375509225989204300559045429796274689340158771149-896530251803066355404557928035950607124936193677,42.424588292842,rst_count <=,psh_flag_number <=,1375509225989204300559045429796274689340158771149,896530251803066355404557928035950607124936193677
1375509225989204300559045429796274689340158771149-922599836131670820904126277297069322180441856169,5750.470471747238,rst_count <=,Rate <=,1375509225989204300559045429796274689340158771149,922599836131670820904126277297069322180441856169
1375509225989204300559045429796274689340158771149-926368966621798523173828527325665066772113177503,10654.143554435814,rst_count <=,UDP <=,1375509225989204300559045429796274689340158771149,926368966621798523173828527325665066772113177503
1375509225989204300559045429796274689340158771149-940331364486966071141541838460909450599289486914,2131.6400567001365,rst_count <=,rst_count >,1375509225989204300559045429796274689340158771149,940331364486966071141541838460909450599289486914
1375509225989204300559045429796274689340158771149-974265510705878984211701297112044370513255377925,3483.296563277457,rst_count <=,Std <=,1375509225989204300559045429796274689340158771149,974265510705878984211701297112044370513255377925
1379366653555122327876205020011632492492609315477-1043469376771332113858820724324827897913309990452,14738.829836474282,Type <=,LLC >,1379366653555122327876205020011632492492609315477,1043469376771332113858820724324827897913309990452
1379366653555122327876205020011632492492609315477-1043754360836331848364792327262011021650379248223,411.11446274254035,Type <=,DNS >,1379366653555122327876205020011632492492609315477,1043754360836331848364792327262011021650379248223
1379366653555122327876205020011632492492609315477-1077028023530208599426324724984012030801332581683,1535.3660525028536,Type <=,Time_To_Live >,1379366653555122327876205020011632492492609315477,1077028023530208599426324724984012030801332581683
1379366653555122327876205020011632492492609315477-1085488307210616684491611463585545838953333018237,4005.083156693299,Type <=,Type >,1379366653555122327876205020011632492492609315477,1085488307210616684491611463585545838953333018237
1379366653555122327876205020011632492492609315477-1091995366823138898995898948102109473193356840202,5980.775379622665,Type <=,DNS <=,1379366653555122327876205020011632492492609315477,1091995366823138898995898948102109473193356840202
1379366653555122327876205020011632492492609315477-109928824856976412487775174607761519739702474552,835.3603456709604,Type <=,Number <=,1379366653555122327876205020011632492492609315477,109928824856976412487775174607761519739702474552
1379366653555122327876205020011632492492609315477-1118614325010621431186771152252517336813918651911,7401.819874502296,Type <=,sum >,1379366653555122327876205020011632492492609315477,1118614325010621431186771152252517336813918651911
1379366653555122327876205020011632492492609315477-1142857970576506471478393393000113013376204379484,1580.3322059929626,Type <=,rst_flag_number <=,1379366653555122327876205020011632492492609315477,1142857970576506471478393393000113013376204379484
1379366653555122327876205020011632492492609315477-1184472685782376059334758133512718430805424685192,223.15268273696503,Type <=,SSH >,1379366653555122327876205020011632492492609315477,1184472685782376059334758133512718430805424685192
1379366653555122327876205020011632492492609315477-1232849963170894971818913290506039176322619533319,487.882765367683,Type <=,psh_flag_number >,1379366653555122327876205020011632492492609315477,1232849963170894971818913290506039176322619533319
1379366653555122327876205020011632492492609315477-1233133706649643691022119102239698495899057226060,11350.956012686524,Type <=,Time_To_Live <=,1379366653555122327876205020011632492492609315477,1233133706649643691022119102239698495899057226060
1379366653555122327876205020011632492492609315477-1236189254858718471128603624930063881324958313531,1794.964128485244,Type <=,HTTPS >,1379366653555122327876205020011632492492609315477,1236189254858718471128603624930063881324958313531
1379366653555122327876205020011632492492609315477-1251276136943778783713685275011300537715092657394,261.53683404953637,Type <=,fin_flag_number >,1379366653555122327876205020011632492492609315477,1251276136943778783713685275011300537715092657394
1379366653555122327876205020011632492492609315477-1329847435934461746074927120436757452470095790255,172.72868090657101,Type <=,Min >,1379366653555122327876205020011632492492609315477,1329847435934461746074927120436757452470095790255
1379366653555122327876205020011632492492609315477-1338222599102815322204523610829624561969283441716,2204.058372737649,Type <=,SSH <=,1379366653555122327876205020011632492492609315477,1338222599102815322204523610829624561969283441716
1379366653555122327876205020011632492492609315477-1345309773886921328764805451107636357621530213384,11590.645161290322,Type <=,Class -1,1379366653555122327876205020011632492492609315477,1345309773886921328764805451107636357621530213384
1379366653555122327876205020011632492492609315477-1375509225989204300559045429796274689340158771149,9906.059905955619,Type <=,rst_count <=,1379366653555122327876205020011632492492609315477,1375509225989204300559045429796274689340158771149
1379366653555122327876205020011632492492609315477-1379366653555122327876205020011632492492609315477,39.394260557639,Type <=,Type <=,1379366653555122327876205020011632492492609315477,1379366653555122327876205020011632492492609315477
1379366653555122327876205020011632492492609315477-1418162538066850581097605911983264533342366443794,8029.358389042883,Type <=,Header_Length <=,1379366653555122327876205020011632492492609315477,1418162538066850581097605911983264533342366443794
1379366653555122327876205020011632492492609315477-1429650867505148313720594668477948880050562903683,185.8601010924507,Type <=,syn_flag_number >,1379366653555122327876205020011632492492609315477,1429650867505148313720594668477948880050562903683
1379366653555122327876205020011632492492609315477-1454952188391427871478129207189215566009723810659,729.2988749388554,Type <=,Std >,1379366653555122327876205020011632492492609315477,1454952188391427871478129207189215566009723810659
1379366653555122327876205020011632492492609315477-1455733501014453866297060548284701359849809242142,3627.9865665911016,Type <=,DHCP <=,1379366653555122327876205020011632492492609315477,1455733501014453866297060548284701359849809242142
1379366653555122327876205020011632492492609315477-160227321490815016489601533331665083666172936667,2884.1388601063522,Type <=,IGMP <=,1379366653555122327876205020011632492492609315477,160227321490815016489601533331665083666172936667
1379366653555122327876205020011632492492609315477-171982518954274878349485416184092168691833932185,19404.198597749877,Type <=,Class 1,1379366653555122327876205020011632492492609315477,171982518954274878349485416184092168691833932185
1379366653555122327876205020011632492492609315477-207766774224049171901964708681563529125144087827,533.337681395728,Type <=,HTTP >,1379366653555122327876205020011632492492609315477,207766774224049171901964708681563529125144087827
1379366653555122327876205020011632492492609315477-215123608059624622405742600984392925785664489773,2753.5578020544594,Type <=,Variance <=,1379366653555122327876205020011632492492609315477,215123608059624622405742600984392925785664489773
1379366653555122327876205020011632492492609315477-218607780770691257170847497927336330511308420255,14856.116553494317,Type <=,ack_count >,1379366653555122327876205020011632492492609315477,218607780770691257170847497927336330511308420255
1379366653555122327876205020011632492492609315477-223165296026140232481876277255273629987157553131,827.2794717104191,Type <=,Header_Length >,1379366653555122327876205020011632492492609315477,223165296026140232481876277255273629987157553131
1379366653555122327876205020011632492492609315477-335418722972519651500040442315750311827115323662,2525.9085039684837,Type <=,Rate >,1379366653555122327876205020011632492492609315477,335418722972519651500040442315750311827115323662
1379366653555122327876205020011632492492609315477-337274849629170698169636561573185333120886675912,104.96990106404802,Type <=,ece_flag_number >,1379366653555122327876205020011632492492609315477,337274849629170698169636561573185333120886675912
1379366653555122327876205020011632492492609315477-338730224709676774412755851787278702947952010784,1303.0409261372902,Type <=,sum <=,1379366653555122327876205020011632492492609315477,338730224709676774412755851787278702947952010784
1379366653555122327876205020011632492492609315477-371266811264664269299964157380215767396824640058,748.2465693261731,Type <=,ICMP >,1379366653555122327876205020011632492492609315477,371266811264664269299964157380215767396824640058
1379366653555122327876205020011632492492609315477-378316838538499851440768051160724422589084218125,21751.936864556104,Type <=,IAT <=,1379366653555122327876205020011632492492609315477,378316838538499851440768051160724422589084218125
1379366653555122327876205020011632492492609315477-40351198695966294513339726256484683518911283460,8362.368598223256,Type <=,fin_flag_number <=,1379366653555122327876205020011632492492609315477,40351198695966294513339726256484683518911283460
1379366653555122327876205020011632492492609315477-417610515582391639059962073933335223318558562917,8196.026414479047,Type <=,fin_count <=,1379366653555122327876205020011632492492609315477,417610515582391639059962073933335223318558562917
1379366653555122327876205020011632492492609315477-426624906449189252299067265451872698344494536313,1.0101092450676668,Type <=,Number >,1379366653555122327876205020011632492492609315477,426624906449189252299067265451872698344494536313
1379366653555122327876205020011632492492609315477-450410814915736770904937984733342042835793211647,13499.865679060398,Type <=,ece_flag_number <=,1379366653555122327876205020011632492492609315477,450410814915736770904937984733342042835793211647
1379366653555122327876205020011632492492609315477-475011065740486827108472353828139148231878458661,944.4521441382684,Type <=,syn_flag_number <=,1379366653555122327876205020011632492492609315477,475011065740486827108472353828139148231878458661
1379366653555122327876205020011632492492609315477-505469541859377927785473031559292540931343582537,2611.1323984999185,Type <=,ICMP <=,1379366653555122327876205020011632492492609315477,505469541859377927785473031559292540931343582537
1379366653555122327876205020011632492492609315477-520582048177068818674784514618258893555315007951,1423.1950500465489,Type <=,LLC <=,1379366653555122327876205020011632492492609315477,520582048177068818674784514618258893555315007951
1379366653555122327876205020011632492492609315477-559797210707093786647851972932919518973015855277,4.040436980270667,Type <=,fin_count >,1379366653555122327876205020011632492492609315477,559797210707093786647851972932919518973015855277
1379366653555122327876205020011632492492609315477-565103970815292376991711972572924808853013487374,5.0505462253383335,Type <=,IGMP >,1379366653555122327876205020011632492492609315477,565103970815292376991711972572924808853013487374
1379366653555122327876205020011632492492609315477-629827923182617752624696690572530002196221478554,14.141529430947335,Type <=,DHCP >,1379366653555122327876205020011632492492609315477,629827923182617752624696690572530002196221478554
1379366653555122327876205020011632492492609315477-681503808608794911981134712221284126975357543438,9837.73090315217,Type <=,syn_count <=,1379366653555122327876205020011632492492609315477,681503808608794911981134712221284126975357543438
1379366653555122327876205020011632492492609315477-684418957212367241623111035135876005715150589706,10576.853905103539,Type <=,HTTP <=,1379366653555122327876205020011632492492609315477,684418957212367241623111035135876005715150589706
1379366653555122327876205020011632492492609315477-714914936218336719861297767221934377853836589461,327.275395401924,Type <=,UDP >,1379366653555122327876205020011632492492609315477,714914936218336719861297767221934377853836589461
1379366653555122327876205020011632492492609315477-786396322989194697344344278946426998739971577495,866.6737322680581,Type <=,HTTPS <=,1379366653555122327876205020011632492492609315477,786396322989194697344344278946426998739971577495
1379366653555122327876205020011632492492609315477-795584812918386367255521286735341258439959854242,6545.263526769512,Type <=,syn_count >,1379366653555122327876205020011632492492609315477,795584812918386367255521286735341258439959854242
1379366653555122327876205020011632492492609315477-835140271881840015202809914014108690929910415575,2981.5981101707844,Type <=,IAT >,1379366653555122327876205020011632492492609315477,835140271881840015202809914014108690929910415575
1379366653555122327876205020011632492492609315477-841356973986788424033641854148712928121319667477,331.3158323821947,Type <=,Variance >,1379366653555122327876205020011632492492609315477,841356973986788424033641854148712928121319667477
1379366653555122327876205020011632492492609315477-841518471221275042570144506781210008737201997031,3200.580019250696,Type <=,Min <=,1379366653555122327876205020011632492492609315477,841518471221275042570144506781210008737201997031
1379366653555122327876205020011632492492609315477-843826879422383561066103188424018239931401286651,11817.268058046633,Type <=,ack_count <=,1379366653555122327876205020011632492492609315477,843826879422383561066103188424018239931401286651
1379366653555122327876205020011632492492609315477-896530251803066355404557928035950607124936193677,2599.939736381185,Type <=,psh_flag_number <=,1379366653555122327876205020011632492492609315477,896530251803066355404557928035950607124936193677
1379366653555122327876205020011632492492609315477-922599836131670820904126277297069322180441856169,11986.83607454122,Type <=,Rate <=,1379366653555122327876205020011632492492609315477,922599836131670820904126277297069322180441856169
1379366653555122327876205020011632492492609315477-926368966621798523173828527325665066772113177503,572.487560684399,Type <=,UDP <=,1379366653555122327876205020011632492492609315477,926368966621798523173828527325665066772113177503
1379366653555122327876205020011632492492609315477-940331364486966071141541838460909450599289486914,997.2547903199508,Type <=,rst_count >,1379366653555122327876205020011632492492609315477,940331364486966071141541838460909450599289486914
1379366653555122327876205020011632492492609315477-974265510705878984211701297112044370513255377925,2057.592532202837,Type <=,Std <=,1379366653555122327876205020011632492492609315477,974265510705878984211701297112044370513255377925
1418162538066850581097605911983264533342366443794-1043469376771332113858820724324827897913309990452,3910.132887656938,Header_Length <=,LLC >,1418162538066850581097605911983264533342366443794,1043469376771332113858820724324827897913309990452
1418162538066850581097605911983264533342366443794-1043754360836331848364792327262011021650379248223,203.031958258601,Header_Length <=,DNS >,1418162538066850581097605911983264533342366443794,1043754360836331848364792327262011021650379248223
1418162538066850581097605911983264533342366443794-1077028023530208599426324724984012030801332581683,1456.3331501186074,Header_Length <=,Time_To_Live >,1418162538066850581097605911983264533342366443794,1077028023530208599426324724984012030801332581683
1418162538066850581097605911983264533342366443794-1085488307210616684491611463585545838953333018237,1266.6769933148541,Header_Length <=,Type >,1418162538066850581097605911983264533342366443794,1085488307210616684491611463585545838953333018237
1418162538066850581097605911983264533342366443794-1091995366823138898995898948102109473193356840202,11360.84530803743,Header_Length <=,DNS <=,1418162538066850581097605911983264533342366443794,1091995366823138898995898948102109473193356840202
1418162538066850581097605911983264533342366443794-109928824856976412487775174607761519739702474552,386.790380437927,Header_Length <=,Number <=,1418162538066850581097605911983264533342366443794,109928824856976412487775174607761519739702474552
1418162538066850581097605911983264533342366443794-1118614325010621431186771152252517336813918651911,1932.5344908296208,Header_Length <=,sum >,1418162538066850581097605911983264533342366443794,1118614325010621431186771152252517336813918651911
1418162538066850581097605911983264533342366443794-1142857970576506471478393393000113013376204379484,4093.8098494132746,Header_Length <=,rst_flag_number <=,1418162538066850581097605911983264533342366443794,1142857970576506471478393393000113013376204379484
1418162538066850581097605911983264533342366443794-1184472685782376059334758133512718430805424685192,25.252731126691668,Header_Length <=,SSH >,1418162538066850581097605911983264533342366443794,1184472685782376059334758133512718430805424685192
1418162538066850581097605911983264533342366443794-1232849963170894971818913290506039176322619533319,2476.7064084829294,Header_Length <=,psh_flag_number >,1418162538066850581097605911983264533342366443794,1232849963170894971818913290506039176322619533319
1418162538066850581097605911983264533342366443794-1233133706649643691022119102239698495899057226060,4711.915246971697,Header_Length <=,Time_To_Live <=,1418162538066850581097605911983264533342366443794,1233133706649643691022119102239698495899057226060
1418162538066850581097605911983264533342366443794-1236189254858718471128603624930063881324958313531,767.6015658284374,Header_Length <=,HTTPS >,1418162538066850581097605911983264533342366443794,1236189254858718471128603624930063881324958313531
1418162538066850581097605911983264533342366443794-1251276136943778783713685275011300537715092657394,1457.098878094707,Header_Length <=,fin_flag_number >,1418162538066850581097605911983264533342366443794,1251276136943778783713685275011300537715092657394
1418162538066850581097605911983264533342366443794-1329847435934461746074927120436757452470095790255,203.96060708067935,Header_Length <=,Min >,1418162538066850581097605911983264533342366443794,1329847435934461746074927120436757452470095790255
1418162538066850581097605911983264533342366443794-1338222599102815322204523610829624561969283441716,3121.23756725909,Header_Length <=,SSH <=,1418162538066850581097605911983264533342366443794,1338222599102815322204523610829624561969283441716
1418162538066850581097605911983264533342366443794-1345309773886921328764805451107636357621530213384,31974.1935483871,Header_Length <=,Class -1,1418162538066850581097605911983264533342366443794,1345309773886921328764805451107636357621530213384
1418162538066850581097605911983264533342366443794-1375509225989204300559045429796274689340158771149,10280.810435875723,Header_Length <=,rst_count <=,1418162538066850581097605911983264533342366443794,1375509225989204300559045429796274689340158771149
1418162538066850581097605911983264533342366443794-1379366653555122327876205020011632492492609315477,4032.3561063101256,Header_Length <=,Type <=,1418162538066850581097605911983264533342366443794,1379366653555122327876205020011632492492609315477
1418162538066850581097605911983264533342366443794-1418162538066850581097605911983264533342366443794,4013.0825702308507,Header_Length <=,Header_Length <=,1418162538066850581097605911983264533342366443794,1418162538066850581097605911983264533342366443794
1418162538066850581097605911983264533342366443794-1429650867505148313720594668477948880050562903683,1220.4889334799052,Header_Length <=,syn_flag_number >,1418162538066850581097605911983264533342366443794,1429650867505148313720594668477948880050562903683
1418162538066850581097605911983264533342366443794-1454952188391427871478129207189215566009723810659,261.6182944725257,Header_Length <=,Std >,1418162538066850581097605911983264533342366443794,1454952188391427871478129207189215566009723810659
1418162538066850581097605911983264533342366443794-1455733501014453866297060548284701359849809242142,4800.039132561553,Header_Length <=,DHCP <=,1418162538066850581097605911983264533342366443794,1455733501014453866297060548284701359849809242142
1418162538066850581097605911983264533342366443794-160227321490815016489601533331665083666172936667,16321.165968872783,Header_Length <=,IGMP <=,1418162538066850581097605911983264533342366443794,160227321490815016489601533331665083666172936667
1418162538066850581097605911983264533342366443794-171982518954274878349485416184092168691833932185,39346.785423120826,Header_Length <=,Class 1,1418162538066850581097605911983264533342366443794,171982518954274878349485416184092168691833932185
1418162538066850581097605911983264533342366443794-207766774224049171901964708681563529125144087827,1279.156730116819,Header_Length <=,HTTP >,1418162538066850581097605911983264533342366443794,207766774224049171901964708681563529125144087827
1418162538066850581097605911983264533342366443794-215123608059624622405742600984392925785664489773,1871.6509706873971,Header_Length <=,Variance <=,1418162538066850581097605911983264533342366443794,215123608059624622405742600984392925785664489773
1418162538066850581097605911983264533342366443794-218607780770691257170847497927336330511308420255,2516.410218647928,Header_Length <=,ack_count >,1418162538066850581097605911983264533342366443794,218607780770691257170847497927336330511308420255
1418162538066850581097605911983264533342366443794-223165296026140232481876277255273629987157553131,2030.6780084471632,Header_Length <=,Header_Length >,1418162538066850581097605911983264533342366443794,223165296026140232481876277255273629987157553131
1418162538066850581097605911983264533342366443794-335418722972519651500040442315750311827115323662,203.031958258601,Header_Length <=,Rate >,1418162538066850581097605911983264533342366443794,335418722972519651500040442315750311827115323662
1418162538066850581097605911983264533342366443794-338730224709676774412755851787278702947952010784,24430.73029039096,Header_Length <=,sum <=,1418162538066850581097605911983264533342366443794,338730224709676774412755851787278702947952010784
1418162538066850581097605911983264533342366443794-371266811264664269299964157380215767396824640058,280.81037012881137,Header_Length <=,ICMP >,1418162538066850581097605911983264533342366443794,371266811264664269299964157380215767396824640058
1418162538066850581097605911983264533342366443794-378316838538499851440768051160724422589084218125,3971.863596198251,Header_Length <=,IAT <=,1418162538066850581097605911983264533342366443794,378316838538499851440768051160724422589084218125
1418162538066850581097605911983264533342366443794-40351198695966294513339726256484683518911283460,6205.866820426777,Header_Length <=,fin_flag_number <=,1418162538066850581097605911983264533342366443794,40351198695966294513339726256484683518911283460
1418162538066850581097605911983264533342366443794-417610515582391639059962073933335223318558562917,7483.931980875539,Header_Length <=,fin_count <=,1418162538066850581097605911983264533342366443794,417610515582391639059962073933335223318558562917
1418162538066850581097605911983264533342366443794-426624906449189252299067265451872698344494536313,2799.762153974006,Header_Length <=,Number >,1418162538066850581097605911983264533342366443794,426624906449189252299067265451872698344494536313
1418162538066850581097605911983264533342366443794-450410814915736770904937984733342042835793211647,3313.8425913750575,Header_Length <=,ece_flag_number <=,1418162538066850581097605911983264533342366443794,450410814915736770904937984733342042835793211647
1418162538066850581097605911983264533342366443794-475011065740486827108472353828139148231878458661,11483.687625905335,Header_Length <=,syn_flag_number <=,1418162538066850581097605911983264533342366443794,475011065740486827108472353828139148231878458661
1418162538066850581097605911983264533342366443794-505469541859377927785473031559292540931343582537,5034.0097594715,Header_Length <=,ICMP <=,1418162538066850581097605911983264533342366443794,505469541859377927785473031559292540931343582537
1418162538066850581097605911983264533342366443794-520582048177068818674784514618258893555315007951,177.77922713190935,Header_Length <=,LLC <=,1418162538066850581097605911983264533342366443794,520582048177068818674784514618258893555315007951
1418162538066850581097605911983264533342366443794-559797210707093786647851972932919518973015855277,232.243665942574,Header_Length <=,fin_count >,1418162538066850581097605911983264533342366443794,559797210707093786647851972932919518973015855277
1418162538066850581097605911983264533342366443794-565103970815292376991711972572924808853013487374,152.44503558222837,Header_Length <=,IGMP >,1418162538066850581097605911983264533342366443794,565103970815292376991711972572924808853013487374
1418162538066850581097605911983264533342366443794-629827923182617752624696690572530002196221478554,381.65837378959935,Header_Length <=,DHCP >,1418162538066850581097605911983264533342366443794,629827923182617752624696690572530002196221478554
1418162538066850581097605911983264533342366443794-681503808608794911981134712221284126975357543438,21139.989874975676,Header_Length <=,syn_count <=,1418162538066850581097605911983264533342366443794,681503808608794911981134712221284126975357543438
1418162538066850581097605911983264533342366443794-684418957212367241623111035135876005715150589706,3006.003652898387,Header_Length <=,HTTP <=,1418162538066850581097605911983264533342366443794,684418957212367241623111035135876005715150589706
1418162538066850581097605911983264533342366443794-714914936218336719861297767221934377853836589461,5866.633034930019,Header_Length <=,UDP >,1418162538066850581097605911983264533342366443794,714914936218336719861297767221934377853836589461
1418162538066850581097605911983264533342366443794-786396322989194697344344278946426998739971577495,185.8601010924507,Header_Length <=,HTTPS <=,1418162538066850581097605911983264533342366443794,786396322989194697344344278946426998739971577495
1418162538066850581097605911983264533342366443794-791432257472445298809701838101022411569407290467,112.04066577952169,Header_Length <=,rst_flag_number >,1418162538066850581097605911983264533342366443794,791432257472445298809701838101022411569407290467
1418162538066850581097605911983264533342366443794-795584812918386367255521286735341258439959854242,4810.270561689012,Header_Length <=,syn_count >,1418162538066850581097605911983264533342366443794,795584812918386367255521286735341258439959854242
1418162538066850581097605911983264533342366443794-835140271881840015202809914014108690929910415575,1214.0698521483462,Header_Length <=,IAT >,1418162538066850581097605911983264533342366443794,835140271881840015202809914014108690929910415575
1418162538066850581097605911983264533342366443794-841356973986788424033641854148712928121319667477,394.87125439846835,Header_Length <=,Variance >,1418162538066850581097605911983264533342366443794,841356973986788424033641854148712928121319667477
1418162538066850581097605911983264533342366443794-841518471221275042570144506781210008737201997031,6756.40894315785,Header_Length <=,Min <=,1418162538066850581097605911983264533342366443794,841518471221275042570144506781210008737201997031
1418162538066850581097605911983264533342366443794-843826879422383561066103188424018239931401286651,6025.220186405642,Header_Length <=,ack_count <=,1418162538066850581097605911983264533342366443794,843826879422383561066103188424018239931401286651
1418162538066850581097605911983264533342366443794-896530251803066355404557928035950607124936193677,1941.3485085970663,Header_Length <=,psh_flag_number <=,1418162538066850581097605911983264533342366443794,896530251803066355404557928035950607124936193677
1418162538066850581097605911983264533342366443794-922599836131670820904126277297069322180441856169,12658.021083719486,Header_Length <=,Rate <=,1418162538066850581097605911983264533342366443794,922599836131670820904126277297069322180441856169
1418162538066850581097605911983264533342366443794-926368966621798523173828527325665066772113177503,5988.888837752403,Header_Length <=,UDP <=,1418162538066850581097605911983264533342366443794,926368966621798523173828527325665066772113177503
1418162538066850581097605911983264533342366443794-940331364486966071141541838460909450599289486914,3671.9263187515453,Header_Length <=,rst_count >,1418162538066850581097605911983264533342366443794,940331364486966071141541838460909450599289486914
1418162538066850581097605911983264533342366443794-974265510705878984211701297112044370513255377925,5107.829194784429,Header_Length <=,Std <=,1418162538066850581097605911983264533342366443794,974265510705878984211701297112044370513255377925
1429650867505148313720594668477948880050562903683-1043469376771332113858820724324827897913309990452,4356.454545215466,syn_flag_number >,LLC >,1429650867505148313720594668477948880050562903683,1043469376771332113858820724324827897913309990452
1429650867505148313720594668477948880050562903683-1043754360836331848364792327262011021650379248223,418.185227458014,syn_flag_number >,DNS >,1429650867505148313720594668477948880050562903683,1043754360836331848364792327262011021650379248223
1429650867505148313720594668477948880050562903683-1077028023530208599426324724984012030801332581683,170.70846241643568,syn_flag_number >,Time_To_Live >,1429650867505148313720594668477948880050562903683,1077028023530208599426324724984012030801332581683
1429650867505148313720594668477948880050562903683-1085488307210616684491611463585545838953333018237,1394.9119911846542,syn_flag_number >,Type >,1429650867505148313720594668477948880050562903683,1085488307210616684491611463585545838953333018237
1429650867505148313720594668477948880050562903683-1091995366823138898995898948102109473193356840202,556.5701940322843,syn_flag_number >,DNS <=,1429650867505148313720594668477948880050562903683,1091995366823138898995898948102109473193356840202
1429650867505148313720594668477948880050562903683-109928824856976412487775174607761519739702474552,422.2256644382847,syn_flag_number >,Number <=,1429650867505148313720594668477948880050562903683,109928824856976412487775174607761519739702474552
1429650867505148313720594668477948880050562903683-1118614325010621431186771152252517336813918651911,396.72855204262504,syn_flag_number >,sum >,1429650867505148313720594668477948880050562903683,1118614325010621431186771152252517336813918651911
1429650867505148313720594668477948880050562903683-1142857970576506471478393393000113013376204379484,938.2285678218838,syn_flag_number >,rst_flag_number <=,1429650867505148313720594668477948880050562903683,1142857970576506471478393393000113013376204379484
1429650867505148313720594668477948880050562903683-1184472685782376059334758133512718430805424685192,4.040436980270667,syn_flag_number >,SSH >,1429650867505148313720594668477948880050562903683,1184472685782376059334758133512718430805424685192
1429650867505148313720594668477948880050562903683-1232849963170894971818913290506039176322619533319,165.65791619109734,syn_flag_number >,psh_flag_number >,1429650867505148313720594668477948880050562903683,1232849963170894971818913290506039176322619533319
1429650867505148313720594668477948880050562903683-1233133706649643691022119102239698495899057226060,506.83045975500073,syn_flag_number >,Time_To_Live <=,1429650867505148313720594668477948880050562903683,1233133706649643691022119102239698495899057226060
1429650867505148313720594668477948880050562903683-1236189254858718471128603624930063881324958313531,395.96282406652534,syn_flag_number >,HTTPS >,1429650867505148313720594668477948880050562903683,1236189254858718471128603624930063881324958313531
1429650867505148313720594668477948880050562903683-1251276136943778783713685275011300537715092657394,1737.0946439936251,syn_flag_number >,fin_flag_number >,1429650867505148313720594668477948880050562903683,1251276136943778783713685275011300537715092657394
1429650867505148313720594668477948880050562903683-1329847435934461746074927120436757452470095790255,44.44480678297734,syn_flag_number >,Min >,1429650867505148313720594668477948880050562903683,1329847435934461746074927120436757452470095790255
1429650867505148313720594668477948880050562903683-1338222599102815322204523610829624561969283441716,4434.232957085676,syn_flag_number >,SSH <=,1429650867505148313720594668477948880050562903683,1338222599102815322204523610829624561969283441716
1429650867505148313720594668477948880050562903683-1345309773886921328764805451107636357621530213384,24480.24193548387,syn_flag_number >,Class -1,1429650867505148313720594668477948880050562903683,1345309773886921328764805451107636357621530213384
1429650867505148313720594668477948880050562903683-1375509225989204300559045429796274689340158771149,5355.485172756584,syn_flag_number >,rst_count <=,1429650867505148313720594668477948880050562903683,1375509225989204300559045429796274689340158771149
1429650867505148313720594668477948880050562903683-1379366653555122327876205020011632492492609315477,85.85928583075167,syn_flag_number >,Type <=,1429650867505148313720594668477948880050562903683,1379366653555122327876205020011632492492609315477
1429650867505148313720594668477948880050562903683-1418162538066850581097605911983264533342366443794,4268.575040894579,syn_flag_number >,Header_Length <=,1429650867505148313720594668477948880050562903683,1418162538066850581097605911983264533342366443794
1429650867505148313720594668477948880050562903683-1429650867505148313720594668477948880050562903683,637.9002803448294,syn_flag_number >,syn_flag_number >,1429650867505148313720594668477948880050562903683,1429650867505148313720594668477948880050562903683
1429650867505148313720594668477948880050562903683-1454952188391427871478129207189215566009723810659,352.5281265286157,syn_flag_number >,Std >,1429650867505148313720594668477948880050562903683,1454952188391427871478129207189215566009723810659
1429650867505148313720594668477948880050562903683-1455733501014453866297060548284701359849809242142,637.9002803448294,syn_flag_number >,DHCP <=,1429650867505148313720594668477948880050562903683,1455733501014453866297060548284701359849809242142
1429650867505148313720594668477948880050562903683-160227321490815016489601533331665083666172936667,2783.8447873218915,syn_flag_number >,IGMP <=,1429650867505148313720594668477948880050562903683,160227321490815016489601533331665083666172936667
1429650867505148313720594668477948880050562903683-171982518954274878349485416184092168691833932185,4746.503342572966,syn_flag_number >,Class 1,1429650867505148313720594668477948880050562903683,171982518954274878349485416184092168691833932185
1429650867505148313720594668477948880050562903683-207766774224049171901964708681563529125144087827,2045.862231292374,syn_flag_number >,HTTP >,1429650867505148313720594668477948880050562903683,207766774224049171901964708681563529125144087827
1429650867505148313720594668477948880050562903683-215123608059624622405742600984392925785664489773,445.2952562288624,syn_flag_number >,Variance <=,1429650867505148313720594668477948880050562903683,215123608059624622405742600984392925785664489773
1429650867505148313720594668477948880050562903683-218607780770691257170847497927336330511308420255,1.0101092450676668,syn_flag_number >,ack_count >,1429650867505148313720594668477948880050562903683,218607780770691257170847497927336330511308420255
1429650867505148313720594668477948880050562903683-223165296026140232481876277255273629987157553131,6592.738661287693,syn_flag_number >,Header_Length >,1429650867505148313720594668477948880050562903683,223165296026140232481876277255273629987157553131
1429650867505148313720594668477948880050562903683-335418722972519651500040442315750311827115323662,745.4606228599381,syn_flag_number >,Rate >,1429650867505148313720594668477948880050562903683,335418722972519651500040442315750311827115323662
1429650867505148313720594668477948880050562903683-338730224709676774412755851787278702947952010784,2600.3307464115337,syn_flag_number >,sum <=,1429650867505148313720594668477948880050562903683,338730224709676774412755851787278702947952010784
1429650867505148313720594668477948880050562903683-371266811264664269299964157380215767396824640058,39.394260557639,syn_flag_number >,ICMP >,1429650867505148313720594668477948880050562903683,371266811264664269299964157380215767396824640058
1429650867505148313720594668477948880050562903683-378316838538499851440768051160724422589084218125,888.8961356595468,syn_flag_number >,IAT <=,1429650867505148313720594668477948880050562903683,378316838538499851440768051160724422589084218125
1429650867505148313720594668477948880050562903683-40351198695966294513339726256484683518911283460,717.7803711281645,syn_flag_number >,fin_flag_number <=,1429650867505148313720594668477948880050562903683,40351198695966294513339726256484683518911283460
1429650867505148313720594668477948880050562903683-417610515582391639059962073933335223318558562917,1848.532502643026,syn_flag_number >,fin_count <=,1429650867505148313720594668477948880050562903683,417610515582391639059962073933335223318558562917
1429650867505148313720594668477948880050562903683-426624906449189252299067265451872698344494536313,9794.116992683685,syn_flag_number >,Number >,1429650867505148313720594668477948880050562903683,426624906449189252299067265451872698344494536313
1429650867505148313720594668477948880050562903683-450410814915736770904937984733342042835793211647,223.152682736965,syn_flag_number >,ece_flag_number <=,1429650867505148313720594668477948880050562903683,450410814915736770904937984733342042835793211647
1429650867505148313720594668477948880050562903683-475011065740486827108472353828139148231878458661,2182.3899002224875,syn_flag_number >,syn_flag_number <=,1429650867505148313720594668477948880050562903683,475011065740486827108472353828139148231878458661
1429650867505148313720594668477948880050562903683-505469541859377927785473031559292540931343582537,688.6501238671807,syn_flag_number >,ICMP <=,1429650867505148313720594668477948880050562903683,505469541859377927785473031559292540931343582537
1429650867505148313720594668477948880050562903683-510505520442458443414009447271658614884328320759,276.7699331485407,syn_flag_number >,IRC <=,1429650867505148313720594668477948880050562903683,510505520442458443414009447271658614884328320759
1429650867505148313720594668477948880050562903683-520582048177068818674784514618258893555315007951,48.48524376324801,syn_flag_number >,LLC <=,1429650867505148313720594668477948880050562903683,520582048177068818674784514618258893555315007951
1429650867505148313720594668477948880050562903683-559797210707093786647851972932919518973015855277,5.0505462253383335,syn_flag_number >,fin_count >,1429650867505148313720594668477948880050562903683,559797210707093786647851972932919518973015855277
1429650867505148313720594668477948880050562903683-565103970815292376991711972572924808853013487374,1.0101092450676668,syn_flag_number >,IGMP >,1429650867505148313720594668477948880050562903683,565103970815292376991711972572924808853013487374
1429650867505148313720594668477948880050562903683-681503808608794911981134712221284126975357543438,10840.834551842754,syn_flag_number >,syn_count <=,1429650867505148313720594668477948880050562903683,681503808608794911981134712221284126975357543438
1429650867505148313720594668477948880050562903683-684418957212367241623111035135876005715150589706,326.26528615685635,syn_flag_number >,HTTP <=,1429650867505148313720594668477948880050562903683,684418957212367241623111035135876005715150589706
1429650867505148313720594668477948880050562903683-714914936218336719861297767221934377853836589461,142.42540355454102,syn_flag_number >,UDP >,1429650867505148313720594668477948880050562903683,714914936218336719861297767221934377853836589461
1429650867505148313720594668477948880050562903683-786396322989194697344344278946426998739971577495,1662.6724015505752,syn_flag_number >,HTTPS <=,1429650867505148313720594668477948880050562903683,786396322989194697344344278946426998739971577495
1429650867505148313720594668477948880050562903683-791432257472445298809701838101022411569407290467,699.4354838709678,syn_flag_number >,rst_flag_number >,1429650867505148313720594668477948880050562903683,791432257472445298809701838101022411569407290467
1429650867505148313720594668477948880050562903683-795584812918386367255521286735341258439959854242,2307.2361444959315,syn_flag_number >,syn_count >,1429650867505148313720594668477948880050562903683,795584812918386367255521286735341258439959854242
1429650867505148313720594668477948880050562903683-835140271881840015202809914014108690929910415575,55.55600847872167,syn_flag_number >,IAT >,1429650867505148313720594668477948880050562903683,835140271881840015202809914014108690929910415575
1429650867505148313720594668477948880050562903683-841356973986788424033641854148712928121319667477,202.02184901353334,syn_flag_number >,Variance >,1429650867505148313720594668477948880050562903683,841356973986788424033641854148712928121319667477
1429650867505148313720594668477948880050562903683-841518471221275042570144506781210008737201997031,25.252731126691668,syn_flag_number >,Min <=,1429650867505148313720594668477948880050562903683,841518471221275042570144506781210008737201997031
1429650867505148313720594668477948880050562903683-843826879422383561066103188424018239931401286651,134.34452959399968,syn_flag_number >,ack_count <=,1429650867505148313720594668477948880050562903683,843826879422383561066103188424018239931401286651
1429650867505148313720594668477948880050562903683-896530251803066355404557928035950607124936193677,432.32675688896137,syn_flag_number >,psh_flag_number <=,1429650867505148313720594668477948880050562903683,896530251803066355404557928035950607124936193677
1429650867505148313720594668477948880050562903683-922599836131670820904126277297069322180441856169,1244.2916690773868,syn_flag_number >,Rate <=,1429650867505148313720594668477948880050562903683,922599836131670820904126277297069322180441856169
1429650867505148313720594668477948880050562903683-926368966621798523173828527325665066772113177503,744.971860322002,syn_flag_number >,UDP <=,1429650867505148313720594668477948880050562903683,926368966621798523173828527325665066772113177503
1429650867505148313720594668477948880050562903683-940331364486966071141541838460909450599289486914,4596.290322580645,syn_flag_number >,rst_count >,1429650867505148313720594668477948880050562903683,940331364486966071141541838460909450599289486914
1429650867505148313720594668477948880050562903683-974265510705878984211701297112044370513255377925,1843.644877263666,syn_flag_number >,Std <=,1429650867505148313720594668477948880050562903683,974265510705878984211701297112044370513255377925
1454952188391427871478129207189215566009723810659-1043469376771332113858820724324827897913309990452,1032.0872671901875,Std >,LLC >,1454952188391427871478129207189215566009723810659,1043469376771332113858820724324827897913309990452
1454952188391427871478129207189215566009723810659-1043754360836331848364792327262011021650379248223,200.93027934547635,Std >,DNS >,1454952188391427871478129207189215566009723810659,1043754360836331848364792327262011021650379248223
1454952188391427871478129207189215566009723810659-1077028023530208599426324724984012030801332581683,3388.916517202022,Std >,Time_To_Live >,1454952188391427871478129207189215566009723810659,1077028023530208599426324724984012030801332581683
1454952188391427871478129207189215566009723810659-1085488307210616684491611463585545838953333018237,480.6490798062307,Std >,Type >,1454952188391427871478129207189215566009723810659,1085488307210616684491611463585545838953333018237
1454952188391427871478129207189215566009723810659-1091995366823138898995898948102109473193356840202,1549.2632006648328,Std >,DNS <=,1454952188391427871478129207189215566009723810659,1091995366823138898995898948102109473193356840202
1454952188391427871478129207189215566009723810659-109928824856976412487775174607761519739702474552,112.12212620251101,Std >,Number <=,1454952188391427871478129207189215566009723810659,109928824856976412487775174607761519739702474552
1454952188391427871478129207189215566009723810659-1118614325010621431186771152252517336813918651911,3544.3430042656596,Std >,sum >,1454952188391427871478129207189215566009723810659,1118614325010621431186771152252517336813918651911
1454952188391427871478129207189215566009723810659-1142857970576506471478393393000113013376204379484,718.1062128201218,Std >,rst_flag_number <=,1454952188391427871478129207189215566009723810659,1142857970576506471478393393000113013376204379484
1454952188391427871478129207189215566009723810659-1184472685782376059334758133512718430805424685192,16.161747921082668,Std >,SSH >,1454952188391427871478129207189215566009723810659,1184472685782376059334758133512718430805424685192
1454952188391427871478129207189215566009723810659-1232849963170894971818913290506039176322619533319,279.8002608837437,Std >,psh_flag_number >,1454952188391427871478129207189215566009723810659,1232849963170894971818913290506039176322619533319
1454952188391427871478129207189215566009723810659-1233133706649643691022119102239698495899057226060,1443.3646507787064,Std >,Time_To_Live <=,1454952188391427871478129207189215566009723810659,1233133706649643691022119102239698495899057226060
1454952188391427871478129207189215566009723810659-1236189254858718471128603624930063881324958313531,1530.3155062775152,Std >,HTTPS >,1454952188391427871478129207189215566009723810659,1236189254858718471128603624930063881324958313531
1454952188391427871478129207189215566009723810659-1239329028096551917906154637654656383307088642249,59.596445458992335,Std >,cwr_flag_number <=,1454952188391427871478129207189215566009723810659,1239329028096551917906154637654656383307088642249
1454952188391427871478129207189215566009723810659-1251276136943778783713685275011300537715092657394,123.23332789825534,Std >,fin_flag_number >,1454952188391427871478129207189215566009723810659,1251276136943778783713685275011300537715092657394
1454952188391427871478129207189215566009723810659-1329847435934461746074927120436757452470095790255,1205.9889781878048,Std >,Min >,1454952188391427871478129207189215566009723810659,1329847435934461746074927120436757452470095790255
1454952188391427871478129207189215566009723810659-1338222599102815322204523610829624561969283441716,610.1059840208707,Std >,SSH <=,1454952188391427871478129207189215566009723810659,1338222599102815322204523610829624561969283441716
1454952188391427871478129207189215566009723810659-1345309773886921328764805451107636357621530213384,2897.6612903225805,Std >,Class -1,1454952188391427871478129207189215566009723810659,1345309773886921328764805451107636357621530213384
1454952188391427871478129207189215566009723810659-1375509225989204300559045429796274689340158771149,777.7841187021033,Std >,rst_count <=,1454952188391427871478129207189215566009723810659,1375509225989204300559045429796274689340158771149
1454952188391427871478129207189215566009723810659-1379366653555122327876205020011632492492609315477,572.731941953367,Std >,Type <=,1454952188391427871478129207189215566009723810659,1379366653555122327876205020011632492492609315477
1454952188391427871478129207189215566009723810659-1418162538066850581097605911983264533342366443794,656.4080884480047,Std >,Header_Length <=,1454952188391427871478129207189215566009723810659,1418162538066850581097605911983264533342366443794
1454952188391427871478129207189215566009723810659-1429650867505148313720594668477948880050562903683,147.47594977987936,Std >,syn_flag_number >,1454952188391427871478129207189215566009723810659,1429650867505148313720594668477948880050562903683
1454952188391427871478129207189215566009723810659-1454952188391427871478129207189215566009723810659,956.4105342331018,Std >,Std >,1454952188391427871478129207189215566009723810659,1454952188391427871478129207189215566009723810659
1454952188391427871478129207189215566009723810659-1455733501014453866297060548284701359849809242142,673.4170247681764,Std >,DHCP <=,1454952188391427871478129207189215566009723810659,1455733501014453866297060548284701359849809242142
1454952188391427871478129207189215566009723810659-160227321490815016489601533331665083666172936667,694.4663980686188,Std >,IGMP <=,1454952188391427871478129207189215566009723810659,160227321490815016489601533331665083666172936667
1454952188391427871478129207189215566009723810659-171982518954274878349485416184092168691833932185,10671.8041741399,Std >,Class 1,1454952188391427871478129207189215566009723810659,171982518954274878349485416184092168691833932185
1454952188391427871478129207189215566009723810659-207766774224049171901964708681563529125144087827,1703.0767713532819,Std >,HTTP >,1454952188391427871478129207189215566009723810659,207766774224049171901964708681563529125144087827
1454952188391427871478129207189215566009723810659-215123608059624622405742600984392925785664489773,1679.8116745475297,Std >,Variance <=,1454952188391427871478129207189215566009723810659,215123608059624622405742600984392925785664489773
1454952188391427871478129207189215566009723810659-218607780770691257170847497927336330511308420255,2125.9052429216877,Std >,ack_count >,1454952188391427871478129207189215566009723810659,218607780770691257170847497927336330511308420255
1454952188391427871478129207189215566009723810659-223165296026140232481876277255273629987157553131,1075.5219647280971,Std >,Header_Length >,1454952188391427871478129207189215566009723810659,223165296026140232481876277255273629987157553131
1454952188391427871478129207189215566009723810659-335418722972519651500040442315750311827115323662,1459.6078591227786,Std >,Rate >,1454952188391427871478129207189215566009723810659,335418722972519651500040442315750311827115323662
1454952188391427871478129207189215566009723810659-338730224709676774412755851787278702947952010784,2102.5586856929463,Std >,sum <=,1454952188391427871478129207189215566009723810659,338730224709676774412755851787278702947952010784
1454952188391427871478129207189215566009723810659-371266811264664269299964157380215767396824640058,25.252731126691668,Std >,ICMP >,1454952188391427871478129207189215566009723810659,371266811264664269299964157380215767396824640058
1454952188391427871478129207189215566009723810659-378316838538499851440768051160724422589084218125,501.0141855535627,Std >,IAT <=,1454952188391427871478129207189215566009723810659,378316838538499851440768051160724422589084218125
1454952188391427871478129207189215566009723810659-40351198695966294513339726256484683518911283460,945.1364116913787,Std >,fin_flag_number <=,1454952188391427871478129207189215566009723810659,40351198695966294513339726256484683518911283460
1454952188391427871478129207189215566009723810659-417610515582391639059962073933335223318558562917,171.63711123851402,Std >,fin_count <=,1454952188391427871478129207189215566009723810659,417610515582391639059962073933335223318558562917
1454952188391427871478129207189215566009723810659-450410814915736770904937984733342042835793211647,571.7218327082994,Std >,ece_flag_number <=,1454952188391427871478129207189215566009723810659,450410814915736770904937984733342042835793211647
1454952188391427871478129207189215566009723810659-475011065740486827108472353828139148231878458661,434.18405453311806,Std >,syn_flag_number <=,1454952188391427871478129207189215566009723810659,475011065740486827108472353828139148231878458661
1454952188391427871478129207189215566009723810659-505469541859377927785473031559292540931343582537,719.1977824881787,Std >,ICMP <=,1454952188391427871478129207189215566009723810659,505469541859377927785473031559292540931343582537
1454952188391427871478129207189215566009723810659-520582048177068818674784514618258893555315007951,308.001859322649,Std >,LLC <=,1454952188391427871478129207189215566009723810659,520582048177068818674784514618258893555315007951
1454952188391427871478129207189215566009723810659-559797210707093786647851972932919518973015855277,207.9195836379607,Std >,fin_count >,1454952188391427871478129207189215566009723810659,559797210707093786647851972932919518973015855277
1454952188391427871478129207189215566009723810659-681503808608794911981134712221284126975357543438,664.5704228315354,Std >,syn_count <=,1454952188391427871478129207189215566009723810659,681503808608794911981134712221284126975357543438
1454952188391427871478129207189215566009723810659-684418957212367241623111035135876005715150589706,997.9879341268547,Std >,HTTP <=,1454952188391427871478129207189215566009723810659,684418957212367241623111035135876005715150589706
1454952188391427871478129207189215566009723810659-714914936218336719861297767221934377853836589461,713.1371270177727,Std >,UDP >,1454952188391427871478129207189215566009723810659,714914936218336719861297767221934377853836589461
1454952188391427871478129207189215566009723810659-786396322989194697344344278946426998739971577495,3530.3318115114953,Std >,HTTPS <=,1454952188391427871478129207189215566009723810659,786396322989194697344344278946426998739971577495
1454952188391427871478129207189215566009723810659-791432257472445298809701838101022411569407290467,19.192075656285667,Std >,rst_flag_number >,1454952188391427871478129207189215566009723810659,791432257472445298809701838101022411569407290467
1454952188391427871478129207189215566009723810659-795584812918386367255521286735341258439959854242,117.17267242784935,Std >,syn_count >,1454952188391427871478129207189215566009723810659,795584812918386367255521286735341258439959854242
1454952188391427871478129207189215566009723810659-835140271881840015202809914014108690929910415575,453.45759061239306,Std >,IAT >,1454952188391427871478129207189215566009723810659,835140271881840015202809914014108690929910415575
1454952188391427871478129207189215566009723810659-841356973986788424033641854148712928121319667477,967.6846567748247,Std >,Variance >,1454952188391427871478129207189215566009723810659,841356973986788424033641854148712928121319667477
1454952188391427871478129207189215566009723810659-841518471221275042570144506781210008737201997031,3164.1020418360745,Std >,Min <=,1454952188391427871478129207189215566009723810659,841518471221275042570144506781210008737201997031
1454952188391427871478129207189215566009723810659-843826879422383561066103188424018239931401286651,1023.2406652535465,Std >,ack_count <=,1454952188391427871478129207189215566009723810659,843826879422383561066103188424018239931401286651
1454952188391427871478129207189215566009723810659-896530251803066355404557928035950607124936193677,481.822109897277,Std >,psh_flag_number <=,1454952188391427871478129207189215566009723810659,896530251803066355404557928035950607124936193677
1454952188391427871478129207189215566009723810659-922599836131670820904126277297069322180441856169,2813.0727870904625,Std >,Rate <=,1454952188391427871478129207189215566009723810659,922599836131670820904126277297069322180441856169
1454952188391427871478129207189215566009723810659-926368966621798523173828527325665066772113177503,2091.936246535138,Std >,UDP <=,1454952188391427871478129207189215566009723810659,926368966621798523173828527325665066772113177503
1454952188391427871478129207189215566009723810659-974265510705878984211701297112044370513255377925,1619.20511984347,Std >,Std <=,1454952188391427871478129207189215566009723810659,974265510705878984211701297112044370513255377925
1455733501014453866297060548284701359849809242142-1043469376771332113858820724324827897913309990452,9268.387714795159,DHCP <=,LLC >,1455733501014453866297060548284701359849809242142,1043469376771332113858820724324827897913309990452
1455733501014453866297060548284701359849809242142-1043754360836331848364792327262011021650379248223,401.0133702918637,DHCP <=,DNS >,1455733501014453866297060548284701359849809242142,1043754360836331848364792327262011021650379248223
1455733501014453866297060548284701359849809242142-1077028023530208599426324724984012030801332581683,1763.650741888146,DHCP <=,Time_To_Live >,1455733501014453866297060548284701359849809242142,1077028023530208599426324724984012030801332581683
1455733501014453866297060548284701359849809242142-1085488307210616684491611463585545838953333018237,110.10190771237568,DHCP <=,Type >,1455733501014453866297060548284701359849809242142,1085488307210616684491611463585545838953333018237
1455733501014453866297060548284701359849809242142-1091995366823138898995898948102109473193356840202,13822.97030080527,DHCP <=,DNS <=,1455733501014453866297060548284701359849809242142,1091995366823138898995898948102109473193356840202
1455733501014453866297060548284701359849809242142-109928824856976412487775174607761519739702474552,1241.4242621881624,DHCP <=,Number <=,1455733501014453866297060548284701359849809242142,109928824856976412487775174607761519739702474552
1455733501014453866297060548284701359849809242142-1118614325010621431186771152252517336813918651911,1331.0796037302168,DHCP <=,sum >,1455733501014453866297060548284701359849809242142,1118614325010621431186771152252517336813918651911
1455733501014453866297060548284701359849809242142-1142857970576506471478393393000113013376204379484,5026.140682610731,DHCP <=,rst_flag_number <=,1455733501014453866297060548284701359849809242142,1142857970576506471478393393000113013376204379484
1455733501014453866297060548284701359849809242142-1184472685782376059334758133512718430805424685192,586.8734713843144,DHCP <=,SSH >,1455733501014453866297060548284701359849809242142,1184472685782376059334758133512718430805424685192
1455733501014453866297060548284701359849809242142-1232849963170894971818913290506039176322619533319,333.33605087233,DHCP <=,psh_flag_number >,1455733501014453866297060548284701359849809242142,1232849963170894971818913290506039176322619533319
1455733501014453866297060548284701359849809242142-1233133706649643691022119102239698495899057226060,6380.452798977504,DHCP <=,Time_To_Live <=,1455733501014453866297060548284701359849809242142,1233133706649643691022119102239698495899057226060
1455733501014453866297060548284701359849809242142-1236189254858718471128603624930063881324958313531,5096.001141366379,DHCP <=,HTTPS >,1455733501014453866297060548284701359849809242142,1236189254858718471128603624930063881324958313531
1455733501014453866297060548284701359849809242142-1239329028096551917906154637654656383307088642249,1297.9903799119518,DHCP <=,cwr_flag_number <=,1455733501014453866297060548284701359849809242142,1239329028096551917906154637654656383307088642249
1455733501014453866297060548284701359849809242142-1251276136943778783713685275011300537715092657394,114.14234469264635,DHCP <=,fin_flag_number >,1455733501014453866297060548284701359849809242142,1251276136943778783713685275011300537715092657394
1455733501014453866297060548284701359849809242142-1329847435934461746074927120436757452470095790255,51.515571498451,DHCP <=,Min >,1455733501014453866297060548284701359849809242142,1329847435934461746074927120436757452470095790255
1455733501014453866297060548284701359849809242142-1338222599102815322204523610829624561969283441716,32652.954376903373,DHCP <=,SSH <=,1455733501014453866297060548284701359849809242142,1338222599102815322204523610829624561969283441716
1455733501014453866297060548284701359849809242142-1345309773886921328764805451107636357621530213384,9192.58064516129,DHCP <=,Class -1,1455733501014453866297060548284701359849809242142,1345309773886921328764805451107636357621530213384
1455733501014453866297060548284701359849809242142-1375509225989204300559045429796274689340158771149,17058.98560405632,DHCP <=,rst_count <=,1455733501014453866297060548284701359849809242142,1375509225989204300559045429796274689340158771149
1455733501014453866297060548284701359849809242142-1379366653555122327876205020011632492492609315477,2952.4678629098007,DHCP <=,Type <=,1455733501014453866297060548284701359849809242142,1379366653555122327876205020011632492492609315477
1455733501014453866297060548284701359849809242142-1418162538066850581097605911983264533342366443794,2853.5586173161587,DHCP <=,Header_Length <=,1455733501014453866297060548284701359849809242142,1418162538066850581097605911983264533342366443794
1455733501014453866297060548284701359849809242142-1429650867505148313720594668477948880050562903683,378.546585631407,DHCP <=,syn_flag_number >,1455733501014453866297060548284701359849809242142,1429650867505148313720594668477948880050562903683
1455733501014453866297060548284701359849809242142-1454952188391427871478129207189215566009723810659,491.84174192496437,DHCP <=,Std >,1455733501014453866297060548284701359849809242142,1454952188391427871478129207189215566009723810659
1455733501014453866297060548284701359849809242142-1455733501014453866297060548284701359849809242142,16.161747921082668,DHCP <=,DHCP <=,1455733501014453866297060548284701359849809242142,1455733501014453866297060548284701359849809242142
1455733501014453866297060548284701359849809242142-160227321490815016489601533331665083666172936667,2960.630197293331,DHCP <=,IGMP <=,1455733501014453866297060548284701359849809242142,160227321490815016489601533331665083666172936667
1455733501014453866297060548284701359849809242142-171982518954274878349485416184092168691833932185,38729.60867438448,DHCP <=,Class 1,1455733501014453866297060548284701359849809242142,171982518954274878349485416184092168691833932185
1455733501014453866297060548284701359849809242142-207766774224049171901964708681563529125144087827,1948.4518574817355,DHCP <=,HTTP >,1455733501014453866297060548284701359849809242142,207766774224049171901964708681563529125144087827
1455733501014453866297060548284701359849809242142-215123608059624622405742600984392925785664489773,21734.699839051562,DHCP <=,Variance <=,1455733501014453866297060548284701359849809242142,215123608059624622405742600984392925785664489773
1455733501014453866297060548284701359849809242142-218607780770691257170847497927336330511308420255,8676.838415131257,DHCP <=,ack_count >,1455733501014453866297060548284701359849809242142,218607780770691257170847497927336330511308420255
1455733501014453866297060548284701359849809242142-223165296026140232481876277255273629987157553131,121.21310940812,DHCP <=,Header_Length >,1455733501014453866297060548284701359849809242142,223165296026140232481876277255273629987157553131
1455733501014453866297060548284701359849809242142-335418722972519651500040442315750311827115323662,209.092613729007,DHCP <=,Rate >,1455733501014453866297060548284701359849809242142,335418722972519651500040442315750311827115323662
1455733501014453866297060548284701359849809242142-337274849629170698169636561573185333120886675912,11.111201695744334,DHCP <=,ece_flag_number >,1455733501014453866297060548284701359849809242142,337274849629170698169636561573185333120886675912
1455733501014453866297060548284701359849809242142-338730224709676774412755851787278702947952010784,9091.015789778197,DHCP <=,sum <=,1455733501014453866297060548284701359849809242142,338730224709676774412755851787278702947952010784
1455733501014453866297060548284701359849809242142-371266811264664269299964157380215767396824640058,1334.3543127343878,DHCP <=,ICMP >,1455733501014453866297060548284701359849809242142,371266811264664269299964157380215767396824640058
1455733501014453866297060548284701359849809242142-378316838538499851440768051160724422589084218125,936.3712701777271,DHCP <=,IAT <=,1455733501014453866297060548284701359849809242142,378316838538499851440768051160724422589084218125
1455733501014453866297060548284701359849809242142-40351198695966294513339726256484683518911283460,3369.5615206997577,DHCP <=,fin_flag_number <=,1455733501014453866297060548284701359849809242142,40351198695966294513339726256484683518911283460
1455733501014453866297060548284701359849809242142-417610515582391639059962073933335223318558562917,24086.331914076676,DHCP <=,fin_count <=,1455733501014453866297060548284701359849809242142,417610515582391639059962073933335223318558562917
1455733501014453866297060548284701359849809242142-450410814915736770904937984733342042835793211647,1960.6220446763411,DHCP <=,ece_flag_number <=,1455733501014453866297060548284701359849809242142,450410814915736770904937984733342042835793211647
1455733501014453866297060548284701359849809242142-475011065740486827108472353828139148231878458661,5217.214250774498,DHCP <=,syn_flag_number <=,1455733501014453866297060548284701359849809242142,475011065740486827108472353828139148231878458661
1455733501014453866297060548284701359849809242142-505469541859377927785473031559292540931343582537,26951.83262940307,DHCP <=,ICMP <=,1455733501014453866297060548284701359849809242142,505469541859377927785473031559292540931343582537
1455733501014453866297060548284701359849809242142-520582048177068818674784514618258893555315007951,3167.7025925322027,DHCP <=,LLC <=,1455733501014453866297060548284701359849809242142,520582048177068818674784514618258893555315007951
1455733501014453866297060548284701359849809242142-559797210707093786647851972932919518973015855277,6904.699497167623,DHCP <=,fin_count >,1455733501014453866297060548284701359849809242142,559797210707093786647851972932919518973015855277
1455733501014453866297060548284701359849809242142-565103970815292376991711972572924808853013487374,5.0505462253383335,DHCP <=,IGMP >,1455733501014453866297060548284701359849809242142,565103970815292376991711972572924808853013487374
1455733501014453866297060548284701359849809242142-579184915384053252333364217236378176158944003116,5.0505462253383335,DHCP <=,cwr_flag_number >,1455733501014453866297060548284701359849809242142,579184915384053252333364217236378176158944003116
1455733501014453866297060548284701359849809242142-681503808608794911981134712221284126975357543438,2466.686776455242,DHCP <=,syn_count <=,1455733501014453866297060548284701359849809242142,681503808608794911981134712221284126975357543438
1455733501014453866297060548284701359849809242142-684418957212367241623111035135876005715150589706,10503.03446979061,DHCP <=,HTTP <=,1455733501014453866297060548284701359849809242142,684418957212367241623111035135876005715150589706
1455733501014453866297060548284701359849809242142-714914936218336719861297767221934377853836589461,5732.369965759009,DHCP <=,UDP >,1455733501014453866297060548284701359849809242142,714914936218336719861297767221934377853836589461
1455733501014453866297060548284701359849809242142-786396322989194697344344278946426998739971577495,2633.9576090215282,DHCP <=,HTTPS <=,1455733501014453866297060548284701359849809242142,786396322989194697344344278946426998739971577495
1455733501014453866297060548284701359849809242142-791432257472445298809701838101022411569407290467,844.8097547377224,DHCP <=,rst_flag_number >,1455733501014453866297060548284701359849809242142,791432257472445298809701838101022411569407290467
1455733501014453866297060548284701359849809242142-795584812918386367255521286735341258439959854242,341.1725435639034,DHCP <=,syn_count >,1455733501014453866297060548284701359849809242142,795584812918386367255521286735341258439959854242
1455733501014453866297060548284701359849809242142-835140271881840015202809914014108690929910415575,186.87021033751836,DHCP <=,IAT >,1455733501014453866297060548284701359849809242142,835140271881840015202809914014108690929910415575
1455733501014453866297060548284701359849809242142-841356973986788424033641854148712928121319667477,620.2070764715473,DHCP <=,Variance >,1455733501014453866297060548284701359849809242142,841356973986788424033641854148712928121319667477
1455733501014453866297060548284701359849809242142-841518471221275042570144506781210008737201997031,133.334420348932,DHCP <=,Min <=,1455733501014453866297060548284701359849809242142,841518471221275042570144506781210008737201997031
1455733501014453866297060548284701359849809242142-843826879422383561066103188424018239931401286651,5379.9558838225785,DHCP <=,ack_count <=,1455733501014453866297060548284701359849809242142,843826879422383561066103188424018239931401286651
1455733501014453866297060548284701359849809242142-896530251803066355404557928035950607124936193677,2621.266075119791,DHCP <=,psh_flag_number <=,1455733501014453866297060548284701359849809242142,896530251803066355404557928035950607124936193677
1455733501014453866297060548284701359849809242142-922599836131670820904126277297069322180441856169,35235.49416693404,DHCP <=,Rate <=,1455733501014453866297060548284701359849809242142,922599836131670820904126277297069322180441856169
1455733501014453866297060548284701359849809242142-926368966621798523173828527325665066772113177503,5581.45638612898,DHCP <=,UDP <=,1455733501014453866297060548284701359849809242142,926368966621798523173828527325665066772113177503
1455733501014453866297060548284701359849809242142-940331364486966071141541838460909450599289486914,2316.3271277015406,DHCP <=,rst_count >,1455733501014453866297060548284701359849809242142,940331364486966071141541838460909450599289486914
1455733501014453866297060548284701359849809242142-974265510705878984211701297112044370513255377925,25625.7546956444,DHCP <=,Std <=,1455733501014453866297060548284701359849809242142,974265510705878984211701297112044370513255377925
160227321490815016489601533331665083666172936667-1043469376771332113858820724324827897913309990452,23372.15209364464,IGMP <=,LLC >,160227321490815016489601533331665083666172936667,1043469376771332113858820724324827897913309990452
160227321490815016489601533331665083666172936667-1077028023530208599426324724984012030801332581683,1409.102396869395,IGMP <=,Time_To_Live >,160227321490815016489601533331665083666172936667,1077028023530208599426324724984012030801332581683
160227321490815016489601533331665083666172936667-1085488307210616684491611463585545838953333018237,42.424588292842,IGMP <=,Type >,160227321490815016489601533331665083666172936667,1085488307210616684491611463585545838953333018237
160227321490815016489601533331665083666172936667-1091995366823138898995898948102109473193356840202,5964.6950921245725,IGMP <=,DNS <=,160227321490815016489601533331665083666172936667,1091995366823138898995898948102109473193356840202
160227321490815016489601533331665083666172936667-109928824856976412487775174607761519739702474552,428.2863199086907,IGMP <=,Number <=,160227321490815016489601533331665083666172936667,109928824856976412487775174607761519739702474552
160227321490815016489601533331665083666172936667-1118614325010621431186771152252517336813918651911,7859.2853179257645,IGMP <=,sum >,160227321490815016489601533331665083666172936667,1118614325010621431186771152252517336813918651911
160227321490815016489601533331665083666172936667-1142857970576506471478393393000113013376204379484,7364.576169111575,IGMP <=,rst_flag_number <=,160227321490815016489601533331665083666172936667,1142857970576506471478393393000113013376204379484
160227321490815016489601533331665083666172936667-1184472685782376059334758133512718430805424685192,320.20463068645034,IGMP <=,SSH >,160227321490815016489601533331665083666172936667,1184472685782376059334758133512718430805424685192
160227321490815016489601533331665083666172936667-1232849963170894971818913290506039176322619533319,32.323495842165336,IGMP <=,psh_flag_number >,160227321490815016489601533331665083666172936667,1232849963170894971818913290506039176322619533319
160227321490815016489601533331665083666172936667-1233133706649643691022119102239698495899057226060,18122.89131246614,IGMP <=,Time_To_Live <=,160227321490815016489601533331665083666172936667,1233133706649643691022119102239698495899057226060
160227321490815016489601533331665083666172936667-1236189254858718471128603624930063881324958313531,915.1589760313061,IGMP <=,HTTPS >,160227321490815016489601533331665083666172936667,1236189254858718471128603624930063881324958313531
160227321490815016489601533331665083666172936667-1251276136943778783713685275011300537715092657394,2313.5411812353054,IGMP <=,fin_flag_number >,160227321490815016489601533331665083666172936667,1251276136943778783713685275011300537715092657394
160227321490815016489601533331665083666172936667-1329847435934461746074927120436757452470095790255,185.8601010924507,IGMP <=,Min >,160227321490815016489601533331665083666172936667,1329847435934461746074927120436757452470095790255
160227321490815016489601533331665083666172936667-1338222599102815322204523610829624561969283441716,14213.16572692415,IGMP <=,SSH <=,160227321490815016489601533331665083666172936667,1338222599102815322204523610829624561969283441716
160227321490815016489601533331665083666172936667-1345309773886921328764805451107636357621530213384,11091.048387096775,IGMP <=,Class -1,160227321490815016489601533331665083666172936667,1345309773886921328764805451107636357621530213384
160227321490815016489601533331665083666172936667-1375509225989204300559045429796274689340158771149,1606.0736996575902,IGMP <=,rst_count <=,160227321490815016489601533331665083666172936667,1375509225989204300559045429796274689340158771149
160227321490815016489601533331665083666172936667-1379366653555122327876205020011632492492609315477,2494.236691510233,IGMP <=,Type <=,160227321490815016489601533331665083666172936667,1379366653555122327876205020011632492492609315477
160227321490815016489601533331665083666172936667-1418162538066850581097605911983264533342366443794,10634.299795395613,IGMP <=,Header_Length <=,160227321490815016489601533331665083666172936667,1418162538066850581097605911983264533342366443794
160227321490815016489601533331665083666172936667-1429650867505148313720594668477948880050562903683,4518.837752402393,IGMP <=,syn_flag_number >,160227321490815016489601533331665083666172936667,1429650867505148313720594668477948880050562903683
160227321490815016489601533331665083666172936667-1454952188391427871478129207189215566009723810659,414.91051845384305,IGMP <=,Std >,160227321490815016489601533331665083666172936667,1454952188391427871478129207189215566009723810659
160227321490815016489601533331665083666172936667-1455733501014453866297060548284701359849809242142,3770.7378118376,IGMP <=,DHCP <=,160227321490815016489601533331665083666172936667,1455733501014453866297060548284701359849809242142
160227321490815016489601533331665083666172936667-171982518954274878349485416184092168691833932185,25090.103538235773,IGMP <=,Class 1,160227321490815016489601533331665083666172936667,171982518954274878349485416184092168691833932185
160227321490815016489601533331665083666172936667-207766774224049171901964708681563529125144087827,1683.803235274007,IGMP <=,HTTP >,160227321490815016489601533331665083666172936667,207766774224049171901964708681563529125144087827
160227321490815016489601533331665083666172936667-215123608059624622405742600984392925785664489773,3706.7750877063795,IGMP <=,Variance <=,160227321490815016489601533331665083666172936667,215123608059624622405742600984392925785664489773
160227321490815016489601533331665083666172936667-218607780770691257170847497927336330511308420255,5428.082701724673,IGMP <=,ack_count >,160227321490815016489601533331665083666172936667,218607780770691257170847497927336330511308420255
160227321490815016489601533331665083666172936667-223165296026140232481876277255273629987157553131,751.3583574843655,IGMP <=,Header_Length >,160227321490815016489601533331665083666172936667,223165296026140232481876277255273629987157553131
160227321490815016489601533331665083666172936667-335418722972519651500040442315750311827115323662,663.6417740094571,IGMP <=,Rate >,160227321490815016489601533331665083666172936667,335418722972519651500040442315750311827115323662
160227321490815016489601533331665083666172936667-337274849629170698169636561573185333120886675912,53.53578998858634,IGMP <=,ece_flag_number >,160227321490815016489601533331665083666172936667,337274849629170698169636561573185333120886675912
160227321490815016489601533331665083666172936667-338730224709676774412755851787278702947952010784,26746.845620992728,IGMP <=,sum <=,160227321490815016489601533331665083666172936667,338730224709676774412755851787278702947952010784
160227321490815016489601533331665083666172936667-371266811264664269299964157380215767396824640058,958.5936735692158,IGMP <=,ICMP >,160227321490815016489601533331665083666172936667,371266811264664269299964157380215767396824640058
160227321490815016489601533331665083666172936667-378316838538499851440768051160724422589084218125,4257.235750014464,IGMP <=,IAT <=,160227321490815016489601533331665083666172936667,378316838538499851440768051160724422589084218125
160227321490815016489601533331665083666172936667-40351198695966294513339726256484683518911283460,26873.97275710987,IGMP <=,fin_flag_number <=,160227321490815016489601533331665083666172936667,40351198695966294513339726256484683518911283460
160227321490815016489601533331665083666172936667-417610515582391639059962073933335223318558562917,3931.1822609573805,IGMP <=,fin_count <=,160227321490815016489601533331665083666172936667,417610515582391639059962073933335223318558562917
160227321490815016489601533331665083666172936667-426624906449189252299067265451872698344494536313,899.2741935483871,IGMP <=,Number >,160227321490815016489601533331665083666172936667,426624906449189252299067265451872698344494536313
160227321490815016489601533331665083666172936667-450410814915736770904937984733342042835793211647,15585.643517617542,IGMP <=,ece_flag_number <=,160227321490815016489601533331665083666172936667,450410814915736770904937984733342042835793211647
160227321490815016489601533331665083666172936667-475011065740486827108472353828139148231878458661,12965.664517180983,IGMP <=,syn_flag_number <=,160227321490815016489601533331665083666172936667,475011065740486827108472353828139148231878458661
160227321490815016489601533331665083666172936667-505469541859377927785473031559292540931343582537,24243.208396669525,IGMP <=,ICMP <=,160227321490815016489601533331665083666172936667,505469541859377927785473031559292540931343582537
160227321490815016489601533331665083666172936667-510505520442458443414009447271658614884328320759,876.7748247187347,IGMP <=,IRC <=,160227321490815016489601533331665083666172936667,510505520442458443414009447271658614884328320759
160227321490815016489601533331665083666172936667-520582048177068818674784514618258893555315007951,1000.9368014390684,IGMP <=,LLC <=,160227321490815016489601533331665083666172936667,520582048177068818674784514618258893555315007951
160227321490815016489601533331665083666172936667-559797210707093786647851972932919518973015855277,700.4455931160354,IGMP <=,fin_count >,160227321490815016489601533331665083666172936667,559797210707093786647851972932919518973015855277
160227321490815016489601533331665083666172936667-629827923182617752624696690572530002196221478554,30.30327735203,IGMP <=,DHCP >,160227321490815016489601533331665083666172936667,629827923182617752624696690572530002196221478554
160227321490815016489601533331665083666172936667-681503808608794911981134712221284126975357543438,13992.668653976636,IGMP <=,syn_count <=,160227321490815016489601533331665083666172936667,681503808608794911981134712221284126975357543438
160227321490815016489601533331665083666172936667-684418957212367241623111035135876005715150589706,16108.244715263278,IGMP <=,HTTP <=,160227321490815016489601533331665083666172936667,684418957212367241623111035135876005715150589706
160227321490815016489601533331665083666172936667-708408391217891577256114269656040681679338993095,1.0101092450676668,IGMP <=,IRC >,160227321490815016489601533331665083666172936667,708408391217891577256114269656040681679338993095
160227321490815016489601533331665083666172936667-714914936218336719861297767221934377853836589461,240.40600032610467,IGMP <=,UDP >,160227321490815016489601533331665083666172936667,714914936218336719861297767221934377853836589461
160227321490815016489601533331665083666172936667-786396322989194697344344278946426998739971577495,662.6316647643894,IGMP <=,HTTPS <=,160227321490815016489601533331665083666172936667,786396322989194697344344278946426998739971577495
160227321490815016489601533331665083666172936667-791432257472445298809701838101022411569407290467,1674.4678707994299,IGMP <=,rst_flag_number >,160227321490815016489601533331665083666172936667,791432257472445298809701838101022411569407290467
160227321490815016489601533331665083666172936667-795584812918386367255521286735341258439959854242,1195.1547419302242,IGMP <=,syn_count >,160227321490815016489601533331665083666172936667,795584812918386367255521286735341258439959854242
160227321490815016489601533331665083666172936667-835140271881840015202809914014108690929910415575,653.1333794438337,IGMP <=,IAT >,160227321490815016489601533331665083666172936667,835140271881840015202809914014108690929910415575
160227321490815016489601533331665083666172936667-841356973986788424033641854148712928121319667477,100.000815261699,IGMP <=,Variance >,160227321490815016489601533331665083666172936667,841356973986788424033641854148712928121319667477
160227321490815016489601533331665083666172936667-841518471221275042570144506781210008737201997031,7669.906126560174,IGMP <=,Min <=,160227321490815016489601533331665083666172936667,841518471221275042570144506781210008737201997031
160227321490815016489601533331665083666172936667-843826879422383561066103188424018239931401286651,1955.5714984510028,IGMP <=,ack_count <=,160227321490815016489601533331665083666172936667,843826879422383561066103188424018239931401286651
160227321490815016489601533331665083666172936667-896530251803066355404557928035950607124936193677,476.7715636719387,IGMP <=,psh_flag_number <=,160227321490815016489601533331665083666172936667,896530251803066355404557928035950607124936193677
160227321490815016489601533331665083666172936667-922599836131670820904126277297069322180441856169,17606.220433614028,IGMP <=,Rate <=,160227321490815016489601533331665083666172936667,922599836131670820904126277297069322180441856169
160227321490815016489601533331665083666172936667-926368966621798523173828527325665066772113177503,12081.6234227316,IGMP <=,UDP <=,160227321490815016489601533331665083666172936667,926368966621798523173828527325665066772113177503
160227321490815016489601533331665083666172936667-940331364486966071141541838460909450599289486914,704.4860300963061,IGMP <=,rst_count >,160227321490815016489601533331665083666172936667,940331364486966071141541838460909450599289486914
160227321490815016489601533331665083666172936667-974265510705878984211701297112044370513255377925,2210.151612377251,IGMP <=,Std <=,160227321490815016489601533331665083666172936667,974265510705878984211701297112044370513255377925
171982518954274878349485416184092168691833932185-1043469376771332113858820724324827897913309990452,30794.19044513289,Class 1,LLC >,171982518954274878349485416184092168691833932185,1043469376771332113858820724324827897913309990452
171982518954274878349485416184092168691833932185-1043754360836331848364792327262011021650379248223,1647.4881787053644,Class 1,DNS >,171982518954274878349485416184092168691833932185,1043754360836331848364792327262011021650379248223
171982518954274878349485416184092168691833932185-1077028023530208599426324724984012030801332581683,16603.165661177238,Class 1,Time_To_Live >,171982518954274878349485416184092168691833932185,1077028023530208599426324724984012030801332581683
171982518954274878349485416184092168691833932185-1085488307210616684491611463585545838953333018237,11946.562041415295,Class 1,Type >,171982518954274878349485416184092168691833932185,1085488307210616684491611463585545838953333018237
171982518954274878349485416184092168691833932185-1091995366823138898995898948102109473193356840202,31089.142344692646,Class 1,DNS <=,171982518954274878349485416184092168691833932185,1091995366823138898995898948102109473193356840202
171982518954274878349485416184092168691833932185-109928824856976412487775174607761519739702474552,10546.550627751509,Class 1,Number <=,171982518954274878349485416184092168691833932185,109928824856976412487775174607761519739702474552
171982518954274878349485416184092168691833932185-1118614325010621431186771152252517336813918651911,10397.054459481495,Class 1,sum >,171982518954274878349485416184092168691833932185,1118614325010621431186771152252517336813918651911
171982518954274878349485416184092168691833932185-1142857970576506471478393393000113013376204379484,23066.854720365238,Class 1,rst_flag_number <=,171982518954274878349485416184092168691833932185,1142857970576506471478393393000113013376204379484
171982518954274878349485416184092168691833932185-1184472685782376059334758133512718430805424685192,739.3999673895321,Class 1,SSH >,171982518954274878349485416184092168691833932185,1184472685782376059334758133512718430805424685192
171982518954274878349485416184092168691833932185-1232849963170894971818913290506039176322619533319,12171.816403065384,Class 1,psh_flag_number >,171982518954274878349485416184092168691833932185,1232849963170894971818913290506039176322619533319
171982518954274878349485416184092168691833932185-1233133706649643691022119102239698495899057226060,35766.958258601015,Class 1,Time_To_Live <=,171982518954274878349485416184092168691833932185,1233133706649643691022119102239698495899057226060
171982518954274878349485416184092168691833932185-1236189254858718471128603624930063881324958313531,24363.834991032123,Class 1,HTTPS >,171982518954274878349485416184092168691833932185,1236189254858718471128603624930063881324958313531
171982518954274878349485416184092168691833932185-1239329028096551917906154637654656383307088642249,5621.257948801565,Class 1,cwr_flag_number <=,171982518954274878349485416184092168691833932185,1239329028096551917906154637654656383307088642249
171982518954274878349485416184092168691833932185-1251276136943778783713685275011300537715092657394,2794.972281102234,Class 1,fin_flag_number >,171982518954274878349485416184092168691833932185,1251276136943778783713685275011300537715092657394
171982518954274878349485416184092168691833932185-1329847435934461746074927120436757452470095790255,3670.736996575901,Class 1,Min >,171982518954274878349485416184092168691833932185,1329847435934461746074927120436757452470095790255
171982518954274878349485416184092168691833932185-1338222599102815322204523610829624561969283441716,38648.79993477907,Class 1,SSH <=,171982518954274878349485416184092168691833932185,1338222599102815322204523610829624561969283441716
171982518954274878349485416184092168691833932185-1375509225989204300559045429796274689340158771149,18869.850807109084,Class 1,rst_count <=,171982518954274878349485416184092168691833932185,1375509225989204300559045429796274689340158771149
171982518954274878349485416184092168691833932185-1379366653555122327876205020011632492492609315477,16664.782325126365,Class 1,Type <=,171982518954274878349485416184092168691833932185,1379366653555122327876205020011632492492609315477
171982518954274878349485416184092168691833932185-1418162538066850581097605911983264533342366443794,25986.070438610794,Class 1,Header_Length <=,171982518954274878349485416184092168691833932185,1418162538066850581097605911983264533342366443794
171982518954274878349485416184092168691833932185-1429650867505148313720594668477948880050562903683,2505.0709277678134,Class 1,syn_flag_number >,171982518954274878349485416184092168691833932185,1429650867505148313720594668477948880050562903683
171982518954274878349485416184092168691833932185-1454952188391427871478129207189215566009723810659,5646.510679928258,Class 1,Std >,171982518954274878349485416184092168691833932185,1454952188391427871478129207189215566009723810659
171982518954274878349485416184092168691833932185-1455733501014453866297060548284701359849809242142,28975.99380401109,Class 1,DHCP <=,171982518954274878349485416184092168691833932185,1455733501014453866297060548284701359849809242142
171982518954274878349485416184092168691833932185-160227321490815016489601533331665083666172936667,23015.339148866788,Class 1,IGMP <=,171982518954274878349485416184092168691833932185,160227321490815016489601533331665083666172936667
171982518954274878349485416184092168691833932185-207766774224049171901964708681563529125144087827,3548.5137779227134,Class 1,HTTP >,171982518954274878349485416184092168691833932185,207766774224049171901964708681563529125144087827
171982518954274878349485416184092168691833932185-215123608059624622405742600984392925785664489773,37223.535789988586,Class 1,Variance <=,171982518954274878349485416184092168691833932185,215123608059624622405742600984392925785664489773
171982518954274878349485416184092168691833932185-218607780770691257170847497927336330511308420255,16130.43453448557,Class 1,ack_count >,171982518954274878349485416184092168691833932185,218607780770691257170847497927336330511308420255
171982518954274878349485416184092168691833932185-223165296026140232481876277255273629987157553131,22600.184249143975,Class 1,Header_Length >,171982518954274878349485416184092168691833932185,223165296026140232481876277255273629987157553131
171982518954274878349485416184092168691833932185-335418722972519651500040442315750311827115323662,5507.115604108919,Class 1,Rate >,171982518954274878349485416184092168691833932185,335418722972519651500040442315750311827115323662
171982518954274878349485416184092168691833932185-337274849629170698169636561573185333120886675912,98.99070601663134,Class 1,ece_flag_number >,171982518954274878349485416184092168691833932185,337274849629170698169636561573185333120886675912
171982518954274878349485416184092168691833932185-338730224709676774412755851787278702947952010784,33829.56872656123,Class 1,sum <=,171982518954274878349485416184092168691833932185,338730224709676774412755851787278702947952010784
171982518954274878349485416184092168691833932185-371266811264664269299964157380215767396824640058,1677.7914560573945,Class 1,ICMP >,171982518954274878349485416184092168691833932185,371266811264664269299964157380215767396824640058
171982518954274878349485416184092168691833932185-378316838538499851440768051160724422589084218125,20694.10810370129,Class 1,IAT <=,171982518954274878349485416184092168691833932185,378316838538499851440768051160724422589084218125
171982518954274878349485416184092168691833932185-40351198695966294513339726256484683518911283460,42853.88472199576,Class 1,fin_flag_number <=,171982518954274878349485416184092168691833932185,40351198695966294513339726256484683518911283460
171982518954274878349485416184092168691833932185-417610515582391639059962073933335223318558562917,32025.513614870375,Class 1,fin_count <=,171982518954274878349485416184092168691833932185,417610515582391639059962073933335223318558562917
171982518954274878349485416184092168691833932185-426624906449189252299067265451872698344494536313,5.0505462253383335,Class 1,Number >,171982518954274878349485416184092168691833932185,426624906449189252299067265451872698344494536313
171982518954274878349485416184092168691833932185-450410814915736770904937984733342042835793211647,21211.284037175934,Class 1,ece_flag_number <=,171982518954274878349485416184092168691833932185,450410814915736770904937984733342042835793211647
171982518954274878349485416184092168691833932185-475011065740486827108472353828139148231878458661,28124.471710419046,Class 1,syn_flag_number <=,171982518954274878349485416184092168691833932185,475011065740486827108472353828139148231878458661
171982518954274878349485416184092168691833932185-505469541859377927785473031559292540931343582537,39969.01271808251,Class 1,ICMP <=,171982518954274878349485416184092168691833932185,505469541859377927785473031559292540931343582537
171982518954274878349485416184092168691833932185-510505520442458443414009447271658614884328320759,1673.7510190771238,Class 1,IRC <=,171982518954274878349485416184092168691833932185,510505520442458443414009447271658614884328320759
171982518954274878349485416184092168691833932185-520582048177068818674784514618258893555315007951,4878.827653676831,Class 1,LLC <=,171982518954274878349485416184092168691833932185,520582048177068818674784514618258893555315007951
171982518954274878349485416184092168691833932185-559797210707093786647851972932919518973015855277,949.5026903636067,Class 1,fin_count >,171982518954274878349485416184092168691833932185,559797210707093786647851972932919518973015855277
171982518954274878349485416184092168691833932185-565103970815292376991711972572924808853013487374,118.18278167291702,Class 1,IGMP >,171982518954274878349485416184092168691833932185,565103970815292376991711972572924808853013487374
171982518954274878349485416184092168691833932185-579184915384053252333364217236378176158944003116,11.111201695744334,Class 1,cwr_flag_number >,171982518954274878349485416184092168691833932185,579184915384053252333364217236378176158944003116
171982518954274878349485416184092168691833932185-629827923182617752624696690572530002196221478554,422.2256644382847,Class 1,DHCP >,171982518954274878349485416184092168691833932185,629827923182617752624696690572530002196221478554
171982518954274878349485416184092168691833932185-681503808608794911981134712221284126975357543438,26229.506766672104,Class 1,syn_count <=,171982518954274878349485416184092168691833932185,681503808608794911981134712221284126975357543438
171982518954274878349485416184092168691833932185-684418957212367241623111035135876005715150589706,48801.40795695419,Class 1,HTTP <=,171982518954274878349485416184092168691833932185,684418957212367241623111035135876005715150589706
171982518954274878349485416184092168691833932185-708408391217891577256114269656040681679338993095,11.111201695744334,Class 1,IRC >,171982518954274878349485416184092168691833932185,708408391217891577256114269656040681679338993095
171982518954274878349485416184092168691833932185-714914936218336719861297767221934377853836589461,12956.67128648296,Class 1,UDP >,171982518954274878349485416184092168691833932185,714914936218336719861297767221934377853836589461
171982518954274878349485416184092168691833932185-786396322989194697344344278946426998739971577495,11432.416435675852,Class 1,HTTPS <=,171982518954274878349485416184092168691833932185,786396322989194697344344278946426998739971577495
171982518954274878349485416184092168691833932185-791432257472445298809701838101022411569407290467,317.17430295124734,Class 1,rst_flag_number >,171982518954274878349485416184092168691833932185,791432257472445298809701838101022411569407290467
171982518954274878349485416184092168691833932185-795584812918386367255521286735341258439959854242,1857.5909016794392,Class 1,syn_count >,171982518954274878349485416184092168691833932185,795584812918386367255521286735341258439959854242
171982518954274878349485416184092168691833932185-835140271881840015202809914014108690929910415575,6301.061470732106,Class 1,IAT >,171982518954274878349485416184092168691833932185,835140271881840015202809914014108690929910415575
171982518954274878349485416184092168691833932185-841356973986788424033641854148712928121319667477,4973.777922713191,Class 1,Variance >,171982518954274878349485416184092168691833932185,841356973986788424033641854148712928121319667477
171982518954274878349485416184092168691833932185-841518471221275042570144506781210008737201997031,26053.747758030328,Class 1,Min <=,171982518954274878349485416184092168691833932185,841518471221275042570144506781210008737201997031
171982518954274878349485416184092168691833932185-843826879422383561066103188424018239931401286651,27620.42719713028,Class 1,ack_count <=,171982518954274878349485416184092168691833932185,843826879422383561066103188424018239931401286651
171982518954274878349485416184092168691833932185-896530251803066355404557928035950607124936193677,29430.542964291537,Class 1,psh_flag_number <=,171982518954274878349485416184092168691833932185,896530251803066355404557928035950607124936193677
171982518954274878349485416184092168691833932185-922599836131670820904126277297069322180441856169,60361.09815750856,Class 1,Rate <=,171982518954274878349485416184092168691833932185,922599836131670820904126277297069322180441856169
171982518954274878349485416184092168691833932185-926368966621798523173828527325665066772113177503,35235.64079569542,Class 1,UDP <=,171982518954274878349485416184092168691833932185,926368966621798523173828527325665066772113177503
171982518954274878349485416184092168691833932185-940331364486966071141541838460909450599289486914,187.88031958258603,Class 1,rst_count >,171982518954274878349485416184092168691833932185,940331364486966071141541838460909450599289486914
171982518954274878349485416184092168691833932185-974265510705878984211701297112044370513255377925,36035.647317789015,Class 1,Std <=,171982518954274878349485416184092168691833932185,974265510705878984211701297112044370513255377925
207766774224049171901964708681563529125144087827-1043469376771332113858820724324827897913309990452,3987.080403212657,HTTP >,LLC >,207766774224049171901964708681563529125144087827,1043469376771332113858820724324827897913309990452
207766774224049171901964708681563529125144087827-1043754360836331848364792327262011021650379248223,43.43469753790967,HTTP >,DNS >,207766774224049171901964708681563529125144087827,1043754360836331848364792327262011021650379248223
207766774224049171901964708681563529125144087827-1077028023530208599426324724984012030801332581683,160.607369965759,HTTP >,Time_To_Live >,207766774224049171901964708681563529125144087827,1077028023530208599426324724984012030801332581683
207766774224049171901964708681563529125144087827-1085488307210616684491611463585545838953333018237,3764.090641321671,HTTP >,Type >,207766774224049171901964708681563529125144087827,1085488307210616684491611463585545838953333018237
207766774224049171901964708681563529125144087827-1091995366823138898995898948102109473193356840202,5616.940546383131,HTTP >,DNS <=,207766774224049171901964708681563529125144087827,1091995366823138898995898948102109473193356840202
207766774224049171901964708681563529125144087827-109928824856976412487775174607761519739702474552,464.6502527311267,HTTP >,Number <=,207766774224049171901964708681563529125144087827,109928824856976412487775174607761519739702474552
207766774224049171901964708681563529125144087827-1118614325010621431186771152252517336813918651911,17574.581205324976,HTTP >,sum >,207766774224049171901964708681563529125144087827,1118614325010621431186771152252517336813918651911
207766774224049171901964708681563529125144087827-1142857970576506471478393393000113013376204379484,1633.2977730206235,HTTP >,rst_flag_number <=,207766774224049171901964708681563529125144087827,1142857970576506471478393393000113013376204379484
207766774224049171901964708681563529125144087827-1232849963170894971818913290506039176322619533319,540.0826044192444,HTTP >,psh_flag_number >,207766774224049171901964708681563529125144087827,1232849963170894971818913290506039176322619533319
207766774224049171901964708681563529125144087827-1233133706649643691022119102239698495899057226060,4098.273880593089,HTTP >,Time_To_Live <=,207766774224049171901964708681563529125144087827,1233133706649643691022119102239698495899057226060
207766774224049171901964708681563529125144087827-1236189254858718471128603624930063881324958313531,810.8733425203684,HTTP >,HTTPS >,207766774224049171901964708681563529125144087827,1236189254858718471128603624930063881324958313531
207766774224049171901964708681563529125144087827-1251276136943778783713685275011300537715092657394,3863.684154468423,HTTP >,fin_flag_number >,207766774224049171901964708681563529125144087827,1251276136943778783713685275011300537715092657394
207766774224049171901964708681563529125144087827-1329847435934461746074927120436757452470095790255,380.8111853905104,HTTP >,Min >,207766774224049171901964708681563529125144087827,1329847435934461746074927120436757452470095790255
207766774224049171901964708681563529125144087827-1338222599102815322204523610829624561969283441716,262.62840371759336,HTTP >,SSH <=,207766774224049171901964708681563529125144087827,1338222599102815322204523610829624561969283441716
207766774224049171901964708681563529125144087827-1345309773886921328764805451107636357621530213384,30575.322580645163,HTTP >,Class -1,207766774224049171901964708681563529125144087827,1345309773886921328764805451107636357621530213384
207766774224049171901964708681563529125144087827-1375509225989204300559045429796274689340158771149,6536.139959394708,HTTP >,rst_count <=,207766774224049171901964708681563529125144087827,1375509225989204300559045429796274689340158771149
207766774224049171901964708681563529125144087827-1379366653555122327876205020011632492492609315477,279.8002608837437,HTTP >,Type <=,207766774224049171901964708681563529125144087827,1379366653555122327876205020011632492492609315477
207766774224049171901964708681563529125144087827-1418162538066850581097605911983264533342366443794,1575.1187389216454,HTTP >,Header_Length <=,207766774224049171901964708681563529125144087827,1418162538066850581097605911983264533342366443794
207766774224049171901964708681563529125144087827-1429650867505148313720594668477948880050562903683,5322.070107246362,HTTP >,syn_flag_number >,207766774224049171901964708681563529125144087827,1429650867505148313720594668477948880050562903683
207766774224049171901964708681563529125144087827-1454952188391427871478129207189215566009723810659,2879.202358473199,HTTP >,Std >,207766774224049171901964708681563529125144087827,1454952188391427871478129207189215566009723810659
207766774224049171901964708681563529125144087827-1455733501014453866297060548284701359849809242142,2006.4353865655391,HTTP >,DHCP <=,207766774224049171901964708681563529125144087827,1455733501014453866297060548284701359849809242142
207766774224049171901964708681563529125144087827-160227321490815016489601533331665083666172936667,1599.8827075104011,HTTP >,IGMP <=,207766774224049171901964708681563529125144087827,160227321490815016489601533331665083666172936667
207766774224049171901964708681563529125144087827-171982518954274878349485416184092168691833932185,5071.758519484755,HTTP >,Class 1,207766774224049171901964708681563529125144087827,171982518954274878349485416184092168691833932185
207766774224049171901964708681563529125144087827-207766774224049171901964708681563529125144087827,113.13223544757868,HTTP >,HTTP >,207766774224049171901964708681563529125144087827,207766774224049171901964708681563529125144087827
207766774224049171901964708681563529125144087827-215123608059624622405742600984392925785664489773,13609.201858796674,HTTP >,Variance <=,207766774224049171901964708681563529125144087827,215123608059624622405742600984392925785664489773
207766774224049171901964708681563529125144087827-218607780770691257170847497927336330511308420255,802.4666268678698,HTTP >,ack_count >,207766774224049171901964708681563529125144087827,218607780770691257170847497927336330511308420255
207766774224049171901964708681563529125144087827-223165296026140232481876277255273629987157553131,2457.221075303882,HTTP >,Header_Length >,207766774224049171901964708681563529125144087827,223165296026140232481876277255273629987157553131
207766774224049171901964708681563529125144087827-335418722972519651500040442315750311827115323662,54.545899233654005,HTTP >,Rate >,207766774224049171901964708681563529125144087827,335418722972519651500040442315750311827115323662
207766774224049171901964708681563529125144087827-338730224709676774412755851787278702947952010784,9141.081365747437,HTTP >,sum <=,207766774224049171901964708681563529125144087827,338730224709676774412755851787278702947952010784
207766774224049171901964708681563529125144087827-371266811264664269299964157380215767396824640058,9.090983205609001,HTTP >,ICMP >,207766774224049171901964708681563529125144087827,371266811264664269299964157380215767396824640058
207766774224049171901964708681563529125144087827-378316838538499851440768051160724422589084218125,1025.6193096048348,HTTP >,IAT <=,207766774224049171901964708681563529125144087827,378316838538499851440768051160724422589084218125
207766774224049171901964708681563529125144087827-40351198695966294513339726256484683518911283460,1914.108143149435,HTTP >,fin_flag_number <=,207766774224049171901964708681563529125144087827,40351198695966294513339726256484683518911283460
207766774224049171901964708681563529125144087827-417610515582391639059962073933335223318558562917,1612.2483997201812,HTTP >,fin_count <=,207766774224049171901964708681563529125144087827,417610515582391639059962073933335223318558562917
207766774224049171901964708681563529125144087827-426624906449189252299067265451872698344494536313,1899.4778511805516,HTTP >,Number >,207766774224049171901964708681563529125144087827,426624906449189252299067265451872698344494536313
207766774224049171901964708681563529125144087827-450410814915736770904937984733342042835793211647,921.5780573628651,HTTP >,ece_flag_number <=,207766774224049171901964708681563529125144087827,450410814915736770904937984733342042835793211647
207766774224049171901964708681563529125144087827-475011065740486827108472353828139148231878458661,8477.407007568785,HTTP >,syn_flag_number <=,207766774224049171901964708681563529125144087827,475011065740486827108472353828139148231878458661
207766774224049171901964708681563529125144087827-505469541859377927785473031559292540931343582537,3169.299216822794,HTTP >,ICMP <=,207766774224049171901964708681563529125144087827,505469541859377927785473031559292540931343582537
207766774224049171901964708681563529125144087827-520582048177068818674784514618258893555315007951,1308.042596108835,HTTP >,LLC <=,207766774224049171901964708681563529125144087827,520582048177068818674784514618258893555315007951
207766774224049171901964708681563529125144087827-559797210707093786647851972932919518973015855277,260.4452643814794,HTTP >,fin_count >,207766774224049171901964708681563529125144087827,559797210707093786647851972932919518973015855277
207766774224049171901964708681563529125144087827-629827923182617752624696690572530002196221478554,25.252731126691668,HTTP >,DHCP >,207766774224049171901964708681563529125144087827,629827923182617752624696690572530002196221478554
207766774224049171901964708681563529125144087827-681503808608794911981134712221284126975357543438,2698.115838167923,HTTP >,syn_count <=,207766774224049171901964708681563529125144087827,681503808608794911981134712221284126975357543438
207766774224049171901964708681563529125144087827-684418957212367241623111035135876005715150589706,1537.5817760081632,HTTP >,HTTP <=,207766774224049171901964708681563529125144087827,684418957212367241623111035135876005715150589706
207766774224049171901964708681563529125144087827-714914936218336719861297767221934377853836589461,140.40518506440569,HTTP >,UDP >,207766774224049171901964708681563529125144087827,714914936218336719861297767221934377853836589461
207766774224049171901964708681563529125144087827-786396322989194697344344278946426998739971577495,725.2584379585848,HTTP >,HTTPS <=,207766774224049171901964708681563529125144087827,786396322989194697344344278946426998739971577495
207766774224049171901964708681563529125144087827-795584812918386367255521286735341258439959854242,10294.805336545289,HTTP >,syn_count >,207766774224049171901964708681563529125144087827,795584812918386367255521286735341258439959854242
207766774224049171901964708681563529125144087827-835140271881840015202809914014108690929910415575,1621.6652246177475,HTTP >,IAT >,207766774224049171901964708681563529125144087827,835140271881840015202809914014108690929910415575
207766774224049171901964708681563529125144087827-841356973986788424033641854148712928121319667477,5280.541583606402,HTTP >,Variance >,207766774224049171901964708681563529125144087827,841356973986788424033641854148712928121319667477
207766774224049171901964708681563529125144087827-841518471221275042570144506781210008737201997031,3973.1017946276884,HTTP >,Min <=,207766774224049171901964708681563529125144087827,841518471221275042570144506781210008737201997031
207766774224049171901964708681563529125144087827-843826879422383561066103188424018239931401286651,871.3169763784498,HTTP >,ack_count <=,207766774224049171901964708681563529125144087827,843826879422383561066103188424018239931401286651
207766774224049171901964708681563529125144087827-896530251803066355404557928035950607124936193677,4092.897492675794,HTTP >,psh_flag_number <=,207766774224049171901964708681563529125144087827,896530251803066355404557928035950607124936193677
207766774224049171901964708681563529125144087827-922599836131670820904126277297069322180441856169,8061.633008631255,HTTP >,Rate <=,207766774224049171901964708681563529125144087827,922599836131670820904126277297069322180441856169
207766774224049171901964708681563529125144087827-926368966621798523173828527325665066772113177503,1584.8125292573754,HTTP >,UDP <=,207766774224049171901964708681563529125144087827,926368966621798523173828527325665066772113177503
207766774224049171901964708681563529125144087827-940331364486966071141541838460909450599289486914,7195.203657632164,HTTP >,rst_count >,207766774224049171901964708681563529125144087827,940331364486966071141541838460909450599289486914
207766774224049171901964708681563529125144087827-974265510705878984211701297112044370513255377925,11613.193406373768,HTTP >,Std <=,207766774224049171901964708681563529125144087827,974265510705878984211701297112044370513255377925
215123608059624622405742600984392925785664489773-1043469376771332113858820724324827897913309990452,6595.720112769102,Variance <=,LLC >,215123608059624622405742600984392925785664489773,1043469376771332113858820724324827897913309990452
215123608059624622405742600984392925785664489773-1043754360836331848364792327262011021650379248223,711.8826365037371,Variance <=,DNS >,215123608059624622405742600984392925785664489773,1043754360836331848364792327262011021650379248223
215123608059624622405742600984392925785664489773-1077028023530208599426324724984012030801332581683,10520.28778737975,Variance <=,Time_To_Live >,215123608059624622405742600984392925785664489773,1077028023530208599426324724984012030801332581683
215123608059624622405742600984392925785664489773-1085488307210616684491611463585545838953333018237,801.0166313386597,Variance <=,Type >,215123608059624622405742600984392925785664489773,1085488307210616684491611463585545838953333018237
215123608059624622405742600984392925785664489773-1091995366823138898995898948102109473193356840202,19406.3165687476,Variance <=,DNS <=,215123608059624622405742600984392925785664489773,1091995366823138898995898948102109473193356840202
215123608059624622405742600984392925785664489773-109928824856976412487775174607761519739702474552,404.0436980270667,Variance <=,Number <=,215123608059624622405742600984392925785664489773,109928824856976412487775174607761519739702474552
215123608059624622405742600984392925785664489773-1118614325010621431186771152252517336813918651911,2019.1269204672765,Variance <=,sum >,215123608059624622405742600984392925785664489773,1118614325010621431186771152252517336813918651911
215123608059624622405742600984392925785664489773-1142857970576506471478393393000113013376204379484,3443.902302719818,Variance <=,rst_flag_number <=,215123608059624622405742600984392925785664489773,1142857970576506471478393393000113013376204379484
215123608059624622405742600984392925785664489773-1184472685782376059334758133512718430805424685192,147.47594977987936,Variance <=,SSH >,215123608059624622405742600984392925785664489773,1184472685782376059334758133512718430805424685192
215123608059624622405742600984392925785664489773-1232849963170894971818913290506039176322619533319,14753.90001472731,Variance <=,psh_flag_number >,215123608059624622405742600984392925785664489773,1232849963170894971818913290506039176322619533319
215123608059624622405742600984392925785664489773-1233133706649643691022119102239698495899057226060,22730.879351788055,Variance <=,Time_To_Live <=,215123608059624622405742600984392925785664489773,1233133706649643691022119102239698495899057226060
215123608059624622405742600984392925785664489773-1236189254858718471128603624930063881324958313531,13587.908104227265,Variance <=,HTTPS >,215123608059624622405742600984392925785664489773,1236189254858718471128603624930063881324958313531
215123608059624622405742600984392925785664489773-1239329028096551917906154637654656383307088642249,1557.5884558943421,Variance <=,cwr_flag_number <=,215123608059624622405742600984392925785664489773,1239329028096551917906154637654656383307088642249
215123608059624622405742600984392925785664489773-1251276136943778783713685275011300537715092657394,529.215783992468,Variance <=,fin_flag_number >,215123608059624622405742600984392925785664489773,1251276136943778783713685275011300537715092657394
215123608059624622405742600984392925785664489773-1329847435934461746074927120436757452470095790255,1437.3854557312898,Variance <=,Min >,215123608059624622405742600984392925785664489773,1329847435934461746074927120436757452470095790255
215123608059624622405742600984392925785664489773-1338222599102815322204523610829624561969283441716,7902.964396732642,Variance <=,SSH <=,215123608059624622405742600984392925785664489773,1338222599102815322204523610829624561969283441716
215123608059624622405742600984392925785664489773-1345309773886921328764805451107636357621530213384,20683.306451612905,Variance <=,Class -1,215123608059624622405742600984392925785664489773,1345309773886921328764805451107636357621530213384
215123608059624622405742600984392925785664489773-1375509225989204300559045429796274689340158771149,19503.303348358695,Variance <=,rst_count <=,215123608059624622405742600984392925785664489773,1375509225989204300559045429796274689340158771149
215123608059624622405742600984392925785664489773-1379366653555122327876205020011632492492609315477,3274.7741725093756,Variance <=,Type <=,215123608059624622405742600984392925785664489773,1379366653555122327876205020011632492492609315477
215123608059624622405742600984392925785664489773-1418162538066850581097605911983264533342366443794,2002.8022517002153,Variance <=,Header_Length <=,215123608059624622405742600984392925785664489773,1418162538066850581097605911983264533342366443794
215123608059624622405742600984392925785664489773-1429650867505148313720594668477948880050562903683,163.637697700962,Variance <=,syn_flag_number >,215123608059624622405742600984392925785664489773,1429650867505148313720594668477948880050562903683
215123608059624622405742600984392925785664489773-1454952188391427871478129207189215566009723810659,2395.897668877516,Variance <=,Std >,215123608059624622405742600984392925785664489773,1454952188391427871478129207189215566009723810659
215123608059624622405742600984392925785664489773-1455733501014453866297060548284701359849809242142,23383.328463678776,Variance <=,DHCP <=,215123608059624622405742600984392925785664489773,1455733501014453866297060548284701359849809242142
215123608059624622405742600984392925785664489773-160227321490815016489601533331665083666172936667,3301.9656617032133,Variance <=,IGMP <=,215123608059624622405742600984392925785664489773,160227321490815016489601533331665083666172936667
215123608059624622405742600984392925785664489773-171982518954274878349485416184092168691833932185,52735.78346649274,Variance <=,Class 1,215123608059624622405742600984392925785664489773,171982518954274878349485416184092168691833932185
215123608059624622405742600984392925785664489773-207766774224049171901964708681563529125144087827,5037.105255545094,Variance <=,HTTP >,215123608059624622405742600984392925785664489773,207766774224049171901964708681563529125144087827
215123608059624622405742600984392925785664489773-215123608059624622405742600984392925785664489773,6920.258437958585,Variance <=,Variance <=,215123608059624622405742600984392925785664489773,215123608059624622405742600984392925785664489773
215123608059624622405742600984392925785664489773-218607780770691257170847497927336330511308420255,2279.0019618878305,Variance <=,ack_count >,215123608059624622405742600984392925785664489773,218607780770691257170847497927336330511308420255
215123608059624622405742600984392925785664489773-223165296026140232481876277255273629987157553131,6638.356498161716,Variance <=,Header_Length >,215123608059624622405742600984392925785664489773,223165296026140232481876277255273629987157553131
215123608059624622405742600984392925785664489773-335418722972519651500040442315750311827115323662,2203.813991468681,Variance <=,Rate >,215123608059624622405742600984392925785664489773,335418722972519651500040442315750311827115323662
215123608059624622405742600984392925785664489773-337274849629170698169636561573185333120886675912,170.62700199344636,Variance <=,ece_flag_number >,215123608059624622405742600984392925785664489773,337274849629170698169636561573185333120886675912
215123608059624622405742600984392925785664489773-338730224709676774412755851787278702947952010784,11705.830199397233,Variance <=,sum <=,215123608059624622405742600984392925785664489773,338730224709676774412755851787278702947952010784
215123608059624622405742600984392925785664489773-371266811264664269299964157380215767396824640058,102.02103375183434,Variance <=,ICMP >,215123608059624622405742600984392925785664489773,371266811264664269299964157380215767396824640058
215123608059624622405742600984392925785664489773-378316838538499851440768051160724422589084218125,10312.97101087191,Variance <=,IAT <=,215123608059624622405742600984392925785664489773,378316838538499851440768051160724422589084218125
215123608059624622405742600984392925785664489773-40351198695966294513339726256484683518911283460,9132.071842964819,Variance <=,fin_flag_number <=,215123608059624622405742600984392925785664489773,40351198695966294513339726256484683518911283460
215123608059624622405742600984392925785664489773-417610515582391639059962073933335223318558562917,12210.119093954967,Variance <=,fin_count <=,215123608059624622405742600984392925785664489773,417610515582391639059962073933335223318558562917
215123608059624622405742600984392925785664489773-450410814915736770904937984733342042835793211647,26487.035747910562,Variance <=,ece_flag_number <=,215123608059624622405742600984392925785664489773,450410814915736770904937984733342042835793211647
215123608059624622405742600984392925785664489773-475011065740486827108472353828139148231878458661,11972.938926379238,Variance <=,syn_flag_number <=,215123608059624622405742600984392925785664489773,475011065740486827108472353828139148231878458661
215123608059624622405742600984392925785664489773-505469541859377927785473031559292540931343582537,25015.111072831798,Variance <=,ICMP <=,215123608059624622405742600984392925785664489773,505469541859377927785473031559292540931343582537
215123608059624622405742600984392925785664489773-520582048177068818674784514618258893555315007951,881.825370944073,Variance <=,LLC <=,215123608059624622405742600984392925785664489773,520582048177068818674784514618258893555315007951
215123608059624622405742600984392925785664489773-559797210707093786647851972932919518973015855277,3665.01847488205,Variance <=,fin_count >,215123608059624622405742600984392925785664489773,559797210707093786647851972932919518973015855277
215123608059624622405742600984392925785664489773-565103970815292376991711972572924808853013487374,5.0505462253383335,Variance <=,IGMP >,215123608059624622405742600984392925785664489773,565103970815292376991711972572924808853013487374
215123608059624622405742600984392925785664489773-579184915384053252333364217236378176158944003116,2.0202184901353335,Variance <=,cwr_flag_number >,215123608059624622405742600984392925785664489773,579184915384053252333364217236378176158944003116
215123608059624622405742600984392925785664489773-629827923182617752624696690572530002196221478554,96.97048752649602,Variance <=,DHCP >,215123608059624622405742600984392925785664489773,629827923182617752624696690572530002196221478554
215123608059624622405742600984392925785664489773-681503808608794911981134712221284126975357543438,4295.994619272787,Variance <=,syn_count <=,215123608059624622405742600984392925785664489773,681503808608794911981134712221284126975357543438
215123608059624622405742600984392925785664489773-684418957212367241623111035135876005715150589706,8797.970064116387,Variance <=,HTTP <=,215123608059624622405742600984392925785664489773,684418957212367241623111035135876005715150589706
215123608059624622405742600984392925785664489773-714914936218336719861297767221934377853836589461,13361.268915386356,Variance <=,UDP >,215123608059624622405742600984392925785664489773,714914936218336719861297767221934377853836589461
215123608059624622405742600984392925785664489773-786396322989194697344344278946426998739971577495,2310.0383830467645,Variance <=,HTTPS <=,215123608059624622405742600984392925785664489773,786396322989194697344344278946426998739971577495
215123608059624622405742600984392925785664489773-791432257472445298809701838101022411569407290467,743.880290653945,Variance <=,rst_flag_number >,215123608059624622405742600984392925785664489773,791432257472445298809701838101022411569407290467
215123608059624622405742600984392925785664489773-795584812918386367255521286735341258439959854242,770.3875122946724,Variance <=,syn_count >,215123608059624622405742600984392925785664489773,795584812918386367255521286735341258439959854242
215123608059624622405742600984392925785664489773-835140271881840015202809914014108690929910415575,1548.1716309967758,Variance <=,IAT >,215123608059624622405742600984392925785664489773,835140271881840015202809914014108690929910415575
215123608059624622405742600984392925785664489773-841356973986788424033641854148712928121319667477,2613.152616990054,Variance <=,Variance >,215123608059624622405742600984392925785664489773,841356973986788424033641854148712928121319667477
215123608059624622405742600984392925785664489773-841518471221275042570144506781210008737201997031,5083.879830425567,Variance <=,Min <=,215123608059624622405742600984392925785664489773,841518471221275042570144506781210008737201997031
215123608059624622405742600984392925785664489773-843826879422383561066103188424018239931401286651,14573.774727413307,Variance <=,ack_count <=,215123608059624622405742600984392925785664489773,843826879422383561066103188424018239931401286651
215123608059624622405742600984392925785664489773-896530251803066355404557928035950607124936193677,9516.271781951684,Variance <=,psh_flag_number <=,215123608059624622405742600984392925785664489773,896530251803066355404557928035950607124936193677
215123608059624622405742600984392925785664489773-922599836131670820904126277297069322180441856169,17738.235195110534,Variance <=,Rate <=,215123608059624622405742600984392925785664489773,922599836131670820904126277297069322180441856169
215123608059624622405742600984392925785664489773-926368966621798523173828527325665066772113177503,34137.65204630687,Variance <=,UDP <=,215123608059624622405742600984392925785664489773,926368966621798523173828527325665066772113177503
215123608059624622405742600984392925785664489773-940331364486966071141541838460909450599289486914,3879.7644419665166,Variance <=,rst_count >,215123608059624622405742600984392925785664489773,940331364486966071141541838460909450599289486914
215123608059624622405742600984392925785664489773-974265510705878984211701297112044370513255377925,21480.282645971292,Variance <=,Std <=,215123608059624622405742600984392925785664489773,974265510705878984211701297112044370513255377925
218607780770691257170847497927336330511308420255-1043469376771332113858820724324827897913309990452,4603.621760649685,ack_count >,LLC >,218607780770691257170847497927336330511308420255,1043469376771332113858820724324827897913309990452
218607780770691257170847497927336330511308420255-1043754360836331848364792327262011021650379248223,234.3453448556987,ack_count >,DNS >,218607780770691257170847497927336330511308420255,1043754360836331848364792327262011021650379248223
218607780770691257170847497927336330511308420255-1077028023530208599426324724984012030801332581683,1196.979455405185,ack_count >,Time_To_Live >,218607780770691257170847497927336330511308420255,1077028023530208599426324724984012030801332581683
218607780770691257170847497927336330511308420255-1085488307210616684491611463585545838953333018237,810.1076145442687,ack_count >,Type >,218607780770691257170847497927336330511308420255,1085488307210616684491611463585545838953333018237
218607780770691257170847497927336330511308420255-1091995366823138898995898948102109473193356840202,6364.062961872051,ack_count >,DNS <=,218607780770691257170847497927336330511308420255,1091995366823138898995898948102109473193356840202
218607780770691257170847497927336330511308420255-109928824856976412487775174607761519739702474552,1333.34420348932,ack_count >,Number <=,218607780770691257170847497927336330511308420255,109928824856976412487775174607761519739702474552
218607780770691257170847497927336330511308420255-1118614325010621431186771152252517336813918651911,1111.1201695744335,ack_count >,sum >,218607780770691257170847497927336330511308420255,1118614325010621431186771152252517336813918651911
218607780770691257170847497927336330511308420255-1142857970576506471478393393000113013376204379484,19655.30849765678,ack_count >,rst_flag_number <=,218607780770691257170847497927336330511308420255,1142857970576506471478393393000113013376204379484
218607780770691257170847497927336330511308420255-1184472685782376059334758133512718430805424685192,14.141529430947335,ack_count >,SSH >,218607780770691257170847497927336330511308420255,1184472685782376059334758133512718430805424685192
218607780770691257170847497927336330511308420255-1232849963170894971818913290506039176322619533319,588.8936898744497,ack_count >,psh_flag_number >,218607780770691257170847497927336330511308420255,1232849963170894971818913290506039176322619533319
218607780770691257170847497927336330511308420255-1233133706649643691022119102239698495899057226060,8840.39465240923,ack_count >,Time_To_Live <=,218607780770691257170847497927336330511308420255,1233133706649643691022119102239698495899057226060
218607780770691257170847497927336330511308420255-1236189254858718471128603624930063881324958313531,806.067177563998,ack_count >,HTTPS >,218607780770691257170847497927336330511308420255,1236189254858718471128603624930063881324958313531
218607780770691257170847497927336330511308420255-1251276136943778783713685275011300537715092657394,1628.1657663722958,ack_count >,fin_flag_number >,218607780770691257170847497927336330511308420255,1251276136943778783713685275011300537715092657394
218607780770691257170847497927336330511308420255-1329847435934461746074927120436757452470095790255,167.67813468123268,ack_count >,Min >,218607780770691257170847497927336330511308420255,1329847435934461746074927120436757452470095790255
218607780770691257170847497927336330511308420255-1338222599102815322204523610829624561969283441716,8448.863275353324,ack_count >,SSH <=,218607780770691257170847497927336330511308420255,1338222599102815322204523610829624561969283441716
218607780770691257170847497927336330511308420255-1345309773886921328764805451107636357621530213384,80235.24193548388,ack_count >,Class -1,218607780770691257170847497927336330511308420255,1345309773886921328764805451107636357621530213384
218607780770691257170847497927336330511308420255-1375509225989204300559045429796274689340158771149,140.40518506440569,ack_count >,rst_count <=,218607780770691257170847497927336330511308420255,1375509225989204300559045429796274689340158771149
218607780770691257170847497927336330511308420255-1379366653555122327876205020011632492492609315477,5690.5644766808855,ack_count >,Type <=,218607780770691257170847497927336330511308420255,1379366653555122327876205020011632492492609315477
218607780770691257170847497927336330511308420255-1418162538066850581097605911983264533342366443794,9414.886139499167,ack_count >,Header_Length <=,218607780770691257170847497927336330511308420255,1418162538066850581097605911983264533342366443794
218607780770691257170847497927336330511308420255-1429650867505148313720594668477948880050562903683,1.0101092450676668,ack_count >,syn_flag_number >,218607780770691257170847497927336330511308420255,1429650867505148313720594668477948880050562903683
218607780770691257170847497927336330511308420255-1454952188391427871478129207189215566009723810659,2108.896306601516,ack_count >,Std >,218607780770691257170847497927336330511308420255,1454952188391427871478129207189215566009723810659
218607780770691257170847497927336330511308420255-1455733501014453866297060548284701359849809242142,5271.515768739185,ack_count >,DHCP <=,218607780770691257170847497927336330511308420255,1455733501014453866297060548284701359849809242142
218607780770691257170847497927336330511308420255-160227321490815016489601533331665083666172936667,8121.196869921051,ack_count >,IGMP <=,218607780770691257170847497927336330511308420255,160227321490815016489601533331665083666172936667
218607780770691257170847497927336330511308420255-171982518954274878349485416184092168691833932185,23210.290233164847,ack_count >,Class 1,218607780770691257170847497927336330511308420255,171982518954274878349485416184092168691833932185
218607780770691257170847497927336330511308420255-207766774224049171901964708681563529125144087827,445.2137958058731,ack_count >,HTTP >,218607780770691257170847497927336330511308420255,207766774224049171901964708681563529125144087827
218607780770691257170847497927336330511308420255-215123608059624622405742600984392925785664489773,1980.17254619378,ack_count >,Variance <=,218607780770691257170847497927336330511308420255,215123608059624622405742600984392925785664489773
218607780770691257170847497927336330511308420255-218607780770691257170847497927336330511308420255,859.6029675525845,ack_count >,ack_count >,218607780770691257170847497927336330511308420255,218607780770691257170847497927336330511308420255
218607780770691257170847497927336330511308420255-223165296026140232481876277255273629987157553131,4746.047164204226,ack_count >,Header_Length >,218607780770691257170847497927336330511308420255,223165296026140232481876277255273629987157553131
218607780770691257170847497927336330511308420255-335418722972519651500040442315750311827115323662,8974.641429495643,ack_count >,Rate >,218607780770691257170847497927336330511308420255,335418722972519651500040442315750311827115323662
218607780770691257170847497927336330511308420255-338730224709676774412755851787278702947952010784,1548.497472688733,ack_count >,sum <=,218607780770691257170847497927336330511308420255,338730224709676774412755851787278702947952010784
218607780770691257170847497927336330511308420255-371266811264664269299964157380215767396824640058,356.4056426629077,ack_count >,ICMP >,218607780770691257170847497927336330511308420255,371266811264664269299964157380215767396824640058
218607780770691257170847497927336330511308420255-378316838538499851440768051160724422589084218125,9337.15660388275,ack_count >,IAT <=,218607780770691257170847497927336330511308420255,378316838538499851440768051160724422589084218125
218607780770691257170847497927336330511308420255-40351198695966294513339726256484683518911283460,5253.61076776613,ack_count >,fin_flag_number <=,218607780770691257170847497927336330511308420255,40351198695966294513339726256484683518911283460
218607780770691257170847497927336330511308420255-417610515582391639059962073933335223318558562917,3665.3606086586055,ack_count >,fin_count <=,218607780770691257170847497927336330511308420255,417610515582391639059962073933335223318558562917
218607780770691257170847497927336330511308420255-450410814915736770904937984733342042835793211647,5178.58571819296,ack_count >,ece_flag_number <=,218607780770691257170847497927336330511308420255,450410814915736770904937984733342042835793211647
218607780770691257170847497927336330511308420255-475011065740486827108472353828139148231878458661,12127.73002214356,ack_count >,syn_flag_number <=,218607780770691257170847497927336330511308420255,475011065740486827108472353828139148231878458661
218607780770691257170847497927336330511308420255-505469541859377927785473031559292540931343582537,8192.539908375105,ack_count >,ICMP <=,218607780770691257170847497927336330511308420255,505469541859377927785473031559292540931343582537
218607780770691257170847497927336330511308420255-520582048177068818674784514618258893555315007951,10641.10988675752,ack_count >,LLC <=,218607780770691257170847497927336330511308420255,520582048177068818674784514618258893555315007951
218607780770691257170847497927336330511308420255-559797210707093786647851972932919518973015855277,285.69799550817106,ack_count >,fin_count >,218607780770691257170847497927336330511308420255,559797210707093786647851972932919518973015855277
218607780770691257170847497927336330511308420255-565103970815292376991711972572924808853013487374,15.151638676015,ack_count >,IGMP >,218607780770691257170847497927336330511308420255,565103970815292376991711972572924808853013487374
218607780770691257170847497927336330511308420255-629827923182617752624696690572530002196221478554,22.22240339148867,ack_count >,DHCP >,218607780770691257170847497927336330511308420255,629827923182617752624696690572530002196221478554
218607780770691257170847497927336330511308420255-681503808608794911981134712221284126975357543438,3940.3547045859787,ack_count >,syn_count <=,218607780770691257170847497927336330511308420255,681503808608794911981134712221284126975357543438
218607780770691257170847497927336330511308420255-684418957212367241623111035135876005715150589706,4041.4470895157347,ack_count >,HTTP <=,218607780770691257170847497927336330511308420255,684418957212367241623111035135876005715150589706
218607780770691257170847497927336330511308420255-714914936218336719861297767221934377853836589461,5089.7612729653965,ack_count >,UDP >,218607780770691257170847497927336330511308420255,714914936218336719861297767221934377853836589461
218607780770691257170847497927336330511308420255-786396322989194697344344278946426998739971577495,464.6502527311267,ack_count >,HTTPS <=,218607780770691257170847497927336330511308420255,786396322989194697344344278946426998739971577495
218607780770691257170847497927336330511308420255-791432257472445298809701838101022411569407290467,1191.1143049499535,ack_count >,rst_flag_number >,218607780770691257170847497927336330511308420255,791432257472445298809701838101022411569407290467
218607780770691257170847497927336330511308420255-795584812918386367255521286735341258439959854242,582.8330344040437,ack_count >,syn_count >,218607780770691257170847497927336330511308420255,795584812918386367255521286735341258439959854242
218607780770691257170847497927336330511308420255-835140271881840015202809914014108690929910415575,322.2248491765857,ack_count >,IAT >,218607780770691257170847497927336330511308420255,835140271881840015202809914014108690929910415575
218607780770691257170847497927336330511308420255-841356973986788424033641854148712928121319667477,100.000815261699,ack_count >,Variance >,218607780770691257170847497927336330511308420255,841356973986788424033641854148712928121319667477
218607780770691257170847497927336330511308420255-841518471221275042570144506781210008737201997031,5153.267818727876,ack_count >,Min <=,218607780770691257170847497927336330511308420255,841518471221275042570144506781210008737201997031
218607780770691257170847497927336330511308420255-843826879422383561066103188424018239931401286651,6116.211478884722,ack_count >,ack_count <=,218607780770691257170847497927336330511308420255,843826879422383561066103188424018239931401286651
218607780770691257170847497927336330511308420255-896530251803066355404557928035950607124936193677,1966.6827001467473,ack_count >,psh_flag_number <=,218607780770691257170847497927336330511308420255,896530251803066355404557928035950607124936193677
218607780770691257170847497927336330511308420255-922599836131670820904126277297069322180441856169,8008.960699126355,ack_count >,Rate <=,218607780770691257170847497927336330511308420255,922599836131670820904126277297069322180441856169
218607780770691257170847497927336330511308420255-926368966621798523173828527325665066772113177503,4731.042154289592,ack_count >,UDP <=,218607780770691257170847497927336330511308420255,926368966621798523173828527325665066772113177503
218607780770691257170847497927336330511308420255-940331364486966071141541838460909450599289486914,210.9499113731637,ack_count >,rst_count >,218607780770691257170847497927336330511308420255,940331364486966071141541838460909450599289486914
218607780770691257170847497927336330511308420255-974265510705878984211701297112044370513255377925,9130.898812873771,ack_count >,Std <=,218607780770691257170847497927336330511308420255,974265510705878984211701297112044370513255377925
223165296026140232481876277255273629987157553131-1043469376771332113858820724324827897913309990452,4265.609881497768,Header_Length >,LLC >,223165296026140232481876277255273629987157553131,1043469376771332113858820724324827897913309990452
223165296026140232481876277255273629987157553131-1043754360836331848364792327262011021650379248223,270.7092776781347,Header_Length >,DNS >,223165296026140232481876277255273629987157553131,1043754360836331848364792327262011021650379248223
223165296026140232481876277255273629987157553131-1077028023530208599426324724984012030801332581683,821.2188162400131,Header_Length >,Time_To_Live >,223165296026140232481876277255273629987157553131,1077028023530208599426324724984012030801332581683
223165296026140232481876277255273629987157553131-1085488307210616684491611463585545838953333018237,1671.1605776260633,Header_Length >,Type >,223165296026140232481876277255273629987157553131,1085488307210616684491611463585545838953333018237
223165296026140232481876277255273629987157553131-1091995366823138898995898948102109473193356840202,23034.368303677093,Header_Length >,DNS <=,223165296026140232481876277255273629987157553131,1091995366823138898995898948102109473193356840202
223165296026140232481876277255273629987157553131-109928824856976412487775174607761519739702474552,261.6182944725257,Header_Length >,Number <=,223165296026140232481876277255273629987157553131,109928824856976412487775174607761519739702474552
223165296026140232481876277255273629987157553131-1118614325010621431186771152252517336813918651911,2327.0473193669363,Header_Length >,sum >,223165296026140232481876277255273629987157553131,1118614325010621431186771152252517336813918651911
223165296026140232481876277255273629987157553131-1142857970576506471478393393000113013376204379484,8673.514829873293,Header_Length >,rst_flag_number <=,223165296026140232481876277255273629987157553131,1142857970576506471478393393000113013376204379484
223165296026140232481876277255273629987157553131-1184472685782376059334758133512718430805424685192,18.181966411218003,Header_Length >,SSH >,223165296026140232481876277255273629987157553131,1184472685782376059334758133512718430805424685192
223165296026140232481876277255273629987157553131-1232849963170894971818913290506039176322619533319,5100.04157834665,Header_Length >,psh_flag_number >,223165296026140232481876277255273629987157553131,1232849963170894971818913290506039176322619533319
223165296026140232481876277255273629987157553131-1233133706649643691022119102239698495899057226060,2680.5040947176303,Header_Length >,Time_To_Live <=,223165296026140232481876277255273629987157553131,1233133706649643691022119102239698495899057226060
223165296026140232481876277255273629987157553131-1236189254858718471128603624930063881324958313531,4818.139638549781,Header_Length >,HTTPS >,223165296026140232481876277255273629987157553131,1236189254858718471128603624930063881324958313531
223165296026140232481876277255273629987157553131-1251276136943778783713685275011300537715092657394,6582.881950105984,Header_Length >,fin_flag_number >,223165296026140232481876277255273629987157553131,1251276136943778783713685275011300537715092657394
223165296026140232481876277255273629987157553131-1329847435934461746074927120436757452470095790255,537.3781183759987,Header_Length >,Min >,223165296026140232481876277255273629987157553131,1329847435934461746074927120436757452470095790255
223165296026140232481876277255273629987157553131-1338222599102815322204523610829624561969283441716,1791.9338007500407,Header_Length >,SSH <=,223165296026140232481876277255273629987157553131,1338222599102815322204523610829624561969283441716
223165296026140232481876277255273629987157553131-1345309773886921328764805451107636357621530213384,24180.483870967742,Header_Length >,Class -1,223165296026140232481876277255273629987157553131,1345309773886921328764805451107636357621530213384
223165296026140232481876277255273629987157553131-1375509225989204300559045429796274689340158771149,9499.067340616339,Header_Length >,rst_count <=,223165296026140232481876277255273629987157553131,1375509225989204300559045429796274689340158771149
223165296026140232481876277255273629987157553131-1379366653555122327876205020011632492492609315477,571.7218327082994,Header_Length >,Type <=,223165296026140232481876277255273629987157553131,1379366653555122327876205020011632492492609315477
223165296026140232481876277255273629987157553131-1418162538066850581097605911983264533342366443794,2208.6201564250514,Header_Length >,Header_Length <=,223165296026140232481876277255273629987157553131,1418162538066850581097605911983264533342366443794
223165296026140232481876277255273629987157553131-1429650867505148313720594668477948880050562903683,2555.560097936599,Header_Length >,syn_flag_number >,223165296026140232481876277255273629987157553131,1429650867505148313720594668477948880050562903683
223165296026140232481876277255273629987157553131-1454952188391427871478129207189215566009723810659,928.1274753712071,Header_Length >,Std >,223165296026140232481876277255273629987157553131,1454952188391427871478129207189215566009723810659
223165296026140232481876277255273629987157553131-1455733501014453866297060548284701359849809242142,108.08168922224034,Header_Length >,DHCP <=,223165296026140232481876277255273629987157553131,1455733501014453866297060548284701359849809242142
223165296026140232481876277255273629987157553131-160227321490815016489601533331665083666172936667,1461.9050430510774,Header_Length >,IGMP <=,223165296026140232481876277255273629987157553131,160227321490815016489601533331665083666172936667
223165296026140232481876277255273629987157553131-171982518954274878349485416184092168691833932185,36398.2765367683,Header_Length >,Class 1,223165296026140232481876277255273629987157553131,171982518954274878349485416184092168691833932185
223165296026140232481876277255273629987157553131-207766774224049171901964708681563529125144087827,3326.2734519232285,Header_Length >,HTTP >,223165296026140232481876277255273629987157553131,207766774224049171901964708681563529125144087827
223165296026140232481876277255273629987157553131-215123608059624622405742600984392925785664489773,8764.473538183176,Header_Length >,Variance <=,223165296026140232481876277255273629987157553131,215123608059624622405742600984392925785664489773
223165296026140232481876277255273629987157553131-218607780770691257170847497927336330511308420255,5432.7259458350645,Header_Length >,ack_count >,223165296026140232481876277255273629987157553131,218607780770691257170847497927336330511308420255
223165296026140232481876277255273629987157553131-223165296026140232481876277255273629987157553131,620.2070764715473,Header_Length >,Header_Length >,223165296026140232481876277255273629987157553131,223165296026140232481876277255273629987157553131
223165296026140232481876277255273629987157553131-335418722972519651500040442315750311827115323662,1174.5126707447284,Header_Length >,Rate >,223165296026140232481876277255273629987157553131,335418722972519651500040442315750311827115323662
223165296026140232481876277255273629987157553131-338730224709676774412755851787278702947952010784,13486.978640143487,Header_Length >,sum <=,223165296026140232481876277255273629987157553131,338730224709676774412755851787278702947952010784
223165296026140232481876277255273629987157553131-371266811264664269299964157380215767396824640058,286.789565176228,Header_Length >,ICMP >,223165296026140232481876277255273629987157553131,371266811264664269299964157380215767396824640058
223165296026140232481876277255273629987157553131-378316838538499851440768051160724422589084218125,3857.9656327745724,Header_Length >,IAT <=,223165296026140232481876277255273629987157553131,378316838538499851440768051160724422589084218125
223165296026140232481876277255273629987157553131-40351198695966294513339726256484683518911283460,11674.305015700364,Header_Length >,fin_flag_number <=,223165296026140232481876277255273629987157553131,40351198695966294513339726256484683518911283460
223165296026140232481876277255273629987157553131-417610515582391639059962073933335223318558562917,7167.083519616249,Header_Length >,fin_count <=,223165296026140232481876277255273629987157553131,417610515582391639059962073933335223318558562917
223165296026140232481876277255273629987157553131-426624906449189252299067265451872698344494536313,2997.5806451612902,Header_Length >,Number >,223165296026140232481876277255273629987157553131,426624906449189252299067265451872698344494536313
223165296026140232481876277255273629987157553131-450410814915736770904937984733342042835793211647,1560.374402360577,Header_Length >,ece_flag_number <=,223165296026140232481876277255273629987157553131,450410814915736770904937984733342042835793211647
223165296026140232481876277255273629987157553131-475011065740486827108472353828139148231878458661,2943.8982264113233,Header_Length >,syn_flag_number <=,223165296026140232481876277255273629987157553131,475011065740486827108472353828139148231878458661
223165296026140232481876277255273629987157553131-505469541859377927785473031559292540931343582537,2483.8586336213925,Header_Length >,ICMP <=,223165296026140232481876277255273629987157553131,505469541859377927785473031559292540931343582537
223165296026140232481876277255273629987157553131-520582048177068818674784514618258893555315007951,439.39752160443504,Header_Length >,LLC <=,223165296026140232481876277255273629987157553131,520582048177068818674784514618258893555315007951
223165296026140232481876277255273629987157553131-559797210707093786647851972932919518973015855277,2537.7039732173384,Header_Length >,fin_count >,223165296026140232481876277255273629987157553131,559797210707093786647851972932919518973015855277
223165296026140232481876277255273629987157553131-565103970815292376991711972572924808853013487374,5.0505462253383335,Header_Length >,IGMP >,223165296026140232481876277255273629987157553131,565103970815292376991711972572924808853013487374
223165296026140232481876277255273629987157553131-629827923182617752624696690572530002196221478554,164.56634652304035,Header_Length >,DHCP >,223165296026140232481876277255273629987157553131,629827923182617752624696690572530002196221478554
223165296026140232481876277255273629987157553131-681503808608794911981134712221284126975357543438,3880.872303719171,Header_Length >,syn_count <=,223165296026140232481876277255273629987157553131,681503808608794911981134712221284126975357543438
223165296026140232481876277255273629987157553131-684418957212367241623111035135876005715150589706,7038.441219631502,Header_Length >,HTTP <=,223165296026140232481876277255273629987157553131,684418957212367241623111035135876005715150589706
223165296026140232481876277255273629987157553131-714914936218336719861297767221934377853836589461,2754.567911299527,Header_Length >,UDP >,223165296026140232481876277255273629987157553131,714914936218336719861297767221934377853836589461
223165296026140232481876277255273629987157553131-786396322989194697344344278946426998739971577495,892.9365726398174,Header_Length >,HTTPS <=,223165296026140232481876277255273629987157553131,786396322989194697344344278946426998739971577495
223165296026140232481876277255273629987157553131-791432257472445298809701838101022411569407290467,1037.577699699668,Header_Length >,rst_flag_number >,223165296026140232481876277255273629987157553131,791432257472445298809701838101022411569407290467
223165296026140232481876277255273629987157553131-795584812918386367255521286735341258439959854242,183.83988260231536,Header_Length >,syn_count >,223165296026140232481876277255273629987157553131,795584812918386367255521286735341258439959854242
223165296026140232481876277255273629987157553131-835140271881840015202809914014108690929910415575,398.99315180172835,Header_Length >,IAT >,223165296026140232481876277255273629987157553131,835140271881840015202809914014108690929910415575
223165296026140232481876277255273629987157553131-841356973986788424033641854148712928121319667477,638.3075824597761,Header_Length >,Variance >,223165296026140232481876277255273629987157553131,841356973986788424033641854148712928121319667477
223165296026140232481876277255273629987157553131-841518471221275042570144506781210008737201997031,4085.240212914797,Header_Length >,Min <=,223165296026140232481876277255273629987157553131,841518471221275042570144506781210008737201997031
223165296026140232481876277255273629987157553131-843826879422383561066103188424018239931401286651,2656.5873145279634,Header_Length >,ack_count <=,223165296026140232481876277255273629987157553131,843826879422383561066103188424018239931401286651
223165296026140232481876277255273629987157553131-896530251803066355404557928035950607124936193677,4660.236754627268,Header_Length >,psh_flag_number <=,223165296026140232481876277255273629987157553131,896530251803066355404557928035950607124936193677
223165296026140232481876277255273629987157553131-922599836131670820904126277297069322180441856169,16607.466771511074,Header_Length >,Rate <=,223165296026140232481876277255273629987157553131,922599836131670820904126277297069322180441856169
223165296026140232481876277255273629987157553131-926368966621798523173828527325665066772113177503,3148.5105168759173,Header_Length >,UDP <=,223165296026140232481876277255273629987157553131,926368966621798523173828527325665066772113177503
223165296026140232481876277255273629987157553131-940331364486966071141541838460909450599289486914,109.09179846730801,Header_Length >,rst_count >,223165296026140232481876277255273629987157553131,940331364486966071141541838460909450599289486914
223165296026140232481876277255273629987157553131-974265510705878984211701297112044370513255377925,4058.73299127407,Header_Length >,Std <=,223165296026140232481876277255273629987157553131,974265510705878984211701297112044370513255377925
335418722972519651500040442315750311827115323662-1043469376771332113858820724324827897913309990452,368.60841402670906,Rate >,LLC >,335418722972519651500040442315750311827115323662,1043469376771332113858820724324827897913309990452
335418722972519651500040442315750311827115323662-1043754360836331848364792327262011021650379248223,91.91994130115768,Rate >,DNS >,335418722972519651500040442315750311827115323662,1043754360836331848364792327262011021650379248223
335418722972519651500040442315750311827115323662-1077028023530208599426324724984012030801332581683,205.05217674873634,Rate >,Time_To_Live >,335418722972519651500040442315750311827115323662,1077028023530208599426324724984012030801332581683
335418722972519651500040442315750311827115323662-1085488307210616684491611463585545838953333018237,363.63932822436004,Rate >,Type >,335418722972519651500040442315750311827115323662,1085488307210616684491611463585545838953333018237
335418722972519651500040442315750311827115323662-1091995366823138898995898948102109473193356840202,203.031958258601,Rate >,DNS <=,335418722972519651500040442315750311827115323662,1091995366823138898995898948102109473193356840202
335418722972519651500040442315750311827115323662-109928824856976412487775174607761519739702474552,42.424588292842,Rate >,Number <=,335418722972519651500040442315750311827115323662,109928824856976412487775174607761519739702474552
335418722972519651500040442315750311827115323662-1118614325010621431186771152252517336813918651911,330.305723137127,Rate >,sum >,335418722972519651500040442315750311827115323662,1118614325010621431186771152252517336813918651911
335418722972519651500040442315750311827115323662-1142857970576506471478393393000113013376204379484,394.78979397547903,Rate >,rst_flag_number <=,335418722972519651500040442315750311827115323662,1142857970576506471478393393000113013376204379484
335418722972519651500040442315750311827115323662-1184472685782376059334758133512718430805424685192,37.37404206750367,Rate >,SSH >,335418722972519651500040442315750311827115323662,1184472685782376059334758133512718430805424685192
335418722972519651500040442315750311827115323662-1232849963170894971818913290506039176322619533319,260.608185227458,Rate >,psh_flag_number >,335418722972519651500040442315750311827115323662,1232849963170894971818913290506039176322619533319
335418722972519651500040442315750311827115323662-1233133706649643691022119102239698495899057226060,1433.7849050351615,Rate >,Time_To_Live <=,335418722972519651500040442315750311827115323662,1233133706649643691022119102239698495899057226060
335418722972519651500040442315750311827115323662-1236189254858718471128603624930063881324958313531,267.6789499429317,Rate >,HTTPS >,335418722972519651500040442315750311827115323662,1236189254858718471128603624930063881324958313531
335418722972519651500040442315750311827115323662-1251276136943778783713685275011300537715092657394,15.151638676015,Rate >,fin_flag_number >,335418722972519651500040442315750311827115323662,1251276136943778783713685275011300537715092657394
335418722972519651500040442315750311827115323662-1329847435934461746074927120436757452470095790255,723.2382194684494,Rate >,Min >,335418722972519651500040442315750311827115323662,1329847435934461746074927120436757452470095790255
335418722972519651500040442315750311827115323662-1338222599102815322204523610829624561969283441716,278.79015163867604,Rate >,SSH <=,335418722972519651500040442315750311827115323662,1338222599102815322204523610829624561969283441716
335418722972519651500040442315750311827115323662-1345309773886921328764805451107636357621530213384,8193.387096774193,Rate >,Class -1,335418722972519651500040442315750311827115323662,1345309773886921328764805451107636357621530213384
335418722972519651500040442315750311827115323662-1375509225989204300559045429796274689340158771149,81.818848850481,Rate >,rst_count <=,335418722972519651500040442315750311827115323662,1375509225989204300559045429796274689340158771149
335418722972519651500040442315750311827115323662-1379366653555122327876205020011632492492609315477,754.1443039506004,Rate >,Type <=,335418722972519651500040442315750311827115323662,1379366653555122327876205020011632492492609315477
335418722972519651500040442315750311827115323662-1418162538066850581097605911983264533342366443794,273.7396054133377,Rate >,Header_Length <=,335418722972519651500040442315750311827115323662,1418162538066850581097605911983264533342366443794
335418722972519651500040442315750311827115323662-1429650867505148313720594668477948880050562903683,457.57948801565306,Rate >,syn_flag_number >,335418722972519651500040442315750311827115323662,1429650867505148313720594668477948880050562903683
335418722972519651500040442315750311827115323662-1454952188391427871478129207189215566009723810659,1004.0485895972607,Rate >,Std >,335418722972519651500040442315750311827115323662,1454952188391427871478129207189215566009723810659
335418722972519651500040442315750311827115323662-1455733501014453866297060548284701359849809242142,174.74889939670635,Rate >,DHCP <=,335418722972519651500040442315750311827115323662,1455733501014453866297060548284701359849809242142
335418722972519651500040442315750311827115323662-160227321490815016489601533331665083666172936667,421.215555193217,Rate >,IGMP <=,335418722972519651500040442315750311827115323662,160227321490815016489601533331665083666172936667
335418722972519651500040442315750311827115323662-171982518954274878349485416184092168691833932185,11512.215066036199,Rate >,Class 1,335418722972519651500040442315750311827115323662,171982518954274878349485416184092168691833932185
335418722972519651500040442315750311827115323662-207766774224049171901964708681563529125144087827,46.46502527311267,Rate >,HTTP >,335418722972519651500040442315750311827115323662,207766774224049171901964708681563529125144087827
335418722972519651500040442315750311827115323662-215123608059624622405742600984392925785664489773,4487.785039158861,Rate >,Variance <=,335418722972519651500040442315750311827115323662,215123608059624622405742600984392925785664489773
335418722972519651500040442315750311827115323662-218607780770691257170847497927336330511308420255,2365.903941132846,Rate >,ack_count >,335418722972519651500040442315750311827115323662,218607780770691257170847497927336330511308420255
335418722972519651500040442315750311827115323662-223165296026140232481876277255273629987157553131,1369.5452154657776,Rate >,Header_Length >,335418722972519651500040442315750311827115323662,223165296026140232481876277255273629987157553131
335418722972519651500040442315750311827115323662-335418722972519651500040442315750311827115323662,797.9863036034567,Rate >,Rate >,335418722972519651500040442315750311827115323662,335418722972519651500040442315750311827115323662
335418722972519651500040442315750311827115323662-338730224709676774412755851787278702947952010784,566.5898260599718,Rate >,sum <=,335418722972519651500040442315750311827115323662,338730224709676774412755851787278702947952010784
335418722972519651500040442315750311827115323662-371266811264664269299964157380215767396824640058,911.3955044891991,Rate >,ICMP >,335418722972519651500040442315750311827115323662,371266811264664269299964157380215767396824640058
335418722972519651500040442315750311827115323662-378316838538499851440768051160724422589084218125,258.5879667373227,Rate >,IAT <=,335418722972519651500040442315750311827115323662,378316838538499851440768051160724422589084218125
335418722972519651500040442315750311827115323662-40351198695966294513339726256484683518911283460,189.90053807272136,Rate >,fin_flag_number <=,335418722972519651500040442315750311827115323662,40351198695966294513339726256484683518911283460
335418722972519651500040442315750311827115323662-417610515582391639059962073933335223318558562917,662.4687439184107,Rate >,fin_count <=,335418722972519651500040442315750311827115323662,417610515582391639059962073933335223318558562917
335418722972519651500040442315750311827115323662-450410814915736770904937984733342042835793211647,155.55682374042067,Rate >,ece_flag_number <=,335418722972519651500040442315750311827115323662,450410814915736770904937984733342042835793211647
335418722972519651500040442315750311827115323662-475011065740486827108472353828139148231878458661,161.61747921082667,Rate >,syn_flag_number <=,335418722972519651500040442315750311827115323662,475011065740486827108472353828139148231878458661
335418722972519651500040442315750311827115323662-505469541859377927785473031559292540931343582537,8312.824368961146,Rate >,ICMP <=,335418722972519651500040442315750311827115323662,505469541859377927785473031559292540931343582537
335418722972519651500040442315750311827115323662-520582048177068818674784514618258893555315007951,239.31443065804768,Rate >,LLC <=,335418722972519651500040442315750311827115323662,520582048177068818674784514618258893555315007951
335418722972519651500040442315750311827115323662-559797210707093786647851972932919518973015855277,108.00022879925102,Rate >,fin_count >,335418722972519651500040442315750311827115323662,559797210707093786647851972932919518973015855277
335418722972519651500040442315750311827115323662-629827923182617752624696690572530002196221478554,1.0101092450676668,Rate >,DHCP >,335418722972519651500040442315750311827115323662,629827923182617752624696690572530002196221478554
335418722972519651500040442315750311827115323662-681503808608794911981134712221284126975357543438,202.02184901353334,Rate >,syn_count <=,335418722972519651500040442315750311827115323662,681503808608794911981134712221284126975357543438
335418722972519651500040442315750311827115323662-684418957212367241623111035135876005715150589706,1711.1250611446276,Rate >,HTTP <=,335418722972519651500040442315750311827115323662,684418957212367241623111035135876005715150589706
335418722972519651500040442315750311827115323662-714914936218336719861297767221934377853836589461,365.6595467144954,Rate >,UDP >,335418722972519651500040442315750311827115323662,714914936218336719861297767221934377853836589461
335418722972519651500040442315750311827115323662-786396322989194697344344278946426998739971577495,309.093428990706,Rate >,HTTPS <=,335418722972519651500040442315750311827115323662,786396322989194697344344278946426998739971577495
335418722972519651500040442315750311827115323662-791432257472445298809701838101022411569407290467,224.08133155904335,Rate >,rst_flag_number >,335418722972519651500040442315750311827115323662,791432257472445298809701838101022411569407290467
335418722972519651500040442315750311827115323662-835140271881840015202809914014108690929910415575,2303.0002025004865,Rate >,IAT >,335418722972519651500040442315750311827115323662,835140271881840015202809914014108690929910415575
335418722972519651500040442315750311827115323662-841356973986788424033641854148712928121319667477,586.8734713843144,Rate >,Variance >,335418722972519651500040442315750311827115323662,841356973986788424033641854148712928121319667477
335418722972519651500040442315750311827115323662-841518471221275042570144506781210008737201997031,422.1442040152954,Rate >,Min <=,335418722972519651500040442315750311827115323662,841518471221275042570144506781210008737201997031
335418722972519651500040442315750311827115323662-843826879422383561066103188424018239931401286651,1020.1288770953541,Rate >,ack_count <=,335418722972519651500040442315750311827115323662,843826879422383561066103188424018239931401286651
335418722972519651500040442315750311827115323662-896530251803066355404557928035950607124936193677,1206.917627009883,Rate >,psh_flag_number <=,335418722972519651500040442315750311827115323662,896530251803066355404557928035950607124936193677
335418722972519651500040442315750311827115323662-922599836131670820904126277297069322180441856169,3035.1339001593706,Rate >,Rate <=,335418722972519651500040442315750311827115323662,922599836131670820904126277297069322180441856169
335418722972519651500040442315750311827115323662-926368966621798523173828527325665066772113177503,3379.776657742619,Rate >,UDP <=,335418722972519651500040442315750311827115323662,926368966621798523173828527325665066772113177503
335418722972519651500040442315750311827115323662-974265510705878984211701297112044370513255377925,1680.2515608316721,Rate >,Std <=,335418722972519651500040442315750311827115323662,974265510705878984211701297112044370513255377925
337274849629170698169636561573185333120886675912-1043469376771332113858820724324827897913309990452,104.96990106404802,ece_flag_number >,LLC >,337274849629170698169636561573185333120886675912,1043469376771332113858820724324827897913309990452
337274849629170698169636561573185333120886675912-109928824856976412487775174607761519739702474552,2.0202184901353335,ece_flag_number >,Number <=,337274849629170698169636561573185333120886675912,109928824856976412487775174607761519739702474552
337274849629170698169636561573185333120886675912-1232849963170894971818913290506039176322619533319,2.0202184901353335,ece_flag_number >,psh_flag_number >,337274849629170698169636561573185333120886675912,1232849963170894971818913290506039176322619533319
337274849629170698169636561573185333120886675912-1233133706649643691022119102239698495899057226060,9.090983205609001,ece_flag_number >,Time_To_Live <=,337274849629170698169636561573185333120886675912,1233133706649643691022119102239698495899057226060
337274849629170698169636561573185333120886675912-1236189254858718471128603624930063881324958313531,110.02044728938635,ece_flag_number >,HTTPS >,337274849629170698169636561573185333120886675912,1236189254858718471128603624930063881324958313531
337274849629170698169636561573185333120886675912-1251276136943778783713685275011300537715092657394,14.141529430947335,ece_flag_number >,fin_flag_number >,337274849629170698169636561573185333120886675912,1251276136943778783713685275011300537715092657394
337274849629170698169636561573185333120886675912-1338222599102815322204523610829624561969283441716,134.26306917101036,ece_flag_number >,SSH <=,337274849629170698169636561573185333120886675912,1338222599102815322204523610829624561969283441716
337274849629170698169636561573185333120886675912-1345309773886921328764805451107636357621530213384,1398.8709677419356,ece_flag_number >,Class -1,337274849629170698169636561573185333120886675912,1345309773886921328764805451107636357621530213384
337274849629170698169636561573185333120886675912-1375509225989204300559045429796274689340158771149,5.0505462253383335,ece_flag_number >,rst_count <=,337274849629170698169636561573185333120886675912,1375509225989204300559045429796274689340158771149
337274849629170698169636561573185333120886675912-1429650867505148313720594668477948880050562903683,1.0101092450676668,ece_flag_number >,syn_flag_number >,337274849629170698169636561573185333120886675912,1429650867505148313720594668477948880050562903683
337274849629170698169636561573185333120886675912-1455733501014453866297060548284701359849809242142,3.0303277352030005,ece_flag_number >,DHCP <=,337274849629170698169636561573185333120886675912,1455733501014453866297060548284701359849809242142
337274849629170698169636561573185333120886675912-160227321490815016489601533331665083666172936667,113.05077502458934,ece_flag_number >,IGMP <=,337274849629170698169636561573185333120886675912,160227321490815016489601533331665083666172936667
337274849629170698169636561573185333120886675912-171982518954274878349485416184092168691833932185,487.882765367683,ece_flag_number >,Class 1,337274849629170698169636561573185333120886675912,171982518954274878349485416184092168691833932185
337274849629170698169636561573185333120886675912-215123608059624622405742600984392925785664489773,108.00022879925102,ece_flag_number >,Variance <=,337274849629170698169636561573185333120886675912,215123608059624622405742600984392925785664489773
337274849629170698169636561573185333120886675912-40351198695966294513339726256484683518911283460,253.3744996660057,ece_flag_number >,fin_flag_number <=,337274849629170698169636561573185333120886675912,40351198695966294513339726256484683518911283460
337274849629170698169636561573185333120886675912-417610515582391639059962073933335223318558562917,3.0303277352030005,ece_flag_number >,fin_count <=,337274849629170698169636561573185333120886675912,417610515582391639059962073933335223318558562917
337274849629170698169636561573185333120886675912-475011065740486827108472353828139148231878458661,7.0707647154736675,ece_flag_number >,syn_flag_number <=,337274849629170698169636561573185333120886675912,475011065740486827108472353828139148231878458661
337274849629170698169636561573185333120886675912-505469541859377927785473031559292540931343582537,8.080873960541334,ece_flag_number >,ICMP <=,337274849629170698169636561573185333120886675912,505469541859377927785473031559292540931343582537
337274849629170698169636561573185333120886675912-681503808608794911981134712221284126975357543438,22.22240339148867,ece_flag_number >,syn_count <=,337274849629170698169636561573185333120886675912,681503808608794911981134712221284126975357543438
337274849629170698169636561573185333120886675912-684418957212367241623111035135876005715150589706,4.040436980270667,ece_flag_number >,HTTP <=,337274849629170698169636561573185333120886675912,684418957212367241623111035135876005715150589706
337274849629170698169636561573185333120886675912-786396322989194697344344278946426998739971577495,117.09121200486001,ece_flag_number >,HTTPS <=,337274849629170698169636561573185333120886675912,786396322989194697344344278946426998739971577495
337274849629170698169636561573185333120886675912-795584812918386367255521286735341258439959854242,3.0303277352030005,ece_flag_number >,syn_count >,337274849629170698169636561573185333120886675912,795584812918386367255521286735341258439959854242
337274849629170698169636561573185333120886675912-843826879422383561066103188424018239931401286651,6.060655470406001,ece_flag_number >,ack_count <=,337274849629170698169636561573185333120886675912,843826879422383561066103188424018239931401286651
337274849629170698169636561573185333120886675912-896530251803066355404557928035950607124936193677,115.07099351472468,ece_flag_number >,psh_flag_number <=,337274849629170698169636561573185333120886675912,896530251803066355404557928035950607124936193677
337274849629170698169636561573185333120886675912-922599836131670820904126277297069322180441856169,108.00022879925102,ece_flag_number >,Rate <=,337274849629170698169636561573185333120886675912,922599836131670820904126277297069322180441856169
337274849629170698169636561573185333120886675912-974265510705878984211701297112044370513255377925,6.060655470406001,ece_flag_number >,Std <=,337274849629170698169636561573185333120886675912,974265510705878984211701297112044370513255377925
338730224709676774412755851787278702947952010784-1043469376771332113858820724324827897913309990452,11783.771532113422,sum <=,LLC >,338730224709676774412755851787278702947952010784,1043469376771332113858820724324827897913309990452
338730224709676774412755851787278702947952010784-1043754360836331848364792327262011021650379248223,134.34452959399968,sum <=,DNS >,338730224709676774412755851787278702947952010784,1043754360836331848364792327262011021650379248223
338730224709676774412755851787278702947952010784-1077028023530208599426324724984012030801332581683,2180.8258601010925,sum <=,Time_To_Live >,338730224709676774412755851787278702947952010784,1077028023530208599426324724984012030801332581683
338730224709676774412755851787278702947952010784-1085488307210616684491611463585545838953333018237,2084.865481819664,sum <=,Type >,338730224709676774412755851787278702947952010784,1085488307210616684491611463585545838953333018237
338730224709676774412755851787278702947952010784-1091995366823138898995898948102109473193356840202,10317.158076613561,sum <=,DNS <=,338730224709676774412755851787278702947952010784,1091995366823138898995898948102109473193356840202
338730224709676774412755851787278702947952010784-109928824856976412487775174607761519739702474552,7195.77388059309,sum <=,Number <=,338730224709676774412755851787278702947952010784,109928824856976412487775174607761519739702474552
338730224709676774412755851787278702947952010784-1118614325010621431186771152252517336813918651911,2214.2735097805107,sum <=,sum >,338730224709676774412755851787278702947952010784,1118614325010621431186771152252517336813918651911
338730224709676774412755851787278702947952010784-1142857970576506471478393393000113013376204379484,5634.226448141467,sum <=,rst_flag_number <=,338730224709676774412755851787278702947952010784,1142857970576506471478393393000113013376204379484
338730224709676774412755851787278702947952010784-1184472685782376059334758133512718430805424685192,138.30350615128103,sum <=,SSH >,338730224709676774412755851787278702947952010784,1184472685782376059334758133512718430805424685192
338730224709676774412755851787278702947952010784-1232849963170894971818913290506039176322619533319,11781.914234469265,sum <=,psh_flag_number >,338730224709676774412755851787278702947952010784,1232849963170894971818913290506039176322619533319
338730224709676774412755851787278702947952010784-1233133706649643691022119102239698495899057226060,7539.732370623228,sum <=,Time_To_Live <=,338730224709676774412755851787278702947952010784,1233133706649643691022119102239698495899057226060
338730224709676774412755851787278702947952010784-1236189254858718471128603624930063881324958313531,11236.455242132724,sum <=,HTTPS >,338730224709676774412755851787278702947952010784,1236189254858718471128603624930063881324958313531
338730224709676774412755851787278702947952010784-1239329028096551917906154637654656383307088642249,109.09179846730801,sum <=,cwr_flag_number <=,338730224709676774412755851787278702947952010784,1239329028096551917906154637654656383307088642249
338730224709676774412755851787278702947952010784-1251276136943778783713685275011300537715092657394,976.3683378654871,sum <=,fin_flag_number >,338730224709676774412755851787278702947952010784,1251276136943778783713685275011300537715092657394
338730224709676774412755851787278702947952010784-1329847435934461746074927120436757452470095790255,502.02429479863036,sum <=,Min >,338730224709676774412755851787278702947952010784,1329847435934461746074927120436757452470095790255
338730224709676774412755851787278702947952010784-1338222599102815322204523610829624561969283441716,10627.668916964281,sum <=,SSH <=,338730224709676774412755851787278702947952010784,1338222599102815322204523610829624561969283441716
338730224709676774412755851787278702947952010784-1345309773886921328764805451107636357621530213384,11390.806451612903,sum <=,Class -1,338730224709676774412755851787278702947952010784,1345309773886921328764805451107636357621530213384
338730224709676774412755851787278702947952010784-1375509225989204300559045429796274689340158771149,4400.035871514757,sum <=,rst_count <=,338730224709676774412755851787278702947952010784,1375509225989204300559045429796274689340158771149
338730224709676774412755851787278702947952010784-1379366653555122327876205020011632492492609315477,964.6543290396218,sum <=,Type <=,338730224709676774412755851787278702947952010784,1379366653555122327876205020011632492492609315477
338730224709676774412755851787278702947952010784-1418162538066850581097605911983264533342366443794,15901.51445380096,sum <=,Header_Length <=,338730224709676774412755851787278702947952010784,1418162538066850581097605911983264533342366443794
338730224709676774412755851787278702947952010784-1429650867505148313720594668477948880050562903683,3510.716141655665,sum <=,syn_flag_number >,338730224709676774412755851787278702947952010784,1429650867505148313720594668477948880050562903683
338730224709676774412755851787278702947952010784-1454952188391427871478129207189215566009723810659,2915.8921329875925,sum <=,Std >,338730224709676774412755851787278702947952010784,1454952188391427871478129207189215566009723810659
338730224709676774412755851787278702947952010784-1455733501014453866297060548284701359849809242142,15470.491063679829,sum <=,DHCP <=,338730224709676774412755851787278702947952010784,1455733501014453866297060548284701359849809242142
338730224709676774412755851787278702947952010784-160227321490815016489601533331665083666172936667,18610.513404480258,sum <=,IGMP <=,338730224709676774412755851787278702947952010784,160227321490815016489601533331665083666172936667
338730224709676774412755851787278702947952010784-171982518954274878349485416184092168691833932185,41613.47056905267,sum <=,Class 1,338730224709676774412755851787278702947952010784,171982518954274878349485416184092168691833932185
338730224709676774412755851787278702947952010784-207766774224049171901964708681563529125144087827,8010.736536347523,sum <=,HTTP >,338730224709676774412755851787278702947952010784,207766774224049171901964708681563529125144087827
338730224709676774412755851787278702947952010784-215123608059624622405742600984392925785664489773,15216.969935252442,sum <=,Variance <=,338730224709676774412755851787278702947952010784,215123608059624622405742600984392925785664489773
338730224709676774412755851787278702947952010784-218607780770691257170847497927336330511308420255,2892.9528778737977,sum <=,ack_count >,338730224709676774412755851787278702947952010784,218607780770691257170847497927336330511308420255
338730224709676774412755851787278702947952010784-223165296026140232481876277255273629987157553131,14859.635643767457,sum <=,Header_Length >,338730224709676774412755851787278702947952010784,223165296026140232481876277255273629987157553131
338730224709676774412755851787278702947952010784-335418722972519651500040442315750311827115323662,863.5619441098657,sum <=,Rate >,338730224709676774412755851787278702947952010784,335418722972519651500040442315750311827115323662
338730224709676774412755851787278702947952010784-338730224709676774412755851787278702947952010784,5398.626612771732,sum <=,sum <=,338730224709676774412755851787278702947952010784,338730224709676774412755851787278702947952010784
338730224709676774412755851787278702947952010784-371266811264664269299964157380215767396824640058,647.4800260883744,sum <=,ICMP >,338730224709676774412755851787278702947952010784,371266811264664269299964157380215767396824640058
338730224709676774412755851787278702947952010784-378316838538499851440768051160724422589084218125,3960.2310477953747,sum <=,IAT <=,338730224709676774412755851787278702947952010784,378316838538499851440768051160724422589084218125
338730224709676774412755851787278702947952010784-40351198695966294513339726256484683518911283460,8456.553139283516,sum <=,fin_flag_number <=,338730224709676774412755851787278702947952010784,40351198695966294513339726256484683518911283460
338730224709676774412755851787278702947952010784-417610515582391639059962073933335223318558562917,11146.555519321702,sum <=,fin_count <=,338730224709676774412755851787278702947952010784,417610515582391639059962073933335223318558562917
338730224709676774412755851787278702947952010784-450410814915736770904937984733342042835793211647,1234.3534974726888,sum <=,ece_flag_number <=,338730224709676774412755851787278702947952010784,450410814915736770904937984733342042835793211647
338730224709676774412755851787278702947952010784-475011065740486827108472353828139148231878458661,9798.743944709478,sum <=,syn_flag_number <=,338730224709676774412755851787278702947952010784,475011065740486827108472353828139148231878458661
338730224709676774412755851787278702947952010784-505469541859377927785473031559292540931343582537,21280.672025478245,sum <=,ICMP <=,338730224709676774412755851787278702947952010784,505469541859377927785473031559292540931343582537
338730224709676774412755851787278702947952010784-510505520442458443414009447271658614884328320759,11051.605250285342,sum <=,IRC <=,338730224709676774412755851787278702947952010784,510505520442458443414009447271658614884328320759
338730224709676774412755851787278702947952010784-520582048177068818674784514618258893555315007951,1347.404272497278,sum <=,LLC <=,338730224709676774412755851787278702947952010784,520582048177068818674784514618258893555315007951
338730224709676774412755851787278702947952010784-559797210707093786647851972932919518973015855277,1393.6249165014228,sum <=,fin_count >,338730224709676774412755851787278702947952010784,559797210707093786647851972932919518973015855277
338730224709676774412755851787278702947952010784-565103970815292376991711972572924808853013487374,108.00022879925102,sum <=,IGMP >,338730224709676774412755851787278702947952010784,565103970815292376991711972572924808853013487374
338730224709676774412755851787278702947952010784-629827923182617752624696690572530002196221478554,508.76921782214674,sum <=,DHCP >,338730224709676774412755851787278702947952010784,629827923182617752624696690572530002196221478554
338730224709676774412755851787278702947952010784-681503808608794911981134712221284126975357543438,3450.5331811511496,sum <=,syn_count <=,338730224709676774412755851787278702947952010784,681503808608794911981134712221284126975357543438
338730224709676774412755851787278702947952010784-684418957212367241623111035135876005715150589706,35394.66783345518,sum <=,HTTP <=,338730224709676774412755851787278702947952010784,684418957212367241623111035135876005715150589706
338730224709676774412755851787278702947952010784-708408391217891577256114269656040681679338993095,11.111201695744334,sum <=,IRC >,338730224709676774412755851787278702947952010784,708408391217891577256114269656040681679338993095
338730224709676774412755851787278702947952010784-714914936218336719861297767221934377853836589461,5101.051687591717,sum <=,UDP >,338730224709676774412755851787278702947952010784,714914936218336719861297767221934377853836589461
338730224709676774412755851787278702947952010784-786396322989194697344344278946426998739971577495,9477.643249370145,sum <=,HTTPS <=,338730224709676774412755851787278702947952010784,786396322989194697344344278946426998739971577495
338730224709676774412755851787278702947952010784-791432257472445298809701838101022411569407290467,1815.7202442629246,sum <=,rst_flag_number >,338730224709676774412755851787278702947952010784,791432257472445298809701838101022411569407290467
338730224709676774412755851787278702947952010784-795584812918386367255521286735341258439959854242,599.6790498782367,sum <=,syn_count >,338730224709676774412755851787278702947952010784,795584812918386367255521286735341258439959854242
338730224709676774412755851787278702947952010784-835140271881840015202809914014108690929910415575,1296.980270666884,sum <=,IAT >,338730224709676774412755851787278702947952010784,835140271881840015202809914014108690929910415575
338730224709676774412755851787278702947952010784-841356973986788424033641854148712928121319667477,1290.9196151964782,sum <=,Variance >,338730224709676774412755851787278702947952010784,841356973986788424033641854148712928121319667477
338730224709676774412755851787278702947952010784-841518471221275042570144506781210008737201997031,1918.1974563834992,sum <=,Min <=,338730224709676774412755851787278702947952010784,841518471221275042570144506781210008737201997031
338730224709676774412755851787278702947952010784-843826879422383561066103188424018239931401286651,14147.59008641774,sum <=,ack_count <=,338730224709676774412755851787278702947952010784,843826879422383561066103188424018239931401286651
338730224709676774412755851787278702947952010784-896530251803066355404557928035950607124936193677,11279.303424625112,sum <=,psh_flag_number <=,338730224709676774412755851787278702947952010784,896530251803066355404557928035950607124936193677
338730224709676774412755851787278702947952010784-922599836131670820904126277297069322180441856169,31583.91666184523,sum <=,Rate <=,338730224709676774412755851787278702947952010784,922599836131670820904126277297069322180441856169
338730224709676774412755851787278702947952010784-926368966621798523173828527325665066772113177503,13738.0070796274,sum <=,UDP <=,338730224709676774412755851787278702947952010784,926368966621798523173828527325665066772113177503
338730224709676774412755851787278702947952010784-940331364486966071141541838460909450599289486914,1719.8413264044855,sum <=,rst_count >,338730224709676774412755851787278702947952010784,940331364486966071141541838460909450599289486914
338730224709676774412755851787278702947952010784-974265510705878984211701297112044370513255377925,14471.199762785145,sum <=,Std <=,338730224709676774412755851787278702947952010784,974265510705878984211701297112044370513255377925
371266811264664269299964157380215767396824640058-1043469376771332113858820724324827897913309990452,78.788521115278,ICMP >,LLC >,371266811264664269299964157380215767396824640058,1043469376771332113858820724324827897913309990452
371266811264664269299964157380215767396824640058-1043754360836331848364792327262011021650379248223,77.77841187021033,ICMP >,DNS >,371266811264664269299964157380215767396824640058,1043754360836331848364792327262011021650379248223
371266811264664269299964157380215767396824640058-1077028023530208599426324724984012030801332581683,500.00407630849503,ICMP >,Time_To_Live >,371266811264664269299964157380215767396824640058,1077028023530208599426324724984012030801332581683
371266811264664269299964157380215767396824640058-1085488307210616684491611463585545838953333018237,218.18359693461602,ICMP >,Type >,371266811264664269299964157380215767396824640058,1085488307210616684491611463585545838953333018237
371266811264664269299964157380215767396824640058-1091995366823138898995898948102109473193356840202,84.849176585684,ICMP >,DNS <=,371266811264664269299964157380215767396824640058,1091995366823138898995898948102109473193356840202
371266811264664269299964157380215767396824640058-109928824856976412487775174607761519739702474552,246.46665579651068,ICMP >,Number <=,371266811264664269299964157380215767396824640058,109928824856976412487775174607761519739702474552
371266811264664269299964157380215767396824640058-1118614325010621431186771152252517336813918651911,180.80955486711235,ICMP >,sum >,371266811264664269299964157380215767396824640058,1118614325010621431186771152252517336813918651911
371266811264664269299964157380215767396824640058-1142857970576506471478393393000113013376204379484,31.31338659709767,ICMP >,rst_flag_number <=,371266811264664269299964157380215767396824640058,1142857970576506471478393393000113013376204379484
371266811264664269299964157380215767396824640058-1184472685782376059334758133512718430805424685192,4.040436980270667,ICMP >,SSH >,371266811264664269299964157380215767396824640058,1184472685782376059334758133512718430805424685192
371266811264664269299964157380215767396824640058-1232849963170894971818913290506039176322619533319,90.90983205609001,ICMP >,psh_flag_number >,371266811264664269299964157380215767396824640058,1232849963170894971818913290506039176322619533319
371266811264664269299964157380215767396824640058-1233133706649643691022119102239698495899057226060,2068.736318067777,ICMP >,Time_To_Live <=,371266811264664269299964157380215767396824640058,1233133706649643691022119102239698495899057226060
371266811264664269299964157380215767396824640058-1236189254858718471128603624930063881324958313531,152.52649600521767,ICMP >,HTTPS >,371266811264664269299964157380215767396824640058,1236189254858718471128603624930063881324958313531
371266811264664269299964157380215767396824640058-1251276136943778783713685275011300537715092657394,133.2529599259427,ICMP >,fin_flag_number >,371266811264664269299964157380215767396824640058,1251276136943778783713685275011300537715092657394
371266811264664269299964157380215767396824640058-1329847435934461746074927120436757452470095790255,76.76830262514267,ICMP >,Min >,371266811264664269299964157380215767396824640058,1329847435934461746074927120436757452470095790255
371266811264664269299964157380215767396824640058-1338222599102815322204523610829624561969283441716,339.2337854967574,ICMP >,SSH <=,371266811264664269299964157380215767396824640058,1338222599102815322204523610829624561969283441716
371266811264664269299964157380215767396824640058-1345309773886921328764805451107636357621530213384,1398.8709677419356,ICMP >,Class -1,371266811264664269299964157380215767396824640058,1345309773886921328764805451107636357621530213384
371266811264664269299964157380215767396824640058-1375509225989204300559045429796274689340158771149,38.38415131257133,ICMP >,rst_count <=,371266811264664269299964157380215767396824640058,1375509225989204300559045429796274689340158771149
371266811264664269299964157380215767396824640058-1379366653555122327876205020011632492492609315477,1187.6440909306082,ICMP >,Type <=,371266811264664269299964157380215767396824640058,1379366653555122327876205020011632492492609315477
371266811264664269299964157380215767396824640058-1418162538066850581097605911983264533342366443794,821.0558953940345,ICMP >,Header_Length <=,371266811264664269299964157380215767396824640058,1418162538066850581097605911983264533342366443794
371266811264664269299964157380215767396824640058-1429650867505148313720594668477948880050562903683,45.454916028045005,ICMP >,syn_flag_number >,371266811264664269299964157380215767396824640058,1429650867505148313720594668477948880050562903683
371266811264664269299964157380215767396824640058-1454952188391427871478129207189215566009723810659,20.202184901353334,ICMP >,Std >,371266811264664269299964157380215767396824640058,1454952188391427871478129207189215566009723810659
371266811264664269299964157380215767396824640058-1455733501014453866297060548284701359849809242142,565.6611772378934,ICMP >,DHCP <=,371266811264664269299964157380215767396824640058,1455733501014453866297060548284701359849809242142
371266811264664269299964157380215767396824640058-160227321490815016489601533331665083666172936667,439.39752160443504,ICMP >,IGMP <=,371266811264664269299964157380215767396824640058,160227321490815016489601533331665083666172936667
371266811264664269299964157380215767396824640058-171982518954274878349485416184092168691833932185,2922.24604598076,ICMP >,Class 1,371266811264664269299964157380215767396824640058,171982518954274878349485416184092168691833932185
371266811264664269299964157380215767396824640058-207766774224049171901964708681563529125144087827,12.121310940812002,ICMP >,HTTP >,371266811264664269299964157380215767396824640058,207766774224049171901964708681563529125144087827
371266811264664269299964157380215767396824640058-215123608059624622405742600984392925785664489773,149.4961682700147,ICMP >,Variance <=,371266811264664269299964157380215767396824640058,215123608059624622405742600984392925785664489773
371266811264664269299964157380215767396824640058-218607780770691257170847497927336330511308420255,264.48570136175005,ICMP >,ack_count >,371266811264664269299964157380215767396824640058,218607780770691257170847497927336330511308420255
371266811264664269299964157380215767396824640058-223165296026140232481876277255273629987157553131,579.7212462458514,ICMP >,Header_Length >,371266811264664269299964157380215767396824640058,223165296026140232481876277255273629987157553131
371266811264664269299964157380215767396824640058-335418722972519651500040442315750311827115323662,231.15209627451702,ICMP >,Rate >,371266811264664269299964157380215767396824640058,335418722972519651500040442315750311827115323662
371266811264664269299964157380215767396824640058-338730224709676774412755851787278702947952010784,867.6023810901364,ICMP >,sum <=,371266811264664269299964157380215767396824640058,338730224709676774412755851787278702947952010784
371266811264664269299964157380215767396824640058-378316838538499851440768051160724422589084218125,64.64699168433067,ICMP >,IAT <=,371266811264664269299964157380215767396824640058,378316838538499851440768051160724422589084218125
371266811264664269299964157380215767396824640058-40351198695966294513339726256484683518911283460,155.55682374042067,ICMP >,fin_flag_number <=,371266811264664269299964157380215767396824640058,40351198695966294513339726256484683518911283460
371266811264664269299964157380215767396824640058-417610515582391639059962073933335223318558562917,86.86939507581934,ICMP >,fin_count <=,371266811264664269299964157380215767396824640058,417610515582391639059962073933335223318558562917
371266811264664269299964157380215767396824640058-450410814915736770904937984733342042835793211647,1409.2979018845695,ICMP >,ece_flag_number <=,371266811264664269299964157380215767396824640058,450410814915736770904937984733342042835793211647
371266811264664269299964157380215767396824640058-475011065740486827108472353828139148231878458661,132.32431110386435,ICMP >,syn_flag_number <=,371266811264664269299964157380215767396824640058,475011065740486827108472353828139148231878458661
371266811264664269299964157380215767396824640058-505469541859377927785473031559292540931343582537,7.0707647154736675,ICMP >,ICMP <=,371266811264664269299964157380215767396824640058,505469541859377927785473031559292540931343582537
371266811264664269299964157380215767396824640058-520582048177068818674784514618258893555315007951,4.040436980270667,ICMP >,LLC <=,371266811264664269299964157380215767396824640058,520582048177068818674784514618258893555315007951
371266811264664269299964157380215767396824640058-559797210707093786647851972932919518973015855277,16.161747921082668,ICMP >,fin_count >,371266811264664269299964157380215767396824640058,559797210707093786647851972932919518973015855277
371266811264664269299964157380215767396824640058-681503808608794911981134712221284126975357543438,51.515571498451,ICMP >,syn_count <=,371266811264664269299964157380215767396824640058,681503808608794911981134712221284126975357543438
371266811264664269299964157380215767396824640058-684418957212367241623111035135876005715150589706,67.67731941953367,ICMP >,HTTP <=,371266811264664269299964157380215767396824640058,684418957212367241623111035135876005715150589706
371266811264664269299964157380215767396824640058-714914936218336719861297767221934377853836589461,13.131420185879668,ICMP >,UDP >,371266811264664269299964157380215767396824640058,714914936218336719861297767221934377853836589461
371266811264664269299964157380215767396824640058-786396322989194697344344278946426998739971577495,84.849176585684,ICMP >,HTTPS <=,371266811264664269299964157380215767396824640058,786396322989194697344344278946426998739971577495
371266811264664269299964157380215767396824640058-795584812918386367255521286735341258439959854242,3.0303277352030005,ICMP >,syn_count >,371266811264664269299964157380215767396824640058,795584812918386367255521286735341258439959854242
371266811264664269299964157380215767396824640058-835140271881840015202809914014108690929910415575,42.424588292842,ICMP >,IAT >,371266811264664269299964157380215767396824640058,835140271881840015202809914014108690929910415575
371266811264664269299964157380215767396824640058-841356973986788424033641854148712928121319667477,4.040436980270667,ICMP >,Variance >,371266811264664269299964157380215767396824640058,841356973986788424033641854148712928121319667477
371266811264664269299964157380215767396824640058-841518471221275042570144506781210008737201997031,109.09179846730801,ICMP >,Min <=,371266811264664269299964157380215767396824640058,841518471221275042570144506781210008737201997031
371266811264664269299964157380215767396824640058-843826879422383561066103188424018239931401286651,220.20381542475135,ICMP >,ack_count <=,371266811264664269299964157380215767396824640058,843826879422383561066103188424018239931401286651
371266811264664269299964157380215767396824640058-896530251803066355404557928035950607124936193677,466.50755037528336,ICMP >,psh_flag_number <=,371266811264664269299964157380215767396824640058,896530251803066355404557928035950607124936193677
371266811264664269299964157380215767396824640058-922599836131670820904126277297069322180441856169,1745.4687754769282,ICMP >,Rate <=,371266811264664269299964157380215767396824640058,922599836131670820904126277297069322180441856169
371266811264664269299964157380215767396824640058-926368966621798523173828527325665066772113177503,214.14315995434535,ICMP >,UDP <=,371266811264664269299964157380215767396824640058,926368966621798523173828527325665066772113177503
371266811264664269299964157380215767396824640058-940331364486966071141541838460909450599289486914,1.0101092450676668,ICMP >,rst_count >,371266811264664269299964157380215767396824640058,940331364486966071141541838460909450599289486914
371266811264664269299964157380215767396824640058-974265510705878984211701297112044370513255377925,107.07157997717268,ICMP >,Std <=,371266811264664269299964157380215767396824640058,974265510705878984211701297112044370513255377925
378316838538499851440768051160724422589084218125-1043469376771332113858820724324827897913309990452,8344.984943957334,IAT <=,LLC >,378316838538499851440768051160724422589084218125,1043469376771332113858820724324827897913309990452
378316838538499851440768051160724422589084218125-1043754360836331848364792327262011021650379248223,224.1627919820327,IAT <=,DNS >,378316838538499851440768051160724422589084218125,1043754360836331848364792327262011021650379248223
378316838538499851440768051160724422589084218125-1077028023530208599426324724984012030801332581683,2594.970650578836,IAT <=,Time_To_Live >,378316838538499851440768051160724422589084218125,1077028023530208599426324724984012030801332581683
378316838538499851440768051160724422589084218125-1085488307210616684491611463585545838953333018237,1485.4633973795912,IAT <=,Type >,378316838538499851440768051160724422589084218125,1085488307210616684491611463585545838953333018237
378316838538499851440768051160724422589084218125-1091995366823138898995898948102109473193356840202,1973.7534648622209,IAT <=,DNS <=,378316838538499851440768051160724422589084218125,1091995366823138898995898948102109473193356840202
378316838538499851440768051160724422589084218125-109928824856976412487775174607761519739702474552,480.81200065220935,IAT <=,Number <=,378316838538499851440768051160724422589084218125,109928824856976412487775174607761519739702474552
378316838538499851440768051160724422589084218125-1118614325010621431186771152252517336813918651911,176.76911788684168,IAT <=,sum >,378316838538499851440768051160724422589084218125,1118614325010621431186771152252517336813918651911
378316838538499851440768051160724422589084218125-1142857970576506471478393393000113013376204379484,3846.3330843716963,IAT <=,rst_flag_number <=,378316838538499851440768051160724422589084218125,1142857970576506471478393393000113013376204379484
378316838538499851440768051160724422589084218125-1232849963170894971818913290506039176322619533319,612.9733909100951,IAT <=,psh_flag_number >,378316838538499851440768051160724422589084218125,1232849963170894971818913290506039176322619533319
378316838538499851440768051160724422589084218125-1233133706649643691022119102239698495899057226060,2828.908693319588,IAT <=,Time_To_Live <=,378316838538499851440768051160724422589084218125,1233133706649643691022119102239698495899057226060
378316838538499851440768051160724422589084218125-1236189254858718471128603624930063881324958313531,943.4420348932008,IAT <=,HTTPS >,378316838538499851440768051160724422589084218125,1236189254858718471128603624930063881324958313531
378316838538499851440768051160724422589084218125-1251276136943778783713685275011300537715092657394,3161.381263708231,IAT <=,fin_flag_number >,378316838538499851440768051160724422589084218125,1251276136943778783713685275011300537715092657394
378316838538499851440768051160724422589084218125-1329847435934461746074927120436757452470095790255,1339.4048589597262,IAT <=,Min >,378316838538499851440768051160724422589084218125,1329847435934461746074927120436757452470095790255
378316838538499851440768051160724422589084218125-1338222599102815322204523610829624561969283441716,598.9947823251264,IAT <=,SSH <=,378316838538499851440768051160724422589084218125,1338222599102815322204523610829624561969283441716
378316838538499851440768051160724422589084218125-1345309773886921328764805451107636357621530213384,13289.274193548388,IAT <=,Class -1,378316838538499851440768051160724422589084218125,1345309773886921328764805451107636357621530213384
378316838538499851440768051160724422589084218125-1375509225989204300559045429796274689340158771149,12728.38659709767,IAT <=,rst_count <=,378316838538499851440768051160724422589084218125,1375509225989204300559045429796274689340158771149
378316838538499851440768051160724422589084218125-1379366653555122327876205020011632492492609315477,13933.691307732362,IAT <=,Type <=,378316838538499851440768051160724422589084218125,1379366653555122327876205020011632492492609315477
378316838538499851440768051160724422589084218125-1418162538066850581097605911983264533342366443794,3756.547406152859,IAT <=,Header_Length <=,378316838538499851440768051160724422589084218125,1418162538066850581097605911983264533342366443794
378316838538499851440768051160724422589084218125-1429650867505148313720594668477948880050562903683,642.429479863036,IAT <=,syn_flag_number >,378316838538499851440768051160724422589084218125,1429650867505148313720594668477948880050562903683
378316838538499851440768051160724422589084218125-1454952188391427871478129207189215566009723810659,460.60981575085606,IAT <=,Std >,378316838538499851440768051160724422589084218125,1454952188391427871478129207189215566009723810659
378316838538499851440768051160724422589084218125-1455733501014453866297060548284701359849809242142,966.6745475297571,IAT <=,DHCP <=,378316838538499851440768051160724422589084218125,1455733501014453866297060548284701359849809242142
378316838538499851440768051160724422589084218125-160227321490815016489601533331665083666172936667,2488.3389568858056,IAT <=,IGMP <=,378316838538499851440768051160724422589084218125,160227321490815016489601533331665083666172936667
378316838538499851440768051160724422589084218125-171982518954274878349485416184092168691833932185,34128.56106310125,IAT <=,Class 1,378316838538499851440768051160724422589084218125,171982518954274878349485416184092168691833932185
378316838538499851440768051160724422589084218125-207766774224049171901964708681563529125144087827,773.2549191838967,IAT <=,HTTP >,378316838538499851440768051160724422589084218125,207766774224049171901964708681563529125144087827
378316838538499851440768051160724422589084218125-215123608059624622405742600984392925785664489773,13169.918381784424,IAT <=,Variance <=,378316838538499851440768051160724422589084218125,215123608059624622405742600984392925785664489773
378316838538499851440768051160724422589084218125-218607780770691257170847497927336330511308420255,7582.2710035082555,IAT <=,ack_count >,378316838538499851440768051160724422589084218125,218607780770691257170847497927336330511308420255
378316838538499851440768051160724422589084218125-223165296026140232481876277255273629987157553131,6237.538632885027,IAT <=,Header_Length >,378316838538499851440768051160724422589084218125,223165296026140232481876277255273629987157553131
378316838538499851440768051160724422589084218125-335418722972519651500040442315750311827115323662,336.366378607533,IAT <=,Rate >,378316838538499851440768051160724422589084218125,335418722972519651500040442315750311827115323662
378316838538499851440768051160724422589084218125-338730224709676774412755851787278702947952010784,3224.790056963124,IAT <=,sum <=,378316838538499851440768051160724422589084218125,338730224709676774412755851787278702947952010784
378316838538499851440768051160724422589084218125-371266811264664269299964157380215767396824640058,324.08214682074237,IAT <=,ICMP >,378316838538499851440768051160724422589084218125,371266811264664269299964157380215767396824640058
378316838538499851440768051160724422589084218125-378316838538499851440768051160724422589084218125,1814.1562041415295,IAT <=,IAT <=,378316838538499851440768051160724422589084218125,378316838538499851440768051160724422589084218125
378316838538499851440768051160724422589084218125-40351198695966294513339726256484683518911283460,10341.498451002772,IAT <=,fin_flag_number <=,378316838538499851440768051160724422589084218125,40351198695966294513339726256484683518911283460
378316838538499851440768051160724422589084218125-417610515582391639059962073933335223318558562917,1053.5439426055764,IAT <=,fin_count <=,378316838538499851440768051160724422589084218125,417610515582391639059962073933335223318558562917
378316838538499851440768051160724422589084218125-450410814915736770904937984733342042835793211647,1404.0518506440567,IAT <=,ece_flag_number <=,378316838538499851440768051160724422589084218125,450410814915736770904937984733342042835793211647
378316838538499851440768051160724422589084218125-475011065740486827108472353828139148231878458661,1166.6761780531551,IAT <=,syn_flag_number <=,378316838538499851440768051160724422589084218125,475011065740486827108472353828139148231878458661
378316838538499851440768051160724422589084218125-505469541859377927785473031559292540931343582537,13625.7872009173,IAT <=,ICMP <=,378316838538499851440768051160724422589084218125,505469541859377927785473031559292540931343582537
378316838538499851440768051160724422589084218125-520582048177068818674784514618258893555315007951,1721.3401981874892,IAT <=,LLC <=,378316838538499851440768051160724422589084218125,520582048177068818674784514618258893555315007951
378316838538499851440768051160724422589084218125-559797210707093786647851972932919518973015855277,23.232512636556336,IAT <=,fin_count >,378316838538499851440768051160724422589084218125,559797210707093786647851972932919518973015855277
378316838538499851440768051160724422589084218125-565103970815292376991711972572924808853013487374,3.0303277352030005,IAT <=,IGMP >,378316838538499851440768051160724422589084218125,565103970815292376991711972572924808853013487374
378316838538499851440768051160724422589084218125-629827923182617752624696690572530002196221478554,37.37404206750367,IAT <=,DHCP >,378316838538499851440768051160724422589084218125,629827923182617752624696690572530002196221478554
378316838538499851440768051160724422589084218125-681503808608794911981134712221284126975357543438,4958.626284037176,IAT <=,syn_count <=,378316838538499851440768051160724422589084218125,681503808608794911981134712221284126975357543438
378316838538499851440768051160724422589084218125-684418957212367241623111035135876005715150589706,855.4810701493244,IAT <=,HTTP <=,378316838538499851440768051160724422589084218125,684418957212367241623111035135876005715150589706
378316838538499851440768051160724422589084218125-714914936218336719861297767221934377853836589461,2841.4373063753465,IAT <=,UDP >,378316838538499851440768051160724422589084218125,714914936218336719861297767221934377853836589461
378316838538499851440768051160724422589084218125-786396322989194697344344278946426998739971577495,829.2996902005544,IAT <=,HTTPS <=,378316838538499851440768051160724422589084218125,786396322989194697344344278946426998739971577495
378316838538499851440768051160724422589084218125-791432257472445298809701838101022411569407290467,500.6068834386161,IAT <=,rst_flag_number >,378316838538499851440768051160724422589084218125,791432257472445298809701838101022411569407290467
378316838538499851440768051160724422589084218125-795584812918386367255521286735341258439959854242,183.83988260231536,IAT <=,syn_count >,378316838538499851440768051160724422589084218125,795584812918386367255521286735341258439959854242
378316838538499851440768051160724422589084218125-835140271881840015202809914014108690929910415575,693.8635909384977,IAT <=,IAT >,378316838538499851440768051160724422589084218125,835140271881840015202809914014108690929910415575
378316838538499851440768051160724422589084218125-841356973986788424033641854148712928121319667477,807.0772868090658,IAT <=,Variance >,378316838538499851440768051160724422589084218125,841356973986788424033641854148712928121319667477
378316838538499851440768051160724422589084218125-841518471221275042570144506781210008737201997031,25992.179970334993,IAT <=,Min <=,378316838538499851440768051160724422589084218125,841518471221275042570144506781210008737201997031
378316838538499851440768051160724422589084218125-843826879422383561066103188424018239931401286651,4039.426871025599,IAT <=,ack_count <=,378316838538499851440768051160724422589084218125,843826879422383561066103188424018239931401286651
378316838538499851440768051160724422589084218125-896530251803066355404557928035950607124936193677,7938.041254871846,IAT <=,psh_flag_number <=,378316838538499851440768051160724422589084218125,896530251803066355404557928035950607124936193677
378316838538499851440768051160724422589084218125-922599836131670820904126277297069322180441856169,3971.0164077991617,IAT <=,Rate <=,378316838538499851440768051160724422589084218125,922599836131670820904126277297069322180441856169
378316838538499851440768051160724422589084218125-926368966621798523173828527325665066772113177503,7699.085250074952,IAT <=,UDP <=,378316838538499851440768051160724422589084218125,926368966621798523173828527325665066772113177503
378316838538499851440768051160724422589084218125-940331364486966071141541838460909450599289486914,7694.800431825713,IAT <=,rst_count >,378316838538499851440768051160724422589084218125,940331364486966071141541838460909450599289486914
378316838538499851440768051160724422589084218125-974265510705878984211701297112044370513255377925,21720.379096690038,IAT <=,Std <=,378316838538499851440768051160724422589084218125,974265510705878984211701297112044370513255377925
40351198695966294513339726256484683518911283460-1043469376771332113858820724324827897913309990452,17150.921837442078,fin_flag_number <=,LLC >,40351198695966294513339726256484683518911283460,1043469376771332113858820724324827897913309990452
40351198695966294513339726256484683518911283460-1043754360836331848364792327262011021650379248223,1570.1496531192965,fin_flag_number <=,DNS >,40351198695966294513339726256484683518911283460,1043754360836331848364792327262011021650379248223
40351198695966294513339726256484683518911283460-1077028023530208599426324724984012030801332581683,4113.164845915539,fin_flag_number <=,Time_To_Live >,40351198695966294513339726256484683518911283460,1077028023530208599426324724984012030801332581683
40351198695966294513339726256484683518911283460-1085488307210616684491611463585545838953333018237,2808.543587572256,fin_flag_number <=,Type >,40351198695966294513339726256484683518911283460,1085488307210616684491611463585545838953333018237
40351198695966294513339726256484683518911283460-1091995366823138898995898948102109473193356840202,11379.84187867854,fin_flag_number <=,DNS <=,40351198695966294513339726256484683518911283460,1091995366823138898995898948102109473193356840202
40351198695966294513339726256484683518911283460-109928824856976412487775174607761519739702474552,18733.40459860196,fin_flag_number <=,Number <=,40351198695966294513339726256484683518911283460,109928824856976412487775174607761519739702474552
40351198695966294513339726256484683518911283460-1118614325010621431186771152252517336813918651911,5364.6413243005845,fin_flag_number <=,sum >,40351198695966294513339726256484683518911283460,1118614325010621431186771152252517336813918651911
40351198695966294513339726256484683518911283460-1142857970576506471478393393000113013376204379484,9631.147270451234,fin_flag_number <=,rst_flag_number <=,40351198695966294513339726256484683518911283460,1142857970576506471478393393000113013376204379484
40351198695966294513339726256484683518911283460-1184472685782376059334758133512718430805424685192,328.2855046469917,fin_flag_number <=,SSH >,40351198695966294513339726256484683518911283460,1184472685782376059334758133512718430805424685192
40351198695966294513339726256484683518911283460-1232849963170894971818913290506039176322619533319,3121.23756725909,fin_flag_number <=,psh_flag_number >,40351198695966294513339726256484683518911283460,1232849963170894971818913290506039176322619533319
40351198695966294513339726256484683518911283460-1233133706649643691022119102239698495899057226060,4573.481404143634,fin_flag_number <=,Time_To_Live <=,40351198695966294513339726256484683518911283460,1233133706649643691022119102239698495899057226060
40351198695966294513339726256484683518911283460-1236189254858718471128603624930063881324958313531,5780.855209522257,fin_flag_number <=,HTTPS >,40351198695966294513339726256484683518911283460,1236189254858718471128603624930063881324958313531
40351198695966294513339726256484683518911283460-1251276136943778783713685275011300537715092657394,1296.980270666884,fin_flag_number <=,fin_flag_number >,40351198695966294513339726256484683518911283460,1251276136943778783713685275011300537715092657394
40351198695966294513339726256484683518911283460-1329847435934461746074927120436757452470095790255,1646.3966090373074,fin_flag_number <=,Min >,40351198695966294513339726256484683518911283460,1329847435934461746074927120436757452470095790255
40351198695966294513339726256484683518911283460-1338222599102815322204523610829624561969283441716,18100.587448651662,fin_flag_number <=,SSH <=,40351198695966294513339726256484683518911283460,1338222599102815322204523610829624561969283441716
40351198695966294513339726256484683518911283460-1345309773886921328764805451107636357621530213384,12190.161290322581,fin_flag_number <=,Class -1,40351198695966294513339726256484683518911283460,1345309773886921328764805451107636357621530213384
40351198695966294513339726256484683518911283460-1375509225989204300559045429796274689340158771149,8118.00362133987,fin_flag_number <=,rst_count <=,40351198695966294513339726256484683518911283460,1375509225989204300559045429796274689340158771149
40351198695966294513339726256484683518911283460-1379366653555122327876205020011632492492609315477,15365.211613008421,fin_flag_number <=,Type <=,40351198695966294513339726256484683518911283460,1379366653555122327876205020011632492492609315477
40351198695966294513339726256484683518911283460-1418162538066850581097605911983264533342366443794,5726.993577841713,fin_flag_number <=,Header_Length <=,40351198695966294513339726256484683518911283460,1418162538066850581097605911983264533342366443794
40351198695966294513339726256484683518911283460-1429650867505148313720594668477948880050562903683,449.33569320913307,fin_flag_number <=,syn_flag_number >,40351198695966294513339726256484683518911283460,1429650867505148313720594668477948880050562903683
40351198695966294513339726256484683518911283460-1454952188391427871478129207189215566009723810659,840.2479710503201,fin_flag_number <=,Std >,40351198695966294513339726256484683518911283460,1454952188391427871478129207189215566009723810659
40351198695966294513339726256484683518911283460-1455733501014453866297060548284701359849809242142,2585.8796673732268,fin_flag_number <=,DHCP <=,40351198695966294513339726256484683518911283460,1455733501014453866297060548284701359849809242142
40351198695966294513339726256484683518911283460-160227321490815016489601533331665083666172936667,24241.80727739411,fin_flag_number <=,IGMP <=,40351198695966294513339726256484683518911283460,160227321490815016489601533331665083666172936667
40351198695966294513339726256484683518911283460-171982518954274878349485416184092168691833932185,47763.015653024624,fin_flag_number <=,Class 1,40351198695966294513339726256484683518911283460,171982518954274878349485416184092168691833932185
40351198695966294513339726256484683518911283460-207766774224049171901964708681563529125144087827,2758.754977041179,fin_flag_number <=,HTTP >,40351198695966294513339726256484683518911283460,207766774224049171901964708681563529125144087827
40351198695966294513339726256484683518911283460-215123608059624622405742600984392925785664489773,6933.389858144465,fin_flag_number <=,Variance <=,40351198695966294513339726256484683518911283460,215123608059624622405742600984392925785664489773
40351198695966294513339726256484683518911283460-218607780770691257170847497927336330511308420255,6188.238784891886,fin_flag_number <=,ack_count >,40351198695966294513339726256484683518911283460,218607780770691257170847497927336330511308420255
40351198695966294513339726256484683518911283460-223165296026140232481876277255273629987157553131,9363.989667215434,fin_flag_number <=,Header_Length >,40351198695966294513339726256484683518911283460,223165296026140232481876277255273629987157553131
40351198695966294513339726256484683518911283460-335418722972519651500040442315750311827115323662,188.8904288276537,fin_flag_number <=,Rate >,40351198695966294513339726256484683518911283460,335418722972519651500040442315750311827115323662
40351198695966294513339726256484683518911283460-337274849629170698169636561573185333120886675912,238.2228609899907,fin_flag_number <=,ece_flag_number >,40351198695966294513339726256484683518911283460,337274849629170698169636561573185333120886675912
40351198695966294513339726256484683518911283460-338730224709676774412755851787278702947952010784,14258.702103375184,fin_flag_number <=,sum <=,40351198695966294513339726256484683518911283460,338730224709676774412755851787278702947952010784
40351198695966294513339726256484683518911283460-371266811264664269299964157380215767396824640058,163.637697700962,fin_flag_number <=,ICMP >,40351198695966294513339726256484683518911283460,371266811264664269299964157380215767396824640058
40351198695966294513339726256484683518911283460-378316838538499851440768051160724422589084218125,7473.798304255666,fin_flag_number <=,IAT <=,40351198695966294513339726256484683518911283460,378316838538499851440768051160724422589084218125
40351198695966294513339726256484683518911283460-40351198695966294513339726256484683518911283460,12832.427849339638,fin_flag_number <=,fin_flag_number <=,40351198695966294513339726256484683518911283460,40351198695966294513339726256484683518911283460
40351198695966294513339726256484683518911283460-417610515582391639059962073933335223318558562917,19001.767816098,fin_flag_number <=,fin_count <=,40351198695966294513339726256484683518911283460,417610515582391639059962073933335223318558562917
40351198695966294513339726256484683518911283460-426624906449189252299067265451872698344494536313,12094.282372464142,fin_flag_number <=,Number >,40351198695966294513339726256484683518911283460,426624906449189252299067265451872698344494536313
40351198695966294513339726256484683518911283460-450410814915736770904937984733342042835793211647,10263.149816171637,fin_flag_number <=,ece_flag_number <=,40351198695966294513339726256484683518911283460,450410814915736770904937984733342042835793211647
40351198695966294513339726256484683518911283460-475011065740486827108472353828139148231878458661,17110.68038848535,fin_flag_number <=,syn_flag_number <=,40351198695966294513339726256484683518911283460,475011065740486827108472353828139148231878458661
40351198695966294513339726256484683518911283460-505469541859377927785473031559292540931343582537,27537.125768581394,fin_flag_number <=,ICMP <=,40351198695966294513339726256484683518911283460,505469541859377927785473031559292540931343582537
40351198695966294513339726256484683518911283460-510505520442458443414009447271658614884328320759,713.1371270177727,fin_flag_number <=,IRC <=,40351198695966294513339726256484683518911283460,510505520442458443414009447271658614884328320759
40351198695966294513339726256484683518911283460-520582048177068818674784514618258893555315007951,738.3898581444644,fin_flag_number <=,LLC <=,40351198695966294513339726256484683518911283460,520582048177068818674784514618258893555315007951
40351198695966294513339726256484683518911283460-559797210707093786647851972932919518973015855277,498.7495857944594,fin_flag_number <=,fin_count >,40351198695966294513339726256484683518911283460,559797210707093786647851972932919518973015855277
40351198695966294513339726256484683518911283460-565103970815292376991711972572924808853013487374,52.52568074351867,fin_flag_number <=,IGMP >,40351198695966294513339726256484683518911283460,565103970815292376991711972572924808853013487374
40351198695966294513339726256484683518911283460-629827923182617752624696690572530002196221478554,15.151638676015,fin_flag_number <=,DHCP >,40351198695966294513339726256484683518911283460,629827923182617752624696690572530002196221478554
40351198695966294513339726256484683518911283460-681503808608794911981134712221284126975357543438,1359.6070438610795,fin_flag_number <=,syn_count <=,40351198695966294513339726256484683518911283460,681503808608794911981134712221284126975357543438
40351198695966294513339726256484683518911283460-684418957212367241623111035135876005715150589706,5117.2134355128,fin_flag_number <=,HTTP <=,40351198695966294513339726256484683518911283460,684418957212367241623111035135876005715150589706
40351198695966294513339726256484683518911283460-714914936218336719861297767221934377853836589461,1353.4649279676842,fin_flag_number <=,UDP >,40351198695966294513339726256484683518911283460,714914936218336719861297767221934377853836589461
40351198695966294513339726256484683518911283460-786396322989194697344344278946426998739971577495,1103.0392956138921,fin_flag_number <=,HTTPS <=,40351198695966294513339726256484683518911283460,786396322989194697344344278946426998739971577495
40351198695966294513339726256484683518911283460-791432257472445298809701838101022411569407290467,554.1426734272025,fin_flag_number <=,rst_flag_number >,40351198695966294513339726256484683518911283460,791432257472445298809701838101022411569407290467
40351198695966294513339726256484683518911283460-795584812918386367255521286735341258439959854242,385.8617316158487,fin_flag_number <=,syn_count >,40351198695966294513339726256484683518911283460,795584812918386367255521286735341258439959854242
40351198695966294513339726256484683518911283460-835140271881840015202809914014108690929910415575,638.3890428827654,fin_flag_number <=,IAT >,40351198695966294513339726256484683518911283460,835140271881840015202809914014108690929910415575
40351198695966294513339726256484683518911283460-841356973986788424033641854148712928121319667477,803.0368498287951,fin_flag_number <=,Variance >,40351198695966294513339726256484683518911283460,841356973986788424033641854148712928121319667477
40351198695966294513339726256484683518911283460-841518471221275042570144506781210008737201997031,25837.926513362403,fin_flag_number <=,Min <=,40351198695966294513339726256484683518911283460,841518471221275042570144506781210008737201997031
40351198695966294513339726256484683518911283460-843826879422383561066103188424018239931401286651,22194.83718434908,fin_flag_number <=,ack_count <=,40351198695966294513339726256484683518911283460,843826879422383561066103188424018239931401286651
40351198695966294513339726256484683518911283460-896530251803066355404557928035950607124936193677,2819.214902983858,fin_flag_number <=,psh_flag_number <=,40351198695966294513339726256484683518911283460,896530251803066355404557928035950607124936193677
40351198695966294513339726256484683518911283460-922599836131670820904126277297069322180441856169,13016.104811095975,fin_flag_number <=,Rate <=,40351198695966294513339726256484683518911283460,922599836131670820904126277297069322180441856169
40351198695966294513339726256484683518911283460-926368966621798523173828527325665066772113177503,11001.09978803196,fin_flag_number <=,UDP <=,40351198695966294513339726256484683518911283460,926368966621798523173828527325665066772113177503
40351198695966294513339726256484683518911283460-940331364486966071141541838460909450599289486914,1123.3555251074304,fin_flag_number <=,rst_count >,40351198695966294513339726256484683518911283460,940331364486966071141541838460909450599289486914
40351198695966294513339726256484683518911283460-974265510705878984211701297112044370513255377925,10484.608122110423,fin_flag_number <=,Std <=,40351198695966294513339726256484683518911283460,974265510705878984211701297112044370513255377925
417610515582391639059962073933335223318558562917-1043469376771332113858820724324827897913309990452,9310.535337649837,fin_count <=,LLC >,417610515582391639059962073933335223318558562917,1043469376771332113858820724324827897913309990452
417610515582391639059962073933335223318558562917-1043754360836331848364792327262011021650379248223,427.1947502406337,fin_count <=,DNS >,417610515582391639059962073933335223318558562917,1043754360836331848364792327262011021650379248223
417610515582391639059962073933335223318558562917-1077028023530208599426324724984012030801332581683,6676.822109897277,fin_count <=,Time_To_Live >,417610515582391639059962073933335223318558562917,1077028023530208599426324724984012030801332581683
417610515582391639059962073933335223318558562917-1085488307210616684491611463585545838953333018237,4847.954153363875,fin_count <=,Type >,417610515582391639059962073933335223318558562917,1085488307210616684491611463585545838953333018237
417610515582391639059962073933335223318558562917-1091995366823138898995898948102109473193356840202,11895.714445385356,fin_count <=,DNS <=,417610515582391639059962073933335223318558562917,1091995366823138898995898948102109473193356840202
417610515582391639059962073933335223318558562917-109928824856976412487775174607761519739702474552,120.20300016305234,fin_count <=,Number <=,417610515582391639059962073933335223318558562917,109928824856976412487775174607761519739702474552
417610515582391639059962073933335223318558562917-1118614325010621431186771152252517336813918651911,5126.82576542554,fin_count <=,sum >,417610515582391639059962073933335223318558562917,1118614325010621431186771152252517336813918651911
417610515582391639059962073933335223318558562917-1142857970576506471478393393000113013376204379484,20000.081591916813,fin_count <=,rst_flag_number <=,417610515582391639059962073933335223318558562917,1142857970576506471478393393000113013376204379484
417610515582391639059962073933335223318558562917-1184472685782376059334758133512718430805424685192,81.818848850481,fin_count <=,SSH >,417610515582391639059962073933335223318558562917,1184472685782376059334758133512718430805424685192
417610515582391639059962073933335223318558562917-1232849963170894971818913290506039176322619533319,2872.750692972444,fin_count <=,psh_flag_number >,417610515582391639059962073933335223318558562917,1232849963170894971818913290506039176322619533319
417610515582391639059962073933335223318558562917-1233133706649643691022119102239698495899057226060,12691.289520468328,fin_count <=,Time_To_Live <=,417610515582391639059962073933335223318558562917,1233133706649643691022119102239698495899057226060
417610515582391639059962073933335223318558562917-1236189254858718471128603624930063881324958313531,6993.996412848524,fin_count <=,HTTPS >,417610515582391639059962073933335223318558562917,1236189254858718471128603624930063881324958313531
417610515582391639059962073933335223318558562917-1239329028096551917906154637654656383307088642249,567.6813957280287,fin_count <=,cwr_flag_number <=,417610515582391639059962073933335223318558562917,1239329028096551917906154637654656383307088642249
417610515582391639059962073933335223318558562917-1251276136943778783713685275011300537715092657394,2607.091961519648,fin_count <=,fin_flag_number >,417610515582391639059962073933335223318558562917,1251276136943778783713685275011300537715092657394
417610515582391639059962073933335223318558562917-1329847435934461746074927120436757452470095790255,455.5592695255177,fin_count <=,Min >,417610515582391639059962073933335223318558562917,1329847435934461746074927120436757452470095790255
417610515582391639059962073933335223318558562917-1338222599102815322204523610829624561969283441716,17975.41536268626,fin_count <=,SSH <=,417610515582391639059962073933335223318558562917,1338222599102815322204523610829624561969283441716
417610515582391639059962073933335223318558562917-1345309773886921328764805451107636357621530213384,4596.290322580645,fin_count <=,Class -1,417610515582391639059962073933335223318558562917,1345309773886921328764805451107636357621530213384
417610515582391639059962073933335223318558562917-1375509225989204300559045429796274689340158771149,7794.002934942117,fin_count <=,rst_count <=,417610515582391639059962073933335223318558562917,1375509225989204300559045429796274689340158771149
417610515582391639059962073933335223318558562917-1379366653555122327876205020011632492492609315477,11917.187412885343,fin_count <=,Type <=,417610515582391639059962073933335223318558562917,1379366653555122327876205020011632492492609315477
417610515582391639059962073933335223318558562917-1418162538066850581097605911983264533342366443794,10213.410081894353,fin_count <=,Header_Length <=,417610515582391639059962073933335223318558562917,1418162538066850581097605911983264533342366443794
417610515582391639059962073933335223318558562917-1429650867505148313720594668477948880050562903683,1880.0902705090916,fin_count <=,syn_flag_number >,417610515582391639059962073933335223318558562917,1429650867505148313720594668477948880050562903683
417610515582391639059962073933335223318558562917-1454952188391427871478129207189215566009723810659,235.27399367777704,fin_count <=,Std >,417610515582391639059962073933335223318558562917,1454952188391427871478129207189215566009723810659
417610515582391639059962073933335223318558562917-1455733501014453866297060548284701359849809242142,12026.963478905762,fin_count <=,DHCP <=,417610515582391639059962073933335223318558562917,1455733501014453866297060548284701359849809242142
417610515582391639059962073933335223318558562917-160227321490815016489601533331665083666172936667,3380.5912619725127,fin_count <=,IGMP <=,417610515582391639059962073933335223318558562917,160227321490815016489601533331665083666172936667
417610515582391639059962073933335223318558562917-171982518954274878349485416184092168691833932185,36407.367519973915,fin_count <=,Class 1,417610515582391639059962073933335223318558562917,171982518954274878349485416184092168691833932185
417610515582391639059962073933335223318558562917-207766774224049171901964708681563529125144087827,2001.8247266243432,fin_count <=,HTTP >,417610515582391639059962073933335223318558562917,207766774224049171901964708681563529125144087827
417610515582391639059962073933335223318558562917-215123608059624622405742600984392925785664489773,21245.546291085244,fin_count <=,Variance <=,417610515582391639059962073933335223318558562917,215123608059624622405742600984392925785664489773
417610515582391639059962073933335223318558562917-218607780770691257170847497927336330511308420255,4454.255929056453,fin_count <=,ack_count >,417610515582391639059962073933335223318558562917,218607780770691257170847497927336330511308420255
417610515582391639059962073933335223318558562917-223165296026140232481876277255273629987157553131,7193.949167118129,fin_count <=,Header_Length >,417610515582391639059962073933335223318558562917,223165296026140232481876277255273629987157553131
417610515582391639059962073933335223318558562917-335418722972519651500040442315750311827115323662,552.4482966290244,fin_count <=,Rate >,417610515582391639059962073933335223318558562917,335418722972519651500040442315750311827115323662
417610515582391639059962073933335223318558562917-337274849629170698169636561573185333120886675912,5.0505462253383335,fin_count <=,ece_flag_number >,417610515582391639059962073933335223318558562917,337274849629170698169636561573185333120886675912
417610515582391639059962073933335223318558562917-338730224709676774412755851787278702947952010784,11051.605250285342,fin_count <=,sum <=,417610515582391639059962073933335223318558562917,338730224709676774412755851787278702947952010784
417610515582391639059962073933335223318558562917-371266811264664269299964157380215767396824640058,67.67731941953367,fin_count <=,ICMP >,417610515582391639059962073933335223318558562917,371266811264664269299964157380215767396824640058
417610515582391639059962073933335223318558562917-378316838538499851440768051160724422589084218125,1116.1707157997719,fin_count <=,IAT <=,417610515582391639059962073933335223318558562917,378316838538499851440768051160724422589084218125
417610515582391639059962073933335223318558562917-40351198695966294513339726256484683518911283460,33844.42710771448,fin_count <=,fin_flag_number <=,417610515582391639059962073933335223318558562917,40351198695966294513339726256484683518911283460
417610515582391639059962073933335223318558562917-417610515582391639059962073933335223318558562917,59.596445458992335,fin_count <=,fin_count <=,417610515582391639059962073933335223318558562917,417610515582391639059962073933335223318558562917
417610515582391639059962073933335223318558562917-450410814915736770904937984733342042835793211647,16894.95689632501,fin_count <=,ece_flag_number <=,417610515582391639059962073933335223318558562917,450410814915736770904937984733342042835793211647
417610515582391639059962073933335223318558562917-475011065740486827108472353828139148231878458661,14739.872529888546,fin_count <=,syn_flag_number <=,417610515582391639059962073933335223318558562917,475011065740486827108472353828139148231878458661
417610515582391639059962073933335223318558562917-505469541859377927785473031559292540931343582537,2687.574859433104,fin_count <=,ICMP <=,417610515582391639059962073933335223318558562917,505469541859377927785473031559292540931343582537
417610515582391639059962073933335223318558562917-520582048177068818674784514618258893555315007951,196.971302788195,fin_count <=,LLC <=,417610515582391639059962073933335223318558562917,520582048177068818674784514618258893555315007951
417610515582391639059962073933335223318558562917-559797210707093786647851972932919518973015855277,2.0202184901353335,fin_count <=,fin_count >,417610515582391639059962073933335223318558562917,559797210707093786647851972932919518973015855277
417610515582391639059962073933335223318558562917-565103970815292376991711972572924808853013487374,4.040436980270667,fin_count <=,IGMP >,417610515582391639059962073933335223318558562917,565103970815292376991711972572924808853013487374
417610515582391639059962073933335223318558562917-579184915384053252333364217236378176158944003116,4.040436980270667,fin_count <=,cwr_flag_number >,417610515582391639059962073933335223318558562917,579184915384053252333364217236378176158944003116
417610515582391639059962073933335223318558562917-629827923182617752624696690572530002196221478554,11.111201695744334,fin_count <=,DHCP >,417610515582391639059962073933335223318558562917,629827923182617752624696690572530002196221478554
417610515582391639059962073933335223318558562917-681503808608794911981134712221284126975357543438,8563.706179683679,fin_count <=,syn_count <=,417610515582391639059962073933335223318558562917,681503808608794911981134712221284126975357543438
417610515582391639059962073933335223318558562917-684418957212367241623111035135876005715150589706,5980.856840045655,fin_count <=,HTTP <=,417610515582391639059962073933335223318558562917,684418957212367241623111035135876005715150589706
417610515582391639059962073933335223318558562917-714914936218336719861297767221934377853836589461,4459.55085655076,fin_count <=,UDP >,417610515582391639059962073933335223318558562917,714914936218336719861297767221934377853836589461
417610515582391639059962073933335223318558562917-786396322989194697344344278946426998739971577495,1257.5045496862558,fin_count <=,HTTPS <=,417610515582391639059962073933335223318558562917,786396322989194697344344278946426998739971577495
417610515582391639059962073933335223318558562917-791432257472445298809701838101022411569407290467,3879.8459023895057,fin_count <=,rst_flag_number >,417610515582391639059962073933335223318558562917,791432257472445298809701838101022411569407290467
417610515582391639059962073933335223318558562917-795584812918386367255521286735341258439959854242,2225.6616769144184,fin_count <=,syn_count >,417610515582391639059962073933335223318558562917,795584812918386367255521286735341258439959854242
417610515582391639059962073933335223318558562917-835140271881840015202809914014108690929910415575,713.0556665947834,fin_count <=,IAT >,417610515582391639059962073933335223318558562917,835140271881840015202809914014108690929910415575
417610515582391639059962073933335223318558562917-841356973986788424033641854148712928121319667477,1525.1020392061982,fin_count <=,Variance >,417610515582391639059962073933335223318558562917,841356973986788424033641854148712928121319667477
417610515582391639059962073933335223318558562917-841518471221275042570144506781210008737201997031,2369.716288928746,fin_count <=,Min <=,417610515582391639059962073933335223318558562917,841518471221275042570144506781210008737201997031
417610515582391639059962073933335223318558562917-843826879422383561066103188424018239931401286651,5330.346486222077,fin_count <=,ack_count <=,417610515582391639059962073933335223318558562917,843826879422383561066103188424018239931401286651
417610515582391639059962073933335223318558562917-896530251803066355404557928035950607124936193677,7253.350107561947,fin_count <=,psh_flag_number <=,417610515582391639059962073933335223318558562917,896530251803066355404557928035950607124936193677
417610515582391639059962073933335223318558562917-922599836131670820904126277297069322180441856169,24157.658660446134,fin_count <=,Rate <=,417610515582391639059962073933335223318558562917,922599836131670820904126277297069322180441856169
417610515582391639059962073933335223318558562917-926368966621798523173828527325665066772113177503,19562.818333394698,fin_count <=,UDP <=,417610515582391639059962073933335223318558562917,926368966621798523173828527325665066772113177503
417610515582391639059962073933335223318558562917-940331364486966071141541838460909450599289486914,715.5972317920505,fin_count <=,rst_count >,417610515582391639059962073933335223318558562917,940331364486966071141541838460909450599289486914
417610515582391639059962073933335223318558562917-974265510705878984211701297112044370513255377925,25758.681813878386,fin_count <=,Std <=,417610515582391639059962073933335223318558562917,974265510705878984211701297112044370513255377925
426624906449189252299067265451872698344494536313-1043469376771332113858820724324827897913309990452,2598.9133350515194,Number >,LLC >,426624906449189252299067265451872698344494536313,1043469376771332113858820724324827897913309990452
426624906449189252299067265451872698344494536313-1043754360836331848364792327262011021650379248223,2797.741935483871,Number >,DNS >,426624906449189252299067265451872698344494536313,1043754360836331848364792327262011021650379248223
426624906449189252299067265451872698344494536313-1091995366823138898995898948102109473193356840202,8497.185598270593,Number >,DNS <=,426624906449189252299067265451872698344494536313,1091995366823138898995898948102109473193356840202
426624906449189252299067265451872698344494536313-1142857970576506471478393393000113013376204379484,699.4354838709678,Number >,rst_flag_number <=,426624906449189252299067265451872698344494536313,1142857970576506471478393393000113013376204379484
426624906449189252299067265451872698344494536313-1233133706649643691022119102239698495899057226060,4.040436980270667,Number >,Time_To_Live <=,426624906449189252299067265451872698344494536313,1233133706649643691022119102239698495899057226060
426624906449189252299067265451872698344494536313-1251276136943778783713685275011300537715092657394,7493.951612903226,Number >,fin_flag_number >,426624906449189252299067265451872698344494536313,1251276136943778783713685275011300537715092657394
426624906449189252299067265451872698344494536313-1345309773886921328764805451107636357621530213384,44863.790322580644,Number >,Class -1,426624906449189252299067265451872698344494536313,1345309773886921328764805451107636357621530213384
426624906449189252299067265451872698344494536313-1418162538066850581097605911983264533342366443794,4998.998069670687,Number >,Header_Length <=,426624906449189252299067265451872698344494536313,1418162538066850581097605911983264533342366443794
426624906449189252299067265451872698344494536313-1429650867505148313720594668477948880050562903683,5995.1612903225805,Number >,syn_flag_number >,426624906449189252299067265451872698344494536313,1429650867505148313720594668477948880050562903683
426624906449189252299067265451872698344494536313-160227321490815016489601533331665083666172936667,1099.1129032258066,Number >,IGMP <=,426624906449189252299067265451872698344494536313,160227321490815016489601533331665083666172936667
426624906449189252299067265451872698344494536313-171982518954274878349485416184092168691833932185,16.161747921082668,Number >,Class 1,426624906449189252299067265451872698344494536313,171982518954274878349485416184092168691833932185
426624906449189252299067265451872698344494536313-207766774224049171901964708681563529125144087827,3997.784302793455,Number >,HTTP >,426624906449189252299067265451872698344494536313,207766774224049171901964708681563529125144087827
426624906449189252299067265451872698344494536313-223165296026140232481876277255273629987157553131,3996.7741935483873,Number >,Header_Length >,426624906449189252299067265451872698344494536313,223165296026140232481876277255273629987157553131
426624906449189252299067265451872698344494536313-40351198695966294513339726256484683518911283460,4100.7339853673675,Number >,fin_flag_number <=,426624906449189252299067265451872698344494536313,40351198695966294513339726256484683518911283460
426624906449189252299067265451872698344494536313-450410814915736770904937984733342042835793211647,4499.401295477139,Number >,ece_flag_number <=,426624906449189252299067265451872698344494536313,450410814915736770904937984733342042835793211647
426624906449189252299067265451872698344494536313-475011065740486827108472353828139148231878458661,3698.026238277326,Number >,syn_flag_number <=,426624906449189252299067265451872698344494536313,475011065740486827108472353828139148231878458661
426624906449189252299067265451872698344494536313-520582048177068818674784514618258893555315007951,299.758064516129,Number >,LLC <=,426624906449189252299067265451872698344494536313,520582048177068818674784514618258893555315007951
426624906449189252299067265451872698344494536313-559797210707093786647851972932919518973015855277,2400.0847346191676,Number >,fin_count >,426624906449189252299067265451872698344494536313,559797210707093786647851972932919518973015855277
426624906449189252299067265451872698344494536313-681503808608794911981134712221284126975357543438,699.4354838709678,Number >,syn_count <=,426624906449189252299067265451872698344494536313,681503808608794911981134712221284126975357543438
426624906449189252299067265451872698344494536313-684418957212367241623111035135876005715150589706,8296.336779348107,Number >,HTTP <=,426624906449189252299067265451872698344494536313,684418957212367241623111035135876005715150589706
426624906449189252299067265451872698344494536313-841356973986788424033641854148712928121319667477,3.0303277352030005,Number >,Variance >,426624906449189252299067265451872698344494536313,841356973986788424033641854148712928121319667477
426624906449189252299067265451872698344494536313-843826879422383561066103188424018239931401286651,399.6774193548387,Number >,ack_count <=,426624906449189252299067265451872698344494536313,843826879422383561066103188424018239931401286651
426624906449189252299067265451872698344494536313-922599836131670820904126277297069322180441856169,3.0303277352030005,Number >,Rate <=,426624906449189252299067265451872698344494536313,922599836131670820904126277297069322180441856169
450410814915736770904937984733342042835793211647-1043469376771332113858820724324827897913309990452,12940.476954392683,ece_flag_number <=,LLC >,450410814915736770904937984733342042835793211647,1043469376771332113858820724324827897913309990452
450410814915736770904937984733342042835793211647-1043754360836331848364792327262011021650379248223,341.41692483287136,ece_flag_number <=,DNS >,450410814915736770904937984733342042835793211647,1043754360836331848364792327262011021650379248223
450410814915736770904937984733342042835793211647-1077028023530208599426324724984012030801332581683,6244.495353008316,ece_flag_number <=,Time_To_Live >,450410814915736770904937984733342042835793211647,1077028023530208599426324724984012030801332581683
450410814915736770904937984733342042835793211647-1085488307210616684491611463585545838953333018237,1475.769607043861,ece_flag_number <=,Type >,450410814915736770904937984733342042835793211647,1085488307210616684491611463585545838953333018237
450410814915736770904937984733342042835793211647-1091995366823138898995898948102109473193356840202,16585.04886310441,ece_flag_number <=,DNS <=,450410814915736770904937984733342042835793211647,1091995366823138898995898948102109473193356840202
450410814915736770904937984733342042835793211647-109928824856976412487775174607761519739702474552,11379.809294509345,ece_flag_number <=,Number <=,450410814915736770904937984733342042835793211647,109928824856976412487775174607761519739702474552
450410814915736770904937984733342042835793211647-1118614325010621431186771152252517336813918651911,184.7685314243937,ece_flag_number <=,sum >,450410814915736770904937984733342042835793211647,1118614325010621431186771152252517336813918651911
450410814915736770904937984733342042835793211647-1142857970576506471478393393000113013376204379484,3626.2921897929236,ece_flag_number <=,rst_flag_number <=,450410814915736770904937984733342042835793211647,1142857970576506471478393393000113013376204379484
450410814915736770904937984733342042835793211647-1184472685782376059334758133512718430805424685192,38.38415131257133,ece_flag_number <=,SSH >,450410814915736770904937984733342042835793211647,1184472685782376059334758133512718430805424685192
450410814915736770904937984733342042835793211647-1232849963170894971818913290506039176322619533319,2435.3733898581445,ece_flag_number <=,psh_flag_number >,450410814915736770904937984733342042835793211647,1232849963170894971818913290506039176322619533319
450410814915736770904937984733342042835793211647-1233133706649643691022119102239698495899057226060,6687.72151449325,ece_flag_number <=,Time_To_Live <=,450410814915736770904937984733342042835793211647,1233133706649643691022119102239698495899057226060
450410814915736770904937984733342042835793211647-1236189254858718471128603624930063881324958313531,369.69998369476605,ece_flag_number <=,HTTPS >,450410814915736770904937984733342042835793211647,1236189254858718471128603624930063881324958313531
450410814915736770904937984733342042835793211647-1251276136943778783713685275011300537715092657394,702.6287324521494,ece_flag_number <=,fin_flag_number >,450410814915736770904937984733342042835793211647,1251276136943778783713685275011300537715092657394
450410814915736770904937984733342042835793211647-1329847435934461746074927120436757452470095790255,126.26365563345834,ece_flag_number <=,Min >,450410814915736770904937984733342042835793211647,1329847435934461746074927120436757452470095790255
450410814915736770904937984733342042835793211647-1338222599102815322204523610829624561969283441716,12918.28713517039,ece_flag_number <=,SSH <=,450410814915736770904937984733342042835793211647,1338222599102815322204523610829624561969283441716
450410814915736770904937984733342042835793211647-1345309773886921328764805451107636357621530213384,12489.91935483871,ece_flag_number <=,Class -1,450410814915736770904937984733342042835793211647,1345309773886921328764805451107636357621530213384
450410814915736770904937984733342042835793211647-1375509225989204300559045429796274689340158771149,15048.314275495337,ece_flag_number <=,rst_count <=,450410814915736770904937984733342042835793211647,1375509225989204300559045429796274689340158771149
450410814915736770904937984733342042835793211647-1379366653555122327876205020011632492492609315477,11459.60792486969,ece_flag_number <=,Type <=,450410814915736770904937984733342042835793211647,1379366653555122327876205020011632492492609315477
450410814915736770904937984733342042835793211647-1418162538066850581097605911983264533342366443794,3633.03711281644,ece_flag_number <=,Header_Length <=,450410814915736770904937984733342042835793211647,1418162538066850581097605911983264533342366443794
450410814915736770904937984733342042835793211647-1429650867505148313720594668477948880050562903683,194.86962387507035,ece_flag_number <=,syn_flag_number >,450410814915736770904937984733342042835793211647,1429650867505148313720594668477948880050562903683
450410814915736770904937984733342042835793211647-1454952188391427871478129207189215566009723810659,835.3603456709604,ece_flag_number <=,Std >,450410814915736770904937984733342042835793211647,1454952188391427871478129207189215566009723810659
450410814915736770904937984733342042835793211647-1455733501014453866297060548284701359849809242142,1435.3652372411545,ece_flag_number <=,DHCP <=,450410814915736770904937984733342042835793211647,1455733501014453866297060548284701359849809242142
450410814915736770904937984733342042835793211647-160227321490815016489601533331665083666172936667,8563.298877568732,ece_flag_number <=,IGMP <=,450410814915736770904937984733342042835793211647,160227321490815016489601533331665083666172936667
450410814915736770904937984733342042835793211647-171982518954274878349485416184092168691833932185,22331.49518995598,ece_flag_number <=,Class 1,450410814915736770904937984733342042835793211647,171982518954274878349485416184092168691833932185
450410814915736770904937984733342042835793211647-207766774224049171901964708681563529125144087827,1507.9627662092435,ece_flag_number <=,HTTP >,450410814915736770904937984733342042835793211647,207766774224049171901964708681563529125144087827
450410814915736770904937984733342042835793211647-215123608059624622405742600984392925785664489773,13703.565612787512,ece_flag_number <=,Variance <=,450410814915736770904937984733342042835793211647,215123608059624622405742600984392925785664489773
450410814915736770904937984733342042835793211647-218607780770691257170847497927336330511308420255,7757.557541696691,ece_flag_number <=,ack_count >,450410814915736770904937984733342042835793211647,218607780770691257170847497927336330511308420255
450410814915736770904937984733342042835793211647-223165296026140232481876277255273629987157553131,2022.8415157555899,ece_flag_number <=,Header_Length >,450410814915736770904937984733342042835793211647,223165296026140232481876277255273629987157553131
450410814915736770904937984733342042835793211647-335418722972519651500040442315750311827115323662,222.14257349189737,ece_flag_number <=,Rate >,450410814915736770904937984733342042835793211647,335418722972519651500040442315750311827115323662
450410814915736770904937984733342042835793211647-338730224709676774412755851787278702947952010784,1685.8723300179358,ece_flag_number <=,sum <=,450410814915736770904937984733342042835793211647,338730224709676774412755851787278702947952010784
450410814915736770904937984733342042835793211647-371266811264664269299964157380215767396824640058,2379.6055842796504,ece_flag_number <=,ICMP >,450410814915736770904937984733342042835793211647,371266811264664269299964157380215767396824640058
450410814915736770904937984733342042835793211647-378316838538499851440768051160724422589084218125,1114.0690368866472,ece_flag_number <=,IAT <=,450410814915736770904937984733342042835793211647,378316838538499851440768051160724422589084218125
450410814915736770904937984733342042835793211647-40351198695966294513339726256484683518911283460,7282.56181524592,ece_flag_number <=,fin_flag_number <=,450410814915736770904937984733342042835793211647,40351198695966294513339726256484683518911283460
450410814915736770904937984733342042835793211647-417610515582391639059962073933335223318558562917,26517.45306985478,ece_flag_number <=,fin_count <=,450410814915736770904937984733342042835793211647,417610515582391639059962073933335223318558562917
450410814915736770904937984733342042835793211647-426624906449189252299067265451872698344494536313,13990.72989590949,ece_flag_number <=,Number >,450410814915736770904937984733342042835793211647,426624906449189252299067265451872698344494536313
450410814915736770904937984733342042835793211647-475011065740486827108472353828139148231878458661,2386.6437648259284,ece_flag_number <=,syn_flag_number <=,450410814915736770904937984733342042835793211647,475011065740486827108472353828139148231878458661
450410814915736770904937984733342042835793211647-505469541859377927785473031559292540931343582537,16904.65068666074,ece_flag_number <=,ICMP <=,450410814915736770904937984733342042835793211647,505469541859377927785473031559292540931343582537
450410814915736770904937984733342042835793211647-520582048177068818674784514618258893555315007951,624.0031321828501,ece_flag_number <=,LLC <=,450410814915736770904937984733342042835793211647,520582048177068818674784514618258893555315007951
450410814915736770904937984733342042835793211647-559797210707093786647851972932919518973015855277,11615.979352840004,ece_flag_number <=,fin_count >,450410814915736770904937984733342042835793211647,559797210707093786647851972932919518973015855277
450410814915736770904937984733342042835793211647-565103970815292376991711972572924808853013487374,4.040436980270667,ece_flag_number <=,IGMP >,450410814915736770904937984733342042835793211647,565103970815292376991711972572924808853013487374
450410814915736770904937984733342042835793211647-629827923182617752624696690572530002196221478554,5.0505462253383335,ece_flag_number <=,DHCP >,450410814915736770904937984733342042835793211647,629827923182617752624696690572530002196221478554
450410814915736770904937984733342042835793211647-681503808608794911981134712221284126975357543438,9630.381542475136,ece_flag_number <=,syn_count <=,450410814915736770904937984733342042835793211647,681503808608794911981134712221284126975357543438
450410814915736770904937984733342042835793211647-684418957212367241623111035135876005715150589706,3944.3462653124557,ece_flag_number <=,HTTP <=,450410814915736770904937984733342042835793211647,684418957212367241623111035135876005715150589706
450410814915736770904937984733342042835793211647-714914936218336719861297767221934377853836589461,1368.6165666436991,ece_flag_number <=,UDP >,450410814915736770904937984733342042835793211647,714914936218336719861297767221934377853836589461
450410814915736770904937984733342042835793211647-786396322989194697344344278946426998739971577495,888.6517543905787,ece_flag_number <=,HTTPS <=,450410814915736770904937984733342042835793211647,786396322989194697344344278946426998739971577495
450410814915736770904937984733342042835793211647-791432257472445298809701838101022411569407290467,356.3241822399184,ece_flag_number <=,rst_flag_number >,450410814915736770904937984733342042835793211647,791432257472445298809701838101022411569407290467
450410814915736770904937984733342042835793211647-795584812918386367255521286735341258439959854242,741.2572650336888,ece_flag_number <=,syn_count >,450410814915736770904937984733342042835793211647,795584812918386367255521286735341258439959854242
450410814915736770904937984733342042835793211647-835140271881840015202809914014108690929910415575,592.9341268547204,ece_flag_number <=,IAT >,450410814915736770904937984733342042835793211647,835140271881840015202809914014108690929910415575
450410814915736770904937984733342042835793211647-841356973986788424033641854148712928121319667477,303.96142234237834,ece_flag_number <=,Variance >,450410814915736770904937984733342042835793211647,841356973986788424033641854148712928121319667477
450410814915736770904937984733342042835793211647-841518471221275042570144506781210008737201997031,623.2374042067504,ece_flag_number <=,Min <=,450410814915736770904937984733342042835793211647,841518471221275042570144506781210008737201997031
450410814915736770904937984733342042835793211647-843826879422383561066103188424018239931401286651,4516.882702250648,ece_flag_number <=,ack_count <=,450410814915736770904937984733342042835793211647,843826879422383561066103188424018239931401286651
450410814915736770904937984733342042835793211647-896530251803066355404557928035950607124936193677,16082.34030075267,ece_flag_number <=,psh_flag_number <=,450410814915736770904937984733342042835793211647,896530251803066355404557928035950607124936193677
450410814915736770904937984733342042835793211647-922599836131670820904126277297069322180441856169,4649.598023384861,ece_flag_number <=,Rate <=,450410814915736770904937984733342042835793211647,922599836131670820904126277297069322180441856169
450410814915736770904937984733342042835793211647-926368966621798523173828527325665066772113177503,3005.5963507834404,ece_flag_number <=,UDP <=,450410814915736770904937984733342042835793211647,926368966621798523173828527325665066772113177503
450410814915736770904937984733342042835793211647-940331364486966071141541838460909450599289486914,11496.78646192202,ece_flag_number <=,rst_count >,450410814915736770904937984733342042835793211647,940331364486966071141541838460909450599289486914
450410814915736770904937984733342042835793211647-974265510705878984211701297112044370513255377925,12052.542051724411,ece_flag_number <=,Std <=,450410814915736770904937984733342042835793211647,974265510705878984211701297112044370513255377925
475011065740486827108472353828139148231878458661-1043469376771332113858820724324827897913309990452,11035.639007379434,syn_flag_number <=,LLC >,475011065740486827108472353828139148231878458661,1043469376771332113858820724324827897913309990452
475011065740486827108472353828139148231878458661-1043754360836331848364792327262011021650379248223,448.4070443870547,syn_flag_number <=,DNS >,475011065740486827108472353828139148231878458661,1043754360836331848364792327262011021650379248223
475011065740486827108472353828139148231878458661-1077028023530208599426324724984012030801332581683,5186.9109734224685,syn_flag_number <=,Time_To_Live >,475011065740486827108472353828139148231878458661,1077028023530208599426324724984012030801332581683
475011065740486827108472353828139148231878458661-1085488307210616684491611463585545838953333018237,2669.7187347138433,syn_flag_number <=,Type >,475011065740486827108472353828139148231878458661,1085488307210616684491611463585545838953333018237
475011065740486827108472353828139148231878458661-1091995366823138898995898948102109473193356840202,4608.232420590881,syn_flag_number <=,DNS <=,475011065740486827108472353828139148231878458661,1091995366823138898995898948102109473193356840202
475011065740486827108472353828139148231878458661-109928824856976412487775174607761519739702474552,1550.5176911788685,syn_flag_number <=,Number <=,475011065740486827108472353828139148231878458661,109928824856976412487775174607761519739702474552
475011065740486827108472353828139148231878458661-1118614325010621431186771152252517336813918651911,7010.402542038575,syn_flag_number <=,sum >,475011065740486827108472353828139148231878458661,1118614325010621431186771152252517336813918651911
475011065740486827108472353828139148231878458661-1142857970576506471478393393000113013376204379484,15579.762075077713,syn_flag_number <=,rst_flag_number <=,475011065740486827108472353828139148231878458661,1142857970576506471478393393000113013376204379484
475011065740486827108472353828139148231878458661-1184472685782376059334758133512718430805424685192,11.111201695744334,syn_flag_number <=,SSH >,475011065740486827108472353828139148231878458661,1184472685782376059334758133512718430805424685192
475011065740486827108472353828139148231878458661-1232849963170894971818913290506039176322619533319,3702.1644277651835,syn_flag_number <=,psh_flag_number >,475011065740486827108472353828139148231878458661,1232849963170894971818913290506039176322619533319
475011065740486827108472353828139148231878458661-1233133706649643691022119102239698495899057226060,15424.042330491315,syn_flag_number <=,Time_To_Live <=,475011065740486827108472353828139148231878458661,1233133706649643691022119102239698495899057226060
475011065740486827108472353828139148231878458661-1236189254858718471128603624930063881324958313531,5672.6920598770275,syn_flag_number <=,HTTPS >,475011065740486827108472353828139148231878458661,1236189254858718471128603624930063881324958313531
475011065740486827108472353828139148231878458661-1251276136943778783713685275011300537715092657394,5454.361834181031,syn_flag_number <=,fin_flag_number >,475011065740486827108472353828139148231878458661,1251276136943778783713685275011300537715092657394
475011065740486827108472353828139148231878458661-1329847435934461746074927120436757452470095790255,713.1371270177727,syn_flag_number <=,Min >,475011065740486827108472353828139148231878458661,1329847435934461746074927120436757452470095790255
475011065740486827108472353828139148231878458661-1338222599102815322204523610829624561969283441716,13919.337981201643,syn_flag_number <=,SSH <=,475011065740486827108472353828139148231878458661,1338222599102815322204523610829624561969283441716
475011065740486827108472353828139148231878458661-1345309773886921328764805451107636357621530213384,7493.951612903226,syn_flag_number <=,Class -1,475011065740486827108472353828139148231878458661,1345309773886921328764805451107636357621530213384
475011065740486827108472353828139148231878458661-1375509225989204300559045429796274689340158771149,2674.7529888545837,syn_flag_number <=,rst_count <=,475011065740486827108472353828139148231878458661,1375509225989204300559045429796274689340158771149
475011065740486827108472353828139148231878458661-1379366653555122327876205020011632492492609315477,880.8152616990054,syn_flag_number <=,Type <=,475011065740486827108472353828139148231878458661,1379366653555122327876205020011632492492609315477
475011065740486827108472353828139148231878458661-1418162538066850581097605911983264533342366443794,6193.582588639986,syn_flag_number <=,Header_Length <=,475011065740486827108472353828139148231878458661,1418162538066850581097605911983264533342366443794
475011065740486827108472353828139148231878458661-1429650867505148313720594668477948880050562903683,1475.8021912130569,syn_flag_number <=,syn_flag_number >,475011065740486827108472353828139148231878458661,1429650867505148313720594668477948880050562903683
475011065740486827108472353828139148231878458661-1454952188391427871478129207189215566009723810659,495.8007184822457,syn_flag_number <=,Std >,475011065740486827108472353828139148231878458661,1454952188391427871478129207189215566009723810659
475011065740486827108472353828139148231878458661-1455733501014453866297060548284701359849809242142,10270.790803848036,syn_flag_number <=,DHCP <=,475011065740486827108472353828139148231878458661,1455733501014453866297060548284701359849809242142
475011065740486827108472353828139148231878458661-160227321490815016489601533331665083666172936667,8439.918920909096,syn_flag_number <=,IGMP <=,475011065740486827108472353828139148231878458661,160227321490815016489601533331665083666172936667
475011065740486827108472353828139148231878458661-171982518954274878349485416184092168691833932185,40383.15750856025,syn_flag_number <=,Class 1,475011065740486827108472353828139148231878458661,171982518954274878349485416184092168691833932185
475011065740486827108472353828139148231878458661-207766774224049171901964708681563529125144087827,5795.697298590912,syn_flag_number <=,HTTP >,475011065740486827108472353828139148231878458661,207766774224049171901964708681563529125144087827
475011065740486827108472353828139148231878458661-215123608059624622405742600984392925785664489773,17647.080981785475,syn_flag_number <=,Variance <=,475011065740486827108472353828139148231878458661,215123608059624622405742600984392925785664489773
475011065740486827108472353828139148231878458661-218607780770691257170847497927336330511308420255,18161.878270908834,syn_flag_number <=,ack_count >,475011065740486827108472353828139148231878458661,218607780770691257170847497927336330511308420255
475011065740486827108472353828139148231878458661-223165296026140232481876277255273629987157553131,2615.77564261031,syn_flag_number <=,Header_Length >,475011065740486827108472353828139148231878458661,223165296026140232481876277255273629987157553131
475011065740486827108472353828139148231878458661-335418722972519651500040442315750311827115323662,298.9923365400294,syn_flag_number <=,Rate >,475011065740486827108472353828139148231878458661,335418722972519651500040442315750311827115323662
475011065740486827108472353828139148231878458661-337274849629170698169636561573185333120886675912,5.0505462253383335,syn_flag_number <=,ece_flag_number >,475011065740486827108472353828139148231878458661,337274849629170698169636561573185333120886675912
475011065740486827108472353828139148231878458661-338730224709676774412755851787278702947952010784,6926.156172583012,syn_flag_number <=,sum <=,475011065740486827108472353828139148231878458661,338730224709676774412755851787278702947952010784
475011065740486827108472353828139148231878458661-371266811264664269299964157380215767396824640058,91.91994130115768,syn_flag_number <=,ICMP >,475011065740486827108472353828139148231878458661,371266811264664269299964157380215767396824640058
475011065740486827108472353828139148231878458661-378316838538499851440768051160724422589084218125,1317.1824555682374,syn_flag_number <=,IAT <=,475011065740486827108472353828139148231878458661,378316838538499851440768051160724422589084218125
475011065740486827108472353828139148231878458661-40351198695966294513339726256484683518911283460,23599.24746085429,syn_flag_number <=,fin_flag_number <=,475011065740486827108472353828139148231878458661,40351198695966294513339726256484683518911283460
475011065740486827108472353828139148231878458661-417610515582391639059962073933335223318558562917,11530.75545830857,syn_flag_number <=,fin_count <=,475011065740486827108472353828139148231878458661,417610515582391639059962073933335223318558562917
475011065740486827108472353828139148231878458661-426624906449189252299067265451872698344494536313,8795.933553541654,syn_flag_number <=,Number >,475011065740486827108472353828139148231878458661,426624906449189252299067265451872698344494536313
475011065740486827108472353828139148231878458661-450410814915736770904937984733342042835793211647,3084.6292531676863,syn_flag_number <=,ece_flag_number <=,475011065740486827108472353828139148231878458661,450410814915736770904937984733342042835793211647
475011065740486827108472353828139148231878458661-475011065740486827108472353828139148231878458661,1205.0603293657264,syn_flag_number <=,syn_flag_number <=,475011065740486827108472353828139148231878458661,475011065740486827108472353828139148231878458661
475011065740486827108472353828139148231878458661-505469541859377927785473031559292540931343582537,2958.365597534228,syn_flag_number <=,ICMP <=,475011065740486827108472353828139148231878458661,505469541859377927785473031559292540931343582537
475011065740486827108472353828139148231878458661-510505520442458443414009447271658614884328320759,1018.1901190282081,syn_flag_number <=,IRC <=,475011065740486827108472353828139148231878458661,510505520442458443414009447271658614884328320759
475011065740486827108472353828139148231878458661-520582048177068818674784514618258893555315007951,525.0938865892081,syn_flag_number <=,LLC <=,475011065740486827108472353828139148231878458661,520582048177068818674784514618258893555315007951
475011065740486827108472353828139148231878458661-559797210707093786647851972932919518973015855277,854.0636587893101,syn_flag_number <=,fin_count >,475011065740486827108472353828139148231878458661,559797210707093786647851972932919518973015855277
475011065740486827108472353828139148231878458661-565103970815292376991711972572924808853013487374,12.121310940812002,syn_flag_number <=,IGMP >,475011065740486827108472353828139148231878458661,565103970815292376991711972572924808853013487374
475011065740486827108472353828139148231878458661-629827923182617752624696690572530002196221478554,104.04125224196967,syn_flag_number <=,DHCP >,475011065740486827108472353828139148231878458661,629827923182617752624696690572530002196221478554
475011065740486827108472353828139148231878458661-681503808608794911981134712221284126975357543438,1550.713196194043,syn_flag_number <=,syn_count <=,475011065740486827108472353828139148231878458661,681503808608794911981134712221284126975357543438
475011065740486827108472353828139148231878458661-684418957212367241623111035135876005715150589706,12103.128974400783,syn_flag_number <=,HTTP <=,475011065740486827108472353828139148231878458661,684418957212367241623111035135876005715150589706
475011065740486827108472353828139148231878458661-714914936218336719861297767221934377853836589461,1460.617968367846,syn_flag_number <=,UDP >,475011065740486827108472353828139148231878458661,714914936218336719861297767221934377853836589461
475011065740486827108472353828139148231878458661-786396322989194697344344278946426998739971577495,2254.5638349910323,syn_flag_number <=,HTTPS <=,475011065740486827108472353828139148231878458661,786396322989194697344344278946426998739971577495
475011065740486827108472353828139148231878458661-791432257472445298809701838101022411569407290467,1257.7000547014302,syn_flag_number <=,rst_flag_number >,475011065740486827108472353828139148231878458661,791432257472445298809701838101022411569407290467
475011065740486827108472353828139148231878458661-795584812918386367255521286735341258439959854242,3.0303277352030005,syn_flag_number <=,syn_count >,475011065740486827108472353828139148231878458661,795584812918386367255521286735341258439959854242
475011065740486827108472353828139148231878458661-835140271881840015202809914014108690929910415575,292.9316810696234,syn_flag_number <=,IAT >,475011065740486827108472353828139148231878458661,835140271881840015202809914014108690929910415575
475011065740486827108472353828139148231878458661-841356973986788424033641854148712928121319667477,423.0728528373737,syn_flag_number <=,Variance >,475011065740486827108472353828139148231878458661,841356973986788424033641854148712928121319667477
475011065740486827108472353828139148231878458661-841518471221275042570144506781210008737201997031,12390.928648822079,syn_flag_number <=,Min <=,475011065740486827108472353828139148231878458661,841518471221275042570144506781210008737201997031
475011065740486827108472353828139148231878458661-843826879422383561066103188424018239931401286651,5954.349618404927,syn_flag_number <=,ack_count <=,475011065740486827108472353828139148231878458661,843826879422383561066103188424018239931401286651
475011065740486827108472353828139148231878458661-896530251803066355404557928035950607124936193677,4109.042948512279,syn_flag_number <=,psh_flag_number <=,475011065740486827108472353828139148231878458661,896530251803066355404557928035950607124936193677
475011065740486827108472353828139148231878458661-922599836131670820904126277297069322180441856169,9171.466103522456,syn_flag_number <=,Rate <=,475011065740486827108472353828139148231878458661,922599836131670820904126277297069322180441856169
475011065740486827108472353828139148231878458661-926368966621798523173828527325665066772113177503,4871.756888961357,syn_flag_number <=,UDP <=,475011065740486827108472353828139148231878458661,926368966621798523173828527325665066772113177503
475011065740486827108472353828139148231878458661-940331364486966071141541838460909450599289486914,699.4354838709678,syn_flag_number <=,rst_count >,475011065740486827108472353828139148231878458661,940331364486966071141541838460909450599289486914
475011065740486827108472353828139148231878458661-974265510705878984211701297112044370513255377925,6807.126202511006,syn_flag_number <=,Std <=,475011065740486827108472353828139148231878458661,974265510705878984211701297112044370513255377925
505469541859377927785473031559292540931343582537-1043469376771332113858820724324827897913309990452,12976.498753438564,ICMP <=,LLC >,505469541859377927785473031559292540931343582537,1043469376771332113858820724324827897913309990452
505469541859377927785473031559292540931343582537-1043754360836331848364792327262011021650379248223,372.73031142996905,ICMP <=,DNS >,505469541859377927785473031559292540931343582537,1043754360836331848364792327262011021650379248223
505469541859377927785473031559292540931343582537-1077028023530208599426324724984012030801332581683,2340.423120821784,ICMP <=,Time_To_Live >,505469541859377927785473031559292540931343582537,1077028023530208599426324724984012030801332581683
505469541859377927785473031559292540931343582537-1085488307210616684491611463585545838953333018237,751.032515792408,ICMP <=,Type >,505469541859377927785473031559292540931343582537,1085488307210616684491611463585545838953333018237
505469541859377927785473031559292540931343582537-1091995366823138898995898948102109473193356840202,4933.650518348648,ICMP <=,DNS <=,505469541859377927785473031559292540931343582537,1091995366823138898995898948102109473193356840202
505469541859377927785473031559292540931343582537-109928824856976412487775174607761519739702474552,4777.816729170064,ICMP <=,Number <=,505469541859377927785473031559292540931343582537,109928824856976412487775174607761519739702474552
505469541859377927785473031559292540931343582537-1118614325010621431186771152252517336813918651911,1981.7854625689686,ICMP <=,sum >,505469541859377927785473031559292540931343582537,1118614325010621431186771152252517336813918651911
505469541859377927785473031559292540931343582537-1142857970576506471478393393000113013376204379484,490.8316326798967,ICMP <=,rst_flag_number <=,505469541859377927785473031559292540931343582537,1142857970576506471478393393000113013376204379484
505469541859377927785473031559292540931343582537-1184472685782376059334758133512718430805424685192,118.18278167291702,ICMP <=,SSH >,505469541859377927785473031559292540931343582537,1184472685782376059334758133512718430805424685192
505469541859377927785473031559292540931343582537-1232849963170894971818913290506039176322619533319,5025.293494211642,ICMP <=,psh_flag_number >,505469541859377927785473031559292540931343582537,1232849963170894971818913290506039176322619533319
505469541859377927785473031559292540931343582537-1233133706649643691022119102239698495899057226060,10792.153803064331,ICMP <=,Time_To_Live <=,505469541859377927785473031559292540931343582537,1233133706649643691022119102239698495899057226060
505469541859377927785473031559292540931343582537-1236189254858718471128603624930063881324958313531,14412.23870862547,ICMP <=,HTTPS >,505469541859377927785473031559292540931343582537,1236189254858718471128603624930063881324958313531
505469541859377927785473031559292540931343582537-1251276136943778783713685275011300537715092657394,977.1340658415868,ICMP <=,fin_flag_number >,505469541859377927785473031559292540931343582537,1251276136943778783713685275011300537715092657394
505469541859377927785473031559292540931343582537-1329847435934461746074927120436757452470095790255,409.094244252405,ICMP <=,Min >,505469541859377927785473031559292540931343582537,1329847435934461746074927120436757452470095790255
505469541859377927785473031559292540931343582537-1338222599102815322204523610829624561969283441716,13268.17594399415,ICMP <=,SSH <=,505469541859377927785473031559292540931343582537,1338222599102815322204523610829624561969283441716
505469541859377927785473031559292540931343582537-1345309773886921328764805451107636357621530213384,24080.564516129034,ICMP <=,Class -1,505469541859377927785473031559292540931343582537,1345309773886921328764805451107636357621530213384
505469541859377927785473031559292540931343582537-1375509225989204300559045429796274689340158771149,27135.672512005385,ICMP <=,rst_count <=,505469541859377927785473031559292540931343582537,1375509225989204300559045429796274689340158771149
505469541859377927785473031559292540931343582537-1379366653555122327876205020011632492492609315477,2915.1752812652862,ICMP <=,Type <=,505469541859377927785473031559292540931343582537,1379366653555122327876205020011632492492609315477
505469541859377927785473031559292540931343582537-1418162538066850581097605911983264533342366443794,4949.812266269731,ICMP <=,Header_Length <=,505469541859377927785473031559292540931343582537,1418162538066850581097605911983264533342366443794
505469541859377927785473031559292540931343582537-1429650867505148313720594668477948880050562903683,626.1862715189641,ICMP <=,syn_flag_number >,505469541859377927785473031559292540931343582537,1429650867505148313720594668477948880050562903683
505469541859377927785473031559292540931343582537-1454952188391427871478129207189215566009723810659,830.309799445622,ICMP <=,Std >,505469541859377927785473031559292540931343582537,1454952188391427871478129207189215566009723810659
505469541859377927785473031559292540931343582537-1455733501014453866297060548284701359849809242142,12354.059661377109,ICMP <=,DHCP <=,505469541859377927785473031559292540931343582537,1455733501014453866297060548284701359849809242142
505469541859377927785473031559292540931343582537-160227321490815016489601533331665083666172936667,12348.960238897977,ICMP <=,IGMP <=,505469541859377927785473031559292540931343582537,160227321490815016489601533331665083666172936667
505469541859377927785473031559292540931343582537-171982518954274878349485416184092168691833932185,57883.300179357575,ICMP <=,Class 1,505469541859377927785473031559292540931343582537,171982518954274878349485416184092168691833932185
505469541859377927785473031559292540931343582537-207766774224049171901964708681563529125144087827,8694.238361481777,ICMP <=,HTTP >,505469541859377927785473031559292540931343582537,207766774224049171901964708681563529125144087827
505469541859377927785473031559292540931343582537-215123608059624622405742600984392925785664489773,28037.911864950587,ICMP <=,Variance <=,505469541859377927785473031559292540931343582537,215123608059624622405742600984392925785664489773
505469541859377927785473031559292540931343582537-218607780770691257170847497927336330511308420255,6043.353276563067,ICMP <=,ack_count >,505469541859377927785473031559292540931343582537,218607780770691257170847497927336330511308420255
505469541859377927785473031559292540931343582537-223165296026140232481876277255273629987157553131,3415.179357573781,ICMP <=,Header_Length >,505469541859377927785473031559292540931343582537,223165296026140232481876277255273629987157553131
505469541859377927785473031559292540931343582537-335418722972519651500040442315750311827115323662,1893.9059582480816,ICMP <=,Rate >,505469541859377927785473031559292540931343582537,335418722972519651500040442315750311827115323662
505469541859377927785473031559292540931343582537-337274849629170698169636561573185333120886675912,25.252731126691668,ICMP <=,ece_flag_number >,505469541859377927785473031559292540931343582537,337274849629170698169636561573185333120886675912
505469541859377927785473031559292540931343582537-338730224709676774412755851787278702947952010784,13217.670481740768,ICMP <=,sum <=,505469541859377927785473031559292540931343582537,338730224709676774412755851787278702947952010784
505469541859377927785473031559292540931343582537-371266811264664269299964157380215767396824640058,16.161747921082668,ICMP <=,ICMP >,505469541859377927785473031559292540931343582537,371266811264664269299964157380215767396824640058
505469541859377927785473031559292540931343582537-378316838538499851440768051160724422589084218125,27093.704102081287,ICMP <=,IAT <=,505469541859377927785473031559292540931343582537,378316838538499851440768051160724422589084218125
505469541859377927785473031559292540931343582537-40351198695966294513339726256484683518911283460,18020.739942037522,ICMP <=,fin_flag_number <=,505469541859377927785473031559292540931343582537,40351198695966294513339726256484683518911283460
505469541859377927785473031559292540931343582537-417610515582391639059962073933335223318558562917,3144.2256986266784,ICMP <=,fin_count <=,505469541859377927785473031559292540931343582537,417610515582391639059962073933335223318558562917
505469541859377927785473031559292540931343582537-450410814915736770904937984733342042835793211647,14866.901913498104,ICMP <=,ece_flag_number <=,505469541859377927785473031559292540931343582537,450410814915736770904937984733342042835793211647
505469541859377927785473031559292540931343582537-475011065740486827108472353828139148231878458661,4439.544176664581,ICMP <=,syn_flag_number <=,505469541859377927785473031559292540931343582537,475011065740486827108472353828139148231878458661
505469541859377927785473031559292540931343582537-505469541859377927785473031559292540931343582537,579.8027066688408,ICMP <=,ICMP <=,505469541859377927785473031559292540931343582537,505469541859377927785473031559292540931343582537
505469541859377927785473031559292540931343582537-510505520442458443414009447271658614884328320759,2659.6176422631665,ICMP <=,IRC <=,505469541859377927785473031559292540931343582537,510505520442458443414009447271658614884328320759
505469541859377927785473031559292540931343582537-520582048177068818674784514618258893555315007951,1939.3282901069308,ICMP <=,LLC <=,505469541859377927785473031559292540931343582537,520582048177068818674784514618258893555315007951
505469541859377927785473031559292540931343582537-559797210707093786647851972932919518973015855277,166.668025436165,ICMP <=,fin_count >,505469541859377927785473031559292540931343582537,559797210707093786647851972932919518973015855277
505469541859377927785473031559292540931343582537-629827923182617752624696690572530002196221478554,138.30350615128103,ICMP <=,DHCP >,505469541859377927785473031559292540931343582537,629827923182617752624696690572530002196221478554
505469541859377927785473031559292540931343582537-681503808608794911981134712221284126975357543438,2186.8865155714984,ICMP <=,syn_count <=,505469541859377927785473031559292540931343582537,681503808608794911981134712221284126975357543438
505469541859377927785473031559292540931343582537-684418957212367241623111035135876005715150589706,12044.46117776387,ICMP <=,HTTP <=,505469541859377927785473031559292540931343582537,684418957212367241623111035135876005715150589706
505469541859377927785473031559292540931343582537-708408391217891577256114269656040681679338993095,4.040436980270667,ICMP <=,IRC >,505469541859377927785473031559292540931343582537,708408391217891577256114269656040681679338993095
505469541859377927785473031559292540931343582537-714914936218336719861297767221934377853836589461,1388.8187515450525,ICMP <=,UDP >,505469541859377927785473031559292540931343582537,714914936218336719861297767221934377853836589461
505469541859377927785473031559292540931343582537-786396322989194697344344278946426998739971577495,4640.4418718408615,ICMP <=,HTTPS <=,505469541859377927785473031559292540931343582537,786396322989194697344344278946426998739971577495
505469541859377927785473031559292540931343582537-791432257472445298809701838101022411569407290467,300.7681737611967,ICMP <=,rst_flag_number >,505469541859377927785473031559292540931343582537,791432257472445298809701838101022411569407290467
505469541859377927785473031559292540931343582537-795584812918386367255521286735341258439959854242,1350.7115656706449,ICMP <=,syn_count >,505469541859377927785473031559292540931343582537,795584812918386367255521286735341258439959854242
505469541859377927785473031559292540931343582537-835140271881840015202809914014108690929910415575,739.3185069665427,ICMP <=,IAT >,505469541859377927785473031559292540931343582537,835140271881840015202809914014108690929910415575
505469541859377927785473031559292540931343582537-841356973986788424033641854148712928121319667477,737.2982884764074,ICMP <=,Variance >,505469541859377927785473031559292540931343582537,841356973986788424033641854148712928121319667477
505469541859377927785473031559292540931343582537-841518471221275042570144506781210008737201997031,1288.8993967063427,ICMP <=,Min <=,505469541859377927785473031559292540931343582537,841518471221275042570144506781210008737201997031
505469541859377927785473031559292540931343582537-843826879422383561066103188424018239931401286651,12924.103409371828,ICMP <=,ack_count <=,505469541859377927785473031559292540931343582537,843826879422383561066103188424018239931401286651
505469541859377927785473031559292540931343582537-896530251803066355404557928035950607124936193677,7277.951155304724,ICMP <=,psh_flag_number <=,505469541859377927785473031559292540931343582537,896530251803066355404557928035950607124936193677
505469541859377927785473031559292540931343582537-922599836131670820904126277297069322180441856169,16377.732086596572,ICMP <=,Rate <=,505469541859377927785473031559292540931343582537,922599836131670820904126277297069322180441856169
505469541859377927785473031559292540931343582537-926368966621798523173828527325665066772113177503,8985.638586599202,ICMP <=,UDP <=,505469541859377927785473031559292540931343582537,926368966621798523173828527325665066772113177503
505469541859377927785473031559292540931343582537-940331364486966071141541838460909450599289486914,15592.551361487038,ICMP <=,rst_count >,505469541859377927785473031559292540931343582537,940331364486966071141541838460909450599289486914
505469541859377927785473031559292540931343582537-974265510705878984211701297112044370513255377925,18015.787148319774,ICMP <=,Std <=,505469541859377927785473031559292540931343582537,974265510705878984211701297112044370513255377925
520582048177068818674784514618258893555315007951-1043469376771332113858820724324827897913309990452,7933.3002582538675,LLC <=,LLC >,520582048177068818674784514618258893555315007951,1043469376771332113858820724324827897913309990452
520582048177068818674784514618258893555315007951-1043754360836331848364792327262011021650379248223,15.151638676015,LLC <=,DNS >,520582048177068818674784514618258893555315007951,1043754360836331848364792327262011021650379248223
520582048177068818674784514618258893555315007951-1077028023530208599426324724984012030801332581683,208.08250448393935,LLC <=,Time_To_Live >,520582048177068818674784514618258893555315007951,1077028023530208599426324724984012030801332581683
520582048177068818674784514618258893555315007951-1085488307210616684491611463585545838953333018237,102.02103375183434,LLC <=,Type >,520582048177068818674784514618258893555315007951,1085488307210616684491611463585545838953333018237
520582048177068818674784514618258893555315007951-1091995366823138898995898948102109473193356840202,768.6931354964944,LLC <=,DNS <=,520582048177068818674784514618258893555315007951,1091995366823138898995898948102109473193356840202
520582048177068818674784514618258893555315007951-109928824856976412487775174607761519739702474552,207.07239523887168,LLC <=,Number <=,520582048177068818674784514618258893555315007951,109928824856976412487775174607761519739702474552
520582048177068818674784514618258893555315007951-1118614325010621431186771152252517336813918651911,505.9832713559117,LLC <=,sum >,520582048177068818674784514618258893555315007951,1118614325010621431186771152252517336813918651911
520582048177068818674784514618258893555315007951-1142857970576506471478393393000113013376204379484,75.758193380075,LLC <=,rst_flag_number <=,520582048177068818674784514618258893555315007951,1142857970576506471478393393000113013376204379484
520582048177068818674784514618258893555315007951-1184472685782376059334758133512718430805424685192,181.7382036891907,LLC <=,SSH >,520582048177068818674784514618258893555315007951,1184472685782376059334758133512718430805424685192
520582048177068818674784514618258893555315007951-1232849963170894971818913290506039176322619533319,496.8922881503027,LLC <=,psh_flag_number >,520582048177068818674784514618258893555315007951,1232849963170894971818913290506039176322619533319
520582048177068818674784514618258893555315007951-1233133706649643691022119102239698495899057226060,506.06473177890103,LLC <=,Time_To_Live <=,520582048177068818674784514618258893555315007951,1233133706649643691022119102239698495899057226060
520582048177068818674784514618258893555315007951-1236189254858718471128603624930063881324958313531,1006.0688080873961,LLC <=,HTTPS >,520582048177068818674784514618258893555315007951,1236189254858718471128603624930063881324958313531
520582048177068818674784514618258893555315007951-1239329028096551917906154637654656383307088642249,938.3914886678624,LLC <=,cwr_flag_number <=,520582048177068818674784514618258893555315007951,1239329028096551917906154637654656383307088642249
520582048177068818674784514618258893555315007951-1251276136943778783713685275011300537715092657394,41.414479047774336,LLC <=,fin_flag_number >,520582048177068818674784514618258893555315007951,1251276136943778783713685275011300537715092657394
520582048177068818674784514618258893555315007951-1338222599102815322204523610829624561969283441716,1908.0963639328224,LLC <=,SSH <=,520582048177068818674784514618258893555315007951,1338222599102815322204523610829624561969283441716
520582048177068818674784514618258893555315007951-1345309773886921328764805451107636357621530213384,15387.58064516129,LLC <=,Class -1,520582048177068818674784514618258893555315007951,1345309773886921328764805451107636357621530213384
520582048177068818674784514618258893555315007951-1375509225989204300559045429796274689340158771149,33.333605087233,LLC <=,rst_count <=,520582048177068818674784514618258893555315007951,1375509225989204300559045429796274689340158771149
520582048177068818674784514618258893555315007951-1379366653555122327876205020011632492492609315477,880.2450387380801,LLC <=,Type <=,520582048177068818674784514618258893555315007951,1379366653555122327876205020011632492492609315477
520582048177068818674784514618258893555315007951-1418162538066850581097605911983264533342366443794,234.3453448556987,LLC <=,Header_Length <=,520582048177068818674784514618258893555315007951,1418162538066850581097605911983264533342366443794
520582048177068818674784514618258893555315007951-1429650867505148313720594668477948880050562903683,20.202184901353334,LLC <=,syn_flag_number >,520582048177068818674784514618258893555315007951,1429650867505148313720594668477948880050562903683
520582048177068818674784514618258893555315007951-1454952188391427871478129207189215566009723810659,269.69916843306703,LLC <=,Std >,520582048177068818674784514618258893555315007951,1454952188391427871478129207189215566009723810659
520582048177068818674784514618258893555315007951-1455733501014453866297060548284701359849809242142,1627.2859938040112,LLC <=,DHCP <=,520582048177068818674784514618258893555315007951,1455733501014453866297060548284701359849809242142
520582048177068818674784514618258893555315007951-160227321490815016489601533331665083666172936667,481.7406494742877,LLC <=,IGMP <=,520582048177068818674784514618258893555315007951,160227321490815016489601533331665083666172936667
520582048177068818674784514618258893555315007951-171982518954274878349485416184092168691833932185,8144.510842980597,LLC <=,Class 1,520582048177068818674784514618258893555315007951,171982518954274878349485416184092168691833932185
520582048177068818674784514618258893555315007951-207766774224049171901964708681563529125144087827,211.96002061823137,LLC <=,HTTP >,520582048177068818674784514618258893555315007951,207766774224049171901964708681563529125144087827
520582048177068818674784514618258893555315007951-215123608059624622405742600984392925785664489773,1123.2414805152455,LLC <=,Variance <=,520582048177068818674784514618258893555315007951,215123608059624622405742600984392925785664489773
520582048177068818674784514618258893555315007951-218607780770691257170847497927336330511308420255,4528.85738443008,LLC <=,ack_count >,520582048177068818674784514618258893555315007951,218607780770691257170847497927336330511308420255
520582048177068818674784514618258893555315007951-223165296026140232481876277255273629987157553131,823.2390347301484,LLC <=,Header_Length >,520582048177068818674784514618258893555315007951,223165296026140232481876277255273629987157553131
520582048177068818674784514618258893555315007951-335418722972519651500040442315750311827115323662,361.6191097342247,LLC <=,Rate >,520582048177068818674784514618258893555315007951,335418722972519651500040442315750311827115323662
520582048177068818674784514618258893555315007951-338730224709676774412755851787278702947952010784,1412.0512641816088,LLC <=,sum <=,520582048177068818674784514618258893555315007951,338730224709676774412755851787278702947952010784
520582048177068818674784514618258893555315007951-371266811264664269299964157380215767396824640058,19.192075656285667,LLC <=,ICMP >,520582048177068818674784514618258893555315007951,371266811264664269299964157380215767396824640058
520582048177068818674784514618258893555315007951-378316838538499851440768051160724422589084218125,1346.9155099593422,LLC <=,IAT <=,520582048177068818674784514618258893555315007951,378316838538499851440768051160724422589084218125
520582048177068818674784514618258893555315007951-40351198695966294513339726256484683518911283460,692.9349421164194,LLC <=,fin_flag_number <=,520582048177068818674784514618258893555315007951,40351198695966294513339726256484683518911283460
520582048177068818674784514618258893555315007951-417610515582391639059962073933335223318558562917,175.75900864177402,LLC <=,fin_count <=,520582048177068818674784514618258893555315007951,417610515582391639059962073933335223318558562917
520582048177068818674784514618258893555315007951-426624906449189252299067265451872698344494536313,299.758064516129,LLC <=,Number >,520582048177068818674784514618258893555315007951,426624906449189252299067265451872698344494536313
520582048177068818674784514618258893555315007951-450410814915736770904937984733342042835793211647,214.14315995434535,LLC <=,ece_flag_number <=,520582048177068818674784514618258893555315007951,450410814915736770904937984733342042835793211647
520582048177068818674784514618258893555315007951-475011065740486827108472353828139148231878458661,179.7994456220447,LLC <=,syn_flag_number <=,520582048177068818674784514618258893555315007951,475011065740486827108472353828139148231878458661
520582048177068818674784514618258893555315007951-505469541859377927785473031559292540931343582537,911.1185390510354,LLC <=,ICMP <=,520582048177068818674784514618258893555315007951,505469541859377927785473031559292540931343582537
520582048177068818674784514618258893555315007951-520582048177068818674784514618258893555315007951,831.0755274217217,LLC <=,LLC <=,520582048177068818674784514618258893555315007951,520582048177068818674784514618258893555315007951
520582048177068818674784514618258893555315007951-559797210707093786647851972932919518973015855277,7.0707647154736675,LLC <=,fin_count >,520582048177068818674784514618258893555315007951,559797210707093786647851972932919518973015855277
520582048177068818674784514618258893555315007951-565103970815292376991711972572924808853013487374,2.0202184901353335,LLC <=,IGMP >,520582048177068818674784514618258893555315007951,565103970815292376991711972572924808853013487374
520582048177068818674784514618258893555315007951-579184915384053252333364217236378176158944003116,3.0303277352030005,LLC <=,cwr_flag_number >,520582048177068818674784514618258893555315007951,579184915384053252333364217236378176158944003116
520582048177068818674784514618258893555315007951-629827923182617752624696690572530002196221478554,2.0202184901353335,LLC <=,DHCP >,520582048177068818674784514618258893555315007951,629827923182617752624696690572530002196221478554
520582048177068818674784514618258893555315007951-681503808608794911981134712221284126975357543438,796.9761943583891,LLC <=,syn_count <=,520582048177068818674784514618258893555315007951,681503808608794911981134712221284126975357543438
520582048177068818674784514618258893555315007951-684418957212367241623111035135876005715150589706,671.641187547009,LLC <=,HTTP <=,520582048177068818674784514618258893555315007951,684418957212367241623111035135876005715150589706
520582048177068818674784514618258893555315007951-714914936218336719861297767221934377853836589461,1655.4875922429164,LLC <=,UDP >,520582048177068818674784514618258893555315007951,714914936218336719861297767221934377853836589461
520582048177068818674784514618258893555315007951-786396322989194697344344278946426998739971577495,1017.0170889371617,LLC <=,HTTPS <=,520582048177068818674784514618258893555315007951,786396322989194697344344278946426998739971577495
520582048177068818674784514618258893555315007951-795584812918386367255521286735341258439959854242,22.22240339148867,LLC <=,syn_count >,520582048177068818674784514618258893555315007951,795584812918386367255521286735341258439959854242
520582048177068818674784514618258893555315007951-835140271881840015202809914014108690929910415575,420.12398552516004,LLC <=,IAT >,520582048177068818674784514618258893555315007951,835140271881840015202809914014108690929910415575
520582048177068818674784514618258893555315007951-841356973986788424033641854148712928121319667477,224.1627919820327,LLC <=,Variance >,520582048177068818674784514618258893555315007951,841356973986788424033641854148712928121319667477
520582048177068818674784514618258893555315007951-841518471221275042570144506781210008737201997031,2304.287277183718,LLC <=,Min <=,520582048177068818674784514618258893555315007951,841518471221275042570144506781210008737201997031
520582048177068818674784514618258893555315007951-843826879422383561066103188424018239931401286651,245.456546551443,LLC <=,ack_count <=,520582048177068818674784514618258893555315007951,843826879422383561066103188424018239931401286651
520582048177068818674784514618258893555315007951-896530251803066355404557928035950607124936193677,767.6015658284374,LLC <=,psh_flag_number <=,520582048177068818674784514618258893555315007951,896530251803066355404557928035950607124936193677
520582048177068818674784514618258893555315007951-922599836131670820904126277297069322180441856169,967.6031963518354,LLC <=,Rate <=,520582048177068818674784514618258893555315007951,922599836131670820904126277297069322180441856169
520582048177068818674784514618258893555315007951-926368966621798523173828527325665066772113177503,1563.5676509417588,LLC <=,UDP <=,520582048177068818674784514618258893555315007951,926368966621798523173828527325665066772113177503
520582048177068818674784514618258893555315007951-974265510705878984211701297112044370513255377925,2072.662710455863,LLC <=,Std <=,520582048177068818674784514618258893555315007951,974265510705878984211701297112044370513255377925
559797210707093786647851972932919518973015855277-1043469376771332113858820724324827897913309990452,1896.773365137306,fin_count >,LLC >,559797210707093786647851972932919518973015855277,1043469376771332113858820724324827897913309990452
559797210707093786647851972932919518973015855277-1043754360836331848364792327262011021650379248223,179.7994456220447,fin_count >,DNS >,559797210707093786647851972932919518973015855277,1043754360836331848364792327262011021650379248223
559797210707093786647851972932919518973015855277-1077028023530208599426324724984012030801332581683,405.90099567122337,fin_count >,Time_To_Live >,559797210707093786647851972932919518973015855277,1077028023530208599426324724984012030801332581683
559797210707093786647851972932919518973015855277-1085488307210616684491611463585545838953333018237,91.91994130115768,fin_count >,Type >,559797210707093786647851972932919518973015855277,1085488307210616684491611463585545838953333018237
559797210707093786647851972932919518973015855277-1091995366823138898995898948102109473193356840202,3611.9714474313996,fin_count >,DNS <=,559797210707093786647851972932919518973015855277,1091995366823138898995898948102109473193356840202
559797210707093786647851972932919518973015855277-109928824856976412487775174607761519739702474552,1081.7455410444818,fin_count >,Number <=,559797210707093786647851972932919518973015855277,109928824856976412487775174607761519739702474552
559797210707093786647851972932919518973015855277-1118614325010621431186771152252517336813918651911,11.111201695744334,fin_count >,sum >,559797210707093786647851972932919518973015855277,1118614325010621431186771152252517336813918651911
559797210707093786647851972932919518973015855277-1142857970576506471478393393000113013376204379484,4242.719502637766,fin_count >,rst_flag_number <=,559797210707093786647851972932919518973015855277,1142857970576506471478393393000113013376204379484
559797210707093786647851972932919518973015855277-1184472685782376059334758133512718430805424685192,102.94968257391268,fin_count >,SSH >,559797210707093786647851972932919518973015855277,1184472685782376059334758133512718430805424685192
559797210707093786647851972932919518973015855277-1232849963170894971818913290506039176322619533319,604.5666752575964,fin_count >,psh_flag_number >,559797210707093786647851972932919518973015855277,1232849963170894971818913290506039176322619533319
559797210707093786647851972932919518973015855277-1233133706649643691022119102239698495899057226060,6146.074869952609,fin_count >,Time_To_Live <=,559797210707093786647851972932919518973015855277,1233133706649643691022119102239698495899057226060
559797210707093786647851972932919518973015855277-1236189254858718471128603624930063881324958313531,303.879961919389,fin_count >,HTTPS >,559797210707093786647851972932919518973015855277,1236189254858718471128603624930063881324958313531
559797210707093786647851972932919518973015855277-1251276136943778783713685275011300537715092657394,132.32431110386435,fin_count >,fin_flag_number >,559797210707093786647851972932919518973015855277,1251276136943778783713685275011300537715092657394
559797210707093786647851972932919518973015855277-1338222599102815322204523610829624561969283441716,6870.355782835322,fin_count >,SSH <=,559797210707093786647851972932919518973015855277,1338222599102815322204523610829624561969283441716
559797210707093786647851972932919518973015855277-1345309773886921328764805451107636357621530213384,57753.3870967742,fin_count >,Class -1,559797210707093786647851972932919518973015855277,1345309773886921328764805451107636357621530213384
559797210707093786647851972932919518973015855277-1375509225989204300559045429796274689340158771149,1385.8210079790451,fin_count >,rst_count <=,559797210707093786647851972932919518973015855277,1375509225989204300559045429796274689340158771149
559797210707093786647851972932919518973015855277-1379366653555122327876205020011632492492609315477,7.0707647154736675,fin_count >,Type <=,559797210707093786647851972932919518973015855277,1379366653555122327876205020011632492492609315477
559797210707093786647851972932919518973015855277-1418162538066850581097605911983264533342366443794,897.4983563272198,fin_count >,Header_Length <=,559797210707093786647851972932919518973015855277,1418162538066850581097605911983264533342366443794
559797210707093786647851972932919518973015855277-1429650867505148313720594668477948880050562903683,4.040436980270667,fin_count >,syn_flag_number >,559797210707093786647851972932919518973015855277,1429650867505148313720594668477948880050562903683
559797210707093786647851972932919518973015855277-1454952188391427871478129207189215566009723810659,709.5365763216445,fin_count >,Std >,559797210707093786647851972932919518973015855277,1454952188391427871478129207189215566009723810659
559797210707093786647851972932919518973015855277-1455733501014453866297060548284701359849809242142,4179.522506482645,fin_count >,DHCP <=,559797210707093786647851972932919518973015855277,1455733501014453866297060548284701359849809242142
559797210707093786647851972932919518973015855277-160227321490815016489601533331665083666172936667,402.7077470900417,fin_count >,IGMP <=,559797210707093786647851972932919518973015855277,160227321490815016489601533331665083666172936667
559797210707093786647851972932919518973015855277-171982518954274878349485416184092168691833932185,1468.6988423283874,fin_count >,Class 1,559797210707093786647851972932919518973015855277,171982518954274878349485416184092168691833932185
559797210707093786647851972932919518973015855277-207766774224049171901964708681563529125144087827,127.27376487852601,fin_count >,HTTP >,559797210707093786647851972932919518973015855277,207766774224049171901964708681563529125144087827
559797210707093786647851972932919518973015855277-215123608059624622405742600984392925785664489773,11584.307540381753,fin_count >,Variance <=,559797210707093786647851972932919518973015855277,215123608059624622405742600984392925785664489773
559797210707093786647851972932919518973015855277-218607780770691257170847497927336330511308420255,73.73797488993968,fin_count >,ack_count >,559797210707093786647851972932919518973015855277,218607780770691257170847497927336330511308420255
559797210707093786647851972932919518973015855277-223165296026140232481876277255273629987157553131,2293.3389963339523,fin_count >,Header_Length >,559797210707093786647851972932919518973015855277,223165296026140232481876277255273629987157553131
559797210707093786647851972932919518973015855277-335418722972519651500040442315750311827115323662,413.81894878578606,fin_count >,Rate >,559797210707093786647851972932919518973015855277,335418722972519651500040442315750311827115323662
559797210707093786647851972932919518973015855277-338730224709676774412755851787278702947952010784,1063.2377329413064,fin_count >,sum <=,559797210707093786647851972932919518973015855277,338730224709676774412755851787278702947952010784
559797210707093786647851972932919518973015855277-371266811264664269299964157380215767396824640058,6.060655470406001,fin_count >,ICMP >,559797210707093786647851972932919518973015855277,371266811264664269299964157380215767396824640058
559797210707093786647851972932919518973015855277-378316838538499851440768051160724422589084218125,36.363932822436006,fin_count >,IAT <=,559797210707093786647851972932919518973015855277,378316838538499851440768051160724422589084218125
559797210707093786647851972932919518973015855277-40351198695966294513339726256484683518911283460,893.4579193469491,fin_count >,fin_flag_number <=,559797210707093786647851972932919518973015855277,40351198695966294513339726256484683518911283460
559797210707093786647851972932919518973015855277-417610515582391639059962073933335223318558562917,3.0303277352030005,fin_count >,fin_count <=,559797210707093786647851972932919518973015855277,417610515582391639059962073933335223318558562917
559797210707093786647851972932919518973015855277-426624906449189252299067265451872698344494536313,8194.397206019261,fin_count >,Number >,559797210707093786647851972932919518973015855277,426624906449189252299067265451872698344494536313
559797210707093786647851972932919518973015855277-450410814915736770904937984733342042835793211647,3407.440617389795,fin_count >,ece_flag_number <=,559797210707093786647851972932919518973015855277,450410814915736770904937984733342042835793211647
559797210707093786647851972932919518973015855277-475011065740486827108472353828139148231878458661,839.8406689353734,fin_count >,syn_flag_number <=,559797210707093786647851972932919518973015855277,475011065740486827108472353828139148231878458661
559797210707093786647851972932919518973015855277-505469541859377927785473031559292540931343582537,133.334420348932,fin_count >,ICMP <=,559797210707093786647851972932919518973015855277,505469541859377927785473031559292540931343582537
559797210707093786647851972932919518973015855277-520582048177068818674784514618258893555315007951,7.0707647154736675,fin_count >,LLC <=,559797210707093786647851972932919518973015855277,520582048177068818674784514618258893555315007951
559797210707093786647851972932919518973015855277-681503808608794911981134712221284126975357543438,162.62758845589434,fin_count >,syn_count <=,559797210707093786647851972932919518973015855277,681503808608794911981134712221284126975357543438
559797210707093786647851972932919518973015855277-684418957212367241623111035135876005715150589706,212.12294146421002,fin_count >,HTTP <=,559797210707093786647851972932919518973015855277,684418957212367241623111035135876005715150589706
559797210707093786647851972932919518973015855277-714914936218336719861297767221934377853836589461,7426.51867475266,fin_count >,UDP >,559797210707093786647851972932919518973015855277,714914936218336719861297767221934377853836589461
559797210707093786647851972932919518973015855277-786396322989194697344344278946426998739971577495,201.8589281675547,fin_count >,HTTPS <=,559797210707093786647851972932919518973015855277,786396322989194697344344278946426998739971577495
559797210707093786647851972932919518973015855277-791432257472445298809701838101022411569407290467,999.1935483870968,fin_count >,rst_flag_number >,559797210707093786647851972932919518973015855277,791432257472445298809701838101022411569407290467
559797210707093786647851972932919518973015855277-795584812918386367255521286735341258439959854242,585.4560600243001,fin_count >,syn_count >,559797210707093786647851972932919518973015855277,795584812918386367255521286735341258439959854242
559797210707093786647851972932919518973015855277-835140271881840015202809914014108690929910415575,48.48524376324801,fin_count >,IAT >,559797210707093786647851972932919518973015855277,835140271881840015202809914014108690929910415575
559797210707093786647851972932919518973015855277-841356973986788424033641854148712928121319667477,2099.4794817039497,fin_count >,Variance >,559797210707093786647851972932919518973015855277,841356973986788424033641854148712928121319667477
559797210707093786647851972932919518973015855277-841518471221275042570144506781210008737201997031,32.323495842165336,fin_count >,Min <=,559797210707093786647851972932919518973015855277,841518471221275042570144506781210008737201997031
559797210707093786647851972932919518973015855277-843826879422383561066103188424018239931401286651,39.394260557639,fin_count >,ack_count <=,559797210707093786647851972932919518973015855277,843826879422383561066103188424018239931401286651
559797210707093786647851972932919518973015855277-896530251803066355404557928035950607124936193677,5931.6873287292965,fin_count >,psh_flag_number <=,559797210707093786647851972932919518973015855277,896530251803066355404557928035950607124936193677
559797210707093786647851972932919518973015855277-922599836131670820904126277297069322180441856169,8069.550961745817,fin_count >,Rate <=,559797210707093786647851972932919518973015855277,922599836131670820904126277297069322180441856169
559797210707093786647851972932919518973015855277-926368966621798523173828527325665066772113177503,14180.548973559222,fin_count >,UDP <=,559797210707093786647851972932919518973015855277,926368966621798523173828527325665066772113177503
559797210707093786647851972932919518973015855277-974265510705878984211701297112044370513255377925,5439.161319251221,fin_count >,Std <=,559797210707093786647851972932919518973015855277,974265510705878984211701297112044370513255377925
565103970815292376991711972572924808853013487374-1043469376771332113858820724324827897913309990452,17.171857166150335,IGMP >,LLC >,565103970815292376991711972572924808853013487374,1043469376771332113858820724324827897913309990452
565103970815292376991711972572924808853013487374-1091995366823138898995898948102109473193356840202,12.121310940812002,IGMP >,DNS <=,565103970815292376991711972572924808853013487374,1091995366823138898995898948102109473193356840202
565103970815292376991711972572924808853013487374-1118614325010621431186771152252517336813918651911,1.0101092450676668,IGMP >,sum >,565103970815292376991711972572924808853013487374,1118614325010621431186771152252517336813918651911
565103970815292376991711972572924808853013487374-1142857970576506471478393393000113013376204379484,1.0101092450676668,IGMP >,rst_flag_number <=,565103970815292376991711972572924808853013487374,1142857970576506471478393393000113013376204379484
565103970815292376991711972572924808853013487374-1233133706649643691022119102239698495899057226060,1.0101092450676668,IGMP >,Time_To_Live <=,565103970815292376991711972572924808853013487374,1233133706649643691022119102239698495899057226060
565103970815292376991711972572924808853013487374-1338222599102815322204523610829624561969283441716,2.0202184901353335,IGMP >,SSH <=,565103970815292376991711972572924808853013487374,1338222599102815322204523610829624561969283441716
565103970815292376991711972572924808853013487374-1345309773886921328764805451107636357621530213384,399.6774193548387,IGMP >,Class -1,565103970815292376991711972572924808853013487374,1345309773886921328764805451107636357621530213384
565103970815292376991711972572924808853013487374-1379366653555122327876205020011632492492609315477,1.0101092450676668,IGMP >,Type <=,565103970815292376991711972572924808853013487374,1379366653555122327876205020011632492492609315477
565103970815292376991711972572924808853013487374-1418162538066850581097605911983264533342366443794,55.55600847872167,IGMP >,Header_Length <=,565103970815292376991711972572924808853013487374,1418162538066850581097605911983264533342366443794
565103970815292376991711972572924808853013487374-1429650867505148313720594668477948880050562903683,1.0101092450676668,IGMP >,syn_flag_number >,565103970815292376991711972572924808853013487374,1429650867505148313720594668477948880050562903683
565103970815292376991711972572924808853013487374-1455733501014453866297060548284701359849809242142,4.040436980270667,IGMP >,DHCP <=,565103970815292376991711972572924808853013487374,1455733501014453866297060548284701359849809242142
565103970815292376991711972572924808853013487374-171982518954274878349485416184092168691833932185,383.8415131257134,IGMP >,Class 1,565103970815292376991711972572924808853013487374,171982518954274878349485416184092168691833932185
565103970815292376991711972572924808853013487374-215123608059624622405742600984392925785664489773,3.0303277352030005,IGMP >,Variance <=,565103970815292376991711972572924808853013487374,215123608059624622405742600984392925785664489773
565103970815292376991711972572924808853013487374-218607780770691257170847497927336330511308420255,5.0505462253383335,IGMP >,ack_count >,565103970815292376991711972572924808853013487374,218607780770691257170847497927336330511308420255
565103970815292376991711972572924808853013487374-223165296026140232481876277255273629987157553131,24.242621881624004,IGMP >,Header_Length >,565103970815292376991711972572924808853013487374,223165296026140232481876277255273629987157553131
565103970815292376991711972572924808853013487374-338730224709676774412755851787278702947952010784,2.0202184901353335,IGMP >,sum <=,565103970815292376991711972572924808853013487374,338730224709676774412755851787278702947952010784
565103970815292376991711972572924808853013487374-378316838538499851440768051160724422589084218125,2.0202184901353335,IGMP >,IAT <=,565103970815292376991711972572924808853013487374,378316838538499851440768051160724422589084218125
565103970815292376991711972572924808853013487374-40351198695966294513339726256484683518911283460,113.05077502458936,IGMP >,fin_flag_number <=,565103970815292376991711972572924808853013487374,40351198695966294513339726256484683518911283460
565103970815292376991711972572924808853013487374-417610515582391639059962073933335223318558562917,8.080873960541334,IGMP >,fin_count <=,565103970815292376991711972572924808853013487374,417610515582391639059962073933335223318558562917
565103970815292376991711972572924808853013487374-450410814915736770904937984733342042835793211647,8.080873960541334,IGMP >,ece_flag_number <=,565103970815292376991711972572924808853013487374,450410814915736770904937984733342042835793211647
565103970815292376991711972572924808853013487374-475011065740486827108472353828139148231878458661,6.060655470406001,IGMP >,syn_flag_number <=,565103970815292376991711972572924808853013487374,475011065740486827108472353828139148231878458661
565103970815292376991711972572924808853013487374-520582048177068818674784514618258893555315007951,10.101092450676667,IGMP >,LLC <=,565103970815292376991711972572924808853013487374,520582048177068818674784514618258893555315007951
565103970815292376991711972572924808853013487374-681503808608794911981134712221284126975357543438,6.060655470406001,IGMP >,syn_count <=,565103970815292376991711972572924808853013487374,681503808608794911981134712221284126975357543438
565103970815292376991711972572924808853013487374-684418957212367241623111035135876005715150589706,25.252731126691668,IGMP >,HTTP <=,565103970815292376991711972572924808853013487374,684418957212367241623111035135876005715150589706
565103970815292376991711972572924808853013487374-835140271881840015202809914014108690929910415575,39.394260557639,IGMP >,IAT >,565103970815292376991711972572924808853013487374,835140271881840015202809914014108690929910415575
565103970815292376991711972572924808853013487374-841518471221275042570144506781210008737201997031,8.080873960541334,IGMP >,Min <=,565103970815292376991711972572924808853013487374,841518471221275042570144506781210008737201997031
565103970815292376991711972572924808853013487374-843826879422383561066103188424018239931401286651,3.0303277352030005,IGMP >,ack_count <=,565103970815292376991711972572924808853013487374,843826879422383561066103188424018239931401286651
565103970815292376991711972572924808853013487374-896530251803066355404557928035950607124936193677,3.0303277352030005,IGMP >,psh_flag_number <=,565103970815292376991711972572924808853013487374,896530251803066355404557928035950607124936193677
565103970815292376991711972572924808853013487374-922599836131670820904126277297069322180441856169,14.141529430947335,IGMP >,Rate <=,565103970815292376991711972572924808853013487374,922599836131670820904126277297069322180441856169
565103970815292376991711972572924808853013487374-926368966621798523173828527325665066772113177503,22.22240339148867,IGMP >,UDP <=,565103970815292376991711972572924808853013487374,926368966621798523173828527325665066772113177503
565103970815292376991711972572924808853013487374-974265510705878984211701297112044370513255377925,5.0505462253383335,IGMP >,Std <=,565103970815292376991711972572924808853013487374,974265510705878984211701297112044370513255377925
629827923182617752624696690572530002196221478554-1043469376771332113858820724324827897913309990452,228.20322896230337,DHCP >,LLC >,629827923182617752624696690572530002196221478554,1043469376771332113858820724324827897913309990452
629827923182617752624696690572530002196221478554-1043754360836331848364792327262011021650379248223,1.0101092450676668,DHCP >,DNS >,629827923182617752624696690572530002196221478554,1043754360836331848364792327262011021650379248223
629827923182617752624696690572530002196221478554-1077028023530208599426324724984012030801332581683,427.03182939465506,DHCP >,Time_To_Live >,629827923182617752624696690572530002196221478554,1077028023530208599426324724984012030801332581683
629827923182617752624696690572530002196221478554-1091995366823138898995898948102109473193356840202,13.131420185879668,DHCP >,DNS <=,629827923182617752624696690572530002196221478554,1091995366823138898995898948102109473193356840202
629827923182617752624696690572530002196221478554-109928824856976412487775174607761519739702474552,20.202184901353334,DHCP >,Number <=,629827923182617752624696690572530002196221478554,109928824856976412487775174607761519739702474552
629827923182617752624696690572530002196221478554-1118614325010621431186771152252517336813918651911,3.0303277352030005,DHCP >,sum >,629827923182617752624696690572530002196221478554,1118614325010621431186771152252517336813918651911
629827923182617752624696690572530002196221478554-1142857970576506471478393393000113013376204379484,12.121310940812002,DHCP >,rst_flag_number <=,629827923182617752624696690572530002196221478554,1142857970576506471478393393000113013376204379484
629827923182617752624696690572530002196221478554-1184472685782376059334758133512718430805424685192,1.0101092450676668,DHCP >,SSH >,629827923182617752624696690572530002196221478554,1184472685782376059334758133512718430805424685192
629827923182617752624696690572530002196221478554-1232849963170894971818913290506039176322619533319,35.35382357736834,DHCP >,psh_flag_number >,629827923182617752624696690572530002196221478554,1232849963170894971818913290506039176322619533319
629827923182617752624696690572530002196221478554-1233133706649643691022119102239698495899057226060,84.849176585684,DHCP >,Time_To_Live <=,629827923182617752624696690572530002196221478554,1233133706649643691022119102239698495899057226060
629827923182617752624696690572530002196221478554-1236189254858718471128603624930063881324958313531,45.454916028045005,DHCP >,HTTPS >,629827923182617752624696690572530002196221478554,1236189254858718471128603624930063881324958313531
629827923182617752624696690572530002196221478554-1329847435934461746074927120436757452470095790255,7.0707647154736675,DHCP >,Min >,629827923182617752624696690572530002196221478554,1329847435934461746074927120436757452470095790255
629827923182617752624696690572530002196221478554-1338222599102815322204523610829624561969283441716,13.131420185879668,DHCP >,SSH <=,629827923182617752624696690572530002196221478554,1338222599102815322204523610829624561969283441716
629827923182617752624696690572530002196221478554-1345309773886921328764805451107636357621530213384,599.516129032258,DHCP >,Class -1,629827923182617752624696690572530002196221478554,1345309773886921328764805451107636357621530213384
629827923182617752624696690572530002196221478554-1375509225989204300559045429796274689340158771149,88.88961356595468,DHCP >,rst_count <=,629827923182617752624696690572530002196221478554,1375509225989204300559045429796274689340158771149
629827923182617752624696690572530002196221478554-1379366653555122327876205020011632492492609315477,12.121310940812002,DHCP >,Type <=,629827923182617752624696690572530002196221478554,1379366653555122327876205020011632492492609315477
629827923182617752624696690572530002196221478554-1418162538066850581097605911983264533342366443794,929.7403917463957,DHCP >,Header_Length <=,629827923182617752624696690572530002196221478554,1418162538066850581097605911983264533342366443794
629827923182617752624696690572530002196221478554-160227321490815016489601533331665083666172936667,26.262840371759335,DHCP >,IGMP <=,629827923182617752624696690572530002196221478554,160227321490815016489601533331665083666172936667
629827923182617752624696690572530002196221478554-171982518954274878349485416184092168691833932185,958.5936735692158,DHCP >,Class 1,629827923182617752624696690572530002196221478554,171982518954274878349485416184092168691833932185
629827923182617752624696690572530002196221478554-207766774224049171901964708681563529125144087827,7.0707647154736675,DHCP >,HTTP >,629827923182617752624696690572530002196221478554,207766774224049171901964708681563529125144087827
629827923182617752624696690572530002196221478554-215123608059624622405742600984392925785664489773,124.243437143323,DHCP >,Variance <=,629827923182617752624696690572530002196221478554,215123608059624622405742600984392925785664489773
629827923182617752624696690572530002196221478554-218607780770691257170847497927336330511308420255,127.19230445553669,DHCP >,ack_count >,629827923182617752624696690572530002196221478554,218607780770691257170847497927336330511308420255
629827923182617752624696690572530002196221478554-223165296026140232481876277255273629987157553131,249.49698353171368,DHCP >,Header_Length >,629827923182617752624696690572530002196221478554,223165296026140232481876277255273629987157553131
629827923182617752624696690572530002196221478554-335418722972519651500040442315750311827115323662,2.0202184901353335,DHCP >,Rate >,629827923182617752624696690572530002196221478554,335418722972519651500040442315750311827115323662
629827923182617752624696690572530002196221478554-338730224709676774412755851787278702947952010784,150.424817092093,DHCP >,sum <=,629827923182617752624696690572530002196221478554,338730224709676774412755851787278702947952010784
629827923182617752624696690572530002196221478554-378316838538499851440768051160724422589084218125,295.7990879588477,DHCP >,IAT <=,629827923182617752624696690572530002196221478554,378316838538499851440768051160724422589084218125
629827923182617752624696690572530002196221478554-40351198695966294513339726256484683518911283460,9.090983205609001,DHCP >,fin_flag_number <=,629827923182617752624696690572530002196221478554,40351198695966294513339726256484683518911283460
629827923182617752624696690572530002196221478554-417610515582391639059962073933335223318558562917,9.090983205609001,DHCP >,fin_count <=,629827923182617752624696690572530002196221478554,417610515582391639059962073933335223318558562917
629827923182617752624696690572530002196221478554-450410814915736770904937984733342042835793211647,5.0505462253383335,DHCP >,ece_flag_number <=,629827923182617752624696690572530002196221478554,450410814915736770904937984733342042835793211647
629827923182617752624696690572530002196221478554-475011065740486827108472353828139148231878458661,72.72786564487201,DHCP >,syn_flag_number <=,629827923182617752624696690572530002196221478554,475011065740486827108472353828139148231878458661
629827923182617752624696690572530002196221478554-505469541859377927785473031559292540931343582537,50.505462253383335,DHCP >,ICMP <=,629827923182617752624696690572530002196221478554,505469541859377927785473031559292540931343582537
629827923182617752624696690572530002196221478554-520582048177068818674784514618258893555315007951,2.0202184901353335,DHCP >,LLC <=,629827923182617752624696690572530002196221478554,520582048177068818674784514618258893555315007951
629827923182617752624696690572530002196221478554-681503808608794911981134712221284126975357543438,39.394260557639,DHCP >,syn_count <=,629827923182617752624696690572530002196221478554,681503808608794911981134712221284126975357543438
629827923182617752624696690572530002196221478554-684418957212367241623111035135876005715150589706,178.7078759539877,DHCP >,HTTP <=,629827923182617752624696690572530002196221478554,684418957212367241623111035135876005715150589706
629827923182617752624696690572530002196221478554-714914936218336719861297767221934377853836589461,212.0414810412207,DHCP >,UDP >,629827923182617752624696690572530002196221478554,714914936218336719861297767221934377853836589461
629827923182617752624696690572530002196221478554-786396322989194697344344278946426998739971577495,3.0303277352030005,DHCP >,HTTPS <=,629827923182617752624696690572530002196221478554,786396322989194697344344278946426998739971577495
629827923182617752624696690572530002196221478554-835140271881840015202809914014108690929910415575,26.262840371759335,DHCP >,IAT >,629827923182617752624696690572530002196221478554,835140271881840015202809914014108690929910415575
629827923182617752624696690572530002196221478554-841356973986788424033641854148712928121319667477,27.272949616827002,DHCP >,Variance >,629827923182617752624696690572530002196221478554,841356973986788424033641854148712928121319667477
629827923182617752624696690572530002196221478554-841518471221275042570144506781210008737201997031,5.0505462253383335,DHCP >,Min <=,629827923182617752624696690572530002196221478554,841518471221275042570144506781210008737201997031
629827923182617752624696690572530002196221478554-843826879422383561066103188424018239931401286651,159.51580029770201,DHCP >,ack_count <=,629827923182617752624696690572530002196221478554,843826879422383561066103188424018239931401286651
629827923182617752624696690572530002196221478554-896530251803066355404557928035950607124936193677,109.09179846730801,DHCP >,psh_flag_number <=,629827923182617752624696690572530002196221478554,896530251803066355404557928035950607124936193677
629827923182617752624696690572530002196221478554-922599836131670820904126277297069322180441856169,172.6472204835817,DHCP >,Rate <=,629827923182617752624696690572530002196221478554,922599836131670820904126277297069322180441856169
629827923182617752624696690572530002196221478554-926368966621798523173828527325665066772113177503,145.37427086675467,DHCP >,UDP <=,629827923182617752624696690572530002196221478554,926368966621798523173828527325665066772113177503
629827923182617752624696690572530002196221478554-974265510705878984211701297112044370513255377925,34.34371433230067,DHCP >,Std <=,629827923182617752624696690572530002196221478554,974265510705878984211701297112044370513255377925
681503808608794911981134712221284126975357543438-1043469376771332113858820724324827897913309990452,12839.351985293732,syn_count <=,LLC >,681503808608794911981134712221284126975357543438,1043469376771332113858820724324827897913309990452
681503808608794911981134712221284126975357543438-1043754360836331848364792327262011021650379248223,70.70764715473668,syn_count <=,DNS >,681503808608794911981134712221284126975357543438,1043754360836331848364792327262011021650379248223
681503808608794911981134712221284126975357543438-1077028023530208599426324724984012030801332581683,1328.2936572639817,syn_count <=,Time_To_Live >,681503808608794911981134712221284126975357543438,1077028023530208599426324724984012030801332581683
681503808608794911981134712221284126975357543438-1085488307210616684491611463585545838953333018237,3915.1834338822764,syn_count <=,Type >,681503808608794911981134712221284126975357543438,1085488307210616684491611463585545838953333018237
681503808608794911981134712221284126975357543438-1091995366823138898995898948102109473193356840202,2116.9445963928615,syn_count <=,DNS <=,681503808608794911981134712221284126975357543438,1091995366823138898995898948102109473193356840202
681503808608794911981134712221284126975357543438-109928824856976412487775174607761519739702474552,1014.1496820479374,syn_count <=,Number <=,681503808608794911981134712221284126975357543438,109928824856976412487775174607761519739702474552
681503808608794911981134712221284126975357543438-1118614325010621431186771152252517336813918651911,4468.185661387628,syn_count <=,sum >,681503808608794911981134712221284126975357543438,1118614325010621431186771152252517336813918651911
681503808608794911981134712221284126975357543438-1142857970576506471478393393000113013376204379484,19324.074125697574,syn_count <=,rst_flag_number <=,681503808608794911981134712221284126975357543438,1142857970576506471478393393000113013376204379484
681503808608794911981134712221284126975357543438-1184472685782376059334758133512718430805424685192,243.43632806130768,syn_count <=,SSH >,681503808608794911981134712221284126975357543438,1184472685782376059334758133512718430805424685192
681503808608794911981134712221284126975357543438-1232849963170894971818913290506039176322619533319,767.6015658284374,syn_count <=,psh_flag_number >,681503808608794911981134712221284126975357543438,1232849963170894971818913290506039176322619533319
681503808608794911981134712221284126975357543438-1233133706649643691022119102239698495899057226060,4550.3792281838605,syn_count <=,Time_To_Live <=,681503808608794911981134712221284126975357543438,1233133706649643691022119102239698495899057226060
681503808608794911981134712221284126975357543438-1236189254858718471128603624930063881324958313531,3032.3479536931354,syn_count <=,HTTPS >,681503808608794911981134712221284126975357543438,1236189254858718471128603624930063881324958313531
681503808608794911981134712221284126975357543438-1251276136943778783713685275011300537715092657394,867.1136185522005,syn_count <=,fin_flag_number >,681503808608794911981134712221284126975357543438,1251276136943778783713685275011300537715092657394
681503808608794911981134712221284126975357543438-1329847435934461746074927120436757452470095790255,794.9559758682537,syn_count <=,Min >,681503808608794911981134712221284126975357543438,1329847435934461746074927120436757452470095790255
681503808608794911981134712221284126975357543438-1338222599102815322204523610829624561969283441716,13416.27099298875,syn_count <=,SSH <=,681503808608794911981134712221284126975357543438,1338222599102815322204523610829624561969283441716
681503808608794911981134712221284126975357543438-1345309773886921328764805451107636357621530213384,5695.403225806452,syn_count <=,Class -1,681503808608794911981134712221284126975357543438,1345309773886921328764805451107636357621530213384
681503808608794911981134712221284126975357543438-1375509225989204300559045429796274689340158771149,2043.4510027718898,syn_count <=,rst_count <=,681503808608794911981134712221284126975357543438,1375509225989204300559045429796274689340158771149
681503808608794911981134712221284126975357543438-1379366653555122327876205020011632492492609315477,11411.806948659552,syn_count <=,Type <=,681503808608794911981134712221284126975357543438,1379366653555122327876205020011632492492609315477
681503808608794911981134712221284126975357543438-1418162538066850581097605911983264533342366443794,20034.376429995318,syn_count <=,Header_Length <=,681503808608794911981134712221284126975357543438,1418162538066850581097605911983264533342366443794
681503808608794911981134712221284126975357543438-1429650867505148313720594668477948880050562903683,6801.391388732557,syn_count <=,syn_flag_number >,681503808608794911981134712221284126975357543438,1429650867505148313720594668477948880050562903683
681503808608794911981134712221284126975357543438-1454952188391427871478129207189215566009723810659,782.8346649274417,syn_count <=,Std >,681503808608794911981134712221284126975357543438,1454952188391427871478129207189215566009723810659
681503808608794911981134712221284126975357543438-1455733501014453866297060548284701359849809242142,3917.203652372412,syn_count <=,DHCP <=,681503808608794911981134712221284126975357543438,1455733501014453866297060548284701359849809242142
681503808608794911981134712221284126975357543438-160227321490815016489601533331665083666172936667,17520.915078659604,syn_count <=,IGMP <=,681503808608794911981134712221284126975357543438,160227321490815016489601533331665083666172936667
681503808608794911981134712221284126975357543438-171982518954274878349485416184092168691833932185,36316.45768791782,syn_count <=,Class 1,681503808608794911981134712221284126975357543438,171982518954274878349485416184092168691833932185
681503808608794911981134712221284126975357543438-207766774224049171901964708681563529125144087827,3139.696499108472,syn_count <=,HTTP >,681503808608794911981134712221284126975357543438,207766774224049171901964708681563529125144087827
681503808608794911981134712221284126975357543438-215123608059624622405742600984392925785664489773,5275.800586988424,syn_count <=,Variance <=,681503808608794911981134712221284126975357543438,215123608059624622405742600984392925785664489773
681503808608794911981134712221284126975357543438-218607780770691257170847497927336330511308420255,2521.232675688896,syn_count <=,ack_count >,681503808608794911981134712221284126975357543438,218607780770691257170847497927336330511308420255
681503808608794911981134712221284126975357543438-223165296026140232481876277255273629987157553131,5038.001320197977,syn_count <=,Header_Length >,681503808608794911981134712221284126975357543438,223165296026140232481876277255273629987157553131
681503808608794911981134712221284126975357543438-335418722972519651500040442315750311827115323662,387.8004896829947,syn_count <=,Rate >,681503808608794911981134712221284126975357543438,335418722972519651500040442315750311827115323662
681503808608794911981134712221284126975357543438-337274849629170698169636561573185333120886675912,111.03055653445402,syn_count <=,ece_flag_number >,681503808608794911981134712221284126975357543438,337274849629170698169636561573185333120886675912
681503808608794911981134712221284126975357543438-338730224709676774412755851787278702947952010784,4124.2760476112835,syn_count <=,sum <=,681503808608794911981134712221284126975357543438,338730224709676774412755851787278702947952010784
681503808608794911981134712221284126975357543438-371266811264664269299964157380215767396824640058,46.46502527311267,syn_count <=,ICMP >,681503808608794911981134712221284126975357543438,371266811264664269299964157380215767396824640058
681503808608794911981134712221284126975357543438-378316838538499851440768051160724422589084218125,9108.155062775151,syn_count <=,IAT <=,681503808608794911981134712221284126975357543438,378316838538499851440768051160724422589084218125
681503808608794911981134712221284126975357543438-40351198695966294513339726256484683518911283460,1657.5078107330519,syn_count <=,fin_flag_number <=,681503808608794911981134712221284126975357543438,40351198695966294513339726256484683518911283460
681503808608794911981134712221284126975357543438-417610515582391639059962073933335223318558562917,4171.751182129464,syn_count <=,fin_count <=,681503808608794911981134712221284126975357543438,417610515582391639059962073933335223318558562917
681503808608794911981134712221284126975357543438-426624906449189252299067265451872698344494536313,799.3548387096774,syn_count <=,Number >,681503808608794911981134712221284126975357543438,426624906449189252299067265451872698344494536313
681503808608794911981134712221284126975357543438-450410814915736770904937984733342042835793211647,6741.469101581608,syn_count <=,ece_flag_number <=,681503808608794911981134712221284126975357543438,450410814915736770904937984733342042835793211647
681503808608794911981134712221284126975357543438-475011065740486827108472353828139148231878458661,1970.5928004502348,syn_count <=,syn_flag_number <=,681503808608794911981134712221284126975357543438,475011065740486827108472353828139148231878458661
681503808608794911981134712221284126975357543438-505469541859377927785473031559292540931343582537,1745.4687754769282,syn_count <=,ICMP <=,681503808608794911981134712221284126975357543438,505469541859377927785473031559292540931343582537
681503808608794911981134712221284126975357543438-510505520442458443414009447271658614884328320759,1113.1403880645687,syn_count <=,IRC <=,681503808608794911981134712221284126975357543438,510505520442458443414009447271658614884328320759
681503808608794911981134712221284126975357543438-520582048177068818674784514618258893555315007951,1047.4832871351705,syn_count <=,LLC <=,681503808608794911981134712221284126975357543438,520582048177068818674784514618258893555315007951
681503808608794911981134712221284126975357543438-559797210707093786647851972932919518973015855277,119.19289091798467,syn_count <=,fin_count >,681503808608794911981134712221284126975357543438,559797210707093786647851972932919518973015855277
681503808608794911981134712221284126975357543438-565103970815292376991711972572924808853013487374,8.080873960541334,syn_count <=,IGMP >,681503808608794911981134712221284126975357543438,565103970815292376991711972572924808853013487374
681503808608794911981134712221284126975357543438-629827923182617752624696690572530002196221478554,101.01092450676667,syn_count <=,DHCP >,681503808608794911981134712221284126975357543438,629827923182617752624696690572530002196221478554
681503808608794911981134712221284126975357543438-681503808608794911981134712221284126975357543438,2371.7365074188815,syn_count <=,syn_count <=,681503808608794911981134712221284126975357543438,681503808608794911981134712221284126975357543438
681503808608794911981134712221284126975357543438-684418957212367241623111035135876005715150589706,34919.0204236205,syn_count <=,HTTP <=,681503808608794911981134712221284126975357543438,684418957212367241623111035135876005715150589706
681503808608794911981134712221284126975357543438-714914936218336719861297767221934377853836589461,6769.589239597524,syn_count <=,UDP >,681503808608794911981134712221284126975357543438,714914936218336719861297767221934377853836589461
681503808608794911981134712221284126975357543438-786396322989194697344344278946426998739971577495,3264.673080058699,syn_count <=,HTTPS <=,681503808608794911981134712221284126975357543438,786396322989194697344344278946426998739971577495
681503808608794911981134712221284126975357543438-791432257472445298809701838101022411569407290467,3967.562485864414,syn_count <=,rst_flag_number >,681503808608794911981134712221284126975357543438,791432257472445298809701838101022411569407290467
681503808608794911981134712221284126975357543438-795584812918386367255521286735341258439959854242,692.5276400014727,syn_count <=,syn_count >,681503808608794911981134712221284126975357543438,795584812918386367255521286735341258439959854242
681503808608794911981134712221284126975357543438-835140271881840015202809914014108690929910415575,4244.267250674563,syn_count <=,IAT >,681503808608794911981134712221284126975357543438,835140271881840015202809914014108690929910415575
681503808608794911981134712221284126975357543438-841356973986788424033641854148712928121319667477,564.6510679928257,syn_count <=,Variance >,681503808608794911981134712221284126975357543438,841356973986788424033641854148712928121319667477
681503808608794911981134712221284126975357543438-841518471221275042570144506781210008737201997031,7231.893432146558,syn_count <=,Min <=,681503808608794911981134712221284126975357543438,841518471221275042570144506781210008737201997031
681503808608794911981134712221284126975357543438-843826879422383561066103188424018239931401286651,1750.5193217022666,syn_count <=,ack_count <=,681503808608794911981134712221284126975357543438,843826879422383561066103188424018239931401286651
681503808608794911981134712221284126975357543438-896530251803066355404557928035950607124936193677,10299.07386270993,syn_count <=,psh_flag_number <=,681503808608794911981134712221284126975357543438,896530251803066355404557928035950607124936193677
681503808608794911981134712221284126975357543438-922599836131670820904126277297069322180441856169,4081.769998895452,syn_count <=,Rate <=,681503808608794911981134712221284126975357543438,922599836131670820904126277297069322180441856169
681503808608794911981134712221284126975357543438-926368966621798523173828527325665066772113177503,9863.504980985994,syn_count <=,UDP <=,681503808608794911981134712221284126975357543438,926368966621798523173828527325665066772113177503
681503808608794911981134712221284126975357543438-940331364486966071141541838460909450599289486914,206.90947439289303,syn_count <=,rst_count >,681503808608794911981134712221284126975357543438,940331364486966071141541838460909450599289486914
681503808608794911981134712221284126975357543438-974265510705878984211701297112044370513255377925,8585.928583075167,syn_count <=,Std <=,681503808608794911981134712221284126975357543438,974265510705878984211701297112044370513255377925
684418957212367241623111035135876005715150589706-1043469376771332113858820724324827897913309990452,5015.192401760965,HTTP <=,LLC >,684418957212367241623111035135876005715150589706,1043469376771332113858820724324827897913309990452
684418957212367241623111035135876005715150589706-1043754360836331848364792327262011021650379248223,1668.6190124287962,HTTP <=,DNS >,684418957212367241623111035135876005715150589706,1043754360836331848364792327262011021650379248223
684418957212367241623111035135876005715150589706-1077028023530208599426324724984012030801332581683,6364.698353171369,HTTP <=,Time_To_Live >,684418957212367241623111035135876005715150589706,1077028023530208599426324724984012030801332581683
684418957212367241623111035135876005715150589706-1085488307210616684491611463585545838953333018237,7426.241709314497,HTTP <=,Type >,684418957212367241623111035135876005715150589706,1085488307210616684491611463585545838953333018237
684418957212367241623111035135876005715150589706-1091995366823138898995898948102109473193356840202,11363.647546588261,HTTP <=,DNS <=,684418957212367241623111035135876005715150589706,1091995366823138898995898948102109473193356840202
684418957212367241623111035135876005715150589706-109928824856976412487775174607761519739702474552,3002.9733251631837,HTTP <=,Number <=,684418957212367241623111035135876005715150589706,109928824856976412487775174607761519739702474552
684418957212367241623111035135876005715150589706-1118614325010621431186771152252517336813918651911,7427.0074372905965,HTTP <=,sum >,684418957212367241623111035135876005715150589706,1118614325010621431186771152252517336813918651911
684418957212367241623111035135876005715150589706-1142857970576506471478393393000113013376204379484,24725.486684935542,HTTP <=,rst_flag_number <=,684418957212367241623111035135876005715150589706,1142857970576506471478393393000113013376204379484
684418957212367241623111035135876005715150589706-1184472685782376059334758133512718430805424685192,201.01173976846567,HTTP <=,SSH >,684418957212367241623111035135876005715150589706,1184472685782376059334758133512718430805424685192
684418957212367241623111035135876005715150589706-1232849963170894971818913290506039176322619533319,1579.566478016863,HTTP <=,psh_flag_number >,684418957212367241623111035135876005715150589706,1232849963170894971818913290506039176322619533319
684418957212367241623111035135876005715150589706-1233133706649643691022119102239698495899057226060,19592.79576905477,HTTP <=,Time_To_Live <=,684418957212367241623111035135876005715150589706,1233133706649643691022119102239698495899057226060
684418957212367241623111035135876005715150589706-1236189254858718471128603624930063881324958313531,11714.23691504973,HTTP <=,HTTPS >,684418957212367241623111035135876005715150589706,1236189254858718471128603624930063881324958313531
684418957212367241623111035135876005715150589706-1239329028096551917906154637654656383307088642249,34.34371433230067,HTTP <=,cwr_flag_number <=,684418957212367241623111035135876005715150589706,1239329028096551917906154637654656383307088642249
684418957212367241623111035135876005715150589706-1251276136943778783713685275011300537715092657394,156.56693298548834,HTTP <=,fin_flag_number >,684418957212367241623111035135876005715150589706,1251276136943778783713685275011300537715092657394
684418957212367241623111035135876005715150589706-1329847435934461746074927120436757452470095790255,1491.9313549649437,HTTP <=,Min >,684418957212367241623111035135876005715150589706,1329847435934461746074927120436757452470095790255
684418957212367241623111035135876005715150589706-1338222599102815322204523610829624561969283441716,11310.111756599676,HTTP <=,SSH <=,684418957212367241623111035135876005715150589706,1338222599102815322204523610829624561969283441716
684418957212367241623111035135876005715150589706-1345309773886921328764805451107636357621530213384,23081.370967741936,HTTP <=,Class -1,684418957212367241623111035135876005715150589706,1345309773886921328764805451107636357621530213384
684418957212367241623111035135876005715150589706-1375509225989204300559045429796274689340158771149,11582.059232707248,HTTP <=,rst_count <=,684418957212367241623111035135876005715150589706,1375509225989204300559045429796274689340158771149
684418957212367241623111035135876005715150589706-1379366653555122327876205020011632492492609315477,13125.278069986272,HTTP <=,Type <=,684418957212367241623111035135876005715150589706,1379366653555122327876205020011632492492609315477
684418957212367241623111035135876005715150589706-1418162538066850581097605911983264533342366443794,2271.7356921571827,HTTP <=,Header_Length <=,684418957212367241623111035135876005715150589706,1418162538066850581097605911983264533342366443794
684418957212367241623111035135876005715150589706-1429650867505148313720594668477948880050562903683,575.5993488425914,HTTP <=,syn_flag_number >,684418957212367241623111035135876005715150589706,1429650867505148313720594668477948880050562903683
684418957212367241623111035135876005715150589706-1454952188391427871478129207189215566009723810659,1049.5035056253057,HTTP <=,Std >,684418957212367241623111035135876005715150589706,1454952188391427871478129207189215566009723810659
684418957212367241623111035135876005715150589706-1455733501014453866297060548284701359849809242142,14320.318767324312,HTTP <=,DHCP <=,684418957212367241623111035135876005715150589706,1455733501014453866297060548284701359849809242142
684418957212367241623111035135876005715150589706-160227321490815016489601533331665083666172936667,27577.579014637893,HTTP <=,IGMP <=,684418957212367241623111035135876005715150589706,160227321490815016489601533331665083666172936667
684418957212367241623111035135876005715150589706-171982518954274878349485416184092168691833932185,62706.571824555685,HTTP <=,Class 1,684418957212367241623111035135876005715150589706,171982518954274878349485416184092168691833932185
684418957212367241623111035135876005715150589706-207766774224049171901964708681563529125144087827,1001.6210689921787,HTTP <=,HTTP >,684418957212367241623111035135876005715150589706,207766774224049171901964708681563529125144087827
684418957212367241623111035135876005715150589706-215123608059624622405742600984392925785664489773,8101.760412995798,HTTP <=,Variance <=,684418957212367241623111035135876005715150589706,215123608059624622405742600984392925785664489773
684418957212367241623111035135876005715150589706-218607780770691257170847497927336330511308420255,4767.7156367193875,HTTP <=,ack_count >,684418957212367241623111035135876005715150589706,218607780770691257170847497927336330511308420255
684418957212367241623111035135876005715150589706-223165296026140232481876277255273629987157553131,5786.915864992663,HTTP <=,Header_Length >,684418957212367241623111035135876005715150589706,223165296026140232481876277255273629987157553131
684418957212367241623111035135876005715150589706-335418722972519651500040442315750311827115323662,3440.2691678544943,HTTP <=,Rate >,684418957212367241623111035135876005715150589706,335418722972519651500040442315750311827115323662
684418957212367241623111035135876005715150589706-337274849629170698169636561573185333120886675912,9.090983205609001,HTTP <=,ece_flag_number >,684418957212367241623111035135876005715150589706,337274849629170698169636561573185333120886675912
684418957212367241623111035135876005715150589706-338730224709676774412755851787278702947952010784,37361.79041988608,HTTP <=,sum <=,684418957212367241623111035135876005715150589706,338730224709676774412755851787278702947952010784
684418957212367241623111035135876005715150589706-371266811264664269299964157380215767396824640058,69.69753790966901,HTTP <=,ICMP >,684418957212367241623111035135876005715150589706,371266811264664269299964157380215767396824640058
684418957212367241623111035135876005715150589706-378316838538499851440768051160724422589084218125,861.6231860427198,HTTP <=,IAT <=,684418957212367241623111035135876005715150589706,378316838538499851440768051160724422589084218125
684418957212367241623111035135876005715150589706-40351198695966294513339726256484683518911283460,4646.502527311267,HTTP <=,fin_flag_number <=,684418957212367241623111035135876005715150589706,40351198695966294513339726256484683518911283460
684418957212367241623111035135876005715150589706-417610515582391639059962073933335223318558562917,6717.226479699984,HTTP <=,fin_count <=,684418957212367241623111035135876005715150589706,417610515582391639059962073933335223318558562917
684418957212367241623111035135876005715150589706-426624906449189252299067265451872698344494536313,1901.4980696706868,HTTP <=,Number >,684418957212367241623111035135876005715150589706,426624906449189252299067265451872698344494536313
684418957212367241623111035135876005715150589706-450410814915736770904937984733342042835793211647,5531.749236020892,HTTP <=,ece_flag_number <=,684418957212367241623111035135876005715150589706,450410814915736770904937984733342042835793211647
684418957212367241623111035135876005715150589706-475011065740486827108472353828139148231878458661,9303.106147073211,HTTP <=,syn_flag_number <=,684418957212367241623111035135876005715150589706,475011065740486827108472353828139148231878458661
684418957212367241623111035135876005715150589706-505469541859377927785473031559292540931343582537,7521.029057504878,HTTP <=,ICMP <=,684418957212367241623111035135876005715150589706,505469541859377927785473031559292540931343582537
684418957212367241623111035135876005715150589706-510505520442458443414009447271658614884328320759,1387.890102722974,HTTP <=,IRC <=,684418957212367241623111035135876005715150589706,510505520442458443414009447271658614884328320759
684418957212367241623111035135876005715150589706-520582048177068818674784514618258893555315007951,682.6709288197641,HTTP <=,LLC <=,684418957212367241623111035135876005715150589706,520582048177068818674784514618258893555315007951
684418957212367241623111035135876005715150589706-559797210707093786647851972932919518973015855277,125.25354638839067,HTTP <=,fin_count >,684418957212367241623111035135876005715150589706,559797210707093786647851972932919518973015855277
684418957212367241623111035135876005715150589706-565103970815292376991711972572924808853013487374,197.89995161027335,HTTP <=,IGMP >,684418957212367241623111035135876005715150589706,565103970815292376991711972572924808853013487374
684418957212367241623111035135876005715150589706-629827923182617752624696690572530002196221478554,294.87043913676933,HTTP <=,DHCP >,684418957212367241623111035135876005715150589706,629827923182617752624696690572530002196221478554
684418957212367241623111035135876005715150589706-681503808608794911981134712221284126975357543438,36877.89921524487,HTTP <=,syn_count <=,684418957212367241623111035135876005715150589706,681503808608794911981134712221284126975357543438
684418957212367241623111035135876005715150589706-684418957212367241623111035135876005715150589706,15125.294375220252,HTTP <=,HTTP <=,684418957212367241623111035135876005715150589706,684418957212367241623111035135876005715150589706
684418957212367241623111035135876005715150589706-708408391217891577256114269656040681679338993095,1.0101092450676668,HTTP <=,IRC >,684418957212367241623111035135876005715150589706,708408391217891577256114269656040681679338993095
684418957212367241623111035135876005715150589706-714914936218336719861297767221934377853836589461,3527.301483776292,HTTP <=,UDP >,684418957212367241623111035135876005715150589706,714914936218336719861297767221934377853836589461
684418957212367241623111035135876005715150589706-786396322989194697344344278946426998739971577495,3715.1818033588784,HTTP <=,HTTPS <=,684418957212367241623111035135876005715150589706,786396322989194697344344278946426998739971577495
684418957212367241623111035135876005715150589706-791432257472445298809701838101022411569407290467,1033.5372627193974,HTTP <=,rst_flag_number >,684418957212367241623111035135876005715150589706,791432257472445298809701838101022411569407290467
684418957212367241623111035135876005715150589706-795584812918386367255521286735341258439959854242,10267.336881913288,HTTP <=,syn_count >,684418957212367241623111035135876005715150589706,795584812918386367255521286735341258439959854242
684418957212367241623111035135876005715150589706-835140271881840015202809914014108690929910415575,662.5502043414001,HTTP <=,IAT >,684418957212367241623111035135876005715150589706,835140271881840015202809914014108690929910415575
684418957212367241623111035135876005715150589706-841356973986788424033641854148712928121319667477,1893.9548345018752,HTTP <=,Variance >,684418957212367241623111035135876005715150589706,841356973986788424033641854148712928121319667477
684418957212367241623111035135876005715150589706-841518471221275042570144506781210008737201997031,18039.459547240473,HTTP <=,Min <=,684418957212367241623111035135876005715150589706,841518471221275042570144506781210008737201997031
684418957212367241623111035135876005715150589706-843826879422383561066103188424018239931401286651,10249.415588855636,HTTP <=,ack_count <=,684418957212367241623111035135876005715150589706,843826879422383561066103188424018239931401286651
684418957212367241623111035135876005715150589706-896530251803066355404557928035950607124936193677,5925.137910720954,HTTP <=,psh_flag_number <=,684418957212367241623111035135876005715150589706,896530251803066355404557928035950607124936193677
684418957212367241623111035135876005715150589706-922599836131670820904126277297069322180441856169,31058.1873839567,HTTP <=,Rate <=,684418957212367241623111035135876005715150589706,922599836131670820904126277297069322180441856169
684418957212367241623111035135876005715150589706-926368966621798523173828527325665066772113177503,6371.606197040863,HTTP <=,UDP <=,684418957212367241623111035135876005715150589706,926368966621798523173828527325665066772113177503
684418957212367241623111035135876005715150589706-940331364486966071141541838460909450599289486914,967.9616222129885,HTTP <=,rst_count >,684418957212367241623111035135876005715150589706,940331364486966071141541838460909450599289486914
684418957212367241623111035135876005715150589706-974265510705878984211701297112044370513255377925,8203.862907170622,HTTP <=,Std <=,684418957212367241623111035135876005715150589706,974265510705878984211701297112044370513255377925
714914936218336719861297767221934377853836589461-1043469376771332113858820724324827897913309990452,3552.472754479995,UDP >,LLC >,714914936218336719861297767221934377853836589461,1043469376771332113858820724324827897913309990452
714914936218336719861297767221934377853836589461-1043754360836331848364792327262011021650379248223,101.01092450676667,UDP >,DNS >,714914936218336719861297767221934377853836589461,1043754360836331848364792327262011021650379248223
714914936218336719861297767221934377853836589461-1077028023530208599426324724984012030801332581683,3336.309376035514,UDP >,Time_To_Live >,714914936218336719861297767221934377853836589461,1077028023530208599426324724984012030801332581683
714914936218336719861297767221934377853836589461-1085488307210616684491611463585545838953333018237,334.3461601173977,UDP >,Type >,714914936218336719861297767221934377853836589461,1085488307210616684491611463585545838953333018237
714914936218336719861297767221934377853836589461-1091995366823138898995898948102109473193356840202,1550.0289286409325,UDP >,DNS <=,714914936218336719861297767221934377853836589461,1091995366823138898995898948102109473193356840202
714914936218336719861297767221934377853836589461-109928824856976412487775174607761519739702474552,436.36719386923204,UDP >,Number <=,714914936218336719861297767221934377853836589461,109928824856976412487775174607761519739702474552
714914936218336719861297767221934377853836589461-1118614325010621431186771152252517336813918651911,2023.3628624627215,UDP >,sum >,714914936218336719861297767221934377853836589461,1118614325010621431186771152252517336813918651911
714914936218336719861297767221934377853836589461-1142857970576506471478393393000113013376204379484,1794.964128485244,UDP >,rst_flag_number <=,714914936218336719861297767221934377853836589461,1142857970576506471478393393000113013376204379484
714914936218336719861297767221934377853836589461-1184472685782376059334758133512718430805424685192,73.73797488993968,UDP >,SSH >,714914936218336719861297767221934377853836589461,1184472685782376059334758133512718430805424685192
714914936218336719861297767221934377853836589461-1232849963170894971818913290506039176322619533319,53.53578998858634,UDP >,psh_flag_number >,714914936218336719861297767221934377853836589461,1232849963170894971818913290506039176322619533319
714914936218336719861297767221934377853836589461-1233133706649643691022119102239698495899057226060,674.7529757052014,UDP >,Time_To_Live <=,714914936218336719861297767221934377853836589461,1233133706649643691022119102239698495899057226060
714914936218336719861297767221934377853836589461-1236189254858718471128603624930063881324958313531,1104.0494048589599,UDP >,HTTPS >,714914936218336719861297767221934377853836589461,1236189254858718471128603624930063881324958313531
714914936218336719861297767221934377853836589461-1251276136943778783713685275011300537715092657394,148.48605902494702,UDP >,fin_flag_number >,714914936218336719861297767221934377853836589461,1251276136943778783713685275011300537715092657394
714914936218336719861297767221934377853836589461-1329847435934461746074927120436757452470095790255,59.596445458992335,UDP >,Min >,714914936218336719861297767221934377853836589461,1329847435934461746074927120436757452470095790255
714914936218336719861297767221934377853836589461-1338222599102815322204523610829624561969283441716,322.2248491765857,UDP >,SSH <=,714914936218336719861297767221934377853836589461,1338222599102815322204523610829624561969283441716
714914936218336719861297767221934377853836589461-1345309773886921328764805451107636357621530213384,12190.161290322581,UDP >,Class -1,714914936218336719861297767221934377853836589461,1345309773886921328764805451107636357621530213384
714914936218336719861297767221934377853836589461-1375509225989204300559045429796274689340158771149,2479.818196641122,UDP >,rst_count <=,714914936218336719861297767221934377853836589461,1375509225989204300559045429796274689340158771149
714914936218336719861297767221934377853836589461-1379366653555122327876205020011632492492609315477,571.7218327082994,UDP >,Type <=,714914936218336719861297767221934377853836589461,1379366653555122327876205020011632492492609315477
714914936218336719861297767221934377853836589461-1418162538066850581097605911983264533342366443794,6187.766314438548,UDP >,Header_Length <=,714914936218336719861297767221934377853836589461,1418162538066850581097605911983264533342366443794
714914936218336719861297767221934377853836589461-1429650867505148313720594668477948880050562903683,297.9822272949617,UDP >,syn_flag_number >,714914936218336719861297767221934377853836589461,1429650867505148313720594668477948880050562903683
714914936218336719861297767221934377853836589461-1454952188391427871478129207189215566009723810659,963.644219794554,UDP >,Std >,714914936218336719861297767221934377853836589461,1454952188391427871478129207189215566009723810659
714914936218336719861297767221934377853836589461-1455733501014453866297060548284701359849809242142,3251.5416598728193,UDP >,DHCP <=,714914936218336719861297767221934377853836589461,1455733501014453866297060548284701359849809242142
714914936218336719861297767221934377853836589461-160227321490815016489601533331665083666172936667,232.32512636556336,UDP >,IGMP <=,714914936218336719861297767221934377853836589461,160227321490815016489601533331665083666172936667
714914936218336719861297767221934377853836589461-171982518954274878349485416184092168691833932185,19191.0655470406,UDP >,Class 1,714914936218336719861297767221934377853836589461,171982518954274878349485416184092168691833932185
714914936218336719861297767221934377853836589461-207766774224049171901964708681563529125144087827,226.26447089515736,UDP >,HTTP >,714914936218336719861297767221934377853836589461,207766774224049171901964708681563529125144087827
714914936218336719861297767221934377853836589461-215123608059624622405742600984392925785664489773,10065.331324984352,UDP >,Variance <=,714914936218336719861297767221934377853836589461,215123608059624622405742600984392925785664489773
714914936218336719861297767221934377853836589461-218607780770691257170847497927336330511308420255,5808.84501086139,UDP >,ack_count >,714914936218336719861297767221934377853836589461,218607780770691257170847497927336330511308420255
714914936218336719861297767221934377853836589461-223165296026140232481876277255273629987157553131,4239.347041126008,UDP >,Header_Length >,714914936218336719861297767221934377853836589461,223165296026140232481876277255273629987157553131
714914936218336719861297767221934377853836589461-335418722972519651500040442315750311827115323662,385.78027119285935,UDP >,Rate >,714914936218336719861297767221934377853836589461,335418722972519651500040442315750311827115323662
714914936218336719861297767221934377853836589461-338730224709676774412755851787278702947952010784,6214.192075656286,UDP >,sum <=,714914936218336719861297767221934377853836589461,338730224709676774412755851787278702947952010784
714914936218336719861297767221934377853836589461-371266811264664269299964157380215767396824640058,32.323495842165336,UDP >,ICMP >,714914936218336719861297767221934377853836589461,371266811264664269299964157380215767396824640058
714914936218336719861297767221934377853836589461-378316838538499851440768051160724422589084218125,3848.5162237078102,UDP >,IAT <=,714914936218336719861297767221934377853836589461,378316838538499851440768051160724422589084218125
714914936218336719861297767221934377853836589461-40351198695966294513339726256484683518911283460,1080.8168922224033,UDP >,fin_flag_number <=,714914936218336719861297767221934377853836589461,40351198695966294513339726256484683518911283460
714914936218336719861297767221934377853836589461-417610515582391639059962073933335223318558562917,2785.881297896625,UDP >,fin_count <=,714914936218336719861297767221934377853836589461,417610515582391639059962073933335223318558562917
714914936218336719861297767221934377853836589461-450410814915736770904937984733342042835793211647,1127.2819174955162,UDP >,ece_flag_number <=,714914936218336719861297767221934377853836589461,450410814915736770904937984733342042835793211647
714914936218336719861297767221934377853836589461-475011065740486827108472353828139148231878458661,2078.723365926269,UDP >,syn_flag_number <=,714914936218336719861297767221934377853836589461,475011065740486827108472353828139148231878458661
714914936218336719861297767221934377853836589461-505469541859377927785473031559292540931343582537,1485.7892390715485,UDP >,ICMP <=,714914936218336719861297767221934377853836589461,505469541859377927785473031559292540931343582537
714914936218336719861297767221934377853836589461-510505520442458443414009447271658614884328320759,9.090983205609001,UDP >,IRC <=,714914936218336719861297767221934377853836589461,510505520442458443414009447271658614884328320759
714914936218336719861297767221934377853836589461-520582048177068818674784514618258893555315007951,1185.7053328634622,UDP >,LLC <=,714914936218336719861297767221934377853836589461,520582048177068818674784514618258893555315007951
714914936218336719861297767221934377853836589461-559797210707093786647851972932919518973015855277,1658.3875833013365,UDP >,fin_count >,714914936218336719861297767221934377853836589461,559797210707093786647851972932919518973015855277
714914936218336719861297767221934377853836589461-629827923182617752624696690572530002196221478554,34.34371433230067,UDP >,DHCP >,714914936218336719861297767221934377853836589461,629827923182617752624696690572530002196221478554
714914936218336719861297767221934377853836589461-681503808608794911981134712221284126975357543438,4737.412359367357,UDP >,syn_count <=,714914936218336719861297767221934377853836589461,681503808608794911981134712221284126975357543438
714914936218336719861297767221934377853836589461-684418957212367241623111035135876005715150589706,3084.8736344366544,UDP >,HTTP <=,714914936218336719861297767221934377853836589461,684418957212367241623111035135876005715150589706
714914936218336719861297767221934377853836589461-714914936218336719861297767221934377853836589461,2060.378478669072,UDP >,UDP >,714914936218336719861297767221934377853836589461,714914936218336719861297767221934377853836589461
714914936218336719861297767221934377853836589461-786396322989194697344344278946426998739971577495,1376.5345197582617,UDP >,HTTPS <=,714914936218336719861297767221934377853836589461,786396322989194697344344278946426998739971577495
714914936218336719861297767221934377853836589461-791432257472445298809701838101022411569407290467,9.090983205609001,UDP >,rst_flag_number >,714914936218336719861297767221934377853836589461,791432257472445298809701838101022411569407290467
714914936218336719861297767221934377853836589461-795584812918386367255521286735341258439959854242,1307.1954077097457,UDP >,syn_count >,714914936218336719861297767221934377853836589461,795584812918386367255521286735341258439959854242
714914936218336719861297767221934377853836589461-835140271881840015202809914014108690929910415575,604.973977372543,UDP >,IAT >,714914936218336719861297767221934377853836589461,835140271881840015202809914014108690929910415575
714914936218336719861297767221934377853836589461-841356973986788424033641854148712928121319667477,477.5372916480384,UDP >,Variance >,714914936218336719861297767221934377853836589461,841356973986788424033641854148712928121319667477
714914936218336719861297767221934377853836589461-841518471221275042570144506781210008737201997031,331.3158323821947,UDP >,Min <=,714914936218336719861297767221934377853836589461,841518471221275042570144506781210008737201997031
714914936218336719861297767221934377853836589461-843826879422383561066103188424018239931401286651,8825.080092887236,UDP >,ack_count <=,714914936218336719861297767221934377853836589461,843826879422383561066103188424018239931401286651
714914936218336719861297767221934377853836589461-896530251803066355404557928035950607124936193677,528.2871351703897,UDP >,psh_flag_number <=,714914936218336719861297767221934377853836589461,896530251803066355404557928035950607124936193677
714914936218336719861297767221934377853836589461-922599836131670820904126277297069322180441856169,5522.185782361945,UDP >,Rate <=,714914936218336719861297767221934377853836589461,922599836131670820904126277297069322180441856169
714914936218336719861297767221934377853836589461-926368966621798523173828527325665066772113177503,2395.7347480315375,UDP >,UDP <=,714914936218336719861297767221934377853836589461,926368966621798523173828527325665066772113177503
714914936218336719861297767221934377853836589461-940331364486966071141541838460909450599289486914,10.101092450676667,UDP >,rst_count >,714914936218336719861297767221934377853836589461,940331364486966071141541838460909450599289486914
714914936218336719861297767221934377853836589461-974265510705878984211701297112044370513255377925,4230.256057920399,UDP >,Std <=,714914936218336719861297767221934377853836589461,974265510705878984211701297112044370513255377925
786396322989194697344344278946426998739971577495-1043469376771332113858820724324827897913309990452,7010.679507476739,HTTPS <=,LLC >,786396322989194697344344278946426998739971577495,1043469376771332113858820724324827897913309990452
786396322989194697344344278946426998739971577495-1043754360836331848364792327262011021650379248223,60.60655470406,HTTPS <=,DNS >,786396322989194697344344278946426998739971577495,1043754360836331848364792327262011021650379248223
786396322989194697344344278946426998739971577495-1077028023530208599426324724984012030801332581683,2485.878852111528,HTTPS <=,Time_To_Live >,786396322989194697344344278946426998739971577495,1077028023530208599426324724984012030801332581683
786396322989194697344344278946426998739971577495-1085488307210616684491611463585545838953333018237,251.51720202184902,HTTPS <=,Type >,786396322989194697344344278946426998739971577495,1085488307210616684491611463585545838953333018237
786396322989194697344344278946426998739971577495-1091995366823138898995898948102109473193356840202,644.4496983531714,HTTPS <=,DNS <=,786396322989194697344344278946426998739971577495,1091995366823138898995898948102109473193356840202
786396322989194697344344278946426998739971577495-109928824856976412487775174607761519739702474552,37.37404206750367,HTTPS <=,Number <=,786396322989194697344344278946426998739971577495,109928824856976412487775174607761519739702474552
786396322989194697344344278946426998739971577495-1118614325010621431186771152252517336813918651911,5203.854741404249,HTTPS <=,sum >,786396322989194697344344278946426998739971577495,1118614325010621431186771152252517336813918651911
786396322989194697344344278946426998739971577495-1142857970576506471478393393000113013376204379484,305.05299201043533,HTTPS <=,rst_flag_number <=,786396322989194697344344278946426998739971577495,1142857970576506471478393393000113013376204379484
786396322989194697344344278946426998739971577495-1184472685782376059334758133512718430805424685192,53.53578998858634,HTTPS <=,SSH >,786396322989194697344344278946426998739971577495,1184472685782376059334758133512718430805424685192
786396322989194697344344278946426998739971577495-1232849963170894971818913290506039176322619533319,184.84999184738302,HTTPS <=,psh_flag_number >,786396322989194697344344278946426998739971577495,1232849963170894971818913290506039176322619533319
786396322989194697344344278946426998739971577495-1233133706649643691022119102239698495899057226060,13553.531805725768,HTTPS <=,Time_To_Live <=,786396322989194697344344278946426998739971577495,1233133706649643691022119102239698495899057226060
786396322989194697344344278946426998739971577495-1236189254858718471128603624930063881324958313531,1466.6786238382522,HTTPS <=,HTTPS >,786396322989194697344344278946426998739971577495,1236189254858718471128603624930063881324958313531
786396322989194697344344278946426998739971577495-1239329028096551917906154637654656383307088642249,34.34371433230067,HTTPS <=,cwr_flag_number <=,786396322989194697344344278946426998739971577495,1239329028096551917906154637654656383307088642249
786396322989194697344344278946426998739971577495-1251276136943778783713685275011300537715092657394,35.35382357736834,HTTPS <=,fin_flag_number >,786396322989194697344344278946426998739971577495,1251276136943778783713685275011300537715092657394
786396322989194697344344278946426998739971577495-1329847435934461746074927120436757452470095790255,206.062285993804,HTTPS <=,Min >,786396322989194697344344278946426998739971577495,1329847435934461746074927120436757452470095790255
786396322989194697344344278946426998739971577495-1338222599102815322204523610829624561969283441716,5422.299011692431,HTTPS <=,SSH <=,786396322989194697344344278946426998739971577495,1338222599102815322204523610829624561969283441716
786396322989194697344344278946426998739971577495-1345309773886921328764805451107636357621530213384,9492.33870967742,HTTPS <=,Class -1,786396322989194697344344278946426998739971577495,1345309773886921328764805451107636357621530213384
786396322989194697344344278946426998739971577495-1375509225989204300559045429796274689340158771149,3087.773625495074,HTTPS <=,rst_count <=,786396322989194697344344278946426998739971577495,1375509225989204300559045429796274689340158771149
786396322989194697344344278946426998739971577495-1379366653555122327876205020011632492492609315477,826.2693624653514,HTTPS <=,Type <=,786396322989194697344344278946426998739971577495,1379366653555122327876205020011632492492609315477
786396322989194697344344278946426998739971577495-1418162538066850581097605911983264533342366443794,258.50650631433336,HTTPS <=,Header_Length <=,786396322989194697344344278946426998739971577495,1418162538066850581097605911983264533342366443794
786396322989194697344344278946426998739971577495-1429650867505148313720594668477948880050562903683,1043.1170084629425,HTTPS <=,syn_flag_number >,786396322989194697344344278946426998739971577495,1429650867505148313720594668477948880050562903683
786396322989194697344344278946426998739971577495-1454952188391427871478129207189215566009723810659,3166.6924832871355,HTTPS <=,Std >,786396322989194697344344278946426998739971577495,1454952188391427871478129207189215566009723810659
786396322989194697344344278946426998739971577495-1455733501014453866297060548284701359849809242142,3310.893724062844,HTTPS <=,DHCP <=,786396322989194697344344278946426998739971577495,1455733501014453866297060548284701359849809242142
786396322989194697344344278946426998739971577495-160227321490815016489601533331665083666172936667,652.5305723137127,HTTPS <=,IGMP <=,786396322989194697344344278946426998739971577495,160227321490815016489601533331665083666172936667
786396322989194697344344278946426998739971577495-171982518954274878349485416184092168691833932185,15837.502853415946,HTTPS <=,Class 1,786396322989194697344344278946426998739971577495,171982518954274878349485416184092168691833932185
786396322989194697344344278946426998739971577495-207766774224049171901964708681563529125144087827,530.2258932375357,HTTPS <=,HTTP >,786396322989194697344344278946426998739971577495,207766774224049171901964708681563529125144087827
786396322989194697344344278946426998739971577495-215123608059624622405742600984392925785664489773,2517.1922387086256,HTTPS <=,Variance <=,786396322989194697344344278946426998739971577495,215123608059624622405742600984392925785664489773
786396322989194697344344278946426998739971577495-218607780770691257170847497927336330511308420255,834.3502364258927,HTTPS <=,ack_count >,786396322989194697344344278946426998739971577495,218607780770691257170847497927336330511308420255
786396322989194697344344278946426998739971577495-223165296026140232481876277255273629987157553131,940.3302467350084,HTTPS <=,Header_Length >,786396322989194697344344278946426998739971577495,223165296026140232481876277255273629987157553131
786396322989194697344344278946426998739971577495-335418722972519651500040442315750311827115323662,352.5281265286157,HTTPS <=,Rate >,786396322989194697344344278946426998739971577495,335418722972519651500040442315750311827115323662
786396322989194697344344278946426998739971577495-337274849629170698169636561573185333120886675912,109.01033804431869,HTTPS <=,ece_flag_number >,786396322989194697344344278946426998739971577495,337274849629170698169636561573185333120886675912
786396322989194697344344278946426998739971577495-338730224709676774412755851787278702947952010784,14763.903354670398,HTTPS <=,sum <=,786396322989194697344344278946426998739971577495,338730224709676774412755851787278702947952010784
786396322989194697344344278946426998739971577495-371266811264664269299964157380215767396824640058,71.71775639980434,HTTPS <=,ICMP >,786396322989194697344344278946426998739971577495,371266811264664269299964157380215767396824640058
786396322989194697344344278946426998739971577495-378316838538499851440768051160724422589084218125,854.5524213272461,HTTPS <=,IAT <=,786396322989194697344344278946426998739971577495,378316838538499851440768051160724422589084218125
786396322989194697344344278946426998739971577495-40351198695966294513339726256484683518911283460,1155.4835159344213,HTTPS <=,fin_flag_number <=,786396322989194697344344278946426998739971577495,40351198695966294513339726256484683518911283460
786396322989194697344344278946426998739971577495-417610515582391639059962073933335223318558562917,1742.3569873187357,HTTPS <=,fin_count <=,786396322989194697344344278946426998739971577495,417610515582391639059962073933335223318558562917
786396322989194697344344278946426998739971577495-450410814915736770904937984733342042835793211647,444.4480678297734,HTTPS <=,ece_flag_number <=,786396322989194697344344278946426998739971577495,450410814915736770904937984733342042835793211647
786396322989194697344344278946426998739971577495-475011065740486827108472353828139148231878458661,2757.5982390347303,HTTPS <=,syn_flag_number <=,786396322989194697344344278946426998739971577495,475011065740486827108472353828139148231878458661
786396322989194697344344278946426998739971577495-505469541859377927785473031559292540931343582537,4471.753627914561,HTTPS <=,ICMP <=,786396322989194697344344278946426998739971577495,505469541859377927785473031559292540931343582537
786396322989194697344344278946426998739971577495-510505520442458443414009447271658614884328320759,178.78933637697702,HTTPS <=,IRC <=,786396322989194697344344278946426998739971577495,510505520442458443414009447271658614884328320759
786396322989194697344344278946426998739971577495-520582048177068818674784514618258893555315007951,959.3594015453154,HTTPS <=,LLC <=,786396322989194697344344278946426998739971577495,520582048177068818674784514618258893555315007951
786396322989194697344344278946426998739971577495-559797210707093786647851972932919518973015855277,500.6068834386161,HTTPS <=,fin_count >,786396322989194697344344278946426998739971577495,559797210707093786647851972932919518973015855277
786396322989194697344344278946426998739971577495-565103970815292376991711972572924808853013487374,1.0101092450676668,HTTPS <=,IGMP >,786396322989194697344344278946426998739971577495,565103970815292376991711972572924808853013487374
786396322989194697344344278946426998739971577495-629827923182617752624696690572530002196221478554,6.060655470406001,HTTPS <=,DHCP >,786396322989194697344344278946426998739971577495,629827923182617752624696690572530002196221478554
786396322989194697344344278946426998739971577495-681503808608794911981134712221284126975357543438,2425.2722974074677,HTTPS <=,syn_count <=,786396322989194697344344278946426998739971577495,681503808608794911981134712221284126975357543438
786396322989194697344344278946426998739971577495-684418957212367241623111035135876005715150589706,2075.774498614055,HTTPS <=,HTTP <=,786396322989194697344344278946426998739971577495,684418957212367241623111035135876005715150589706
786396322989194697344344278946426998739971577495-714914936218336719861297767221934377853836589461,1937.3080716167956,HTTPS <=,UDP >,786396322989194697344344278946426998739971577495,714914936218336719861297767221934377853836589461
786396322989194697344344278946426998739971577495-786396322989194697344344278946426998739971577495,119.19289091798467,HTTPS <=,HTTPS <=,786396322989194697344344278946426998739971577495,786396322989194697344344278946426998739971577495
786396322989194697344344278946426998739971577495-791432257472445298809701838101022411569407290467,2.0202184901353335,HTTPS <=,rst_flag_number >,786396322989194697344344278946426998739971577495,791432257472445298809701838101022411569407290467
786396322989194697344344278946426998739971577495-795584812918386367255521286735341258439959854242,6.060655470406001,HTTPS <=,syn_count >,786396322989194697344344278946426998739971577495,795584812918386367255521286735341258439959854242
786396322989194697344344278946426998739971577495-835140271881840015202809914014108690929910415575,1015.0783308700157,HTTPS <=,IAT >,786396322989194697344344278946426998739971577495,835140271881840015202809914014108690929910415575
786396322989194697344344278946426998739971577495-841356973986788424033641854148712928121319667477,746.4707321050057,HTTPS <=,Variance >,786396322989194697344344278946426998739971577495,841356973986788424033641854148712928121319667477
786396322989194697344344278946426998739971577495-841518471221275042570144506781210008737201997031,620.2070764715473,HTTPS <=,Min <=,786396322989194697344344278946426998739971577495,841518471221275042570144506781210008737201997031
786396322989194697344344278946426998739971577495-843826879422383561066103188424018239931401286651,5368.486256265681,HTTPS <=,ack_count <=,786396322989194697344344278946426998739971577495,843826879422383561066103188424018239931401286651
786396322989194697344344278946426998739971577495-896530251803066355404557928035950607124936193677,1907.0047942647655,HTTPS <=,psh_flag_number <=,786396322989194697344344278946426998739971577495,896530251803066355404557928035950607124936193677
786396322989194697344344278946426998739971577495-922599836131670820904126277297069322180441856169,13977.191173608664,HTTPS <=,Rate <=,786396322989194697344344278946426998739971577495,922599836131670820904126277297069322180441856169
786396322989194697344344278946426998739971577495-926368966621798523173828527325665066772113177503,981.826186205772,HTTPS <=,UDP <=,786396322989194697344344278946426998739971577495,926368966621798523173828527325665066772113177503
786396322989194697344344278946426998739971577495-940331364486966071141541838460909450599289486914,11201.06883438616,HTTPS <=,rst_count >,786396322989194697344344278946426998739971577495,940331364486966071141541838460909450599289486914
786396322989194697344344278946426998739971577495-974265510705878984211701297112044370513255377925,667.519290143749,HTTPS <=,Std <=,786396322989194697344344278946426998739971577495,974265510705878984211701297112044370513255377925
791432257472445298809701838101022411569407290467-1043469376771332113858820724324827897913309990452,1436.2450098094391,rst_flag_number >,LLC >,791432257472445298809701838101022411569407290467,1043469376771332113858820724324827897913309990452
791432257472445298809701838101022411569407290467-1077028023530208599426324724984012030801332581683,1.0101092450676668,rst_flag_number >,Time_To_Live >,791432257472445298809701838101022411569407290467,1077028023530208599426324724984012030801332581683
791432257472445298809701838101022411569407290467-1091995366823138898995898948102109473193356840202,1223.2748799461401,rst_flag_number >,DNS <=,791432257472445298809701838101022411569407290467,1091995366823138898995898948102109473193356840202
791432257472445298809701838101022411569407290467-109928824856976412487775174607761519739702474552,148.40459860195767,rst_flag_number >,Number <=,791432257472445298809701838101022411569407290467,109928824856976412487775174607761519739702474552
791432257472445298809701838101022411569407290467-1118614325010621431186771152252517336813918651911,4.040436980270667,rst_flag_number >,sum >,791432257472445298809701838101022411569407290467,1118614325010621431186771152252517336813918651911
791432257472445298809701838101022411569407290467-1142857970576506471478393393000113013376204379484,6207.284231786791,rst_flag_number >,rst_flag_number <=,791432257472445298809701838101022411569407290467,1142857970576506471478393393000113013376204379484
791432257472445298809701838101022411569407290467-1232849963170894971818913290506039176322619533319,3011.8850954382165,rst_flag_number >,psh_flag_number >,791432257472445298809701838101022411569407290467,1232849963170894971818913290506039176322619533319
791432257472445298809701838101022411569407290467-1233133706649643691022119102239698495899057226060,903.3146305286577,rst_flag_number >,Time_To_Live <=,791432257472445298809701838101022411569407290467,1233133706649643691022119102239698495899057226060
791432257472445298809701838101022411569407290467-1236189254858718471128603624930063881324958313531,25.252731126691668,rst_flag_number >,HTTPS >,791432257472445298809701838101022411569407290467,1236189254858718471128603624930063881324958313531
791432257472445298809701838101022411569407290467-1251276136943778783713685275011300537715092657394,1.0101092450676668,rst_flag_number >,fin_flag_number >,791432257472445298809701838101022411569407290467,1251276136943778783713685275011300537715092657394
791432257472445298809701838101022411569407290467-1338222599102815322204523610829624561969283441716,317.94003092734704,rst_flag_number >,SSH <=,791432257472445298809701838101022411569407290467,1338222599102815322204523610829624561969283441716
791432257472445298809701838101022411569407290467-1345309773886921328764805451107636357621530213384,24580.16129032258,rst_flag_number >,Class -1,791432257472445298809701838101022411569407290467,1345309773886921328764805451107636357621530213384
791432257472445298809701838101022411569407290467-1418162538066850581097605911983264533342366443794,129.21252294567202,rst_flag_number >,Header_Length <=,791432257472445298809701838101022411569407290467,1418162538066850581097605911983264533342366443794
791432257472445298809701838101022411569407290467-1429650867505148313720594668477948880050562903683,3006.6716283668993,rst_flag_number >,syn_flag_number >,791432257472445298809701838101022411569407290467,1429650867505148313720594668477948880050562903683
791432257472445298809701838101022411569407290467-1454952188391427871478129207189215566009723810659,49.49535300831567,rst_flag_number >,Std >,791432257472445298809701838101022411569407290467,1454952188391427871478129207189215566009723810659
791432257472445298809701838101022411569407290467-1455733501014453866297060548284701359849809242142,835.7187715321135,rst_flag_number >,DHCP <=,791432257472445298809701838101022411569407290467,1455733501014453866297060548284701359849809242142
791432257472445298809701838101022411569407290467-160227321490815016489601533331665083666172936667,1664.3667783487533,rst_flag_number >,IGMP <=,791432257472445298809701838101022411569407290467,160227321490815016489601533331665083666172936667
791432257472445298809701838101022411569407290467-171982518954274878349485416184092168691833932185,782.8346649274417,rst_flag_number >,Class 1,791432257472445298809701838101022411569407290467,171982518954274878349485416184092168691833932185
791432257472445298809701838101022411569407290467-215123608059624622405742600984392925785664489773,746.9106183891481,rst_flag_number >,Variance <=,791432257472445298809701838101022411569407290467,215123608059624622405742600984392925785664489773
791432257472445298809701838101022411569407290467-218607780770691257170847497927336330511308420255,913.4971834023238,rst_flag_number >,ack_count >,791432257472445298809701838101022411569407290467,218607780770691257170847497927336330511308420255
791432257472445298809701838101022411569407290467-223165296026140232481876277255273629987157553131,645.9811543053708,rst_flag_number >,Header_Length >,791432257472445298809701838101022411569407290467,223165296026140232481876277255273629987157553131
791432257472445298809701838101022411569407290467-335418722972519651500040442315750311827115323662,813.4963681406248,rst_flag_number >,Rate >,791432257472445298809701838101022411569407290467,335418722972519651500040442315750311827115323662
791432257472445298809701838101022411569407290467-338730224709676774412755851787278702947952010784,1912.6092713664314,rst_flag_number >,sum <=,791432257472445298809701838101022411569407290467,338730224709676774412755851787278702947952010784
791432257472445298809701838101022411569407290467-378316838538499851440768051160724422589084218125,602.5464567674611,rst_flag_number >,IAT <=,791432257472445298809701838101022411569407290467,378316838538499851440768051160724422589084218125
791432257472445298809701838101022411569407290467-40351198695966294513339726256484683518911283460,110.02044728938635,rst_flag_number >,fin_flag_number <=,791432257472445298809701838101022411569407290467,40351198695966294513339726256484683518911283460
791432257472445298809701838101022411569407290467-417610515582391639059962073933335223318558562917,1357.5379491171504,rst_flag_number >,fin_count <=,791432257472445298809701838101022411569407290467,417610515582391639059962073933335223318558562917
791432257472445298809701838101022411569407290467-450410814915736770904937984733342042835793211647,567.2740936130821,rst_flag_number >,ece_flag_number <=,791432257472445298809701838101022411569407290467,450410814915736770904937984733342042835793211647
791432257472445298809701838101022411569407290467-475011065740486827108472353828139148231878458661,1099.275824071785,rst_flag_number >,syn_flag_number <=,791432257472445298809701838101022411569407290467,475011065740486827108472353828139148231878458661
791432257472445298809701838101022411569407290467-505469541859377927785473031559292540931343582537,300.7681737611967,rst_flag_number >,ICMP <=,791432257472445298809701838101022411569407290467,505469541859377927785473031559292540931343582537
791432257472445298809701838101022411569407290467-559797210707093786647851972932919518973015855277,399.6774193548387,rst_flag_number >,fin_count >,791432257472445298809701838101022411569407290467,559797210707093786647851972932919518973015855277
791432257472445298809701838101022411569407290467-681503808608794911981134712221284126975357543438,1622.952299300979,rst_flag_number >,syn_count <=,791432257472445298809701838101022411569407290467,681503808608794911981134712221284126975357543438
791432257472445298809701838101022411569407290467-684418957212367241623111035135876005715150589706,632.8497341194911,rst_flag_number >,HTTP <=,791432257472445298809701838101022411569407290467,684418957212367241623111035135876005715150589706
791432257472445298809701838101022411569407290467-714914936218336719861297767221934377853836589461,13.131420185879668,rst_flag_number >,UDP >,791432257472445298809701838101022411569407290467,714914936218336719861297767221934377853836589461
791432257472445298809701838101022411569407290467-791432257472445298809701838101022411569407290467,4605.4627662092435,rst_flag_number >,rst_flag_number >,791432257472445298809701838101022411569407290467,791432257472445298809701838101022411569407290467
791432257472445298809701838101022411569407290467-835140271881840015202809914014108690929910415575,3569.9052849997106,rst_flag_number >,IAT >,791432257472445298809701838101022411569407290467,835140271881840015202809914014108690929910415575
791432257472445298809701838101022411569407290467-841356973986788424033641854148712928121319667477,311.96083587993036,rst_flag_number >,Variance >,791432257472445298809701838101022411569407290467,841356973986788424033641854148712928121319667477
791432257472445298809701838101022411569407290467-841518471221275042570144506781210008737201997031,24.242621881624004,rst_flag_number >,Min <=,791432257472445298809701838101022411569407290467,841518471221275042570144506781210008737201997031
791432257472445298809701838101022411569407290467-896530251803066355404557928035950607124936193677,1552.3261125692316,rst_flag_number >,psh_flag_number <=,791432257472445298809701838101022411569407290467,896530251803066355404557928035950607124936193677
791432257472445298809701838101022411569407290467-922599836131670820904126277297069322180441856169,256.4048274012087,rst_flag_number >,Rate <=,791432257472445298809701838101022411569407290467,922599836131670820904126277297069322180441856169
791432257472445298809701838101022411569407290467-926368966621798523173828527325665066772113177503,1118.3049788820922,rst_flag_number >,UDP <=,791432257472445298809701838101022411569407290467,926368966621798523173828527325665066772113177503
791432257472445298809701838101022411569407290467-940331364486966071141541838460909450599289486914,307.83893847667036,rst_flag_number >,rst_count >,791432257472445298809701838101022411569407290467,940331364486966071141541838460909450599289486914
791432257472445298809701838101022411569407290467-974265510705878984211701297112044370513255377925,303.879961919389,rst_flag_number >,Std <=,791432257472445298809701838101022411569407290467,974265510705878984211701297112044370513255377925
795584812918386367255521286735341258439959854242-1043469376771332113858820724324827897913309990452,1452.4067577305218,syn_count >,LLC >,795584812918386367255521286735341258439959854242,1043469376771332113858820724324827897913309990452
795584812918386367255521286735341258439959854242-1043754360836331848364792327262011021650379248223,139.39507581933802,syn_count >,DNS >,795584812918386367255521286735341258439959854242,1043754360836331848364792327262011021650379248223
795584812918386367255521286735341258439959854242-1077028023530208599426324724984012030801332581683,347.47758030327736,syn_count >,Time_To_Live >,795584812918386367255521286735341258439959854242,1077028023530208599426324724984012030801332581683
795584812918386367255521286735341258439959854242-1085488307210616684491611463585545838953333018237,512.1253872493071,syn_count >,Type >,795584812918386367255521286735341258439959854242,1085488307210616684491611463585545838953333018237
795584812918386367255521286735341258439959854242-1091995366823138898995898948102109473193356840202,817.6997259668741,syn_count >,DNS <=,795584812918386367255521286735341258439959854242,1091995366823138898995898948102109473193356840202
795584812918386367255521286735341258439959854242-109928824856976412487775174607761519739702474552,82.82895809554867,syn_count >,Number <=,795584812918386367255521286735341258439959854242,109928824856976412487775174607761519739702474552
795584812918386367255521286735341258439959854242-1118614325010621431186771152252517336813918651911,1240.5281975352798,syn_count >,sum >,795584812918386367255521286735341258439959854242,1118614325010621431186771152252517336813918651911
795584812918386367255521286735341258439959854242-1142857970576506471478393393000113013376204379484,751.9611646144864,syn_count >,rst_flag_number <=,795584812918386367255521286735341258439959854242,1142857970576506471478393393000113013376204379484
795584812918386367255521286735341258439959854242-1232849963170894971818913290506039176322619533319,8.080873960541334,syn_count >,psh_flag_number >,795584812918386367255521286735341258439959854242,1232849963170894971818913290506039176322619533319
795584812918386367255521286735341258439959854242-1233133706649643691022119102239698495899057226060,978.3885563556224,syn_count >,Time_To_Live <=,795584812918386367255521286735341258439959854242,1233133706649643691022119102239698495899057226060
795584812918386367255521286735341258439959854242-1236189254858718471128603624930063881324958313531,45.454916028045005,syn_count >,HTTPS >,795584812918386367255521286735341258439959854242,1236189254858718471128603624930063881324958313531
795584812918386367255521286735341258439959854242-1251276136943778783713685275011300537715092657394,260.608185227458,syn_count >,fin_flag_number >,795584812918386367255521286735341258439959854242,1251276136943778783713685275011300537715092657394
795584812918386367255521286735341258439959854242-1329847435934461746074927120436757452470095790255,4.040436980270667,syn_count >,Min >,795584812918386367255521286735341258439959854242,1329847435934461746074927120436757452470095790255
795584812918386367255521286735341258439959854242-1338222599102815322204523610829624561969283441716,972.5722821541844,syn_count >,SSH <=,795584812918386367255521286735341258439959854242,1338222599102815322204523610829624561969283441716
795584812918386367255521286735341258439959854242-1345309773886921328764805451107636357621530213384,73240.8870967742,syn_count >,Class -1,795584812918386367255521286735341258439959854242,1345309773886921328764805451107636357621530213384
795584812918386367255521286735341258439959854242-1375509225989204300559045429796274689340158771149,587.4762785144354,syn_count >,rst_count <=,795584812918386367255521286735341258439959854242,1375509225989204300559045429796274689340158771149
795584812918386367255521286735341258439959854242-1379366653555122327876205020011632492492609315477,3748.5317005307093,syn_count >,Type <=,795584812918386367255521286735341258439959854242,1379366653555122327876205020011632492492609315477
795584812918386367255521286735341258439959854242-1418162538066850581097605911983264533342366443794,1404.9316232123415,syn_count >,Header_Length <=,795584812918386367255521286735341258439959854242,1418162538066850581097605911983264533342366443794
795584812918386367255521286735341258439959854242-1429650867505148313720594668477948880050562903683,1499.8004318257128,syn_count >,syn_flag_number >,795584812918386367255521286735341258439959854242,1429650867505148313720594668477948880050562903683
795584812918386367255521286735341258439959854242-1454952188391427871478129207189215566009723810659,214.14315995434535,syn_count >,Std >,795584812918386367255521286735341258439959854242,1454952188391427871478129207189215566009723810659
795584812918386367255521286735341258439959854242-1455733501014453866297060548284701359849809242142,231.15209627451702,syn_count >,DHCP <=,795584812918386367255521286735341258439959854242,1455733501014453866297060548284701359849809242142
795584812918386367255521286735341258439959854242-160227321490815016489601533331665083666172936667,2055.034674920972,syn_count >,IGMP <=,795584812918386367255521286735341258439959854242,160227321490815016489601533331665083666172936667
795584812918386367255521286735341258439959854242-171982518954274878349485416184092168691833932185,4156.599543453449,syn_count >,Class 1,795584812918386367255521286735341258439959854242,171982518954274878349485416184092168691833932185
795584812918386367255521286735341258439959854242-207766774224049171901964708681563529125144087827,1650.3067093407951,syn_count >,HTTP >,795584812918386367255521286735341258439959854242,207766774224049171901964708681563529125144087827
795584812918386367255521286735341258439959854242-215123608059624622405742600984392925785664489773,698.6697558948681,syn_count >,Variance <=,795584812918386367255521286735341258439959854242,215123608059624622405742600984392925785664489773
795584812918386367255521286735341258439959854242-218607780770691257170847497927336330511308420255,293.94179031469105,syn_count >,ack_count >,795584812918386367255521286735341258439959854242,218607780770691257170847497927336330511308420255
795584812918386367255521286735341258439959854242-223165296026140232481876277255273629987157553131,93.94015979129301,syn_count >,Header_Length >,795584812918386367255521286735341258439959854242,223165296026140232481876277255273629987157553131
795584812918386367255521286735341258439959854242-337274849629170698169636561573185333120886675912,2.0202184901353335,syn_count >,ece_flag_number >,795584812918386367255521286735341258439959854242,337274849629170698169636561573185333120886675912
795584812918386367255521286735341258439959854242-338730224709676774412755851787278702947952010784,375.59771831919335,syn_count >,sum <=,795584812918386367255521286735341258439959854242,338730224709676774412755851787278702947952010784
795584812918386367255521286735341258439959854242-378316838538499851440768051160724422589084218125,261.6182944725257,syn_count >,IAT <=,795584812918386367255521286735341258439959854242,378316838538499851440768051160724422589084218125
795584812918386367255521286735341258439959854242-40351198695966294513339726256484683518911283460,724.248328713517,syn_count >,fin_flag_number <=,795584812918386367255521286735341258439959854242,40351198695966294513339726256484683518911283460
795584812918386367255521286735341258439959854242-417610515582391639059962073933335223318558562917,1249.7006411638781,syn_count >,fin_count <=,795584812918386367255521286735341258439959854242,417610515582391639059962073933335223318558562917
795584812918386367255521286735341258439959854242-450410814915736770904937984733342042835793211647,434.2655149561074,syn_count >,ece_flag_number <=,795584812918386367255521286735341258439959854242,450410814915736770904937984733342042835793211647
795584812918386367255521286735341258439959854242-475011065740486827108472353828139148231878458661,5.0505462253383335,syn_count >,syn_flag_number <=,795584812918386367255521286735341258439959854242,475011065740486827108472353828139148231878458661
795584812918386367255521286735341258439959854242-505469541859377927785473031559292540931343582537,1292.0437690337308,syn_count >,ICMP <=,795584812918386367255521286735341258439959854242,505469541859377927785473031559292540931343582537
795584812918386367255521286735341258439959854242-510505520442458443414009447271658614884328320759,165.65791619109734,syn_count >,IRC <=,795584812918386367255521286735341258439959854242,510505520442458443414009447271658614884328320759
795584812918386367255521286735341258439959854242-520582048177068818674784514618258893555315007951,29.293168106962337,syn_count >,LLC <=,795584812918386367255521286735341258439959854242,520582048177068818674784514618258893555315007951
795584812918386367255521286735341258439959854242-559797210707093786647851972932919518973015855277,137.37485732920268,syn_count >,fin_count >,795584812918386367255521286735341258439959854242,559797210707093786647851972932919518973015855277
795584812918386367255521286735341258439959854242-681503808608794911981134712221284126975357543438,924.6083850980681,syn_count >,syn_count <=,795584812918386367255521286735341258439959854242,681503808608794911981134712221284126975357543438
795584812918386367255521286735341258439959854242-684418957212367241623111035135876005715150589706,3850.27576884438,syn_count >,HTTP <=,795584812918386367255521286735341258439959854242,684418957212367241623111035135876005715150589706
795584812918386367255521286735341258439959854242-714914936218336719861297767221934377853836589461,510.7894363122821,syn_count >,UDP >,795584812918386367255521286735341258439959854242,714914936218336719861297767221934377853836589461
795584812918386367255521286735341258439959854242-786396322989194697344344278946426998739971577495,4.040436980270667,syn_count >,HTTPS <=,795584812918386367255521286735341258439959854242,786396322989194697344344278946426998739971577495
795584812918386367255521286735341258439959854242-835140271881840015202809914014108690929910415575,367.6797652046307,syn_count >,IAT >,795584812918386367255521286735341258439959854242,835140271881840015202809914014108690929910415575
795584812918386367255521286735341258439959854242-841356973986788424033641854148712928121319667477,86.86939507581934,syn_count >,Variance >,795584812918386367255521286735341258439959854242,841356973986788424033641854148712928121319667477
795584812918386367255521286735341258439959854242-841518471221275042570144506781210008737201997031,886.3056942084861,syn_count >,Min <=,795584812918386367255521286735341258439959854242,841518471221275042570144506781210008737201997031
795584812918386367255521286735341258439959854242-843826879422383561066103188424018239931401286651,180.80955486711235,syn_count >,ack_count <=,795584812918386367255521286735341258439959854242,843826879422383561066103188424018239931401286651
795584812918386367255521286735341258439959854242-896530251803066355404557928035950607124936193677,1245.9045854525755,syn_count >,psh_flag_number <=,795584812918386367255521286735341258439959854242,896530251803066355404557928035950607124936193677
795584812918386367255521286735341258439959854242-922599836131670820904126277297069322180441856169,8.080873960541334,syn_count >,Rate <=,795584812918386367255521286735341258439959854242,922599836131670820904126277297069322180441856169
795584812918386367255521286735341258439959854242-926368966621798523173828527325665066772113177503,2544.530356663844,syn_count >,UDP <=,795584812918386367255521286735341258439959854242,926368966621798523173828527325665066772113177503
795584812918386367255521286735341258439959854242-974265510705878984211701297112044370513255377925,617.1767487363444,syn_count >,Std <=,795584812918386367255521286735341258439959854242,974265510705878984211701297112044370513255377925
835140271881840015202809914014108690929910415575-1043469376771332113858820724324827897913309990452,1202.551348337655,IAT >,LLC >,835140271881840015202809914014108690929910415575,1043469376771332113858820724324827897913309990452
835140271881840015202809914014108690929910415575-1043754360836331848364792327262011021650379248223,18.181966411218003,IAT >,DNS >,835140271881840015202809914014108690929910415575,1043754360836331848364792327262011021650379248223
835140271881840015202809914014108690929910415575-1077028023530208599426324724984012030801332581683,869.704060003261,IAT >,Time_To_Live >,835140271881840015202809914014108690929910415575,1077028023530208599426324724984012030801332581683
835140271881840015202809914014108690929910415575-1085488307210616684491611463585545838953333018237,87.87950432088701,IAT >,Type >,835140271881840015202809914014108690929910415575,1085488307210616684491611463585545838953333018237
835140271881840015202809914014108690929910415575-1091995366823138898995898948102109473193356840202,278.79015163867604,IAT >,DNS <=,835140271881840015202809914014108690929910415575,1091995366823138898995898948102109473193356840202
835140271881840015202809914014108690929910415575-109928824856976412487775174607761519739702474552,205.05217674873634,IAT >,Number <=,835140271881840015202809914014108690929910415575,109928824856976412487775174607761519739702474552
835140271881840015202809914014108690929910415575-1118614325010621431186771152252517336813918651911,232.32512636556336,IAT >,sum >,835140271881840015202809914014108690929910415575,1118614325010621431186771152252517336813918651911
835140271881840015202809914014108690929910415575-1142857970576506471478393393000113013376204379484,643.4395891081037,IAT >,rst_flag_number <=,835140271881840015202809914014108690929910415575,1142857970576506471478393393000113013376204379484
835140271881840015202809914014108690929910415575-1184472685782376059334758133512718430805424685192,34.34371433230067,IAT >,SSH >,835140271881840015202809914014108690929910415575,1184472685782376059334758133512718430805424685192
835140271881840015202809914014108690929910415575-1232849963170894971818913290506039176322619533319,721.2180009783141,IAT >,psh_flag_number >,835140271881840015202809914014108690929910415575,1232849963170894971818913290506039176322619533319
835140271881840015202809914014108690929910415575-1233133706649643691022119102239698495899057226060,1108.9370302383195,IAT >,Time_To_Live <=,835140271881840015202809914014108690929910415575,1233133706649643691022119102239698495899057226060
835140271881840015202809914014108690929910415575-1236189254858718471128603624930063881324958313531,154.546714495353,IAT >,HTTPS >,835140271881840015202809914014108690929910415575,1236189254858718471128603624930063881324958313531
835140271881840015202809914014108690929910415575-1251276136943778783713685275011300537715092657394,1021.5788726245642,IAT >,fin_flag_number >,835140271881840015202809914014108690929910415575,1251276136943778783713685275011300537715092657394
835140271881840015202809914014108690929910415575-1329847435934461746074927120436757452470095790255,458.5895972607207,IAT >,Min >,835140271881840015202809914014108690929910415575,1329847435934461746074927120436757452470095790255
835140271881840015202809914014108690929910415575-1338222599102815322204523610829624561969283441716,1856.417871588393,IAT >,SSH <=,835140271881840015202809914014108690929910415575,1338222599102815322204523610829624561969283441716
835140271881840015202809914014108690929910415575-1345309773886921328764805451107636357621530213384,6994.354838709678,IAT >,Class -1,835140271881840015202809914014108690929910415575,1345309773886921328764805451107636357621530213384
835140271881840015202809914014108690929910415575-1375509225989204300559045429796274689340158771149,568.6915049730964,IAT >,rst_count <=,835140271881840015202809914014108690929910415575,1375509225989204300559045429796274689340158771149
835140271881840015202809914014108690929910415575-1379366653555122327876205020011632492492609315477,2046.1554888151354,IAT >,Type <=,835140271881840015202809914014108690929910415575,1379366653555122327876205020011632492492609315477
835140271881840015202809914014108690929910415575-1418162538066850581097605911983264533342366443794,729.217414515866,IAT >,Header_Length <=,835140271881840015202809914014108690929910415575,1418162538066850581097605911983264533342366443794
835140271881840015202809914014108690929910415575-1429650867505148313720594668477948880050562903683,31.31338659709767,IAT >,syn_flag_number >,835140271881840015202809914014108690929910415575,1429650867505148313720594668477948880050562903683
835140271881840015202809914014108690929910415575-1454952188391427871478129207189215566009723810659,319.1945214413827,IAT >,Std >,835140271881840015202809914014108690929910415575,1454952188391427871478129207189215566009723810659
835140271881840015202809914014108690929910415575-1455733501014453866297060548284701359849809242142,148.48605902494702,IAT >,DHCP <=,835140271881840015202809914014108690929910415575,1455733501014453866297060548284701359849809242142
835140271881840015202809914014108690929910415575-160227321490815016489601533331665083666172936667,866.1035093071328,IAT >,IGMP <=,835140271881840015202809914014108690929910415575,160227321490815016489601533331665083666172936667
835140271881840015202809914014108690929910415575-171982518954274878349485416184092168691833932185,13075.864177400947,IAT >,Class 1,835140271881840015202809914014108690929910415575,171982518954274878349485416184092168691833932185
835140271881840015202809914014108690929910415575-207766774224049171901964708681563529125144087827,452.4474813673254,IAT >,HTTP >,835140271881840015202809914014108690929910415575,207766774224049171901964708681563529125144087827
835140271881840015202809914014108690929910415575-215123608059624622405742600984392925785664489773,2002.8022517002153,IAT >,Variance <=,835140271881840015202809914014108690929910415575,215123608059624622405742600984392925785664489773
835140271881840015202809914014108690929910415575-218607780770691257170847497927336330511308420255,225.2543616500897,IAT >,ack_count >,835140271881840015202809914014108690929910415575,218607780770691257170847497927336330511308420255
835140271881840015202809914014108690929910415575-223165296026140232481876277255273629987157553131,279.8002608837437,IAT >,Header_Length >,835140271881840015202809914014108690929910415575,223165296026140232481876277255273629987157553131
835140271881840015202809914014108690929910415575-335418722972519651500040442315750311827115323662,641.2564497719898,IAT >,Rate >,835140271881840015202809914014108690929910415575,335418722972519651500040442315750311827115323662
835140271881840015202809914014108690929910415575-338730224709676774412755851787278702947952010784,1164.4930387170411,IAT >,sum <=,835140271881840015202809914014108690929910415575,338730224709676774412755851787278702947952010784
835140271881840015202809914014108690929910415575-371266811264664269299964157380215767396824640058,52.52568074351867,IAT >,ICMP >,835140271881840015202809914014108690929910415575,371266811264664269299964157380215767396824640058
835140271881840015202809914014108690929910415575-378316838538499851440768051160724422589084218125,273.7396054133377,IAT >,IAT <=,835140271881840015202809914014108690929910415575,378316838538499851440768051160724422589084218125
835140271881840015202809914014108690929910415575-40351198695966294513339726256484683518911283460,1037.3821946844937,IAT >,fin_flag_number <=,835140271881840015202809914014108690929910415575,40351198695966294513339726256484683518911283460
835140271881840015202809914014108690929910415575-417610515582391639059962073933335223318558562917,802.7924685598271,IAT >,fin_count <=,835140271881840015202809914014108690929910415575,417610515582391639059962073933335223318558562917
835140271881840015202809914014108690929910415575-450410814915736770904937984733342042835793211647,558.5904125224197,IAT >,ece_flag_number <=,835140271881840015202809914014108690929910415575,450410814915736770904937984733342042835793211647
835140271881840015202809914014108690929910415575-475011065740486827108472353828139148231878458661,450.42726287719006,IAT >,syn_flag_number <=,835140271881840015202809914014108690929910415575,475011065740486827108472353828139148231878458661
835140271881840015202809914014108690929910415575-505469541859377927785473031559292540931343582537,464.6502527311267,IAT >,ICMP <=,835140271881840015202809914014108690929910415575,505469541859377927785473031559292540931343582537
835140271881840015202809914014108690929910415575-520582048177068818674784514618258893555315007951,277.78004239360837,IAT >,LLC <=,835140271881840015202809914014108690929910415575,520582048177068818674784514618258893555315007951
835140271881840015202809914014108690929910415575-559797210707093786647851972932919518973015855277,131.23274143580736,IAT >,fin_count >,835140271881840015202809914014108690929910415575,559797210707093786647851972932919518973015855277
835140271881840015202809914014108690929910415575-565103970815292376991711972572924808853013487374,8.080873960541334,IAT >,IGMP >,835140271881840015202809914014108690929910415575,565103970815292376991711972572924808853013487374
835140271881840015202809914014108690929910415575-629827923182617752624696690572530002196221478554,110.02044728938635,IAT >,DHCP >,835140271881840015202809914014108690929910415575,629827923182617752624696690572530002196221478554
835140271881840015202809914014108690929910415575-681503808608794911981134712221284126975357543438,2556.9449251274177,IAT >,syn_count <=,835140271881840015202809914014108690929910415575,681503808608794911981134712221284126975357543438
835140271881840015202809914014108690929910415575-684418957212367241623111035135876005715150589706,533.337681395728,IAT >,HTTP <=,835140271881840015202809914014108690929910415575,684418957212367241623111035135876005715150589706
835140271881840015202809914014108690929910415575-714914936218336719861297767221934377853836589461,322.2248491765857,IAT >,UDP >,835140271881840015202809914014108690929910415575,714914936218336719861297767221934377853836589461
835140271881840015202809914014108690929910415575-786396322989194697344344278946426998739971577495,326.26528615685635,IAT >,HTTPS <=,835140271881840015202809914014108690929910415575,786396322989194697344344278946426998739971577495
835140271881840015202809914014108690929910415575-791432257472445298809701838101022411569407290467,1917.6598175917695,IAT >,rst_flag_number >,835140271881840015202809914014108690929910415575,791432257472445298809701838101022411569407290467
835140271881840015202809914014108690929910415575-795584812918386367255521286735341258439959854242,246.46665579651068,IAT >,syn_count >,835140271881840015202809914014108690929910415575,795584812918386367255521286735341258439959854242
835140271881840015202809914014108690929910415575-835140271881840015202809914014108690929910415575,351.51801728354803,IAT >,IAT >,835140271881840015202809914014108690929910415575,835140271881840015202809914014108690929910415575
835140271881840015202809914014108690929910415575-841356973986788424033641854148712928121319667477,1343.3638355170074,IAT >,Variance >,835140271881840015202809914014108690929910415575,841356973986788424033641854148712928121319667477
835140271881840015202809914014108690929910415575-841518471221275042570144506781210008737201997031,2753.5578020544594,IAT >,Min <=,835140271881840015202809914014108690929910415575,841518471221275042570144506781210008737201997031
835140271881840015202809914014108690929910415575-843826879422383561066103188424018239931401286651,815.0767003466177,IAT >,ack_count <=,835140271881840015202809914014108690929910415575,843826879422383561066103188424018239931401286651
835140271881840015202809914014108690929910415575-896530251803066355404557928035950607124936193677,2105.996315543096,IAT >,psh_flag_number <=,835140271881840015202809914014108690929910415575,896530251803066355404557928035950607124936193677
835140271881840015202809914014108690929910415575-922599836131670820904126277297069322180441856169,1419.887756873182,IAT >,Rate <=,835140271881840015202809914014108690929910415575,922599836131670820904126277297069322180441856169
835140271881840015202809914014108690929910415575-926368966621798523173828527325665066772113177503,302.02266427523233,IAT >,UDP <=,835140271881840015202809914014108690929910415575,926368966621798523173828527325665066772113177503
835140271881840015202809914014108690929910415575-940331364486966071141541838460909450599289486914,6.060655470406001,IAT >,rst_count >,835140271881840015202809914014108690929910415575,940331364486966071141541838460909450599289486914
835140271881840015202809914014108690929910415575-974265510705878984211701297112044370513255377925,1896.9851622370782,IAT >,Std <=,835140271881840015202809914014108690929910415575,974265510705878984211701297112044370513255377925
841356973986788424033641854148712928121319667477-1043469376771332113858820724324827897913309990452,1165.5846083850981,Variance >,LLC >,841356973986788424033641854148712928121319667477,1043469376771332113858820724324827897913309990452
841356973986788424033641854148712928121319667477-1043754360836331848364792327262011021650379248223,85.85928583075167,Variance >,DNS >,841356973986788424033641854148712928121319667477,1043754360836331848364792327262011021650379248223
841356973986788424033641854148712928121319667477-1077028023530208599426324724984012030801332581683,888.7332148135681,Variance >,Time_To_Live >,841356973986788424033641854148712928121319667477,1077028023530208599426324724984012030801332581683
841356973986788424033641854148712928121319667477-1085488307210616684491611463585545838953333018237,84.849176585684,Variance >,Type >,841356973986788424033641854148712928121319667477,1085488307210616684491611463585545838953333018237
841356973986788424033641854148712928121319667477-1091995366823138898995898948102109473193356840202,186.87021033751836,Variance >,DNS <=,841356973986788424033641854148712928121319667477,1091995366823138898995898948102109473193356840202
841356973986788424033641854148712928121319667477-109928824856976412487775174607761519739702474552,66.667210174466,Variance >,Number <=,841356973986788424033641854148712928121319667477,109928824856976412487775174607761519739702474552
841356973986788424033641854148712928121319667477-1118614325010621431186771152252517336813918651911,421.1340947702277,Variance >,sum >,841356973986788424033641854148712928121319667477,1118614325010621431186771152252517336813918651911
841356973986788424033641854148712928121319667477-1142857970576506471478393393000113013376204379484,331.3158323821947,Variance >,rst_flag_number <=,841356973986788424033641854148712928121319667477,1142857970576506471478393393000113013376204379484
841356973986788424033641854148712928121319667477-1184472685782376059334758133512718430805424685192,11.111201695744334,Variance >,SSH >,841356973986788424033641854148712928121319667477,1184472685782376059334758133512718430805424685192
841356973986788424033641854148712928121319667477-1232849963170894971818913290506039176322619533319,357.57867275395404,Variance >,psh_flag_number >,841356973986788424033641854148712928121319667477,1232849963170894971818913290506039176322619533319
841356973986788424033641854148712928121319667477-1233133706649643691022119102239698495899057226060,1349.4244909874135,Variance >,Time_To_Live <=,841356973986788424033641854148712928121319667477,1233133706649643691022119102239698495899057226060
841356973986788424033641854148712928121319667477-1236189254858718471128603624930063881324958313531,2362.5640637902834,Variance >,HTTPS >,841356973986788424033641854148712928121319667477,1236189254858718471128603624930063881324958313531
841356973986788424033641854148712928121319667477-1251276136943778783713685275011300537715092657394,47.47513451818034,Variance >,fin_flag_number >,841356973986788424033641854148712928121319667477,1251276136943778783713685275011300537715092657394
841356973986788424033641854148712928121319667477-1329847435934461746074927120436757452470095790255,734.1050398952258,Variance >,Min >,841356973986788424033641854148712928121319667477,1329847435934461746074927120436757452470095790255
841356973986788424033641854148712928121319667477-1338222599102815322204523610829624561969283441716,516.8500917826881,Variance >,SSH <=,841356973986788424033641854148712928121319667477,1338222599102815322204523610829624561969283441716
841356973986788424033641854148712928121319667477-1345309773886921328764805451107636357621530213384,5095.887096774194,Variance >,Class -1,841356973986788424033641854148712928121319667477,1345309773886921328764805451107636357621530213384
841356973986788424033641854148712928121319667477-1375509225989204300559045429796274689340158771149,2020.9842181114332,Variance >,rst_count <=,841356973986788424033641854148712928121319667477,1375509225989204300559045429796274689340158771149
841356973986788424033641854148712928121319667477-1379366653555122327876205020011632492492609315477,384.85162237078106,Variance >,Type <=,841356973986788424033641854148712928121319667477,1379366653555122327876205020011632492492609315477
841356973986788424033641854148712928121319667477-1418162538066850581097605911983264533342366443794,336.366378607533,Variance >,Header_Length <=,841356973986788424033641854148712928121319667477,1418162538066850581097605911983264533342366443794
841356973986788424033641854148712928121319667477-1429650867505148313720594668477948880050562903683,86.86939507581934,Variance >,syn_flag_number >,841356973986788424033641854148712928121319667477,1429650867505148313720594668477948880050562903683
841356973986788424033641854148712928121319667477-1454952188391427871478129207189215566009723810659,846.3900869437155,Variance >,Std >,841356973986788424033641854148712928121319667477,1454952188391427871478129207189215566009723810659
841356973986788424033641854148712928121319667477-1455733501014453866297060548284701359849809242142,563.6409587477581,Variance >,DHCP <=,841356973986788424033641854148712928121319667477,1455733501014453866297060548284701359849809242142
841356973986788424033641854148712928121319667477-160227321490815016489601533331665083666172936667,72.72786564487201,Variance >,IGMP <=,841356973986788424033641854148712928121319667477,160227321490815016489601533331665083666172936667
841356973986788424033641854148712928121319667477-171982518954274878349485416184092168691833932185,9797.0495679113,Variance >,Class 1,841356973986788424033641854148712928121319667477,171982518954274878349485416184092168691833932185
841356973986788424033641854148712928121319667477-207766774224049171901964708681563529125144087827,1355.9250327419618,Variance >,HTTP >,841356973986788424033641854148712928121319667477,207766774224049171901964708681563529125144087827
841356973986788424033641854148712928121319667477-215123608059624622405742600984392925785664489773,1506.0728843958912,Variance >,Variance <=,841356973986788424033641854148712928121319667477,215123608059624622405742600984392925785664489773
841356973986788424033641854148712928121319667477-218607780770691257170847497927336330511308420255,72.72786564487201,Variance >,ack_count >,841356973986788424033641854148712928121319667477,218607780770691257170847497927336330511308420255
841356973986788424033641854148712928121319667477-223165296026140232481876277255273629987157553131,377.7808576553074,Variance >,Header_Length >,841356973986788424033641854148712928121319667477,223165296026140232481876277255273629987157553131
841356973986788424033641854148712928121319667477-335418722972519651500040442315750311827115323662,485.8625468775477,Variance >,Rate >,841356973986788424033641854148712928121319667477,335418722972519651500040442315750311827115323662
841356973986788424033641854148712928121319667477-338730224709676774412755851787278702947952010784,802.0267405837274,Variance >,sum <=,841356973986788424033641854148712928121319667477,338730224709676774412755851787278702947952010784
841356973986788424033641854148712928121319667477-371266811264664269299964157380215767396824640058,1.0101092450676668,Variance >,ICMP >,841356973986788424033641854148712928121319667477,371266811264664269299964157380215767396824640058
841356973986788424033641854148712928121319667477-378316838538499851440768051160724422589084218125,951.4414484307528,Variance >,IAT <=,841356973986788424033641854148712928121319667477,378316838538499851440768051160724422589084218125
841356973986788424033641854148712928121319667477-40351198695966294513339726256484683518911283460,1304.9796842044361,Variance >,fin_flag_number <=,841356973986788424033641854148712928121319667477,40351198695966294513339726256484683518911283460
841356973986788424033641854148712928121319667477-417610515582391639059962073933335223318558562917,880.733801276016,Variance >,fin_count <=,841356973986788424033641854148712928121319667477,417610515582391639059962073933335223318558562917
841356973986788424033641854148712928121319667477-450410814915736770904937984733342042835793211647,177.77922713190935,Variance >,ece_flag_number <=,841356973986788424033641854148712928121319667477,450410814915736770904937984733342042835793211647
841356973986788424033641854148712928121319667477-475011065740486827108472353828139148231878458661,282.7491281959574,Variance >,syn_flag_number <=,841356973986788424033641854148712928121319667477,475011065740486827108472353828139148231878458661
841356973986788424033641854148712928121319667477-505469541859377927785473031559292540931343582537,525.0938865892081,Variance >,ICMP <=,841356973986788424033641854148712928121319667477,505469541859377927785473031559292540931343582537
841356973986788424033641854148712928121319667477-520582048177068818674784514618258893555315007951,98.99070601663134,Variance >,LLC <=,841356973986788424033641854148712928121319667477,520582048177068818674784514618258893555315007951
841356973986788424033641854148712928121319667477-559797210707093786647851972932919518973015855277,395.7184427975574,Variance >,fin_count >,841356973986788424033641854148712928121319667477,559797210707093786647851972932919518973015855277
841356973986788424033641854148712928121319667477-629827923182617752624696690572530002196221478554,16.161747921082668,Variance >,DHCP >,841356973986788424033641854148712928121319667477,629827923182617752624696690572530002196221478554
841356973986788424033641854148712928121319667477-681503808608794911981134712221284126975357543438,340.4068155878037,Variance >,syn_count <=,841356973986788424033641854148712928121319667477,681503808608794911981134712221284126975357543438
841356973986788424033641854148712928121319667477-684418957212367241623111035135876005715150589706,2874.68945103959,Variance >,HTTP <=,841356973986788424033641854148712928121319667477,684418957212367241623111035135876005715150589706
841356973986788424033641854148712928121319667477-714914936218336719861297767221934377853836589461,132.32431110386435,Variance >,UDP >,841356973986788424033641854148712928121319667477,714914936218336719861297767221934377853836589461
841356973986788424033641854148712928121319667477-786396322989194697344344278946426998739971577495,962.552650126497,Variance >,HTTPS <=,841356973986788424033641854148712928121319667477,786396322989194697344344278946426998739971577495
841356973986788424033641854148712928121319667477-791432257472445298809701838101022411569407290467,126.18219521046902,Variance >,rst_flag_number >,841356973986788424033641854148712928121319667477,791432257472445298809701838101022411569407290467
841356973986788424033641854148712928121319667477-795584812918386367255521286735341258439959854242,46.46502527311267,Variance >,syn_count >,841356973986788424033641854148712928121319667477,795584812918386367255521286735341258439959854242
841356973986788424033641854148712928121319667477-835140271881840015202809914014108690929910415575,1496.981901190282,Variance >,IAT >,841356973986788424033641854148712928121319667477,835140271881840015202809914014108690929910415575
841356973986788424033641854148712928121319667477-841356973986788424033641854148712928121319667477,52.52568074351867,Variance >,Variance >,841356973986788424033641854148712928121319667477,841356973986788424033641854148712928121319667477
841356973986788424033641854148712928121319667477-841518471221275042570144506781210008737201997031,1820.6567458960778,Variance >,Min <=,841356973986788424033641854148712928121319667477,841518471221275042570144506781210008737201997031
841356973986788424033641854148712928121319667477-843826879422383561066103188424018239931401286651,304.04288276536766,Variance >,ack_count <=,841356973986788424033641854148712928121319667477,843826879422383561066103188424018239931401286651
841356973986788424033641854148712928121319667477-896530251803066355404557928035950607124936193677,652.5305723137127,Variance >,psh_flag_number <=,841356973986788424033641854148712928121319667477,896530251803066355404557928035950607124936193677
841356973986788424033641854148712928121319667477-922599836131670820904126277297069322180441856169,2360.2180036081904,Variance >,Rate <=,841356973986788424033641854148712928121319667477,922599836131670820904126277297069322180441856169
841356973986788424033641854148712928121319667477-926368966621798523173828527325665066772113177503,1062.5534653881962,Variance >,UDP <=,841356973986788424033641854148712928121319667477,926368966621798523173828527325665066772113177503
841356973986788424033641854148712928121319667477-940331364486966071141541838460909450599289486914,3098.5101092450677,Variance >,rst_count >,841356973986788424033641854148712928121319667477,940331364486966071141541838460909450599289486914
841356973986788424033641854148712928121319667477-974265510705878984211701297112044370513255377925,2441.4340453285504,Variance >,Std <=,841356973986788424033641854148712928121319667477,974265510705878984211701297112044370513255377925
841518471221275042570144506781210008737201997031-1043469376771332113858820724324827897913309990452,15062.211423657316,Min <=,LLC >,841518471221275042570144506781210008737201997031,1043469376771332113858820724324827897913309990452
841518471221275042570144506781210008737201997031-1043754360836331848364792327262011021650379248223,658.5097673611294,Min <=,DNS >,841518471221275042570144506781210008737201997031,1043754360836331848364792327262011021650379248223
841518471221275042570144506781210008737201997031-1077028023530208599426324724984012030801332581683,4344.479863036035,Min <=,Time_To_Live >,841518471221275042570144506781210008737201997031,1077028023530208599426324724984012030801332581683
841518471221275042570144506781210008737201997031-1085488307210616684491611463585545838953333018237,5110.989859196415,Min <=,Type >,841518471221275042570144506781210008737201997031,1085488307210616684491611463585545838953333018237
841518471221275042570144506781210008737201997031-1091995366823138898995898948102109473193356840202,19556.83913834728,Min <=,DNS <=,841518471221275042570144506781210008737201997031,1091995366823138898995898948102109473193356840202
841518471221275042570144506781210008737201997031-109928824856976412487775174607761519739702474552,260.608185227458,Min <=,Number <=,841518471221275042570144506781210008737201997031,109928824856976412487775174607761519739702474552
841518471221275042570144506781210008737201997031-1118614325010621431186771152252517336813918651911,2140.9428370055175,Min <=,sum >,841518471221275042570144506781210008737201997031,1118614325010621431186771152252517336813918651911
841518471221275042570144506781210008737201997031-1142857970576506471478393393000113013376204379484,9738.463231697375,Min <=,rst_flag_number <=,841518471221275042570144506781210008737201997031,1142857970576506471478393393000113013376204379484
841518471221275042570144506781210008737201997031-1184472685782376059334758133512718430805424685192,240.24307948012603,Min <=,SSH >,841518471221275042570144506781210008737201997031,1184472685782376059334758133512718430805424685192
841518471221275042570144506781210008737201997031-1232849963170894971818913290506039176322619533319,1981.8343388227622,Min <=,psh_flag_number >,841518471221275042570144506781210008737201997031,1232849963170894971818913290506039176322619533319
841518471221275042570144506781210008737201997031-1233133706649643691022119102239698495899057226060,5401.526603830152,Min <=,Time_To_Live <=,841518471221275042570144506781210008737201997031,1233133706649643691022119102239698495899057226060
841518471221275042570144506781210008737201997031-1236189254858718471128603624930063881324958313531,5226.305233980108,Min <=,HTTPS >,841518471221275042570144506781210008737201997031,1236189254858718471128603624930063881324958313531
841518471221275042570144506781210008737201997031-1239329028096551917906154637654656383307088642249,55.55600847872167,Min <=,cwr_flag_number <=,841518471221275042570144506781210008737201997031,1239329028096551917906154637654656383307088642249
841518471221275042570144506781210008737201997031-1251276136943778783713685275011300537715092657394,131.31420185879668,Min <=,fin_flag_number >,841518471221275042570144506781210008737201997031,1251276136943778783713685275011300537715092657394
841518471221275042570144506781210008737201997031-1329847435934461746074927120436757452470095790255,47.47513451818034,Min <=,Min >,841518471221275042570144506781210008737201997031,1329847435934461746074927120436757452470095790255
841518471221275042570144506781210008737201997031-1338222599102815322204523610829624561969283441716,8202.087069949454,Min <=,SSH <=,841518471221275042570144506781210008737201997031,1338222599102815322204523610829624561969283441716
841518471221275042570144506781210008737201997031-1345309773886921328764805451107636357621530213384,5995.1612903225805,Min <=,Class -1,841518471221275042570144506781210008737201997031,1345309773886921328764805451107636357621530213384
841518471221275042570144506781210008737201997031-1375509225989204300559045429796274689340158771149,1945.4704060003262,Min <=,rst_count <=,841518471221275042570144506781210008737201997031,1375509225989204300559045429796274689340158771149
841518471221275042570144506781210008737201997031-1379366653555122327876205020011632492492609315477,2927.931983505415,Min <=,Type <=,841518471221275042570144506781210008737201997031,1379366653555122327876205020011632492492609315477
841518471221275042570144506781210008737201997031-1418162538066850581097605911983264533342366443794,7533.345873460865,Min <=,Header_Length <=,841518471221275042570144506781210008737201997031,1418162538066850581097605911983264533342366443794
841518471221275042570144506781210008737201997031-1429650867505148313720594668477948880050562903683,39.394260557639,Min <=,syn_flag_number >,841518471221275042570144506781210008737201997031,1429650867505148313720594668477948880050562903683
841518471221275042570144506781210008737201997031-1454952188391427871478129207189215566009723810659,2041.1049425897972,Min <=,Std >,841518471221275042570144506781210008737201997031,1454952188391427871478129207189215566009723810659
841518471221275042570144506781210008737201997031-1455733501014453866297060548284701359849809242142,132.32431110386435,Min <=,DHCP <=,841518471221275042570144506781210008737201997031,1455733501014453866297060548284701359849809242142
841518471221275042570144506781210008737201997031-160227321490815016489601533331665083666172936667,5578.621563408951,Min <=,IGMP <=,841518471221275042570144506781210008737201997031,160227321490815016489601533331665083666172936667
841518471221275042570144506781210008737201997031-171982518954274878349485416184092168691833932185,36642.72297407468,Min <=,Class 1,841518471221275042570144506781210008737201997031,171982518954274878349485416184092168691833932185
841518471221275042570144506781210008737201997031-207766774224049171901964708681563529125144087827,9644.343858975506,Min <=,HTTP >,841518471221275042570144506781210008737201997031,207766774224049171901964708681563529125144087827
841518471221275042570144506781210008737201997031-215123608059624622405742600984392925785664489773,4099.023316484591,Min <=,Variance <=,841518471221275042570144506781210008737201997031,215123608059624622405742600984392925785664489773
841518471221275042570144506781210008737201997031-218607780770691257170847497927336330511308420255,12560.350036555283,Min <=,ack_count >,841518471221275042570144506781210008737201997031,218607780770691257170847497927336330511308420255
841518471221275042570144506781210008737201997031-223165296026140232481876277255273629987157553131,4708.640537967526,Min <=,Header_Length >,841518471221275042570144506781210008737201997031,223165296026140232481876277255273629987157553131
841518471221275042570144506781210008737201997031-335418722972519651500040442315750311827115323662,551.4381873839567,Min <=,Rate >,841518471221275042570144506781210008737201997031,335418722972519651500040442315750311827115323662
841518471221275042570144506781210008737201997031-338730224709676774412755851787278702947952010784,2612.0610473219967,Min <=,sum <=,841518471221275042570144506781210008737201997031,338730224709676774412755851787278702947952010784
841518471221275042570144506781210008737201997031-371266811264664269299964157380215767396824640058,83.83906734061634,Min <=,ICMP >,841518471221275042570144506781210008737201997031,371266811264664269299964157380215767396824640058
841518471221275042570144506781210008737201997031-378316838538499851440768051160724422589084218125,18582.34439021055,Min <=,IAT <=,841518471221275042570144506781210008737201997031,378316838538499851440768051160724422589084218125
841518471221275042570144506781210008737201997031-40351198695966294513339726256484683518911283460,15193.02057089358,Min <=,fin_flag_number <=,841518471221275042570144506781210008737201997031,40351198695966294513339726256484683518911283460
841518471221275042570144506781210008737201997031-417610515582391639059962073933335223318558562917,1712.135170389695,Min <=,fin_count <=,841518471221275042570144506781210008737201997031,417610515582391639059962073933335223318558562917
841518471221275042570144506781210008737201997031-450410814915736770904937984733342042835793211647,853.5423120821785,Min <=,ece_flag_number <=,841518471221275042570144506781210008737201997031,450410814915736770904937984733342042835793211647
841518471221275042570144506781210008737201997031-475011065740486827108472353828139148231878458661,5243.395630723268,Min <=,syn_flag_number <=,841518471221275042570144506781210008737201997031,475011065740486827108472353828139148231878458661
841518471221275042570144506781210008737201997031-505469541859377927785473031559292540931343582537,1201.0198923854557,Min <=,ICMP <=,841518471221275042570144506781210008737201997031,505469541859377927785473031559292540931343582537
841518471221275042570144506781210008737201997031-510505520442458443414009447271658614884328320759,686.8742866460134,Min <=,IRC <=,841518471221275042570144506781210008737201997031,510505520442458443414009447271658614884328320759
841518471221275042570144506781210008737201997031-520582048177068818674784514618258893555315007951,2561.7836742529835,Min <=,LLC <=,841518471221275042570144506781210008737201997031,520582048177068818674784514618258893555315007951
841518471221275042570144506781210008737201997031-559797210707093786647851972932919518973015855277,60.60655470406,Min <=,fin_count >,841518471221275042570144506781210008737201997031,559797210707093786647851972932919518973015855277
841518471221275042570144506781210008737201997031-565103970815292376991711972572924808853013487374,6.060655470406001,Min <=,IGMP >,841518471221275042570144506781210008737201997031,565103970815292376991711972572924808853013487374
841518471221275042570144506781210008737201997031-629827923182617752624696690572530002196221478554,7.0707647154736675,Min <=,DHCP >,841518471221275042570144506781210008737201997031,629827923182617752624696690572530002196221478554
841518471221275042570144506781210008737201997031-681503808608794911981134712221284126975357543438,8855.05752854731,Min <=,syn_count <=,841518471221275042570144506781210008737201997031,681503808608794911981134712221284126975357543438
841518471221275042570144506781210008737201997031-684418957212367241623111035135876005715150589706,19438.3793912362,Min <=,HTTP <=,841518471221275042570144506781210008737201997031,684418957212367241623111035135876005715150589706
841518471221275042570144506781210008737201997031-714914936218336719861297767221934377853836589461,412.124571987608,Min <=,UDP >,841518471221275042570144506781210008737201997031,714914936218336719861297767221934377853836589461
841518471221275042570144506781210008737201997031-786396322989194697344344278946426998739971577495,775.7639002119681,Min <=,HTTPS <=,841518471221275042570144506781210008737201997031,786396322989194697344344278946426998739971577495
841518471221275042570144506781210008737201997031-791432257472445298809701838101022411569407290467,139.39507581933802,Min <=,rst_flag_number >,841518471221275042570144506781210008737201997031,791432257472445298809701838101022411569407290467
841518471221275042570144506781210008737201997031-795584812918386367255521286735341258439959854242,953.0543648059414,Min <=,syn_count >,841518471221275042570144506781210008737201997031,795584812918386367255521286735341258439959854242
841518471221275042570144506781210008737201997031-835140271881840015202809914014108690929910415575,2012.1376161747921,Min <=,IAT >,841518471221275042570144506781210008737201997031,835140271881840015202809914014108690929910415575
841518471221275042570144506781210008737201997031-841356973986788424033641854148712928121319667477,778.6313071011924,Min <=,Variance >,841518471221275042570144506781210008737201997031,841356973986788424033641854148712928121319667477
841518471221275042570144506781210008737201997031-841518471221275042570144506781210008737201997031,731.2376330060014,Min <=,Min <=,841518471221275042570144506781210008737201997031,841518471221275042570144506781210008737201997031
841518471221275042570144506781210008737201997031-843826879422383561066103188424018239931401286651,10137.456383499104,Min <=,ack_count <=,841518471221275042570144506781210008737201997031,843826879422383561066103188424018239931401286651
841518471221275042570144506781210008737201997031-896530251803066355404557928035950607124936193677,2524.263003424099,Min <=,psh_flag_number <=,841518471221275042570144506781210008737201997031,896530251803066355404557928035950607124936193677
841518471221275042570144506781210008737201997031-922599836131670820904126277297069322180441856169,6621.021720149588,Min <=,Rate <=,841518471221275042570144506781210008737201997031,922599836131670820904126277297069322180441856169
841518471221275042570144506781210008737201997031-926368966621798523173828527325665066772113177503,6825.2267084992345,Min <=,UDP <=,841518471221275042570144506781210008737201997031,926368966621798523173828527325665066772113177503
841518471221275042570144506781210008737201997031-974265510705878984211701297112044370513255377925,16494.709254009245,Min <=,Std <=,841518471221275042570144506781210008737201997031,974265510705878984211701297112044370513255377925
843826879422383561066103188424018239931401286651-1043469376771332113858820724324827897913309990452,3916.4705085655078,ack_count <=,LLC >,843826879422383561066103188424018239931401286651,1043469376771332113858820724324827897913309990452
843826879422383561066103188424018239931401286651-1043754360836331848364792327262011021650379248223,1143.28074457062,ack_count <=,DNS >,843826879422383561066103188424018239931401286651,1043754360836331848364792327262011021650379248223
843826879422383561066103188424018239931401286651-1077028023530208599426324724984012030801332581683,6425.141987029449,ack_count <=,Time_To_Live >,843826879422383561066103188424018239931401286651,1077028023530208599426324724984012030801332581683
843826879422383561066103188424018239931401286651-1085488307210616684491611463585545838953333018237,1157.585194847546,ack_count <=,Type >,843826879422383561066103188424018239931401286651,1085488307210616684491611463585545838953333018237
843826879422383561066103188424018239931401286651-1091995366823138898995898948102109473193356840202,18264.79536931355,ack_count <=,DNS <=,843826879422383561066103188424018239931401286651,1091995366823138898995898948102109473193356840202
843826879422383561066103188424018239931401286651-109928824856976412487775174607761519739702474552,697.9854883417577,ack_count <=,Number <=,843826879422383561066103188424018239931401286651,109928824856976412487775174607761519739702474552
843826879422383561066103188424018239931401286651-1118614325010621431186771152252517336813918651911,2103.0474482308823,ack_count <=,sum >,843826879422383561066103188424018239931401286651,1118614325010621431186771152252517336813918651911
843826879422383561066103188424018239931401286651-1142857970576506471478393393000113013376204379484,107.07157997717268,ack_count <=,rst_flag_number <=,843826879422383561066103188424018239931401286651,1142857970576506471478393393000113013376204379484
843826879422383561066103188424018239931401286651-1184472685782376059334758133512718430805424685192,5.0505462253383335,ack_count <=,SSH >,843826879422383561066103188424018239931401286651,1184472685782376059334758133512718430805424685192
843826879422383561066103188424018239931401286651-1232849963170894971818913290506039176322619533319,377.7808576553074,ack_count <=,psh_flag_number >,843826879422383561066103188424018239931401286651,1232849963170894971818913290506039176322619533319
843826879422383561066103188424018239931401286651-1233133706649643691022119102239698495899057226060,10720.973685456258,ack_count <=,Time_To_Live <=,843826879422383561066103188424018239931401286651,1233133706649643691022119102239698495899057226060
843826879422383561066103188424018239931401286651-1236189254858718471128603624930063881324958313531,7144.502690363607,ack_count <=,HTTPS >,843826879422383561066103188424018239931401286651,1236189254858718471128603624930063881324958313531
843826879422383561066103188424018239931401286651-1251276136943778783713685275011300537715092657394,2069.225080605713,ack_count <=,fin_flag_number >,843826879422383561066103188424018239931401286651,1251276136943778783713685275011300537715092657394
843826879422383561066103188424018239931401286651-1329847435934461746074927120436757452470095790255,502.02429479863036,ack_count <=,Min >,843826879422383561066103188424018239931401286651,1329847435934461746074927120436757452470095790255
843826879422383561066103188424018239931401286651-1338222599102815322204523610829624561969283441716,3712.5099014848283,ack_count <=,SSH <=,843826879422383561066103188424018239931401286651,1338222599102815322204523610829624561969283441716
843826879422383561066103188424018239931401286651-1345309773886921328764805451107636357621530213384,13089.435483870968,ack_count <=,Class -1,843826879422383561066103188424018239931401286651,1345309773886921328764805451107636357621530213384
843826879422383561066103188424018239931401286651-1375509225989204300559045429796274689340158771149,3629.2410571051373,ack_count <=,rst_count <=,843826879422383561066103188424018239931401286651,1375509225989204300559045429796274689340158771149
843826879422383561066103188424018239931401286651-1379366653555122327876205020011632492492609315477,7678.850481004402,ack_count <=,Type <=,843826879422383561066103188424018239931401286651,1379366653555122327876205020011632492492609315477
843826879422383561066103188424018239931401286651-1418162538066850581097605911983264533342366443794,11353.627914560575,ack_count <=,Header_Length <=,843826879422383561066103188424018239931401286651,1418162538066850581097605911983264533342366443794
843826879422383561066103188424018239931401286651-1429650867505148313720594668477948880050562903683,437.2958426913104,ack_count <=,syn_flag_number >,843826879422383561066103188424018239931401286651,1429650867505148313720594668477948880050562903683
843826879422383561066103188424018239931401286651-1454952188391427871478129207189215566009723810659,798.9964128485244,ack_count <=,Std >,843826879422383561066103188424018239931401286651,1454952188391427871478129207189215566009723810659
843826879422383561066103188424018239931401286651-1455733501014453866297060548284701359849809242142,4237.848169343004,ack_count <=,DHCP <=,843826879422383561066103188424018239931401286651,1455733501014453866297060548284701359849809242142
843826879422383561066103188424018239931401286651-160227321490815016489601533331665083666172936667,2067.693624653514,ack_count <=,IGMP <=,843826879422383561066103188424018239931401286651,160227321490815016489601533331665083666172936667
843826879422383561066103188424018239931401286651-171982518954274878349485416184092168691833932185,29888.12245230719,ack_count <=,Class 1,843826879422383561066103188424018239931401286651,171982518954274878349485416184092168691833932185
843826879422383561066103188424018239931401286651-207766774224049171901964708681563529125144087827,888.6517543905787,ack_count <=,HTTP >,843826879422383561066103188424018239931401286651,207766774224049171901964708681563529125144087827
843826879422383561066103188424018239931401286651-215123608059624622405742600984392925785664489773,9669.612882186795,ack_count <=,Variance <=,843826879422383561066103188424018239931401286651,215123608059624622405742600984392925785664489773
843826879422383561066103188424018239931401286651-218607780770691257170847497927336330511308420255,8258.653187673244,ack_count <=,ack_count >,843826879422383561066103188424018239931401286651,218607780770691257170847497927336330511308420255
843826879422383561066103188424018239931401286651-223165296026140232481876277255273629987157553131,3320.2290885374205,ack_count <=,Header_Length >,843826879422383561066103188424018239931401286651,223165296026140232481876277255273629987157553131
843826879422383561066103188424018239931401286651-335418722972519651500040442315750311827115323662,1471.647709640601,ack_count <=,Rate >,843826879422383561066103188424018239931401286651,335418722972519651500040442315750311827115323662
843826879422383561066103188424018239931401286651-337274849629170698169636561573185333120886675912,301.77828300626436,ack_count <=,ece_flag_number >,843826879422383561066103188424018239931401286651,337274849629170698169636561573185333120886675912
843826879422383561066103188424018239931401286651-338730224709676774412755851787278702947952010784,13645.56579161911,ack_count <=,sum <=,843826879422383561066103188424018239931401286651,338730224709676774412755851787278702947952010784
843826879422383561066103188424018239931401286651-371266811264664269299964157380215767396824640058,347.47758030327736,ack_count <=,ICMP >,843826879422383561066103188424018239931401286651,371266811264664269299964157380215767396824640058
843826879422383561066103188424018239931401286651-378316838538499851440768051160724422589084218125,5143.476275884559,ack_count <=,IAT <=,843826879422383561066103188424018239931401286651,378316838538499851440768051160724422589084218125
843826879422383561066103188424018239931401286651-40351198695966294513339726256484683518911283460,24987.93587572256,ack_count <=,fin_flag_number <=,843826879422383561066103188424018239931401286651,40351198695966294513339726256484683518911283460
843826879422383561066103188424018239931401286651-417610515582391639059962073933335223318558562917,3890.9408120006524,ack_count <=,fin_count <=,843826879422383561066103188424018239931401286651,417610515582391639059962073933335223318558562917
843826879422383561066103188424018239931401286651-426624906449189252299067265451872698344494536313,99.91935483870968,ack_count <=,Number >,843826879422383561066103188424018239931401286651,426624906449189252299067265451872698344494536313
843826879422383561066103188424018239931401286651-450410814915736770904937984733342042835793211647,3127.9824902826067,ack_count <=,ece_flag_number <=,843826879422383561066103188424018239931401286651,450410814915736770904937984733342042835793211647
843826879422383561066103188424018239931401286651-475011065740486827108472353828139148231878458661,6229.017872640344,ack_count <=,syn_flag_number <=,843826879422383561066103188424018239931401286651,475011065740486827108472353828139148231878458661
843826879422383561066103188424018239931401286651-505469541859377927785473031559292540931343582537,20814.506608879514,ack_count <=,ICMP <=,843826879422383561066103188424018239931401286651,505469541859377927785473031559292540931343582537
843826879422383561066103188424018239931401286651-520582048177068818674784514618258893555315007951,234.3453448556987,ack_count <=,LLC <=,843826879422383561066103188424018239931401286651,520582048177068818674784514618258893555315007951
843826879422383561066103188424018239931401286651-559797210707093786647851972932919518973015855277,23.232512636556336,ack_count <=,fin_count >,843826879422383561066103188424018239931401286651,559797210707093786647851972932919518973015855277
843826879422383561066103188424018239931401286651-565103970815292376991711972572924808853013487374,3.0303277352030005,ack_count <=,IGMP >,843826879422383561066103188424018239931401286651,565103970815292376991711972572924808853013487374
843826879422383561066103188424018239931401286651-629827923182617752624696690572530002196221478554,29.293168106962337,ack_count <=,DHCP >,843826879422383561066103188424018239931401286651,629827923182617752624696690572530002196221478554
843826879422383561066103188424018239931401286651-681503808608794911981134712221284126975357543438,1737.3879015163868,ack_count <=,syn_count <=,843826879422383561066103188424018239931401286651,681503808608794911981134712221284126975357543438
843826879422383561066103188424018239931401286651-684418957212367241623111035135876005715150589706,13211.137355817023,ack_count <=,HTTP <=,843826879422383561066103188424018239931401286651,684418957212367241623111035135876005715150589706
843826879422383561066103188424018239931401286651-714914936218336719861297767221934377853836589461,8924.233719749847,ack_count <=,UDP >,843826879422383561066103188424018239931401286651,714914936218336719861297767221934377853836589461
843826879422383561066103188424018239931401286651-786396322989194697344344278946426998739971577495,8929.284265975184,ack_count <=,HTTPS <=,843826879422383561066103188424018239931401286651,786396322989194697344344278946426998739971577495
843826879422383561066103188424018239931401286651-795584812918386367255521286735341258439959854242,160.607369965759,ack_count <=,syn_count >,843826879422383561066103188424018239931401286651,795584812918386367255521286735341258439959854242
843826879422383561066103188424018239931401286651-835140271881840015202809914014108690929910415575,634.3486059024947,ack_count <=,IAT >,843826879422383561066103188424018239931401286651,835140271881840015202809914014108690929910415575
843826879422383561066103188424018239931401286651-841356973986788424033641854148712928121319667477,597.82175223408,ack_count <=,Variance >,843826879422383561066103188424018239931401286651,841356973986788424033641854148712928121319667477
843826879422383561066103188424018239931401286651-841518471221275042570144506781210008737201997031,8765.646568274222,ack_count <=,Min <=,843826879422383561066103188424018239931401286651,841518471221275042570144506781210008737201997031
843826879422383561066103188424018239931401286651-843826879422383561066103188424018239931401286651,9931.671062943464,ack_count <=,ack_count <=,843826879422383561066103188424018239931401286651,843826879422383561066103188424018239931401286651
843826879422383561066103188424018239931401286651-896530251803066355404557928035950607124936193677,1804.9837605129312,ack_count <=,psh_flag_number <=,843826879422383561066103188424018239931401286651,896530251803066355404557928035950607124936193677
843826879422383561066103188424018239931401286651-922599836131670820904126277297069322180441856169,6024.210077160576,ack_count <=,Rate <=,843826879422383561066103188424018239931401286651,922599836131670820904126277297069322180441856169
843826879422383561066103188424018239931401286651-926368966621798523173828527325665066772113177503,4932.200522819438,ack_count <=,UDP <=,843826879422383561066103188424018239931401286651,926368966621798523173828527325665066772113177503
843826879422383561066103188424018239931401286651-940331364486966071141541838460909450599289486914,2409.1757178247767,ack_count <=,rst_count >,843826879422383561066103188424018239931401286651,940331364486966071141541838460909450599289486914
843826879422383561066103188424018239931401286651-974265510705878984211701297112044370513255377925,4145.488341757704,ack_count <=,Std <=,843826879422383561066103188424018239931401286651,974265510705878984211701297112044370513255377925
896530251803066355404557928035950607124936193677-1043469376771332113858820724324827897913309990452,11430.347340931923,psh_flag_number <=,LLC >,896530251803066355404557928035950607124936193677,1043469376771332113858820724324827897913309990452
896530251803066355404557928035950607124936193677-1043754360836331848364792327262011021650379248223,205.05217674873634,psh_flag_number <=,DNS >,896530251803066355404557928035950607124936193677,1043754360836331848364792327262011021650379248223
896530251803066355404557928035950607124936193677-1077028023530208599426324724984012030801332581683,1872.6610799324649,psh_flag_number <=,Time_To_Live >,896530251803066355404557928035950607124936193677,1077028023530208599426324724984012030801332581683
896530251803066355404557928035950607124936193677-1085488307210616684491611463585545838953333018237,1061.9832424272709,psh_flag_number <=,Type >,896530251803066355404557928035950607124936193677,1085488307210616684491611463585545838953333018237
896530251803066355404557928035950607124936193677-1091995366823138898995898948102109473193356840202,8468.43006895536,psh_flag_number <=,DNS <=,896530251803066355404557928035950607124936193677,1091995366823138898995898948102109473193356840202
896530251803066355404557928035950607124936193677-109928824856976412487775174607761519739702474552,4089.9323332789827,psh_flag_number <=,Number <=,896530251803066355404557928035950607124936193677,109928824856976412487775174607761519739702474552
896530251803066355404557928035950607124936193677-1118614325010621431186771152252517336813918651911,5135.265065247235,psh_flag_number <=,sum >,896530251803066355404557928035950607124936193677,1118614325010621431186771152252517336813918651911
896530251803066355404557928035950607124936193677-1142857970576506471478393393000113013376204379484,2887.0062669955764,psh_flag_number <=,rst_flag_number <=,896530251803066355404557928035950607124936193677,1142857970576506471478393393000113013376204379484
896530251803066355404557928035950607124936193677-1184472685782376059334758133512718430805424685192,11.111201695744334,psh_flag_number <=,SSH >,896530251803066355404557928035950607124936193677,1184472685782376059334758133512718430805424685192
896530251803066355404557928035950607124936193677-1232849963170894971818913290506039176322619533319,6763.447123704129,psh_flag_number <=,psh_flag_number >,896530251803066355404557928035950607124936193677,1232849963170894971818913290506039176322619533319
896530251803066355404557928035950607124936193677-1233133706649643691022119102239698495899057226060,12728.98940422779,psh_flag_number <=,Time_To_Live <=,896530251803066355404557928035950607124936193677,1233133706649643691022119102239698495899057226060
896530251803066355404557928035950607124936193677-1236189254858718471128603624930063881324958313531,2280.8266753627913,psh_flag_number <=,HTTPS >,896530251803066355404557928035950607124936193677,1236189254858718471128603624930063881324958313531
896530251803066355404557928035950607124936193677-1251276136943778783713685275011300537715092657394,649.1744028865525,psh_flag_number <=,fin_flag_number >,896530251803066355404557928035950607124936193677,1251276136943778783713685275011300537715092657394
896530251803066355404557928035950607124936193677-1329847435934461746074927120436757452470095790255,602.0251100603294,psh_flag_number <=,Min >,896530251803066355404557928035950607124936193677,1329847435934461746074927120436757452470095790255
896530251803066355404557928035950607124936193677-1338222599102815322204523610829624561969283441716,4999.226158855057,psh_flag_number <=,SSH <=,896530251803066355404557928035950607124936193677,1338222599102815322204523610829624561969283441716
896530251803066355404557928035950607124936193677-1345309773886921328764805451107636357621530213384,17186.129032258064,psh_flag_number <=,Class -1,896530251803066355404557928035950607124936193677,1345309773886921328764805451107636357621530213384
896530251803066355404557928035950607124936193677-1375509225989204300559045429796274689340158771149,36.363932822436006,psh_flag_number <=,rst_count <=,896530251803066355404557928035950607124936193677,1375509225989204300559045429796274689340158771149
896530251803066355404557928035950607124936193677-1379366653555122327876205020011632492492609315477,2453.3109750003946,psh_flag_number <=,Type <=,896530251803066355404557928035950607124936193677,1379366653555122327876205020011632492492609315477
896530251803066355404557928035950607124936193677-1418162538066850581097605911983264533342366443794,1345.465514430132,psh_flag_number <=,Header_Length <=,896530251803066355404557928035950607124936193677,1418162538066850581097605911983264533342366443794
896530251803066355404557928035950607124936193677-1429650867505148313720594668477948880050562903683,325.2551769117887,psh_flag_number <=,syn_flag_number >,896530251803066355404557928035950607124936193677,1429650867505148313720594668477948880050562903683
896530251803066355404557928035950607124936193677-1454952188391427871478129207189215566009723810659,402.02347953693135,psh_flag_number <=,Std >,896530251803066355404557928035950607124936193677,1454952188391427871478129207189215566009723810659
896530251803066355404557928035950607124936193677-1455733501014453866297060548284701359849809242142,3321.3532423746733,psh_flag_number <=,DHCP <=,896530251803066355404557928035950607124936193677,1455733501014453866297060548284701359849809242142
896530251803066355404557928035950607124936193677-160227321490815016489601533331665083666172936667,540.4084461112017,psh_flag_number <=,IGMP <=,896530251803066355404557928035950607124936193677,160227321490815016489601533331665083666172936667
896530251803066355404557928035950607124936193677-171982518954274878349485416184092168691833932185,45731.68596119354,psh_flag_number <=,Class 1,896530251803066355404557928035950607124936193677,171982518954274878349485416184092168691833932185
896530251803066355404557928035950607124936193677-207766774224049171901964708681563529125144087827,5165.7475555298415,psh_flag_number <=,HTTP >,896530251803066355404557928035950607124936193677,207766774224049171901964708681563529125144087827
896530251803066355404557928035950607124936193677-215123608059624622405742600984392925785664489773,8003.291053686298,psh_flag_number <=,Variance <=,896530251803066355404557928035950607124936193677,215123608059624622405742600984392925785664489773
896530251803066355404557928035950607124936193677-218607780770691257170847497927336330511308420255,1133.342572965922,psh_flag_number <=,ack_count >,896530251803066355404557928035950607124936193677,218607780770691257170847497927336330511308420255
896530251803066355404557928035950607124936193677-223165296026140232481876277255273629987157553131,3450.2887998821816,psh_flag_number <=,Header_Length >,896530251803066355404557928035950607124936193677,223165296026140232481876277255273629987157553131
896530251803066355404557928035950607124936193677-335418722972519651500040442315750311827115323662,1640.1730327209227,psh_flag_number <=,Rate >,896530251803066355404557928035950607124936193677,335418722972519651500040442315750311827115323662
896530251803066355404557928035950607124936193677-337274849629170698169636561573185333120886675912,151.43492633716068,psh_flag_number <=,ece_flag_number >,896530251803066355404557928035950607124936193677,337274849629170698169636561573185333120886675912
896530251803066355404557928035950607124936193677-338730224709676774412755851787278702947952010784,12404.12523734635,psh_flag_number <=,sum <=,896530251803066355404557928035950607124936193677,338730224709676774412755851787278702947952010784
896530251803066355404557928035950607124936193677-371266811264664269299964157380215767396824640058,695.7208885826544,psh_flag_number <=,ICMP >,896530251803066355404557928035950607124936193677,371266811264664269299964157380215767396824640058
896530251803066355404557928035950607124936193677-378316838538499851440768051160724422589084218125,7806.450087574886,psh_flag_number <=,IAT <=,896530251803066355404557928035950607124936193677,378316838538499851440768051160724422589084218125
896530251803066355404557928035950607124936193677-40351198695966294513339726256484683518911283460,2847.4979618457523,psh_flag_number <=,fin_flag_number <=,896530251803066355404557928035950607124936193677,40351198695966294513339726256484683518911283460
896530251803066355404557928035950607124936193677-417610515582391639059962073933335223318558562917,9532.922292410703,psh_flag_number <=,fin_count <=,896530251803066355404557928035950607124936193677,417610515582391639059962073933335223318558562917
896530251803066355404557928035950607124936193677-426624906449189252299067265451872698344494536313,2.0202184901353335,psh_flag_number <=,Number >,896530251803066355404557928035950607124936193677,426624906449189252299067265451872698344494536313
896530251803066355404557928035950607124936193677-450410814915736770904937984733342042835793211647,19601.26765304566,psh_flag_number <=,ece_flag_number <=,896530251803066355404557928035950607124936193677,450410814915736770904937984733342042835793211647
896530251803066355404557928035950607124936193677-475011065740486827108472353828139148231878458661,4953.575737811838,psh_flag_number <=,syn_flag_number <=,896530251803066355404557928035950607124936193677,475011065740486827108472353828139148231878458661
896530251803066355404557928035950607124936193677-505469541859377927785473031559292540931343582537,8993.198113852612,psh_flag_number <=,ICMP <=,896530251803066355404557928035950607124936193677,505469541859377927785473031559292540931343582537
896530251803066355404557928035950607124936193677-520582048177068818674784514618258893555315007951,685.8641774009458,psh_flag_number <=,LLC <=,896530251803066355404557928035950607124936193677,520582048177068818674784514618258893555315007951
896530251803066355404557928035950607124936193677-559797210707093786647851972932919518973015855277,2018.6707420985363,psh_flag_number <=,fin_count >,896530251803066355404557928035950607124936193677,559797210707093786647851972932919518973015855277
896530251803066355404557928035950607124936193677-565103970815292376991711972572924808853013487374,1.0101092450676668,psh_flag_number <=,IGMP >,896530251803066355404557928035950607124936193677,565103970815292376991711972572924808853013487374
896530251803066355404557928035950607124936193677-629827923182617752624696690572530002196221478554,72.72786564487201,psh_flag_number <=,DHCP >,896530251803066355404557928035950607124936193677,629827923182617752624696690572530002196221478554
896530251803066355404557928035950607124936193677-681503808608794911981134712221284126975357543438,15576.894668188488,psh_flag_number <=,syn_count <=,896530251803066355404557928035950607124936193677,681503808608794911981134712221284126975357543438
896530251803066355404557928035950607124936193677-684418957212367241623111035135876005715150589706,4931.190413574371,psh_flag_number <=,HTTP <=,896530251803066355404557928035950607124936193677,684418957212367241623111035135876005715150589706
896530251803066355404557928035950607124936193677-714914936218336719861297767221934377853836589461,539.3983368661341,psh_flag_number <=,UDP >,896530251803066355404557928035950607124936193677,714914936218336719861297767221934377853836589461
896530251803066355404557928035950607124936193677-786396322989194697344344278946426998739971577495,3635.220252152554,psh_flag_number <=,HTTPS <=,896530251803066355404557928035950607124936193677,786396322989194697344344278946426998739971577495
896530251803066355404557928035950607124936193677-791432257472445298809701838101022411569407290467,1427.1540266038303,psh_flag_number <=,rst_flag_number >,896530251803066355404557928035950607124936193677,791432257472445298809701838101022411569407290467
896530251803066355404557928035950607124936193677-795584812918386367255521286735341258439959854242,4073.4284515813447,psh_flag_number <=,syn_count >,896530251803066355404557928035950607124936193677,795584812918386367255521286735341258439959854242
896530251803066355404557928035950607124936193677-835140271881840015202809914014108690929910415575,2102.0373389858146,psh_flag_number <=,IAT >,896530251803066355404557928035950607124936193677,835140271881840015202809914014108690929910415575
896530251803066355404557928035950607124936193677-841356973986788424033641854148712928121319667477,1136.372900701125,psh_flag_number <=,Variance >,896530251803066355404557928035950607124936193677,841356973986788424033641854148712928121319667477
896530251803066355404557928035950607124936193677-841518471221275042570144506781210008737201997031,2402.0397847709114,psh_flag_number <=,Min <=,896530251803066355404557928035950607124936193677,841518471221275042570144506781210008737201997031
896530251803066355404557928035950607124936193677-843826879422383561066103188424018239931401286651,1382.7580960746463,psh_flag_number <=,ack_count <=,896530251803066355404557928035950607124936193677,843826879422383561066103188424018239931401286651
896530251803066355404557928035950607124936193677-896530251803066355404557928035950607124936193677,6453.587966737323,psh_flag_number <=,psh_flag_number <=,896530251803066355404557928035950607124936193677,896530251803066355404557928035950607124936193677
896530251803066355404557928035950607124936193677-922599836131670820904126277297069322180441856169,12942.676385813395,psh_flag_number <=,Rate <=,896530251803066355404557928035950607124936193677,922599836131670820904126277297069322180441856169
896530251803066355404557928035950607124936193677-926368966621798523173828527325665066772113177503,27761.04417929446,psh_flag_number <=,UDP <=,896530251803066355404557928035950607124936193677,926368966621798523173828527325665066772113177503
896530251803066355404557928035950607124936193677-974265510705878984211701297112044370513255377925,5207.113158323822,psh_flag_number <=,Std <=,896530251803066355404557928035950607124936193677,974265510705878984211701297112044370513255377925
922599836131670820904126277297069322180441856169-1043469376771332113858820724324827897913309990452,10686.955812815915,Rate <=,LLC >,922599836131670820904126277297069322180441856169,1043469376771332113858820724324827897913309990452
922599836131670820904126277297069322180441856169-1043754360836331848364792327262011021650379248223,264.6486222077287,Rate <=,DNS >,922599836131670820904126277297069322180441856169,1043754360836331848364792327262011021650379248223
922599836131670820904126277297069322180441856169-1077028023530208599426324724984012030801332581683,4419.146486748053,Rate <=,Time_To_Live >,922599836131670820904126277297069322180441856169,1077028023530208599426324724984012030801332581683
922599836131670820904126277297069322180441856169-1085488307210616684491611463585545838953333018237,11344.50434718577,Rate <=,Type >,922599836131670820904126277297069322180441856169,1085488307210616684491611463585545838953333018237
922599836131670820904126277297069322180441856169-1091995366823138898995898948102109473193356840202,8458.638526112043,Rate <=,DNS <=,922599836131670820904126277297069322180441856169,1091995366823138898995898948102109473193356840202
922599836131670820904126277297069322180441856169-109928824856976412487775174607761519739702474552,2132.3406163378445,Rate <=,Number <=,922599836131670820904126277297069322180441856169,109928824856976412487775174607761519739702474552
922599836131670820904126277297069322180441856169-1118614325010621431186771152252517336813918651911,4536.628708783262,Rate <=,sum >,922599836131670820904126277297069322180441856169,1118614325010621431186771152252517336813918651911
922599836131670820904126277297069322180441856169-1142857970576506471478393393000113013376204379484,15678.18255813342,Rate <=,rst_flag_number <=,922599836131670820904126277297069322180441856169,1142857970576506471478393393000113013376204379484
922599836131670820904126277297069322180441856169-1184472685782376059334758133512718430805424685192,452.5289417903147,Rate <=,SSH >,922599836131670820904126277297069322180441856169,1184472685782376059334758133512718430805424685192
922599836131670820904126277297069322180441856169-1232849963170894971818913290506039176322619533319,3180.019408488189,Rate <=,psh_flag_number >,922599836131670820904126277297069322180441856169,1232849963170894971818913290506039176322619533319
922599836131670820904126277297069322180441856169-1233133706649643691022119102239698495899057226060,25476.323695712777,Rate <=,Time_To_Live <=,922599836131670820904126277297069322180441856169,1233133706649643691022119102239698495899057226060
922599836131670820904126277297069322180441856169-1236189254858718471128603624930063881324958313531,11585.871580503148,Rate <=,HTTPS >,922599836131670820904126277297069322180441856169,1236189254858718471128603624930063881324958313531
922599836131670820904126277297069322180441856169-1239329028096551917906154637654656383307088642249,715.1573455079081,Rate <=,cwr_flag_number <=,922599836131670820904126277297069322180441856169,1239329028096551917906154637654656383307088642249
922599836131670820904126277297069322180441856169-1251276136943778783713685275011300537715092657394,710.6281459897015,Rate <=,fin_flag_number >,922599836131670820904126277297069322180441856169,1251276136943778783713685275011300537715092657394
922599836131670820904126277297069322180441856169-1329847435934461746074927120436757452470095790255,1841.4291537583565,Rate <=,Min >,922599836131670820904126277297069322180441856169,1329847435934461746074927120436757452470095790255
922599836131670820904126277297069322180441856169-1338222599102815322204523610829624561969283441716,17751.415491550208,Rate <=,SSH <=,922599836131670820904126277297069322180441856169,1338222599102815322204523610829624561969283441716
922599836131670820904126277297069322180441856169-1345309773886921328764805451107636357621530213384,30275.564516129034,Rate <=,Class -1,922599836131670820904126277297069322180441856169,1345309773886921328764805451107636357621530213384
922599836131670820904126277297069322180441856169-1375509225989204300559045429796274689340158771149,8476.67386376188,Rate <=,rst_count <=,922599836131670820904126277297069322180441856169,1375509225989204300559045429796274689340158771149
922599836131670820904126277297069322180441856169-1379366653555122327876205020011632492492609315477,8062.20323159218,Rate <=,Type <=,922599836131670820904126277297069322180441856169,1379366653555122327876205020011632492492609315477
922599836131670820904126277297069322180441856169-1418162538066850581097605911983264533342366443794,16630.48748704786,Rate <=,Header_Length <=,922599836131670820904126277297069322180441856169,1418162538066850581097605911983264533342366443794
922599836131670820904126277297069322180441856169-1429650867505148313720594668477948880050562903683,1993.7927289175955,Rate <=,syn_flag_number >,922599836131670820904126277297069322180441856169,1429650867505148313720594668477948880050562903683
922599836131670820904126277297069322180441856169-1454952188391427871478129207189215566009723810659,2718.969706453191,Rate <=,Std >,922599836131670820904126277297069322180441856169,1454952188391427871478129207189215566009723810659
922599836131670820904126277297069322180441856169-1455733501014453866297060548284701359849809242142,49150.319240702076,Rate <=,DHCP <=,922599836131670820904126277297069322180441856169,1455733501014453866297060548284701359849809242142
922599836131670820904126277297069322180441856169-160227321490815016489601533331665083666172936667,28094.233601405405,Rate <=,IGMP <=,922599836131670820904126277297069322180441856169,160227321490815016489601533331665083666172936667
922599836131670820904126277297069322180441856169-171982518954274878349485416184092168691833932185,87346.16663949128,Rate <=,Class 1,922599836131670820904126277297069322180441856169,171982518954274878349485416184092168691833932185
922599836131670820904126277297069322180441856169-207766774224049171901964708681563529125144087827,16417.9735355533,Rate <=,HTTP >,922599836131670820904126277297069322180441856169,207766774224049171901964708681563529125144087827
922599836131670820904126277297069322180441856169-215123608059624622405742600984392925785664489773,25101.27990826991,Rate <=,Variance <=,922599836131670820904126277297069322180441856169,215123608059624622405742600984392925785664489773
922599836131670820904126277297069322180441856169-218607780770691257170847497927336330511308420255,4296.792931418082,Rate <=,ack_count >,922599836131670820904126277297069322180441856169,218607780770691257170847497927336330511308420255
922599836131670820904126277297069322180441856169-223165296026140232481876277255273629987157553131,20468.039137821306,Rate <=,Header_Length >,922599836131670820904126277297069322180441856169,223165296026140232481876277255273629987157553131
922599836131670820904126277297069322180441856169-335418722972519651500040442315750311827115323662,2455.086812221562,Rate <=,Rate >,922599836131670820904126277297069322180441856169,335418722972519651500040442315750311827115323662
922599836131670820904126277297069322180441856169-337274849629170698169636561573185333120886675912,115.07099351472468,Rate <=,ece_flag_number >,922599836131670820904126277297069322180441856169,337274849629170698169636561573185333120886675912
922599836131670820904126277297069322180441856169-338730224709676774412755851787278702947952010784,20893.832768786524,Rate <=,sum <=,922599836131670820904126277297069322180441856169,338730224709676774412755851787278702947952010784
922599836131670820904126277297069322180441856169-371266811264664269299964157380215767396824640058,1695.8105016226339,Rate <=,ICMP >,922599836131670820904126277297069322180441856169,371266811264664269299964157380215767396824640058
922599836131670820904126277297069322180441856169-378316838538499851440768051160724422589084218125,3900.553141913393,Rate <=,IAT <=,922599836131670820904126277297069322180441856169,378316838538499851440768051160724422589084218125
922599836131670820904126277297069322180441856169-40351198695966294513339726256484683518911283460,9187.62785144354,Rate <=,fin_flag_number <=,922599836131670820904126277297069322180441856169,40351198695966294513339726256484683518911283460
922599836131670820904126277297069322180441856169-417610515582391639059962073933335223318558562917,17213.255353113513,Rate <=,fin_count <=,922599836131670820904126277297069322180441856169,417610515582391639059962073933335223318558562917
922599836131670820904126277297069322180441856169-426624906449189252299067265451872698344494536313,1.0101092450676668,Rate <=,Number >,922599836131670820904126277297069322180441856169,426624906449189252299067265451872698344494536313
922599836131670820904126277297069322180441856169-450410814915736770904937984733342042835793211647,4069.6812721238357,Rate <=,ece_flag_number <=,922599836131670820904126277297069322180441856169,450410814915736770904937984733342042835793211647
922599836131670820904126277297069322180441856169-475011065740486827108472353828139148231878458661,13350.125129521415,Rate <=,syn_flag_number <=,922599836131670820904126277297069322180441856169,475011065740486827108472353828139148231878458661
922599836131670820904126277297069322180441856169-505469541859377927785473031559292540931343582537,16357.008554988088,Rate <=,ICMP <=,922599836131670820904126277297069322180441856169,505469541859377927785473031559292540931343582537
922599836131670820904126277297069322180441856169-520582048177068818674784514618258893555315007951,664.6518832545247,Rate <=,LLC <=,922599836131670820904126277297069322180441856169,520582048177068818674784514618258893555315007951
922599836131670820904126277297069322180441856169-559797210707093786647851972932919518973015855277,3355.403699184212,Rate <=,fin_count >,922599836131670820904126277297069322180441856169,559797210707093786647851972932919518973015855277
922599836131670820904126277297069322180441856169-565103970815292376991711972572924808853013487374,67.67731941953367,Rate <=,IGMP >,922599836131670820904126277297069322180441856169,565103970815292376991711972572924808853013487374
922599836131670820904126277297069322180441856169-629827923182617752624696690572530002196221478554,636.0429827006727,Rate <=,DHCP >,922599836131670820904126277297069322180441856169,629827923182617752624696690572530002196221478554
922599836131670820904126277297069322180441856169-681503808608794911981134712221284126975357543438,3385.886189466819,Rate <=,syn_count <=,922599836131670820904126277297069322180441856169,681503808608794911981134712221284126975357543438
922599836131670820904126277297069322180441856169-684418957212367241623111035135876005715150589706,37553.14095348801,Rate <=,HTTP <=,922599836131670820904126277297069322180441856169,684418957212367241623111035135876005715150589706
922599836131670820904126277297069322180441856169-714914936218336719861297767221934377853836589461,4077.648101492192,Rate <=,UDP >,922599836131670820904126277297069322180441856169,714914936218336719861297767221934377853836589461
922599836131670820904126277297069322180441856169-786396322989194697344344278946426998739971577495,18468.886313071012,Rate <=,HTTPS <=,922599836131670820904126277297069322180441856169,786396322989194697344344278946426998739971577495
922599836131670820904126277297069322180441856169-791432257472445298809701838101022411569407290467,256.4048274012087,Rate <=,rst_flag_number >,922599836131670820904126277297069322180441856169,791432257472445298809701838101022411569407290467
922599836131670820904126277297069322180441856169-795584812918386367255521286735341258439959854242,8.080873960541334,Rate <=,syn_count >,922599836131670820904126277297069322180441856169,795584812918386367255521286735341258439959854242
922599836131670820904126277297069322180441856169-835140271881840015202809914014108690929910415575,1079.7253225543463,Rate <=,IAT >,922599836131670820904126277297069322180441856169,835140271881840015202809914014108690929910415575
922599836131670820904126277297069322180441856169-841356973986788424033641854148712928121319667477,3870.9341321144734,Rate <=,Variance >,922599836131670820904126277297069322180441856169,841356973986788424033641854148712928121319667477
922599836131670820904126277297069322180441856169-841518471221275042570144506781210008737201997031,7438.363020255309,Rate <=,Min <=,922599836131670820904126277297069322180441856169,841518471221275042570144506781210008737201997031
922599836131670820904126277297069322180441856169-843826879422383561066103188424018239931401286651,4885.816957969315,Rate <=,ack_count <=,922599836131670820904126277297069322180441856169,843826879422383561066103188424018239931401286651
922599836131670820904126277297069322180441856169-896530251803066355404557928035950607124936193677,13487.695491865792,Rate <=,psh_flag_number <=,922599836131670820904126277297069322180441856169,896530251803066355404557928035950607124936193677
922599836131670820904126277297069322180441856169-922599836131670820904126277297069322180441856169,19414.136769354576,Rate <=,Rate <=,922599836131670820904126277297069322180441856169,922599836131670820904126277297069322180441856169
922599836131670820904126277297069322180441856169-926368966621798523173828527325665066772113177503,15375.817760081633,Rate <=,UDP <=,922599836131670820904126277297069322180441856169,926368966621798523173828527325665066772113177503
922599836131670820904126277297069322180441856169-940331364486966071141541838460909450599289486914,6757.223547387744,Rate <=,rst_count >,922599836131670820904126277297069322180441856169,940331364486966071141541838460909450599289486914
922599836131670820904126277297069322180441856169-974265510705878984211701297112044370513255377925,17330.8842039101,Rate <=,Std <=,922599836131670820904126277297069322180441856169,974265510705878984211701297112044370513255377925
926368966621798523173828527325665066772113177503-1043469376771332113858820724324827897913309990452,14689.627740988728,UDP <=,LLC >,926368966621798523173828527325665066772113177503,1043469376771332113858820724324827897913309990452
926368966621798523173828527325665066772113177503-1043754360836331848364792327262011021650379248223,340.4068155878037,UDP <=,DNS >,926368966621798523173828527325665066772113177503,1043754360836331848364792327262011021650379248223
926368966621798523173828527325665066772113177503-1077028023530208599426324724984012030801332581683,2981.8424914397524,UDP <=,Time_To_Live >,926368966621798523173828527325665066772113177503,1077028023530208599426324724984012030801332581683
926368966621798523173828527325665066772113177503-1085488307210616684491611463585545838953333018237,15570.605923533712,UDP <=,Type >,926368966621798523173828527325665066772113177503,1085488307210616684491611463585545838953333018237
926368966621798523173828527325665066772113177503-1091995366823138898995898948102109473193356840202,3780.2686813273513,UDP <=,DNS <=,926368966621798523173828527325665066772113177503,1091995366823138898995898948102109473193356840202
926368966621798523173828527325665066772113177503-109928824856976412487775174607761519739702474552,1707.084624164357,UDP <=,Number <=,926368966621798523173828527325665066772113177503,109928824856976412487775174607761519739702474552
926368966621798523173828527325665066772113177503-1118614325010621431186771152252517336813918651911,2628.90706279619,UDP <=,sum >,926368966621798523173828527325665066772113177503,1118614325010621431186771152252517336813918651911
926368966621798523173828527325665066772113177503-1142857970576506471478393393000113013376204379484,9127.265678008447,UDP <=,rst_flag_number <=,926368966621798523173828527325665066772113177503,1142857970576506471478393393000113013376204379484
926368966621798523173828527325665066772113177503-1184472685782376059334758133512718430805424685192,60.60655470406,UDP <=,SSH >,926368966621798523173828527325665066772113177503,1184472685782376059334758133512718430805424685192
926368966621798523173828527325665066772113177503-1232849963170894971818913290506039176322619533319,1365.4233180625174,UDP <=,psh_flag_number >,926368966621798523173828527325665066772113177503,1232849963170894971818913290506039176322619533319
926368966621798523173828527325665066772113177503-1233133706649643691022119102239698495899057226060,13608.745680427934,UDP <=,Time_To_Live <=,926368966621798523173828527325665066772113177503,1233133706649643691022119102239698495899057226060
926368966621798523173828527325665066772113177503-1236189254858718471128603624930063881324958313531,2756.5881297896626,UDP <=,HTTPS >,926368966621798523173828527325665066772113177503,1236189254858718471128603624930063881324958313531
926368966621798523173828527325665066772113177503-1239329028096551917906154637654656383307088642249,67.67731941953367,UDP <=,cwr_flag_number <=,926368966621798523173828527325665066772113177503,1239329028096551917906154637654656383307088642249
926368966621798523173828527325665066772113177503-1251276136943778783713685275011300537715092657394,1881.8661077302588,UDP <=,fin_flag_number >,926368966621798523173828527325665066772113177503,1251276136943778783713685275011300537715092657394
926368966621798523173828527325665066772113177503-1329847435934461746074927120436757452470095790255,1103.0392956138921,UDP <=,Min >,926368966621798523173828527325665066772113177503,1329847435934461746074927120436757452470095790255
926368966621798523173828527325665066772113177503-1338222599102815322204523610829624561969283441716,3381.2266532718295,UDP <=,SSH <=,926368966621798523173828527325665066772113177503,1338222599102815322204523610829624561969283441716
926368966621798523173828527325665066772113177503-1345309773886921328764805451107636357621530213384,26178.870967741936,UDP <=,Class -1,926368966621798523173828527325665066772113177503,1345309773886921328764805451107636357621530213384
926368966621798523173828527325665066772113177503-1375509225989204300559045429796274689340158771149,6270.595272534097,UDP <=,rst_count <=,926368966621798523173828527325665066772113177503,1375509225989204300559045429796274689340158771149
926368966621798523173828527325665066772113177503-1379366653555122327876205020011632492492609315477,787.5593694608227,UDP <=,Type <=,926368966621798523173828527325665066772113177503,1379366653555122327876205020011632492492609315477
926368966621798523173828527325665066772113177503-1418162538066850581097605911983264533342366443794,5092.840476954393,UDP <=,Header_Length <=,926368966621798523173828527325665066772113177503,1418162538066850581097605911983264533342366443794
926368966621798523173828527325665066772113177503-1429650867505148313720594668477948880050562903683,640.0019592579541,UDP <=,syn_flag_number >,926368966621798523173828527325665066772113177503,1429650867505148313720594668477948880050562903683
926368966621798523173828527325665066772113177503-1454952188391427871478129207189215566009723810659,3249.521441382684,UDP <=,Std >,926368966621798523173828527325665066772113177503,1454952188391427871478129207189215566009723810659
926368966621798523173828527325665066772113177503-1455733501014453866297060548284701359849809242142,5326.175712565024,UDP <=,DHCP <=,926368966621798523173828527325665066772113177503,1455733501014453866297060548284701359849809242142
926368966621798523173828527325665066772113177503-160227321490815016489601533331665083666172936667,19127.770798377893,UDP <=,IGMP <=,926368966621798523173828527325665066772113177503,160227321490815016489601533331665083666172936667
926368966621798523173828527325665066772113177503-171982518954274878349485416184092168691833932185,44841.77971628893,UDP <=,Class 1,926368966621798523173828527325665066772113177503,171982518954274878349485416184092168691833932185
926368966621798523173828527325665066772113177503-207766774224049171901964708681563529125144087827,975.2767681974301,UDP <=,HTTP >,926368966621798523173828527325665066772113177503,207766774224049171901964708681563529125144087827
926368966621798523173828527325665066772113177503-215123608059624622405742600984392925785664489773,34500.68856740111,UDP <=,Variance <=,926368966621798523173828527325665066772113177503,215123608059624622405742600984392925785664489773
926368966621798523173828527325665066772113177503-218607780770691257170847497927336330511308420255,2937.381392572177,UDP <=,ack_count >,926368966621798523173828527325665066772113177503,218607780770691257170847497927336330511308420255
926368966621798523173828527325665066772113177503-223165296026140232481876277255273629987157553131,2712.143323006685,UDP <=,Header_Length >,926368966621798523173828527325665066772113177503,223165296026140232481876277255273629987157553131
926368966621798523173828527325665066772113177503-335418722972519651500040442315750311827115323662,5804.755697627325,UDP <=,Rate >,926368966621798523173828527325665066772113177503,335418722972519651500040442315750311827115323662
926368966621798523173828527325665066772113177503-338730224709676774412755851787278702947952010784,11929.145802980176,UDP <=,sum <=,926368966621798523173828527325665066772113177503,338730224709676774412755851787278702947952010784
926368966621798523173828527325665066772113177503-371266811264664269299964157380215767396824640058,431.2351872209044,UDP <=,ICMP >,926368966621798523173828527325665066772113177503,371266811264664269299964157380215767396824640058
926368966621798523173828527325665066772113177503-378316838538499851440768051160724422589084218125,6179.441059209039,UDP <=,IAT <=,926368966621798523173828527325665066772113177503,378316838538499851440768051160724422589084218125
926368966621798523173828527325665066772113177503-40351198695966294513339726256484683518911283460,14705.447355133256,UDP <=,fin_flag_number <=,926368966621798523173828527325665066772113177503,40351198695966294513339726256484683518911283460
926368966621798523173828527325665066772113177503-417610515582391639059962073933335223318558562917,14152.999058504232,UDP <=,fin_count <=,926368966621798523173828527325665066772113177503,417610515582391639059962073933335223318558562917
926368966621798523173828527325665066772113177503-426624906449189252299067265451872698344494536313,1.0101092450676668,UDP <=,Number >,926368966621798523173828527325665066772113177503,426624906449189252299067265451872698344494536313
926368966621798523173828527325665066772113177503-450410814915736770904937984733342042835793211647,2010.9645860837459,UDP <=,ece_flag_number <=,926368966621798523173828527325665066772113177503,450410814915736770904937984733342042835793211647
926368966621798523173828527325665066772113177503-475011065740486827108472353828139148231878458661,4265.691341920757,UDP <=,syn_flag_number <=,926368966621798523173828527325665066772113177503,475011065740486827108472353828139148231878458661
926368966621798523173828527325665066772113177503-505469541859377927785473031559292540931343582537,11132.120732367994,UDP <=,ICMP <=,926368966621798523173828527325665066772113177503,505469541859377927785473031559292540931343582537
926368966621798523173828527325665066772113177503-510505520442458443414009447271658614884328320759,3.0303277352030005,UDP <=,IRC <=,926368966621798523173828527325665066772113177503,510505520442458443414009447271658614884328320759
926368966621798523173828527325665066772113177503-520582048177068818674784514618258893555315007951,1052.5338333605087,UDP <=,LLC <=,926368966621798523173828527325665066772113177503,520582048177068818674784514618258893555315007951
926368966621798523173828527325665066772113177503-559797210707093786647851972932919518973015855277,9963.733885432062,UDP <=,fin_count >,926368966621798523173828527325665066772113177503,559797210707093786647851972932919518973015855277
926368966621798523173828527325665066772113177503-565103970815292376991711972572924808853013487374,74.74808413500735,UDP <=,IGMP >,926368966621798523173828527325665066772113177503,565103970815292376991711972572924808853013487374
926368966621798523173828527325665066772113177503-629827923182617752624696690572530002196221478554,139.31361539634867,UDP <=,DHCP >,926368966621798523173828527325665066772113177503,629827923182617752624696690572530002196221478554
926368966621798523173828527325665066772113177503-681503808608794911981134712221284126975357543438,8919.78598065463,UDP <=,syn_count <=,926368966621798523173828527325665066772113177503,681503808608794911981134712221284126975357543438
926368966621798523173828527325665066772113177503-684418957212367241623111035135876005715150589706,6473.4643099467185,UDP <=,HTTP <=,926368966621798523173828527325665066772113177503,684418957212367241623111035135876005715150589706
926368966621798523173828527325665066772113177503-714914936218336719861297767221934377853836589461,2230.0768318404403,UDP <=,UDP >,926368966621798523173828527325665066772113177503,714914936218336719861297767221934377853836589461
926368966621798523173828527325665066772113177503-786396322989194697344344278946426998739971577495,1134.3526822109898,UDP <=,HTTPS <=,926368966621798523173828527325665066772113177503,786396322989194697344344278946426998739971577495
926368966621798523173828527325665066772113177503-791432257472445298809701838101022411569407290467,1032.5271534743297,UDP <=,rst_flag_number >,926368966621798523173828527325665066772113177503,791432257472445298809701838101022411569407290467
926368966621798523173828527325665066772113177503-795584812918386367255521286735341258439959854242,3463.078086291506,UDP <=,syn_count >,926368966621798523173828527325665066772113177503,795584812918386367255521286735341258439959854242
926368966621798523173828527325665066772113177503-835140271881840015202809914014108690929910415575,416.1650089678787,UDP <=,IAT >,926368966621798523173828527325665066772113177503,835140271881840015202809914014108690929910415575
926368966621798523173828527325665066772113177503-841356973986788424033641854148712928121319667477,1728.2969183107778,UDP <=,Variance >,926368966621798523173828527325665066772113177503,841356973986788424033641854148712928121319667477
926368966621798523173828527325665066772113177503-841518471221275042570144506781210008737201997031,12349.432709351315,UDP <=,Min <=,926368966621798523173828527325665066772113177503,841518471221275042570144506781210008737201997031
926368966621798523173828527325665066772113177503-843826879422383561066103188424018239931401286651,4126.13334525544,UDP <=,ack_count <=,926368966621798523173828527325665066772113177503,843826879422383561066103188424018239931401286651
926368966621798523173828527325665066772113177503-896530251803066355404557928035950607124936193677,22770.534285699257,UDP <=,psh_flag_number <=,926368966621798523173828527325665066772113177503,896530251803066355404557928035950607124936193677
926368966621798523173828527325665066772113177503-922599836131670820904126277297069322180441856169,27234.141871314885,UDP <=,Rate <=,926368966621798523173828527325665066772113177503,922599836131670820904126277297069322180441856169
926368966621798523173828527325665066772113177503-926368966621798523173828527325665066772113177503,5367.019968651873,UDP <=,UDP <=,926368966621798523173828527325665066772113177503,926368966621798523173828527325665066772113177503
926368966621798523173828527325665066772113177503-940331364486966071141541838460909450599289486914,7.0707647154736675,UDP <=,rst_count >,926368966621798523173828527325665066772113177503,940331364486966071141541838460909450599289486914
926368966621798523173828527325665066772113177503-974265510705878984211701297112044370513255377925,23236.178355590855,UDP <=,Std <=,926368966621798523173828527325665066772113177503,974265510705878984211701297112044370513255377925
974265510705878984211701297112044370513255377925-1043469376771332113858820724324827897913309990452,10619.278493396381,Std <=,LLC >,974265510705878984211701297112044370513255377925,1043469376771332113858820724324827897913309990452
974265510705878984211701297112044370513255377925-1043754360836331848364792327262011021650379248223,568.6100445501071,Std <=,DNS >,974265510705878984211701297112044370513255377925,1043754360836331848364792327262011021650379248223
974265510705878984211701297112044370513255377925-1077028023530208599426324724984012030801332581683,8115.217674873635,Std <=,Time_To_Live >,974265510705878984211701297112044370513255377925,1077028023530208599426324724984012030801332581683
974265510705878984211701297112044370513255377925-1085488307210616684491611463585545838953333018237,4650.738469306712,Std <=,Type >,974265510705878984211701297112044370513255377925,1085488307210616684491611463585545838953333018237
974265510705878984211701297112044370513255377925-1091995366823138898995898948102109473193356840202,21946.676151754393,Std <=,DNS <=,974265510705878984211701297112044370513255377925,1091995366823138898995898948102109473193356840202
974265510705878984211701297112044370513255377925-109928824856976412487775174607761519739702474552,1156.5750856024783,Std <=,Number <=,974265510705878984211701297112044370513255377925,109928824856976412487775174607761519739702474552
974265510705878984211701297112044370513255377925-1118614325010621431186771152252517336813918651911,5957.217025294151,Std <=,sum >,974265510705878984211701297112044370513255377925,1118614325010621431186771152252517336813918651911
974265510705878984211701297112044370513255377925-1142857970576506471478393393000113013376204379484,18644.107682921058,Std <=,rst_flag_number <=,974265510705878984211701297112044370513255377925,1142857970576506471478393393000113013376204379484
974265510705878984211701297112044370513255377925-1184472685782376059334758133512718430805424685192,53.53578998858634,Std <=,SSH >,974265510705878984211701297112044370513255377925,1184472685782376059334758133512718430805424685192
974265510705878984211701297112044370513255377925-1232849963170894971818913290506039176322619533319,2456.5856840045653,Std <=,psh_flag_number >,974265510705878984211701297112044370513255377925,1232849963170894971818913290506039176322619533319
974265510705878984211701297112044370513255377925-1233133706649643691022119102239698495899057226060,3737.2412859043884,Std <=,Time_To_Live <=,974265510705878984211701297112044370513255377925,1233133706649643691022119102239698495899057226060
974265510705878984211701297112044370513255377925-1236189254858718471128603624930063881324958313531,4385.894342083809,Std <=,HTTPS >,974265510705878984211701297112044370513255377925,1236189254858718471128603624930063881324958313531
974265510705878984211701297112044370513255377925-1239329028096551917906154637654656383307088642249,223.15268273696503,Std <=,cwr_flag_number <=,974265510705878984211701297112044370513255377925,1239329028096551917906154637654656383307088642249
974265510705878984211701297112044370513255377925-1251276136943778783713685275011300537715092657394,671.3968062780411,Std <=,fin_flag_number >,974265510705878984211701297112044370513255377925,1251276136943778783713685275011300537715092657394
974265510705878984211701297112044370513255377925-1329847435934461746074927120436757452470095790255,849.5018751019078,Std <=,Min >,974265510705878984211701297112044370513255377925,1329847435934461746074927120436757452470095790255
974265510705878984211701297112044370513255377925-1338222599102815322204523610829624561969283441716,3311.903833307911,Std <=,SSH <=,974265510705878984211701297112044370513255377925,1338222599102815322204523610829624561969283441716
974265510705878984211701297112044370513255377925-1345309773886921328764805451107636357621530213384,18185.322580645163,Std <=,Class -1,974265510705878984211701297112044370513255377925,1345309773886921328764805451107636357621530213384
974265510705878984211701297112044370513255377925-1375509225989204300559045429796274689340158771149,2949.87742145874,Std <=,rst_count <=,974265510705878984211701297112044370513255377925,1375509225989204300559045429796274689340158771149
974265510705878984211701297112044370513255377925-1379366653555122327876205020011632492492609315477,1831.3280613076797,Std <=,Type <=,974265510705878984211701297112044370513255377925,1379366653555122327876205020011632492492609315477
974265510705878984211701297112044370513255377925-1418162538066850581097605911983264533342366443794,6253.602628298523,Std <=,Header_Length <=,974265510705878984211701297112044370513255377925,1418162538066850581097605911983264533342366443794
974265510705878984211701297112044370513255377925-1429650867505148313720594668477948880050562903683,1861.501001982927,Std <=,syn_flag_number >,974265510705878984211701297112044370513255377925,1429650867505148313720594668477948880050562903683
974265510705878984211701297112044370513255377925-1454952188391427871478129207189215566009723810659,1143.4436654165988,Std <=,Std >,974265510705878984211701297112044370513255377925,1454952188391427871478129207189215566009723810659
974265510705878984211701297112044370513255377925-1455733501014453866297060548284701359849809242142,18634.38130841613,Std <=,DHCP <=,974265510705878984211701297112044370513255377925,1455733501014453866297060548284701359849809242142
974265510705878984211701297112044370513255377925-160227321490815016489601533331665083666172936667,1438.9169116834892,Std <=,IGMP <=,974265510705878984211701297112044370513255377925,160227321490815016489601533331665083666172936667
974265510705878984211701297112044370513255377925-171982518954274878349485416184092168691833932185,54236.8058046633,Std <=,Class 1,974265510705878984211701297112044370513255377925,171982518954274878349485416184092168691833932185
974265510705878984211701297112044370513255377925-207766774224049171901964708681563529125144087827,4878.1922623775135,Std <=,HTTP >,974265510705878984211701297112044370513255377925,207766774224049171901964708681563529125144087827
974265510705878984211701297112044370513255377925-215123608059624622405742600984392925785664489773,15349.978513909417,Std <=,Variance <=,974265510705878984211701297112044370513255377925,215123608059624622405742600984392925785664489773
974265510705878984211701297112044370513255377925-218607780770691257170847497927336330511308420255,6120.528881303157,Std <=,ack_count >,974265510705878984211701297112044370513255377925,218607780770691257170847497927336330511308420255
974265510705878984211701297112044370513255377925-223165296026140232481876277255273629987157553131,6681.449061923071,Std <=,Header_Length >,974265510705878984211701297112044370513255377925,223165296026140232481876277255273629987157553131
974265510705878984211701297112044370513255377925-335418722972519651500040442315750311827115323662,1457.343259363675,Std <=,Rate >,974265510705878984211701297112044370513255377925,335418722972519651500040442315750311827115323662
974265510705878984211701297112044370513255377925-337274849629170698169636561573185333120886675912,10.101092450676667,Std <=,ece_flag_number >,974265510705878984211701297112044370513255377925,337274849629170698169636561573185333120886675912
974265510705878984211701297112044370513255377925-338730224709676774412755851787278702947952010784,15029.040739416063,Std <=,sum <=,974265510705878984211701297112044370513255377925,338730224709676774412755851787278702947952010784
974265510705878984211701297112044370513255377925-371266811264664269299964157380215767396824640058,129.29398336866134,Std <=,ICMP >,974265510705878984211701297112044370513255377925,371266811264664269299964157380215767396824640058
974265510705878984211701297112044370513255377925-378316838538499851440768051160724422589084218125,24814.262253909314,Std <=,IAT <=,974265510705878984211701297112044370513255377925,378316838538499851440768051160724422589084218125
974265510705878984211701297112044370513255377925-40351198695966294513339726256484683518911283460,10327.796807855968,Std <=,fin_flag_number <=,974265510705878984211701297112044370513255377925,40351198695966294513339726256484683518911283460
974265510705878984211701297112044370513255377925-417610515582391639059962073933335223318558562917,28905.009191418187,Std <=,fin_count <=,974265510705878984211701297112044370513255377925,417610515582391639059962073933335223318558562917
974265510705878984211701297112044370513255377925-450410814915736770904937984733342042835793211647,8684.919289091798,Std <=,ece_flag_number <=,974265510705878984211701297112044370513255377925,450410814915736770904937984733342042835793211647
974265510705878984211701297112044370513255377925-475011065740486827108472353828139148231878458661,14011.062417487627,Std <=,syn_flag_number <=,974265510705878984211701297112044370513255377925,475011065740486827108472353828139148231878458661
974265510705878984211701297112044370513255377925-505469541859377927785473031559292540931343582537,14281.217764289435,Std <=,ICMP <=,974265510705878984211701297112044370513255377925,505469541859377927785473031559292540931343582537
974265510705878984211701297112044370513255377925-520582048177068818674784514618258893555315007951,3066.6916680254362,Std <=,LLC <=,974265510705878984211701297112044370513255377925,520582048177068818674784514618258893555315007951
974265510705878984211701297112044370513255377925-559797210707093786647851972932919518973015855277,7389.2260931081455,Std <=,fin_count >,974265510705878984211701297112044370513255377925,559797210707093786647851972932919518973015855277
974265510705878984211701297112044370513255377925-565103970815292376991711972572924808853013487374,3.0303277352030005,Std <=,IGMP >,974265510705878984211701297112044370513255377925,565103970815292376991711972572924808853013487374
974265510705878984211701297112044370513255377925-629827923182617752624696690572530002196221478554,116.16256318278168,Std <=,DHCP >,974265510705878984211701297112044370513255377925,629827923182617752624696690572530002196221478554
974265510705878984211701297112044370513255377925-681503808608794911981134712221284126975357543438,7409.069852148346,Std <=,syn_count <=,974265510705878984211701297112044370513255377925,681503808608794911981134712221284126975357543438
974265510705878984211701297112044370513255377925-684418957212367241623111035135876005715150589706,7551.413795279898,Std <=,HTTP <=,974265510705878984211701297112044370513255377925,684418957212367241623111035135876005715150589706
974265510705878984211701297112044370513255377925-714914936218336719861297767221934377853836589461,4254.172838110066,Std <=,UDP >,974265510705878984211701297112044370513255377925,714914936218336719861297767221934377853836589461
974265510705878984211701297112044370513255377925-786396322989194697344344278946426998739971577495,781.7430952593847,Std <=,HTTPS <=,974265510705878984211701297112044370513255377925,786396322989194697344344278946426998739971577495
974265510705878984211701297112044370513255377925-791432257472445298809701838101022411569407290467,1162.7497856650696,Std <=,rst_flag_number >,974265510705878984211701297112044370513255377925,791432257472445298809701838101022411569407290467
974265510705878984211701297112044370513255377925-795584812918386367255521286735341258439959854242,490.913093102886,Std <=,syn_count >,974265510705878984211701297112044370513255377925,795584812918386367255521286735341258439959854242
974265510705878984211701297112044370513255377925-835140271881840015202809914014108690929910415575,2975.781835969346,Std <=,IAT >,974265510705878984211701297112044370513255377925,835140271881840015202809914014108690929910415575
974265510705878984211701297112044370513255377925-841356973986788424033641854148712928121319667477,1693.871743555488,Std <=,Variance >,974265510705878984211701297112044370513255377925,841356973986788424033641854148712928121319667477
974265510705878984211701297112044370513255377925-841518471221275042570144506781210008737201997031,10371.671391678019,Std <=,Min <=,974265510705878984211701297112044370513255377925,841518471221275042570144506781210008737201997031
974265510705878984211701297112044370513255377925-843826879422383561066103188424018239931401286651,3556.5946518832548,Std <=,ack_count <=,974265510705878984211701297112044370513255377925,843826879422383561066103188424018239931401286651
974265510705878984211701297112044370513255377925-896530251803066355404557928035950607124936193677,6948.54149682048,Std <=,psh_flag_number <=,974265510705878984211701297112044370513255377925,896530251803066355404557928035950607124936193677
974265510705878984211701297112044370513255377925-922599836131670820904126277297069322180441856169,27382.823435355007,Std <=,Rate <=,974265510705878984211701297112044370513255377925,922599836131670820904126277297069322180441856169
974265510705878984211701297112044370513255377925-926368966621798523173828527325665066772113177503,30135.615509433366,Std <=,UDP <=,974265510705878984211701297112044370513255377925,926368966621798523173828527325665066772113177503
974265510705878984211701297112044370513255377925-940331364486966071141541838460909450599289486914,4.040436980270667,Std <=,rst_count >,974265510705878984211701297112044370513255377925,940331364486966071141541838460909450599289486914
974265510705878984211701297112044370513255377925-974265510705878984211701297112044370513255377925,1928.2985488341758,Std <=,Std <=,974265510705878984211701297112044370513255377925,974265510705878984211701297112044370513255377925
1239329028096551917906154637654656383307088642249-1077028023530208599426324724984012030801332581683,83.83906734061634,cwr_flag_number <=,Time_To_Live >,1239329028096551917906154637654656383307088642249,1077028023530208599426324724984012030801332581683
1239329028096551917906154637654656383307088642249-1232849963170894971818913290506039176322619533319,348.48768954834503,cwr_flag_number <=,psh_flag_number >,1239329028096551917906154637654656383307088642249,1232849963170894971818913290506039176322619533319
1239329028096551917906154637654656383307088642249-1236189254858718471128603624930063881324958313531,5142.466166639491,cwr_flag_number <=,HTTPS >,1239329028096551917906154637654656383307088642249,1236189254858718471128603624930063881324958313531
1239329028096551917906154637654656383307088642249-1329847435934461746074927120436757452470095790255,507.0748410239687,cwr_flag_number <=,Min >,1239329028096551917906154637654656383307088642249,1329847435934461746074927120436757452470095790255
1239329028096551917906154637654656383307088642249-1338222599102815322204523610829624561969283441716,786.8751019077124,cwr_flag_number <=,SSH <=,1239329028096551917906154637654656383307088642249,1338222599102815322204523610829624561969283441716
1239329028096551917906154637654656383307088642249-1345309773886921328764805451107636357621530213384,99.91935483870968,cwr_flag_number <=,Class -1,1239329028096551917906154637654656383307088642249,1345309773886921328764805451107636357621530213384
1239329028096551917906154637654656383307088642249-1375509225989204300559045429796274689340158771149,688.8945051361487,cwr_flag_number <=,rst_count <=,1239329028096551917906154637654656383307088642249,1375509225989204300559045429796274689340158771149
1239329028096551917906154637654656383307088642249-1454952188391427871478129207189215566009723810659,279.8002608837437,cwr_flag_number <=,Std >,1239329028096551917906154637654656383307088642249,1454952188391427871478129207189215566009723810659
1239329028096551917906154637654656383307088642249-1455733501014453866297060548284701359849809242142,1376.7789010272297,cwr_flag_number <=,DHCP <=,1239329028096551917906154637654656383307088642249,1455733501014453866297060548284701359849809242142
1239329028096551917906154637654656383307088642249-171982518954274878349485416184092168691833932185,11047.56481330507,cwr_flag_number <=,Class 1,1239329028096551917906154637654656383307088642249,171982518954274878349485416184092168691833932185
1239329028096551917906154637654656383307088642249-215123608059624622405742600984392925785664489773,1724.256481330507,cwr_flag_number <=,Variance <=,1239329028096551917906154637654656383307088642249,215123608059624622405742600984392925785664489773
1239329028096551917906154637654656383307088642249-338730224709676774412755851787278702947952010784,76.76830262514267,cwr_flag_number <=,sum <=,1239329028096551917906154637654656383307088642249,338730224709676774412755851787278702947952010784
1239329028096551917906154637654656383307088642249-417610515582391639059962073933335223318558562917,545.4589923365401,cwr_flag_number <=,fin_count <=,1239329028096551917906154637654656383307088642249,417610515582391639059962073933335223318558562917
1239329028096551917906154637654656383307088642249-520582048177068818674784514618258893555315007951,229.29479863036036,cwr_flag_number <=,LLC <=,1239329028096551917906154637654656383307088642249,520582048177068818674784514618258893555315007951
1239329028096551917906154637654656383307088642249-684418957212367241623111035135876005715150589706,41.414479047774336,cwr_flag_number <=,HTTP <=,1239329028096551917906154637654656383307088642249,684418957212367241623111035135876005715150589706
1239329028096551917906154637654656383307088642249-786396322989194697344344278946426998739971577495,47.47513451818034,cwr_flag_number <=,HTTPS <=,1239329028096551917906154637654656383307088642249,786396322989194697344344278946426998739971577495
1239329028096551917906154637654656383307088642249-841518471221275042570144506781210008737201997031,109.09179846730801,cwr_flag_number <=,Min <=,1239329028096551917906154637654656383307088642249,841518471221275042570144506781210008737201997031
1239329028096551917906154637654656383307088642249-922599836131670820904126277297069322180441856169,622.2272949616827,cwr_flag_number <=,Rate <=,1239329028096551917906154637654656383307088642249,922599836131670820904126277297069322180441856169
1239329028096551917906154637654656383307088642249-926368966621798523173828527325665066772113177503,70.70764715473668,cwr_flag_number <=,UDP <=,1239329028096551917906154637654656383307088642249,926368966621798523173828527325665066772113177503
1239329028096551917906154637654656383307088642249-974265510705878984211701297112044370513255377925,565.6611772378934,cwr_flag_number <=,Std <=,1239329028096551917906154637654656383307088642249,974265510705878984211701297112044370513255377925
940331364486966071141541838460909450599289486914-1043469376771332113858820724324827897913309990452,2.0202184901353335,rst_count >,LLC >,940331364486966071141541838460909450599289486914,1043469376771332113858820724324827897913309990452
940331364486966071141541838460909450599289486914-1085488307210616684491611463585545838953333018237,124.16197672033368,rst_count >,Type >,940331364486966071141541838460909450599289486914,1085488307210616684491611463585545838953333018237
940331364486966071141541838460909450599289486914-1091995366823138898995898948102109473193356840202,699.4354838709678,rst_count >,DNS <=,940331364486966071141541838460909450599289486914,1091995366823138898995898948102109473193356840202
940331364486966071141541838460909450599289486914-1118614325010621431186771152252517336813918651911,599.516129032258,rst_count >,sum >,940331364486966071141541838460909450599289486914,1118614325010621431186771152252517336813918651911
940331364486966071141541838460909450599289486914-1142857970576506471478393393000113013376204379484,1350.4671844016768,rst_count >,rst_flag_number <=,940331364486966071141541838460909450599289486914,1142857970576506471478393393000113013376204379484
940331364486966071141541838460909450599289486914-1233133706649643691022119102239698495899057226060,710.5466855667121,rst_count >,Time_To_Live <=,940331364486966071141541838460909450599289486914,1233133706649643691022119102239698495899057226060
940331364486966071141541838460909450599289486914-1236189254858718471128603624930063881324958313531,4.040436980270667,rst_count >,HTTPS >,940331364486966071141541838460909450599289486914,1236189254858718471128603624930063881324958313531
940331364486966071141541838460909450599289486914-1251276136943778783713685275011300537715092657394,1413.0124971728828,rst_count >,fin_flag_number >,940331364486966071141541838460909450599289486914,1251276136943778783713685275011300537715092657394
940331364486966071141541838460909450599289486914-1338222599102815322204523610829624561969283441716,3601.137211173819,rst_count >,SSH <=,940331364486966071141541838460909450599289486914,1338222599102815322204523610829624561969283441716
940331364486966071141541838460909450599289486914-1345309773886921328764805451107636357621530213384,74539.83870967742,rst_count >,Class -1,940331364486966071141541838460909450599289486914,1345309773886921328764805451107636357621530213384
940331364486966071141541838460909450599289486914-1375509225989204300559045429796274689340158771149,3755.602465246183,rst_count >,rst_count <=,940331364486966071141541838460909450599289486914,1375509225989204300559045429796274689340158771149
940331364486966071141541838460909450599289486914-1379366653555122327876205020011632492492609315477,445.1323353828837,rst_count >,Type <=,940331364486966071141541838460909450599289486914,1379366653555122327876205020011632492492609315477
940331364486966071141541838460909450599289486914-1418162538066850581097605911983264533342366443794,1840.9729753896163,rst_count >,Header_Length <=,940331364486966071141541838460909450599289486914,1418162538066850581097605911983264533342366443794
940331364486966071141541838460909450599289486914-1429650867505148313720594668477948880050562903683,1298.9516129032259,rst_count >,syn_flag_number >,940331364486966071141541838460909450599289486914,1429650867505148313720594668477948880050562903683
940331364486966071141541838460909450599289486914-1455733501014453866297060548284701359849809242142,1604.7703328897608,rst_count >,DHCP <=,940331364486966071141541838460909450599289486914,1455733501014453866297060548284701359849809242142
940331364486966071141541838460909450599289486914-160227321490815016489601533331665083666172936667,501.61699268368375,rst_count >,IGMP <=,940331364486966071141541838460909450599289486914,160227321490815016489601533331665083666172936667
940331364486966071141541838460909450599289486914-171982518954274878349485416184092168691833932185,461.6199249959237,rst_count >,Class 1,940331364486966071141541838460909450599289486914,171982518954274878349485416184092168691833932185
940331364486966071141541838460909450599289486914-207766774224049171901964708681563529125144087827,2500.0040894578774,rst_count >,HTTP >,940331364486966071141541838460909450599289486914,207766774224049171901964708681563529125144087827
940331364486966071141541838460909450599289486914-215123608059624622405742600984392925785664489773,2340.5697495831646,rst_count >,Variance <=,940331364486966071141541838460909450599289486914,215123608059624622405742600984392925785664489773
940331364486966071141541838460909450599289486914-218607780770691257170847497927336330511308420255,838.7490992673164,rst_count >,ack_count >,940331364486966071141541838460909450599289486914,218607780770691257170847497927336330511308420255
940331364486966071141541838460909450599289486914-223165296026140232481876277255273629987157553131,60.60655470406,rst_count >,Header_Length >,940331364486966071141541838460909450599289486914,223165296026140232481876277255273629987157553131
940331364486966071141541838460909450599289486914-338730224709676774412755851787278702947952010784,5225.099619719866,rst_count >,sum <=,940331364486966071141541838460909450599289486914,338730224709676774412755851787278702947952010784
940331364486966071141541838460909450599289486914-371266811264664269299964157380215767396824640058,108.00022879925102,rst_count >,ICMP >,940331364486966071141541838460909450599289486914,371266811264664269299964157380215767396824640058
940331364486966071141541838460909450599289486914-378316838538499851440768051160724422589084218125,3197.4193548387098,rst_count >,IAT <=,940331364486966071141541838460909450599289486914,378316838538499851440768051160724422589084218125
940331364486966071141541838460909450599289486914-40351198695966294513339726256484683518911283460,915.4359414694698,rst_count >,fin_flag_number <=,940331364486966071141541838460909450599289486914,40351198695966294513339726256484683518911283460
940331364486966071141541838460909450599289486914-417610515582391639059962073933335223318558562917,1019.3957332884502,rst_count >,fin_count <=,940331364486966071141541838460909450599289486914,417610515582391639059962073933335223318558562917
940331364486966071141541838460909450599289486914-450410814915736770904937984733342042835793211647,2405.135280844506,rst_count >,ece_flag_number <=,940331364486966071141541838460909450599289486914,450410814915736770904937984733342042835793211647
940331364486966071141541838460909450599289486914-475011065740486827108472353828139148231878458661,1099.1129032258066,rst_count >,syn_flag_number <=,940331364486966071141541838460909450599289486914,475011065740486827108472353828139148231878458661
940331364486966071141541838460909450599289486914-505469541859377927785473031559292540931343582537,10276.70483055706,rst_count >,ICMP <=,940331364486966071141541838460909450599289486914,505469541859377927785473031559292540931343582537
940331364486966071141541838460909450599289486914-681503808608794911981134712221284126975357543438,8.080873960541334,rst_count >,syn_count <=,940331364486966071141541838460909450599289486914,681503808608794911981134712221284126975357543438
940331364486966071141541838460909450599289486914-684418957212367241623111035135876005715150589706,1032.52715347433,rst_count >,HTTP <=,940331364486966071141541838460909450599289486914,684418957212367241623111035135876005715150589706
940331364486966071141541838460909450599289486914-714914936218336719861297767221934377853836589461,1.0101092450676668,rst_count >,UDP >,940331364486966071141541838460909450599289486914,714914936218336719861297767221934377853836589461
940331364486966071141541838460909450599289486914-786396322989194697344344278946426998739971577495,2598.9133350515194,rst_count >,HTTPS <=,940331364486966071141541838460909450599289486914,786396322989194697344344278946426998739971577495
940331364486966071141541838460909450599289486914-791432257472445298809701838101022411569407290467,1413.0124971728828,rst_count >,rst_flag_number >,940331364486966071141541838460909450599289486914,791432257472445298809701838101022411569407290467
940331364486966071141541838460909450599289486914-835140271881840015202809914014108690929910415575,2.0202184901353335,rst_count >,IAT >,940331364486966071141541838460909450599289486914,835140271881840015202809914014108690929910415575
940331364486966071141541838460909450599289486914-841356973986788424033641854148712928121319667477,499.5967741935484,rst_count >,Variance >,940331364486966071141541838460909450599289486914,841356973986788424033641854148712928121319667477
940331364486966071141541838460909450599289486914-843826879422383561066103188424018239931401286651,7618.11358962356,rst_count >,ack_count <=,940331364486966071141541838460909450599289486914,843826879422383561066103188424018239931401286651
940331364486966071141541838460909450599289486914-922599836131670820904126277297069322180441856169,4419.684125539782,rst_count >,Rate <=,940331364486966071141541838460909450599289486914,922599836131670820904126277297069322180441856169
940331364486966071141541838460909450599289486914-926368966621798523173828527325665066772113177503,11.111201695744334,rst_count >,UDP <=,940331364486966071141541838460909450599289486914,926368966621798523173828527325665066772113177503
940331364486966071141541838460909450599289486914-940331364486966071141541838460909450599289486914,7141.749328066568,rst_count >,rst_count >,940331364486966071141541838460909450599289486914,940331364486966071141541838460909450599289486914
940331364486966071141541838460909450599289486914-974265510705878984211701297112044370513255377925,10.101092450676667,rst_count >,Std <=,940331364486966071141541838460909450599289486914,974265510705878984211701297112044370513255377925
510505520442458443414009447271658614884328320759-1091995366823138898995898948102109473193356840202,334.3461601173977,IRC <=,DNS <=,510505520442458443414009447271658614884328320759,1091995366823138898995898948102109473193356840202
510505520442458443414009447271658614884328320759-1184472685782376059334758133512718430805424685192,79.79863036034567,IRC <=,SSH >,510505520442458443414009447271658614884328320759,1184472685782376059334758133512718430805424685192
510505520442458443414009447271658614884328320759-1338222599102815322204523610829624561969283441716,10387.963476275885,IRC <=,SSH <=,510505520442458443414009447271658614884328320759,1338222599102815322204523610829624561969283441716
510505520442458443414009447271658614884328320759-1429650867505148313720594668477948880050562903683,653.5406815587804,IRC <=,syn_flag_number >,510505520442458443414009447271658614884328320759,1429650867505148313720594668477948880050562903683
510505520442458443414009447271658614884328320759-160227321490815016489601533331665083666172936667,1096.978640143486,IRC <=,IGMP <=,510505520442458443414009447271658614884328320759,160227321490815016489601533331665083666172936667
510505520442458443414009447271658614884328320759-171982518954274878349485416184092168691833932185,2452.545247024295,IRC <=,Class 1,510505520442458443414009447271658614884328320759,171982518954274878349485416184092168691833932185
510505520442458443414009447271658614884328320759-338730224709676774412755851787278702947952010784,5897.017772705039,IRC <=,sum <=,510505520442458443414009447271658614884328320759,338730224709676774412755851787278702947952010784
510505520442458443414009447271658614884328320759-40351198695966294513339726256484683518911283460,735.3595304092614,IRC <=,fin_flag_number <=,510505520442458443414009447271658614884328320759,40351198695966294513339726256484683518911283460
510505520442458443414009447271658614884328320759-475011065740486827108472353828139148231878458661,1990.925322028371,IRC <=,syn_flag_number <=,510505520442458443414009447271658614884328320759,475011065740486827108472353828139148231878458661
510505520442458443414009447271658614884328320759-505469541859377927785473031559292540931343582537,1081.827001467471,IRC <=,ICMP <=,510505520442458443414009447271658614884328320759,505469541859377927785473031559292540931343582537
510505520442458443414009447271658614884328320759-681503808608794911981134712221284126975357543438,1234.3534974726888,IRC <=,syn_count <=,510505520442458443414009447271658614884328320759,681503808608794911981134712221284126975357543438
510505520442458443414009447271658614884328320759-684418957212367241623111035135876005715150589706,1175.7671612587642,IRC <=,HTTP <=,510505520442458443414009447271658614884328320759,684418957212367241623111035135876005715150589706
510505520442458443414009447271658614884328320759-714914936218336719861297767221934377853836589461,8.080873960541334,IRC <=,UDP >,510505520442458443414009447271658614884328320759,714914936218336719861297767221934377853836589461
510505520442458443414009447271658614884328320759-786396322989194697344344278946426998739971577495,139.39507581933802,IRC <=,HTTPS <=,510505520442458443414009447271658614884328320759,786396322989194697344344278946426998739971577495
510505520442458443414009447271658614884328320759-795584812918386367255521286735341258439959854242,192.93086580792436,IRC <=,syn_count >,510505520442458443414009447271658614884328320759,795584812918386367255521286735341258439959854242
510505520442458443414009447271658614884328320759-841518471221275042570144506781210008737201997031,703.0360345670961,IRC <=,Min <=,510505520442458443414009447271658614884328320759,841518471221275042570144506781210008737201997031
510505520442458443414009447271658614884328320759-926368966621798523173828527325665066772113177503,1.0101092450676668,IRC <=,UDP <=,510505520442458443414009447271658614884328320759,926368966621798523173828527325665066772113177503
579184915384053252333364217236378176158944003116-1236189254858718471128603624930063881324958313531,9.090983205609001,cwr_flag_number >,HTTPS >,579184915384053252333364217236378176158944003116,1236189254858718471128603624930063881324958313531
579184915384053252333364217236378176158944003116-1338222599102815322204523610829624561969283441716,5.0505462253383335,cwr_flag_number >,SSH <=,579184915384053252333364217236378176158944003116,1338222599102815322204523610829624561969283441716
579184915384053252333364217236378176158944003116-1375509225989204300559045429796274689340158771149,1.0101092450676668,cwr_flag_number >,rst_count <=,579184915384053252333364217236378176158944003116,1375509225989204300559045429796274689340158771149
579184915384053252333364217236378176158944003116-1455733501014453866297060548284701359849809242142,3.0303277352030005,cwr_flag_number >,DHCP <=,579184915384053252333364217236378176158944003116,1455733501014453866297060548284701359849809242142
579184915384053252333364217236378176158944003116-171982518954274878349485416184092168691833932185,20.202184901353334,cwr_flag_number >,Class 1,579184915384053252333364217236378176158944003116,171982518954274878349485416184092168691833932185
579184915384053252333364217236378176158944003116-215123608059624622405742600984392925785664489773,9.090983205609001,cwr_flag_number >,Variance <=,579184915384053252333364217236378176158944003116,215123608059624622405742600984392925785664489773
579184915384053252333364217236378176158944003116-417610515582391639059962073933335223318558562917,3.0303277352030005,cwr_flag_number >,fin_count <=,579184915384053252333364217236378176158944003116,417610515582391639059962073933335223318558562917
579184915384053252333364217236378176158944003116-520582048177068818674784514618258893555315007951,99.91935483870968,cwr_flag_number >,LLC <=,579184915384053252333364217236378176158944003116,520582048177068818674784514618258893555315007951
579184915384053252333364217236378176158944003116-922599836131670820904126277297069322180441856169,1.0101092450676668,cwr_flag_number >,Rate <=,579184915384053252333364217236378176158944003116,922599836131670820904126277297069322180441856169
708408391217891577256114269656040681679338993095-171982518954274878349485416184092168691833932185,15.151638676015,IRC >,Class 1,708408391217891577256114269656040681679338993095,171982518954274878349485416184092168691833932185
708408391217891577256114269656040681679338993095-338730224709676774412755851787278702947952010784,7.0707647154736675,IRC >,sum <=,708408391217891577256114269656040681679338993095,338730224709676774412755851787278702947952010784
708408391217891577256114269656040681679338993095-505469541859377927785473031559292540931343582537,3.0303277352030005,IRC >,ICMP <=,708408391217891577256114269656040681679338993095,505469541859377927785473031559292540931343582537
708408391217891577256114269656040681679338993095-684418957212367241623111035135876005715150589706,3.0303277352030005,IRC >,HTTP <=,708408391217891577256114269656040681679338993095,684418957212367241623111035135876005715150589706
