Edge,Weighted frequency,Node_u_label,Node_v_label,Source_id,Target_id
1043469376771332113858820724324827897913309990452-1043469376771332113858820724324827897913309990452,14146.579977172672,LLC >,LLC >,1043469376771332113858820724324827897913309990452,1043469376771332113858820724324827897913309990452
1043469376771332113858820724324827897913309990452-1043754360836331848364792327262011021650379248223,349.33487794743405,LLC >,DNS >,1043469376771332113858820724324827897913309990452,1043754360836331848364792327262011021650379248223
1043469376771332113858820724324827897913309990452-1077028023530208599426324724984012030801332581683,2749.4359046511995,LLC >,Time_To_Live >,1043469376771332113858820724324827897913309990452,1077028023530208599426324724984012030801332581683
1043469376771332113858820724324827897913309990452-1085488307210616684491611463585545838953333018237,4376.721898455211,LLC >,Type >,1043469376771332113858820724324827897913309990452,1085488307210616684491611463585545838953333018237
1043469376771332113858820724324827897913309990452-1091995366823138898995898948102109473193356840202,12144.738958463731,LLC >,DNS <=,1043469376771332113858820724324827897913309990452,1091995366823138898995898948102109473193356840202
1043469376771332113858820724324827897913309990452-109928824856976412487775174607761519739702474552,7409.069852148346,LLC >,Number <=,1043469376771332113858820724324827897913309990452,109928824856976412487775174607761519739702474552
1043469376771332113858820724324827897913309990452-1118614325010621431186771152252517336813918651911,1957.950142802291,LLC >,sum >,1043469376771332113858820724324827897913309990452,1118614325010621431186771152252517336813918651911
1043469376771332113858820724324827897913309990452-1184472685782376059334758133512718430805424685192,241.41610957117234,LLC >,SSH >,1043469376771332113858820724324827897913309990452,1184472685782376059334758133512718430805424685192
1043469376771332113858820724324827897913309990452-1232849963170894971818913290506039176322619533319,1297.9903799119518,LLC >,psh_flag_number >,1043469376771332113858820724324827897913309990452,1232849963170894971818913290506039176322619533319
1043469376771332113858820724324827897913309990452-1233133706649643691022119102239698495899057226060,7646.282603893269,LLC >,Time_To_Live <=,1043469376771332113858820724324827897913309990452,1233133706649643691022119102239698495899057226060
1043469376771332113858820724324827897913309990452-1236189254858718471128603624930063881324958313531,7843.416827527443,LLC >,HTTPS >,1043469376771332113858820724324827897913309990452,1236189254858718471128603624930063881324958313531
1043469376771332113858820724324827897913309990452-1251276136943778783713685275011300537715092657394,256.56774824718735,LLC >,fin_flag_number >,1043469376771332113858820724324827897913309990452,1251276136943778783713685275011300537715092657394
1043469376771332113858820724324827897913309990452-1329847435934461746074927120436757452470095790255,4399.954411091767,LLC >,Min >,1043469376771332113858820724324827897913309990452,1329847435934461746074927120436757452470095790255
1043469376771332113858820724324827897913309990452-1338222599102815322204523610829624561969283441716,22823.56502106531,LLC >,SSH <=,1043469376771332113858820724324827897913309990452,1338222599102815322204523610829624561969283441716
1043469376771332113858820724324827897913309990452-1345309773886921328764805451107636357621530213384,22082.17741935484,LLC >,Class -1,1043469376771332113858820724324827897913309990452,1345309773886921328764805451107636357621530213384
1043469376771332113858820724324827897913309990452-1375509225989204300559045429796274689340158771149,5376.81151149519,LLC >,rst_count <=,1043469376771332113858820724324827897913309990452,1375509225989204300559045429796274689340158771149
1043469376771332113858820724324827897913309990452-1379366653555122327876205020011632492492609315477,9976.27879057242,LLC >,Type <=,1043469376771332113858820724324827897913309990452,1379366653555122327876205020011632492492609315477
1043469376771332113858820724324827897913309990452-1429650867505148313720594668477948880050562903683,1285.135925164236,LLC >,syn_flag_number >,1043469376771332113858820724324827897913309990452,1429650867505148313720594668477948880050562903683
1043469376771332113858820724324827897913309990452-1454952188391427871478129207189215566009723810659,826.1879020423621,LLC >,Std >,1043469376771332113858820724324827897913309990452,1454952188391427871478129207189215566009723810659
1043469376771332113858820724324827897913309990452-1455733501014453866297060548284701359849809242142,10336.284983931455,LLC >,DHCP <=,1043469376771332113858820724324827897913309990452,1455733501014453866297060548284701359849809242142
1043469376771332113858820724324827897913309990452-153155765823982001952501641876618811106762500815,4332.358552095223,LLC >,ack_flag_number >,1043469376771332113858820724324827897913309990452,153155765823982001952501641876618811106762500815
1043469376771332113858820724324827897913309990452-160227321490815016489601533331665083666172936667,77.77841187021033,LLC >,IGMP <=,1043469376771332113858820724324827897913309990452,160227321490815016489601533331665083666172936667
1043469376771332113858820724324827897913309990452-161772624339136553719839337862344762258727720981,3016.789012902174,LLC >,ack_flag_number <=,1043469376771332113858820724324827897913309990452,161772624339136553719839337862344762258727720981
1043469376771332113858820724324827897913309990452-171982518954274878349485416184092168691833932185,46908.46323169737,LLC >,Class 1,1043469376771332113858820724324827897913309990452,171982518954274878349485416184092168691833932185
1043469376771332113858820724324827897913309990452-207766774224049171901964708681563529125144087827,390.8308174181977,LLC >,HTTP >,1043469376771332113858820724324827897913309990452,207766774224049171901964708681563529125144087827
1043469376771332113858820724324827897913309990452-215123608059624622405742600984392925785664489773,6451.486287824198,LLC >,Variance <=,1043469376771332113858820724324827897913309990452,215123608059624622405742600984392925785664489773
1043469376771332113858820724324827897913309990452-218607780770691257170847497927336330511308420255,10571.8033588782,LLC >,ack_count >,1043469376771332113858820724324827897913309990452,218607780770691257170847497927336330511308420255
1043469376771332113858820724324827897913309990452-335418722972519651500040442315750311827115323662,2374.9949243384544,LLC >,Rate >,1043469376771332113858820724324827897913309990452,335418722972519651500040442315750311827115323662
1043469376771332113858820724324827897913309990452-338730224709676774412755851787278702947952010784,6817.748641668814,LLC >,sum <=,1043469376771332113858820724324827897913309990452,338730224709676774412755851787278702947952010784
1043469376771332113858820724324827897913309990452-371266811264664269299964157380215767396824640058,1639.3584284910296,LLC >,ICMP >,1043469376771332113858820724324827897913309990452,371266811264664269299964157380215767396824640058
1043469376771332113858820724324827897913309990452-378316838538499851440768051160724422589084218125,2445.4744823088213,LLC >,IAT <=,1043469376771332113858820724324827897913309990452,378316838538499851440768051160724422589084218125
1043469376771332113858820724324827897913309990452-40351198695966294513339726256484683518911283460,6322.273764878526,LLC >,fin_flag_number <=,1043469376771332113858820724324827897913309990452,40351198695966294513339726256484683518911283460
1043469376771332113858820724324827897913309990452-426624906449189252299067265451872698344494536313,41.414479047774336,LLC >,Number >,1043469376771332113858820724324827897913309990452,426624906449189252299067265451872698344494536313
1043469376771332113858820724324827897913309990452-450410814915736770904937984733342042835793211647,208.08250448393935,LLC >,ece_flag_number <=,1043469376771332113858820724324827897913309990452,450410814915736770904937984733342042835793211647
1043469376771332113858820724324827897913309990452-475011065740486827108472353828139148231878458661,14853.249146605092,LLC >,syn_flag_number <=,1043469376771332113858820724324827897913309990452,475011065740486827108472353828139148231878458661
1043469376771332113858820724324827897913309990452-505469541859377927785473031559292540931343582537,8056.826843674884,LLC >,ICMP <=,1043469376771332113858820724324827897913309990452,505469541859377927785473031559292540931343582537
1043469376771332113858820724324827897913309990452-520582048177068818674784514618258893555315007951,947.4824718734715,LLC >,LLC <=,1043469376771332113858820724324827897913309990452,520582048177068818674784514618258893555315007951
1043469376771332113858820724324827897913309990452-629827923182617752624696690572530002196221478554,109.09179846730801,LLC >,DHCP >,1043469376771332113858820724324827897913309990452,629827923182617752624696690572530002196221478554
1043469376771332113858820724324827897913309990452-681503808608794911981134712221284126975357543438,7636.262971865582,LLC >,syn_count <=,1043469376771332113858820724324827897913309990452,681503808608794911981134712221284126975357543438
1043469376771332113858820724324827897913309990452-684418957212367241623111035135876005715150589706,5574.222700567528,LLC >,HTTP <=,1043469376771332113858820724324827897913309990452,684418957212367241623111035135876005715150589706
1043469376771332113858820724324827897913309990452-714914936218336719861297767221934377853836589461,770.5504331406511,LLC >,UDP >,1043469376771332113858820724324827897913309990452,714914936218336719861297767221934377853836589461
1043469376771332113858820724324827897913309990452-786396322989194697344344278946426998739971577495,4263.296405484871,LLC >,HTTPS <=,1043469376771332113858820724324827897913309990452,786396322989194697344344278946426998739971577495
1043469376771332113858820724324827897913309990452-795584812918386367255521286735341258439959854242,425.09307132750905,LLC >,syn_count >,1043469376771332113858820724324827897913309990452,795584812918386367255521286735341258439959854242
1043469376771332113858820724324827897913309990452-835140271881840015202809914014108690929910415575,2093.9564650252732,LLC >,IAT >,1043469376771332113858820724324827897913309990452,835140271881840015202809914014108690929910415575
1043469376771332113858820724324827897913309990452-841356973986788424033641854148712928121319667477,1068.6955812815913,LLC >,Variance >,1043469376771332113858820724324827897913309990452,841356973986788424033641854148712928121319667477
1043469376771332113858820724324827897913309990452-841518471221275042570144506781210008737201997031,13202.84468475671,LLC >,Min <=,1043469376771332113858820724324827897913309990452,841518471221275042570144506781210008737201997031
1043469376771332113858820724324827897913309990452-843826879422383561066103188424018239931401286651,6633.012694413616,LLC >,ack_count <=,1043469376771332113858820724324827897913309990452,843826879422383561066103188424018239931401286651
1043469376771332113858820724324827897913309990452-896530251803066355404557928035950607124936193677,1915.167128648296,LLC >,psh_flag_number <=,1043469376771332113858820724324827897913309990452,896530251803066355404557928035950607124936193677
1043469376771332113858820724324827897913309990452-922599836131670820904126277297069322180441856169,12166.44001514809,LLC >,Rate <=,1043469376771332113858820724324827897913309990452,922599836131670820904126277297069322180441856169
1043469376771332113858820724324827897913309990452-926368966621798523173828527325665066772113177503,5524.808807982201,LLC >,UDP <=,1043469376771332113858820724324827897913309990452,926368966621798523173828527325665066772113177503
1043469376771332113858820724324827897913309990452-940331364486966071141541838460909450599289486914,2018.6707420985363,LLC >,rst_count >,1043469376771332113858820724324827897913309990452,940331364486966071141541838460909450599289486914
1043469376771332113858820724324827897913309990452-974265510705878984211701297112044370513255377925,6899.404569673317,LLC >,Std <=,1043469376771332113858820724324827897913309990452,974265510705878984211701297112044370513255377925
1043754360836331848364792327262011021650379248223-1043469376771332113858820724324827897913309990452,442.18346807067,DNS >,LLC >,1043754360836331848364792327262011021650379248223,1043469376771332113858820724324827897913309990452
1043754360836331848364792327262011021650379248223-1043754360836331848364792327262011021650379248223,1762.5102959662956,DNS >,DNS >,1043754360836331848364792327262011021650379248223,1043754360836331848364792327262011021650379248223
1043754360836331848364792327262011021650379248223-1077028023530208599426324724984012030801332581683,365.57808629150605,DNS >,Time_To_Live >,1043754360836331848364792327262011021650379248223,1077028023530208599426324724984012030801332581683
1043754360836331848364792327262011021650379248223-1085488307210616684491611463585545838953333018237,195.96119354312734,DNS >,Type >,1043754360836331848364792327262011021650379248223,1085488307210616684491611463585545838953333018237
1043754360836331848364792327262011021650379248223-1091995366823138898995898948102109473193356840202,2759.2926158329083,DNS >,DNS <=,1043754360836331848364792327262011021650379248223,1091995366823138898995898948102109473193356840202
1043754360836331848364792327262011021650379248223-109928824856976412487775174607761519739702474552,268.60759876501004,DNS >,Number <=,1043754360836331848364792327262011021650379248223,109928824856976412487775174607761519739702474552
1043754360836331848364792327262011021650379248223-1118614325010621431186771152252517336813918651911,210.10272297407468,DNS >,sum >,1043754360836331848364792327262011021650379248223,1118614325010621431186771152252517336813918651911
1043754360836331848364792327262011021650379248223-1232849963170894971818913290506039176322619533319,773.6622212988434,DNS >,psh_flag_number >,1043754360836331848364792327262011021650379248223,1232849963170894971818913290506039176322619533319
1043754360836331848364792327262011021650379248223-1233133706649643691022119102239698495899057226060,1068.2068187436555,DNS >,Time_To_Live <=,1043754360836331848364792327262011021650379248223,1233133706649643691022119102239698495899057226060
1043754360836331848364792327262011021650379248223-1236189254858718471128603624930063881324958313531,356.48710308589705,DNS >,HTTPS >,1043754360836331848364792327262011021650379248223,1236189254858718471128603624930063881324958313531
1043754360836331848364792327262011021650379248223-1239329028096551917906154637654656383307088642249,6.060655470406001,DNS >,cwr_flag_number <=,1043754360836331848364792327262011021650379248223,1239329028096551917906154637654656383307088642249
1043754360836331848364792327262011021650379248223-1251276136943778783713685275011300537715092657394,685.5383357089884,DNS >,fin_flag_number >,1043754360836331848364792327262011021650379248223,1251276136943778783713685275011300537715092657394
1043754360836331848364792327262011021650379248223-1329847435934461746074927120436757452470095790255,608.9329539298244,DNS >,Min >,1043754360836331848364792327262011021650379248223,1329847435934461746074927120436757452470095790255
1043754360836331848364792327262011021650379248223-1338222599102815322204523610829624561969283441716,1545.3042241075514,DNS >,SSH <=,1043754360836331848364792327262011021650379248223,1338222599102815322204523610829624561969283441716
1043754360836331848364792327262011021650379248223-1345309773886921328764805451107636357621530213384,7693.790322580645,DNS >,Class -1,1043754360836331848364792327262011021650379248223,1345309773886921328764805451107636357621530213384
1043754360836331848364792327262011021650379248223-1375509225989204300559045429796274689340158771149,109.09179846730801,DNS >,rst_count <=,1043754360836331848364792327262011021650379248223,1375509225989204300559045429796274689340158771149
1043754360836331848364792327262011021650379248223-1379366653555122327876205020011632492492609315477,816.1682700146747,DNS >,Type <=,1043754360836331848364792327262011021650379248223,1379366653555122327876205020011632492492609315477
1043754360836331848364792327262011021650379248223-1429650867505148313720594668477948880050562903683,1069.1354675657337,DNS >,syn_flag_number >,1043754360836331848364792327262011021650379248223,1429650867505148313720594668477948880050562903683
1043754360836331848364792327262011021650379248223-1454952188391427871478129207189215566009723810659,107.07157997717268,DNS >,Std >,1043754360836331848364792327262011021650379248223,1454952188391427871478129207189215566009723810659
1043754360836331848364792327262011021650379248223-1455733501014453866297060548284701359849809242142,262.62840371759336,DNS >,DHCP <=,1043754360836331848364792327262011021650379248223,1455733501014453866297060548284701359849809242142
1043754360836331848364792327262011021650379248223-153155765823982001952501641876618811106762500815,979.8059677156367,DNS >,ack_flag_number >,1043754360836331848364792327262011021650379248223,153155765823982001952501641876618811106762500815
1043754360836331848364792327262011021650379248223-160227321490815016489601533331665083666172936667,6.060655470406001,DNS >,IGMP <=,1043754360836331848364792327262011021650379248223,160227321490815016489601533331665083666172936667
1043754360836331848364792327262011021650379248223-161772624339136553719839337862344762258727720981,734.2679607412044,DNS >,ack_flag_number <=,1043754360836331848364792327262011021650379248223,161772624339136553719839337862344762258727720981
1043754360836331848364792327262011021650379248223-171982518954274878349485416184092168691833932185,6195.0,DNS >,Class 1,1043754360836331848364792327262011021650379248223,171982518954274878349485416184092168691833932185
1043754360836331848364792327262011021650379248223-207766774224049171901964708681563529125144087827,46.46502527311267,DNS >,HTTP >,1043754360836331848364792327262011021650379248223,207766774224049171901964708681563529125144087827
1043754360836331848364792327262011021650379248223-215123608059624622405742600984392925785664489773,1156.3307043335105,DNS >,Variance <=,1043754360836331848364792327262011021650379248223,215123608059624622405742600984392925785664489773
1043754360836331848364792327262011021650379248223-218607780770691257170847497927336330511308420255,403.033588781999,DNS >,ack_count >,1043754360836331848364792327262011021650379248223,218607780770691257170847497927336330511308420255
1043754360836331848364792327262011021650379248223-335418722972519651500040442315750311827115323662,1040.00522030475,DNS >,Rate >,1043754360836331848364792327262011021650379248223,335418722972519651500040442315750311827115323662
1043754360836331848364792327262011021650379248223-338730224709676774412755851787278702947952010784,780.8144464373064,DNS >,sum <=,1043754360836331848364792327262011021650379248223,338730224709676774412755851787278702947952010784
1043754360836331848364792327262011021650379248223-371266811264664269299964157380215767396824640058,408.84986298343705,DNS >,ICMP >,1043754360836331848364792327262011021650379248223,371266811264664269299964157380215767396824640058
1043754360836331848364792327262011021650379248223-378316838538499851440768051160724422589084218125,1335.3644219794555,DNS >,IAT <=,1043754360836331848364792327262011021650379248223,378316838538499851440768051160724422589084218125
1043754360836331848364792327262011021650379248223-40351198695966294513339726256484683518911283460,1239.9253904051589,DNS >,fin_flag_number <=,1043754360836331848364792327262011021650379248223,40351198695966294513339726256484683518911283460
1043754360836331848364792327262011021650379248223-426624906449189252299067265451872698344494536313,3.0303277352030005,DNS >,Number >,1043754360836331848364792327262011021650379248223,426624906449189252299067265451872698344494536313
1043754360836331848364792327262011021650379248223-450410814915736770904937984733342042835793211647,114.14234469264635,DNS >,ece_flag_number <=,1043754360836331848364792327262011021650379248223,450410814915736770904937984733342042835793211647
1043754360836331848364792327262011021650379248223-475011065740486827108472353828139148231878458661,706.8320902783987,DNS >,syn_flag_number <=,1043754360836331848364792327262011021650379248223,475011065740486827108472353828139148231878458661
1043754360836331848364792327262011021650379248223-505469541859377927785473031559292540931343582537,1791.8523403270515,DNS >,ICMP <=,1043754360836331848364792327262011021650379248223,505469541859377927785473031559292540931343582537
1043754360836331848364792327262011021650379248223-520582048177068818674784514618258893555315007951,285.69799550817106,DNS >,LLC <=,1043754360836331848364792327262011021650379248223,520582048177068818674784514618258893555315007951
1043754360836331848364792327262011021650379248223-681503808608794911981134712221284126975357543438,676.7731941953367,DNS >,syn_count <=,1043754360836331848364792327262011021650379248223,681503808608794911981134712221284126975357543438
1043754360836331848364792327262011021650379248223-684418957212367241623111035135876005715150589706,290.91146257948805,DNS >,HTTP <=,1043754360836331848364792327262011021650379248223,684418957212367241623111035135876005715150589706
1043754360836331848364792327262011021650379248223-714914936218336719861297767221934377853836589461,465.578901553205,DNS >,UDP >,1043754360836331848364792327262011021650379248223,714914936218336719861297767221934377853836589461
1043754360836331848364792327262011021650379248223-786396322989194697344344278946426998739971577495,653.1333794438337,DNS >,HTTPS <=,1043754360836331848364792327262011021650379248223,786396322989194697344344278946426998739971577495
1043754360836331848364792327262011021650379248223-795584812918386367255521286735341258439959854242,84.849176585684,DNS >,syn_count >,1043754360836331848364792327262011021650379248223,795584812918386367255521286735341258439959854242
1043754360836331848364792327262011021650379248223-835140271881840015202809914014108690929910415575,1072.5730974158835,DNS >,IAT >,1043754360836331848364792327262011021650379248223,835140271881840015202809914014108690929910415575
1043754360836331848364792327262011021650379248223-841356973986788424033641854148712928121319667477,376.6892879872504,DNS >,Variance >,1043754360836331848364792327262011021650379248223,841356973986788424033641854148712928121319667477
1043754360836331848364792327262011021650379248223-841518471221275042570144506781210008737201997031,540.4084461112017,DNS >,Min <=,1043754360836331848364792327262011021650379248223,841518471221275042570144506781210008737201997031
1043754360836331848364792327262011021650379248223-843826879422383561066103188424018239931401286651,1801.2202889708242,DNS >,ack_count <=,1043754360836331848364792327262011021650379248223,843826879422383561066103188424018239931401286651
1043754360836331848364792327262011021650379248223-896530251803066355404557928035950607124936193677,1151.0357768392041,DNS >,psh_flag_number <=,1043754360836331848364792327262011021650379248223,896530251803066355404557928035950607124936193677
1043754360836331848364792327262011021650379248223-922599836131670820904126277297069322180441856169,2987.4958447952117,DNS >,Rate <=,1043754360836331848364792327262011021650379248223,922599836131670820904126277297069322180441856169
1043754360836331848364792327262011021650379248223-926368966621798523173828527325665066772113177503,315.154084461112,DNS >,UDP <=,1043754360836331848364792327262011021650379248223,926368966621798523173828527325665066772113177503
1043754360836331848364792327262011021650379248223-974265510705878984211701297112044370513255377925,364.486516623449,DNS >,Std <=,1043754360836331848364792327262011021650379248223,974265510705878984211701297112044370513255377925
1077028023530208599426324724984012030801332581683-1043469376771332113858820724324827897913309990452,3605.9270840455915,Time_To_Live >,LLC >,1077028023530208599426324724984012030801332581683,1043469376771332113858820724324827897913309990452
1077028023530208599426324724984012030801332581683-1043754360836331848364792327262011021650379248223,573.7420511984348,Time_To_Live >,DNS >,1077028023530208599426324724984012030801332581683,1043754360836331848364792327262011021650379248223
1077028023530208599426324724984012030801332581683-1077028023530208599426324724984012030801332581683,1664.6600358715148,Time_To_Live >,Time_To_Live >,1077028023530208599426324724984012030801332581683,1077028023530208599426324724984012030801332581683
1077028023530208599426324724984012030801332581683-1085488307210616684491611463585545838953333018237,1013.9867612019588,Time_To_Live >,Type >,1077028023530208599426324724984012030801332581683,1085488307210616684491611463585545838953333018237
1077028023530208599426324724984012030801332581683-1091995366823138898995898948102109473193356840202,9024.234535011545,Time_To_Live >,DNS <=,1077028023530208599426324724984012030801332581683,1091995366823138898995898948102109473193356840202
1077028023530208599426324724984012030801332581683-109928824856976412487775174607761519739702474552,1543.446926463395,Time_To_Live >,Number <=,1077028023530208599426324724984012030801332581683,109928824856976412487775174607761519739702474552
1077028023530208599426324724984012030801332581683-1118614325010621431186771152252517336813918651911,3550.110402213304,Time_To_Live >,sum >,1077028023530208599426324724984012030801332581683,1118614325010621431186771152252517336813918651911
1077028023530208599426324724984012030801332581683-1184472685782376059334758133512718430805424685192,56.56611772378934,Time_To_Live >,SSH >,1077028023530208599426324724984012030801332581683,1184472685782376059334758133512718430805424685192
1077028023530208599426324724984012030801332581683-1232849963170894971818913290506039176322619533319,790.8340784649937,Time_To_Live >,psh_flag_number >,1077028023530208599426324724984012030801332581683,1232849963170894971818913290506039176322619533319
1077028023530208599426324724984012030801332581683-1233133706649643691022119102239698495899057226060,3872.6773851664448,Time_To_Live >,Time_To_Live <=,1077028023530208599426324724984012030801332581683,1233133706649643691022119102239698495899057226060
1077028023530208599426324724984012030801332581683-1236189254858718471128603624930063881324958313531,2807.093592043046,Time_To_Live >,HTTPS >,1077028023530208599426324724984012030801332581683,1236189254858718471128603624930063881324958313531
1077028023530208599426324724984012030801332581683-1239329028096551917906154637654656383307088642249,373.7404206750367,Time_To_Live >,cwr_flag_number <=,1077028023530208599426324724984012030801332581683,1239329028096551917906154637654656383307088642249
1077028023530208599426324724984012030801332581683-1251276136943778783713685275011300537715092657394,729.217414515866,Time_To_Live >,fin_flag_number >,1077028023530208599426324724984012030801332581683,1251276136943778783713685275011300537715092657394
1077028023530208599426324724984012030801332581683-1329847435934461746074927120436757452470095790255,2521.232675688896,Time_To_Live >,Min >,1077028023530208599426324724984012030801332581683,1329847435934461746074927120436757452470095790255
1077028023530208599426324724984012030801332581683-1338222599102815322204523610829624561969283441716,3340.431273438774,Time_To_Live >,SSH <=,1077028023530208599426324724984012030801332581683,1338222599102815322204523610829624561969283441716
1077028023530208599426324724984012030801332581683-1345309773886921328764805451107636357621530213384,16186.935483870968,Time_To_Live >,Class -1,1077028023530208599426324724984012030801332581683,1345309773886921328764805451107636357621530213384
1077028023530208599426324724984012030801332581683-1375509225989204300559045429796274689340158771149,710.1067992825697,Time_To_Live >,rst_count <=,1077028023530208599426324724984012030801332581683,1375509225989204300559045429796274689340158771149
1077028023530208599426324724984012030801332581683-1379366653555122327876205020011632492492609315477,9672.31736823004,Time_To_Live >,Type <=,1077028023530208599426324724984012030801332581683,1379366653555122327876205020011632492492609315477
1077028023530208599426324724984012030801332581683-1429650867505148313720594668477948880050562903683,259.4351551364117,Time_To_Live >,syn_flag_number >,1077028023530208599426324724984012030801332581683,1429650867505148313720594668477948880050562903683
1077028023530208599426324724984012030801332581683-1454952188391427871478129207189215566009723810659,1977.712441419502,Time_To_Live >,Std >,1077028023530208599426324724984012030801332581683,1454952188391427871478129207189215566009723810659
1077028023530208599426324724984012030801332581683-1455733501014453866297060548284701359849809242142,7951.856942610836,Time_To_Live >,DHCP <=,1077028023530208599426324724984012030801332581683,1455733501014453866297060548284701359849809242142
1077028023530208599426324724984012030801332581683-153155765823982001952501641876618811106762500815,6020.169640180305,Time_To_Live >,ack_flag_number >,1077028023530208599426324724984012030801332581683,153155765823982001952501641876618811106762500815
1077028023530208599426324724984012030801332581683-160227321490815016489601533331665083666172936667,461.6199249959237,Time_To_Live >,IGMP <=,1077028023530208599426324724984012030801332581683,160227321490815016489601533331665083666172936667
1077028023530208599426324724984012030801332581683-161772624339136553719839337862344762258727720981,1612.4927809891492,Time_To_Live >,ack_flag_number <=,1077028023530208599426324724984012030801332581683,161772624339136553719839337862344762258727720981
1077028023530208599426324724984012030801332581683-171982518954274878349485416184092168691833932185,25020.406000326104,Time_To_Live >,Class 1,1077028023530208599426324724984012030801332581683,171982518954274878349485416184092168691833932185
1077028023530208599426324724984012030801332581683-207766774224049171901964708681563529125144087827,660.4485254282754,Time_To_Live >,HTTP >,1077028023530208599426324724984012030801332581683,207766774224049171901964708681563529125144087827
1077028023530208599426324724984012030801332581683-215123608059624622405742600984392925785664489773,5889.050943336682,Time_To_Live >,Variance <=,1077028023530208599426324724984012030801332581683,215123608059624622405742600984392925785664489773
1077028023530208599426324724984012030801332581683-218607780770691257170847497927336330511308420255,2580.8291211478886,Time_To_Live >,ack_count >,1077028023530208599426324724984012030801332581683,218607780770691257170847497927336330511308420255
1077028023530208599426324724984012030801332581683-335418722972519651500040442315750311827115323662,1227.2012723342257,Time_To_Live >,Rate >,1077028023530208599426324724984012030801332581683,335418722972519651500040442315750311827115323662
1077028023530208599426324724984012030801332581683-338730224709676774412755851787278702947952010784,5317.736412743329,Time_To_Live >,sum <=,1077028023530208599426324724984012030801332581683,338730224709676774412755851787278702947952010784
1077028023530208599426324724984012030801332581683-371266811264664269299964157380215767396824640058,196.88984236520568,Time_To_Live >,ICMP >,1077028023530208599426324724984012030801332581683,371266811264664269299964157380215767396824640058
1077028023530208599426324724984012030801332581683-378316838538499851440768051160724422589084218125,3201.964846441514,Time_To_Live >,IAT <=,1077028023530208599426324724984012030801332581683,378316838538499851440768051160724422589084218125
1077028023530208599426324724984012030801332581683-40351198695966294513339726256484683518911283460,7325.23078480773,Time_To_Live >,fin_flag_number <=,1077028023530208599426324724984012030801332581683,40351198695966294513339726256484683518911283460
1077028023530208599426324724984012030801332581683-426624906449189252299067265451872698344494536313,202.86903741262236,Time_To_Live >,Number >,1077028023530208599426324724984012030801332581683,426624906449189252299067265451872698344494536313
1077028023530208599426324724984012030801332581683-450410814915736770904937984733342042835793211647,2690.931028860264,Time_To_Live >,ece_flag_number <=,1077028023530208599426324724984012030801332581683,450410814915736770904937984733342042835793211647
1077028023530208599426324724984012030801332581683-475011065740486827108472353828139148231878458661,6233.302690889582,Time_To_Live >,syn_flag_number <=,1077028023530208599426324724984012030801332581683,475011065740486827108472353828139148231878458661
1077028023530208599426324724984012030801332581683-505469541859377927785473031559292540931343582537,3395.9872819174957,Time_To_Live >,ICMP <=,1077028023530208599426324724984012030801332581683,505469541859377927785473031559292540931343582537
1077028023530208599426324724984012030801332581683-520582048177068818674784514618258893555315007951,483.760867964423,Time_To_Live >,LLC <=,1077028023530208599426324724984012030801332581683,520582048177068818674784514618258893555315007951
1077028023530208599426324724984012030801332581683-565103970815292376991711972572924808853013487374,2.0202184901353335,Time_To_Live >,IGMP >,1077028023530208599426324724984012030801332581683,565103970815292376991711972572924808853013487374
1077028023530208599426324724984012030801332581683-629827923182617752624696690572530002196221478554,38.38415131257133,Time_To_Live >,DHCP >,1077028023530208599426324724984012030801332581683,629827923182617752624696690572530002196221478554
1077028023530208599426324724984012030801332581683-681503808608794911981134712221284126975357543438,2145.227655254756,Time_To_Live >,syn_count <=,1077028023530208599426324724984012030801332581683,681503808608794911981134712221284126975357543438
1077028023530208599426324724984012030801332581683-684418957212367241623111035135876005715150589706,3343.1683436512153,Time_To_Live >,HTTP <=,1077028023530208599426324724984012030801332581683,684418957212367241623111035135876005715150589706
1077028023530208599426324724984012030801332581683-714914936218336719861297767221934377853836589461,2304.661995129469,Time_To_Live >,UDP >,1077028023530208599426324724984012030801332581683,714914936218336719861297767221934377853836589461
1077028023530208599426324724984012030801332581683-786396322989194697344344278946426998739971577495,1240.3326925201054,Time_To_Live >,HTTPS <=,1077028023530208599426324724984012030801332581683,786396322989194697344344278946426998739971577495
1077028023530208599426324724984012030801332581683-795584812918386367255521286735341258439959854242,294.9518995597587,Time_To_Live >,syn_count >,1077028023530208599426324724984012030801332581683,795584812918386367255521286735341258439959854242
1077028023530208599426324724984012030801332581683-835140271881840015202809914014108690929910415575,3110.126365563346,Time_To_Live >,IAT >,1077028023530208599426324724984012030801332581683,835140271881840015202809914014108690929910415575
1077028023530208599426324724984012030801332581683-841356973986788424033641854148712928121319667477,2383.2061349757787,Time_To_Live >,Variance >,1077028023530208599426324724984012030801332581683,841356973986788424033641854148712928121319667477
1077028023530208599426324724984012030801332581683-841518471221275042570144506781210008737201997031,4553.083714227106,Time_To_Live >,Min <=,1077028023530208599426324724984012030801332581683,841518471221275042570144506781210008737201997031
1077028023530208599426324724984012030801332581683-843826879422383561066103188424018239931401286651,6455.36380395849,Time_To_Live >,ack_count <=,1077028023530208599426324724984012030801332581683,843826879422383561066103188424018239931401286651
1077028023530208599426324724984012030801332581683-896530251803066355404557928035950607124936193677,1424.25403554541,Time_To_Live >,psh_flag_number <=,1077028023530208599426324724984012030801332581683,896530251803066355404557928035950607124936193677
1077028023530208599426324724984012030801332581683-922599836131670820904126277297069322180441856169,9960.605805189272,Time_To_Live >,Rate <=,1077028023530208599426324724984012030801332581683,922599836131670820904126277297069322180441856169
1077028023530208599426324724984012030801332581683-926368966621798523173828527325665066772113177503,12307.806433203768,Time_To_Live >,UDP <=,1077028023530208599426324724984012030801332581683,926368966621798523173828527325665066772113177503
1077028023530208599426324724984012030801332581683-974265510705878984211701297112044370513255377925,10438.143096837312,Time_To_Live >,Std <=,1077028023530208599426324724984012030801332581683,974265510705878984211701297112044370513255377925
1085488307210616684491611463585545838953333018237-1043469376771332113858820724324827897913309990452,7718.244741562042,Type >,LLC >,1085488307210616684491611463585545838953333018237,1043469376771332113858820724324827897913309990452
1085488307210616684491611463585545838953333018237-1043754360836331848364792327262011021650379248223,455.31488825654975,Type >,DNS >,1085488307210616684491611463585545838953333018237,1043754360836331848364792327262011021650379248223
1085488307210616684491611463585545838953333018237-1077028023530208599426324724984012030801332581683,594.8728849218663,Type >,Time_To_Live >,1085488307210616684491611463585545838953333018237,1077028023530208599426324724984012030801332581683
1085488307210616684491611463585545838953333018237-1085488307210616684491611463585545838953333018237,12.121310940812002,Type >,Type >,1085488307210616684491611463585545838953333018237,1085488307210616684491611463585545838953333018237
1085488307210616684491611463585545838953333018237-1091995366823138898995898948102109473193356840202,1549.5075819338008,Type >,DNS <=,1085488307210616684491611463585545838953333018237,1091995366823138898995898948102109473193356840202
1085488307210616684491611463585545838953333018237-109928824856976412487775174607761519739702474552,54.545899233654005,Type >,Number <=,1085488307210616684491611463585545838953333018237,109928824856976412487775174607761519739702474552
1085488307210616684491611463585545838953333018237-1118614325010621431186771152252517336813918651911,1733.2985882823225,Type >,sum >,1085488307210616684491611463585545838953333018237,1118614325010621431186771152252517336813918651911
1085488307210616684491611463585545838953333018237-1184472685782376059334758133512718430805424685192,26.262840371759335,Type >,SSH >,1085488307210616684491611463585545838953333018237,1184472685782376059334758133512718430805424685192
1085488307210616684491611463585545838953333018237-1232849963170894971818913290506039176322619533319,787.88521115278,Type >,psh_flag_number >,1085488307210616684491611463585545838953333018237,1232849963170894971818913290506039176322619533319
1085488307210616684491611463585545838953333018237-1233133706649643691022119102239698495899057226060,344.36579214508504,Type >,Time_To_Live <=,1085488307210616684491611463585545838953333018237,1233133706649643691022119102239698495899057226060
1085488307210616684491611463585545838953333018237-1236189254858718471128603624930063881324958313531,1429.14166092477,Type >,HTTPS >,1085488307210616684491611463585545838953333018237,1236189254858718471128603624930063881324958313531
1085488307210616684491611463585545838953333018237-1239329028096551917906154637654656383307088642249,5.0505462253383335,Type >,cwr_flag_number <=,1085488307210616684491611463585545838953333018237,1239329028096551917906154637654656383307088642249
1085488307210616684491611463585545838953333018237-1251276136943778783713685275011300537715092657394,215.0718087764237,Type >,fin_flag_number >,1085488307210616684491611463585545838953333018237,1251276136943778783713685275011300537715092657394
1085488307210616684491611463585545838953333018237-1329847435934461746074927120436757452470095790255,1112.1302788195012,Type >,Min >,1085488307210616684491611463585545838953333018237,1329847435934461746074927120436757452470095790255
1085488307210616684491611463585545838953333018237-1338222599102815322204523610829624561969283441716,1246.4748084135008,Type >,SSH <=,1085488307210616684491611463585545838953333018237,1338222599102815322204523610829624561969283441716
1085488307210616684491611463585545838953333018237-1345309773886921328764805451107636357621530213384,5095.887096774194,Type >,Class -1,1085488307210616684491611463585545838953333018237,1345309773886921328764805451107636357621530213384
1085488307210616684491611463585545838953333018237-1375509225989204300559045429796274689340158771149,2652.2210358557354,Type >,rst_count <=,1085488307210616684491611463585545838953333018237,1375509225989204300559045429796274689340158771149
1085488307210616684491611463585545838953333018237-1379366653555122327876205020011632492492609315477,400.003261046796,Type >,Type <=,1085488307210616684491611463585545838953333018237,1379366653555122327876205020011632492492609315477
1085488307210616684491611463585545838953333018237-1429650867505148313720594668477948880050562903683,654.1434886889015,Type >,syn_flag_number >,1085488307210616684491611463585545838953333018237,1429650867505148313720594668477948880050562903683
1085488307210616684491611463585545838953333018237-1454952188391427871478129207189215566009723810659,1703.8913755831752,Type >,Std >,1085488307210616684491611463585545838953333018237,1454952188391427871478129207189215566009723810659
1085488307210616684491611463585545838953333018237-1455733501014453866297060548284701359849809242142,538.1438463520984,Type >,DHCP <=,1085488307210616684491611463585545838953333018237,1455733501014453866297060548284701359849809242142
1085488307210616684491611463585545838953333018237-153155765823982001952501641876618811106762500815,757.5819338007501,Type >,ack_flag_number >,1085488307210616684491611463585545838953333018237,153155765823982001952501641876618811106762500815
1085488307210616684491611463585545838953333018237-160227321490815016489601533331665083666172936667,61.61666394912767,Type >,IGMP <=,1085488307210616684491611463585545838953333018237,160227321490815016489601533331665083666172936667
1085488307210616684491611463585545838953333018237-161772624339136553719839337862344762258727720981,1869.2234500823151,Type >,ack_flag_number <=,1085488307210616684491611463585545838953333018237,161772624339136553719839337862344762258727720981
1085488307210616684491611463585545838953333018237-171982518954274878349485416184092168691833932185,7711.173976846568,Type >,Class 1,1085488307210616684491611463585545838953333018237,171982518954274878349485416184092168691833932185
1085488307210616684491611463585545838953333018237-207766774224049171901964708681563529125144087827,317.0113821052687,Type >,HTTP >,1085488307210616684491611463585545838953333018237,207766774224049171901964708681563529125144087827
1085488307210616684491611463585545838953333018237-215123608059624622405742600984392925785664489773,14756.229782824803,Type >,Variance <=,1085488307210616684491611463585545838953333018237,215123608059624622405742600984392925785664489773
1085488307210616684491611463585545838953333018237-218607780770691257170847497927336330511308420255,362.54775855630305,Type >,ack_count >,1085488307210616684491611463585545838953333018237,218607780770691257170847497927336330511308420255
1085488307210616684491611463585545838953333018237-335418722972519651500040442315750311827115323662,695.8838094286331,Type >,Rate >,1085488307210616684491611463585545838953333018237,335418722972519651500040442315750311827115323662
1085488307210616684491611463585545838953333018237-338730224709676774412755851787278702947952010784,2334.8838120585096,Type >,sum <=,1085488307210616684491611463585545838953333018237,338730224709676774412755851787278702947952010784
1085488307210616684491611463585545838953333018237-371266811264664269299964157380215767396824640058,289.819892911431,Type >,ICMP >,1085488307210616684491611463585545838953333018237,371266811264664269299964157380215767396824640058
1085488307210616684491611463585545838953333018237-378316838538499851440768051160724422589084218125,213.13305070927768,Type >,IAT <=,1085488307210616684491611463585545838953333018237,378316838538499851440768051160724422589084218125
1085488307210616684491611463585545838953333018237-40351198695966294513339726256484683518911283460,2217.7926000536495,Type >,fin_flag_number <=,1085488307210616684491611463585545838953333018237,40351198695966294513339726256484683518911283460
1085488307210616684491611463585545838953333018237-426624906449189252299067265451872698344494536313,499.5967741935484,Type >,Number >,1085488307210616684491611463585545838953333018237,426624906449189252299067265451872698344494536313
1085488307210616684491611463585545838953333018237-450410814915736770904937984733342042835793211647,260.608185227458,Type >,ece_flag_number <=,1085488307210616684491611463585545838953333018237,450410814915736770904937984733342042835793211647
1085488307210616684491611463585545838953333018237-475011065740486827108472353828139148231878458661,1204.8974085197478,Type >,syn_flag_number <=,1085488307210616684491611463585545838953333018237,475011065740486827108472353828139148231878458661
1085488307210616684491611463585545838953333018237-505469541859377927785473031559292540931343582537,3689.847611809197,Type >,ICMP <=,1085488307210616684491611463585545838953333018237,505469541859377927785473031559292540931343582537
1085488307210616684491611463585545838953333018237-520582048177068818674784514618258893555315007951,791.762727287072,Type >,LLC <=,1085488307210616684491611463585545838953333018237,520582048177068818674784514618258893555315007951
1085488307210616684491611463585545838953333018237-629827923182617752624696690572530002196221478554,1.0101092450676668,Type >,DHCP >,1085488307210616684491611463585545838953333018237,629827923182617752624696690572530002196221478554
1085488307210616684491611463585545838953333018237-681503808608794911981134712221284126975357543438,11760.001380685137,Type >,syn_count <=,1085488307210616684491611463585545838953333018237,681503808608794911981134712221284126975357543438
1085488307210616684491611463585545838953333018237-684418957212367241623111035135876005715150589706,534.3477906407957,Type >,HTTP <=,1085488307210616684491611463585545838953333018237,684418957212367241623111035135876005715150589706
1085488307210616684491611463585545838953333018237-714914936218336719861297767221934377853836589461,281.7390189508897,Type >,UDP >,1085488307210616684491611463585545838953333018237,714914936218336719861297767221934377853836589461
1085488307210616684491611463585545838953333018237-786396322989194697344344278946426998739971577495,2066.8790204236207,Type >,HTTPS <=,1085488307210616684491611463585545838953333018237,786396322989194697344344278946426998739971577495
1085488307210616684491611463585545838953333018237-795584812918386367255521286735341258439959854242,2473.2199023789863,Type >,syn_count >,1085488307210616684491611463585545838953333018237,795584812918386367255521286735341258439959854242
1085488307210616684491611463585545838953333018237-835140271881840015202809914014108690929910415575,9218.159217979939,Type >,IAT >,1085488307210616684491611463585545838953333018237,835140271881840015202809914014108690929910415575
1085488307210616684491611463585545838953333018237-841356973986788424033641854148712928121319667477,1745.1429337849709,Type >,Variance >,1085488307210616684491611463585545838953333018237,841356973986788424033641854148712928121319667477
1085488307210616684491611463585545838953333018237-841518471221275042570144506781210008737201997031,17208.38401981875,Type >,Min <=,1085488307210616684491611463585545838953333018237,841518471221275042570144506781210008737201997031
1085488307210616684491611463585545838953333018237-843826879422383561066103188424018239931401286651,1146.9138794359442,Type >,ack_count <=,1085488307210616684491611463585545838953333018237,843826879422383561066103188424018239931401286651
1085488307210616684491611463585545838953333018237-896530251803066355404557928035950607124936193677,1679.4043724325832,Type >,psh_flag_number <=,1085488307210616684491611463585545838953333018237,896530251803066355404557928035950607124936193677
1085488307210616684491611463585545838953333018237-922599836131670820904126277297069322180441856169,1537.3048105699995,Type >,Rate <=,1085488307210616684491611463585545838953333018237,922599836131670820904126277297069322180441856169
1085488307210616684491611463585545838953333018237-926368966621798523173828527325665066772113177503,1221.222077286809,Type >,UDP <=,1085488307210616684491611463585545838953333018237,926368966621798523173828527325665066772113177503
1085488307210616684491611463585545838953333018237-940331364486966071141541838460909450599289486914,620.7284231786791,Type >,rst_count >,1085488307210616684491611463585545838953333018237,940331364486966071141541838460909450599289486914
1085488307210616684491611463585545838953333018237-974265510705878984211701297112044370513255377925,4429.16611877574,Type >,Std <=,1085488307210616684491611463585545838953333018237,974265510705878984211701297112044370513255377925
1091995366823138898995898948102109473193356840202-1043469376771332113858820724324827897913309990452,19276.436070333417,DNS <=,LLC >,1091995366823138898995898948102109473193356840202,1043469376771332113858820724324827897913309990452
1091995366823138898995898948102109473193356840202-1043754360836331848364792327262011021650379248223,2689.8394591922074,DNS <=,DNS >,1091995366823138898995898948102109473193356840202,1043754360836331848364792327262011021650379248223
1091995366823138898995898948102109473193356840202-1077028023530208599426324724984012030801332581683,8501.926594888573,DNS <=,Time_To_Live >,1091995366823138898995898948102109473193356840202,1077028023530208599426324724984012030801332581683
1091995366823138898995898948102109473193356840202-1085488307210616684491611463585545838953333018237,1480.8201532691994,DNS <=,Type >,1091995366823138898995898948102109473193356840202,1085488307210616684491611463585545838953333018237
1091995366823138898995898948102109473193356840202-1091995366823138898995898948102109473193356840202,52985.88325715458,DNS <=,DNS <=,1091995366823138898995898948102109473193356840202,1091995366823138898995898948102109473193356840202
1091995366823138898995898948102109473193356840202-109928824856976412487775174607761519739702474552,4759.634762758846,DNS <=,Number <=,1091995366823138898995898948102109473193356840202,109928824856976412487775174607761519739702474552
1091995366823138898995898948102109473193356840202-1118614325010621431186771152252517336813918651911,2961.640306538399,DNS <=,sum >,1091995366823138898995898948102109473193356840202,1118614325010621431186771152252517336813918651911
1091995366823138898995898948102109473193356840202-1184472685782376059334758133512718430805424685192,74.74808413500735,DNS <=,SSH >,1091995366823138898995898948102109473193356840202,1184472685782376059334758133512718430805424685192
1091995366823138898995898948102109473193356840202-1232849963170894971818913290506039176322619533319,5300.9229814383325,DNS <=,psh_flag_number >,1091995366823138898995898948102109473193356840202,1232849963170894971818913290506039176322619533319
1091995366823138898995898948102109473193356840202-1233133706649643691022119102239698495899057226060,32149.871096605882,DNS <=,Time_To_Live <=,1091995366823138898995898948102109473193356840202,1233133706649643691022119102239698495899057226060
1091995366823138898995898948102109473193356840202-1236189254858718471128603624930063881324958313531,10791.925713879962,DNS <=,HTTPS >,1091995366823138898995898948102109473193356840202,1236189254858718471128603624930063881324958313531
1091995366823138898995898948102109473193356840202-1239329028096551917906154637654656383307088642249,24.242621881624004,DNS <=,cwr_flag_number <=,1091995366823138898995898948102109473193356840202,1239329028096551917906154637654656383307088642249
1091995366823138898995898948102109473193356840202-1251276136943778783713685275011300537715092657394,2980.5880009257166,DNS <=,fin_flag_number >,1091995366823138898995898948102109473193356840202,1251276136943778783713685275011300537715092657394
1091995366823138898995898948102109473193356840202-1329847435934461746074927120436757452470095790255,135.35463883906735,DNS <=,Min >,1091995366823138898995898948102109473193356840202,1329847435934461746074927120436757452470095790255
1091995366823138898995898948102109473193356840202-1338222599102815322204523610829624561969283441716,17436.505788358063,DNS <=,SSH <=,1091995366823138898995898948102109473193356840202,1338222599102815322204523610829624561969283441716
1091995366823138898995898948102109473193356840202-1345309773886921328764805451107636357621530213384,12290.08064516129,DNS <=,Class -1,1091995366823138898995898948102109473193356840202,1345309773886921328764805451107636357621530213384
1091995366823138898995898948102109473193356840202-1375509225989204300559045429796274689340158771149,4707.109082015327,DNS <=,rst_count <=,1091995366823138898995898948102109473193356840202,1375509225989204300559045429796274689340158771149
1091995366823138898995898948102109473193356840202-1379366653555122327876205020011632492492609315477,15479.826428154405,DNS <=,Type <=,1091995366823138898995898948102109473193356840202,1379366653555122327876205020011632492492609315477
1091995366823138898995898948102109473193356840202-1429650867505148313720594668477948880050562903683,3071.123115036056,DNS <=,syn_flag_number >,1091995366823138898995898948102109473193356840202,1429650867505148313720594668477948880050562903683
1091995366823138898995898948102109473193356840202-1454952188391427871478129207189215566009723810659,3349.359335798404,DNS <=,Std >,1091995366823138898995898948102109473193356840202,1454952188391427871478129207189215566009723810659
1091995366823138898995898948102109473193356840202-1455733501014453866297060548284701359849809242142,28682.980662518476,DNS <=,DHCP <=,1091995366823138898995898948102109473193356840202,1455733501014453866297060548284701359849809242142
1091995366823138898995898948102109473193356840202-153155765823982001952501641876618811106762500815,26621.02185164341,DNS <=,ack_flag_number >,1091995366823138898995898948102109473193356840202,153155765823982001952501641876618811106762500815
1091995366823138898995898948102109473193356840202-160227321490815016489601533331665083666172936667,20.202184901353334,DNS <=,IGMP <=,1091995366823138898995898948102109473193356840202,160227321490815016489601533331665083666172936667
1091995366823138898995898948102109473193356840202-161772624339136553719839337862344762258727720981,9326.69708557092,DNS <=,ack_flag_number <=,1091995366823138898995898948102109473193356840202,161772624339136553719839337862344762258727720981
1091995366823138898995898948102109473193356840202-171982518954274878349485416184092168691833932185,51433.75264960052,DNS <=,Class 1,1091995366823138898995898948102109473193356840202,171982518954274878349485416184092168691833932185
1091995366823138898995898948102109473193356840202-207766774224049171901964708681563529125144087827,1016.1699005380727,DNS <=,HTTP >,1091995366823138898995898948102109473193356840202,207766774224049171901964708681563529125144087827
1091995366823138898995898948102109473193356840202-215123608059624622405742600984392925785664489773,22476.543619130774,DNS <=,Variance <=,1091995366823138898995898948102109473193356840202,215123608059624622405742600984392925785664489773
1091995366823138898995898948102109473193356840202-218607780770691257170847497927336330511308420255,3655.2595162079288,DNS <=,ack_count >,1091995366823138898995898948102109473193356840202,218607780770691257170847497927336330511308420255
1091995366823138898995898948102109473193356840202-335418722972519651500040442315750311827115323662,10166.94505662124,DNS <=,Rate >,1091995366823138898995898948102109473193356840202,335418722972519651500040442315750311827115323662
1091995366823138898995898948102109473193356840202-337274849629170698169636561573185333120886675912,16.161747921082668,DNS <=,ece_flag_number >,1091995366823138898995898948102109473193356840202,337274849629170698169636561573185333120886675912
1091995366823138898995898948102109473193356840202-338730224709676774412755851787278702947952010784,6862.6007505667385,DNS <=,sum <=,1091995366823138898995898948102109473193356840202,338730224709676774412755851787278702947952010784
1091995366823138898995898948102109473193356840202-371266811264664269299964157380215767396824640058,793.5385645082395,DNS <=,ICMP >,1091995366823138898995898948102109473193356840202,371266811264664269299964157380215767396824640058
1091995366823138898995898948102109473193356840202-378316838538499851440768051160724422589084218125,23704.233654002936,DNS <=,IAT <=,1091995366823138898995898948102109473193356840202,378316838538499851440768051160724422589084218125
1091995366823138898995898948102109473193356840202-40351198695966294513339726256484683518911283460,5476.812326756889,DNS <=,fin_flag_number <=,1091995366823138898995898948102109473193356840202,40351198695966294513339726256484683518911283460
1091995366823138898995898948102109473193356840202-426624906449189252299067265451872698344494536313,2902.711836547919,DNS <=,Number >,1091995366823138898995898948102109473193356840202,426624906449189252299067265451872698344494536313
1091995366823138898995898948102109473193356840202-450410814915736770904937984733342042835793211647,5991.837705064616,DNS <=,ece_flag_number <=,1091995366823138898995898948102109473193356840202,450410814915736770904937984733342042835793211647
1091995366823138898995898948102109473193356840202-475011065740486827108472353828139148231878458661,27759.366094580877,DNS <=,syn_flag_number <=,1091995366823138898995898948102109473193356840202,475011065740486827108472353828139148231878458661
1091995366823138898995898948102109473193356840202-505469541859377927785473031559292540931343582537,5910.149192890918,DNS <=,ICMP <=,1091995366823138898995898948102109473193356840202,505469541859377927785473031559292540931343582537
1091995366823138898995898948102109473193356840202-520582048177068818674784514618258893555315007951,1169.6250453653688,DNS <=,LLC <=,1091995366823138898995898948102109473193356840202,520582048177068818674784514618258893555315007951
1091995366823138898995898948102109473193356840202-629827923182617752624696690572530002196221478554,44.44480678297734,DNS <=,DHCP >,1091995366823138898995898948102109473193356840202,629827923182617752624696690572530002196221478554
1091995366823138898995898948102109473193356840202-681503808608794911981134712221284126975357543438,36156.84413511254,DNS <=,syn_count <=,1091995366823138898995898948102109473193356840202,681503808608794911981134712221284126975357543438
1091995366823138898995898948102109473193356840202-684418957212367241623111035135876005715150589706,8580.878036849828,DNS <=,HTTP <=,1091995366823138898995898948102109473193356840202,684418957212367241623111035135876005715150589706
1091995366823138898995898948102109473193356840202-714914936218336719861297767221934377853836589461,2517.1922387086256,DNS <=,UDP >,1091995366823138898995898948102109473193356840202,714914936218336719861297767221934377853836589461
1091995366823138898995898948102109473193356840202-786396322989194697344344278946426998739971577495,4982.852613834202,DNS <=,HTTPS <=,1091995366823138898995898948102109473193356840202,786396322989194697344344278946426998739971577495
1091995366823138898995898948102109473193356840202-795584812918386367255521286735341258439959854242,5926.196896219816,DNS <=,syn_count >,1091995366823138898995898948102109473193356840202,795584812918386367255521286735341258439959854242
1091995366823138898995898948102109473193356840202-835140271881840015202809914014108690929910415575,1327.2835480189142,DNS <=,IAT >,1091995366823138898995898948102109473193356840202,835140271881840015202809914014108690929910415575
1091995366823138898995898948102109473193356840202-841356973986788424033641854148712928121319667477,1421.9894357863068,DNS <=,Variance >,1091995366823138898995898948102109473193356840202,841356973986788424033641854148712928121319667477
1091995366823138898995898948102109473193356840202-841518471221275042570144506781210008737201997031,5627.318604271972,DNS <=,Min <=,1091995366823138898995898948102109473193356840202,841518471221275042570144506781210008737201997031
1091995366823138898995898948102109473193356840202-843826879422383561066103188424018239931401286651,5248.918647401945,DNS <=,ack_count <=,1091995366823138898995898948102109473193356840202,843826879422383561066103188424018239931401286651
1091995366823138898995898948102109473193356840202-896530251803066355404557928035950607124936193677,19535.431339185685,DNS <=,psh_flag_number <=,1091995366823138898995898948102109473193356840202,896530251803066355404557928035950607124936193677
1091995366823138898995898948102109473193356840202-922599836131670820904126277297069322180441856169,46776.415886031675,DNS <=,Rate <=,1091995366823138898995898948102109473193356840202,922599836131670820904126277297069322180441856169
1091995366823138898995898948102109473193356840202-926368966621798523173828527325665066772113177503,14972.767879215035,DNS <=,UDP <=,1091995366823138898995898948102109473193356840202,926368966621798523173828527325665066772113177503
1091995366823138898995898948102109473193356840202-940331364486966071141541838460909450599289486914,129.21252294567202,DNS <=,rst_count >,1091995366823138898995898948102109473193356840202,940331364486966071141541838460909450599289486914
1091995366823138898995898948102109473193356840202-974265510705878984211701297112044370513255377925,12346.565302462091,DNS <=,Std <=,1091995366823138898995898948102109473193356840202,974265510705878984211701297112044370513255377925
109928824856976412487775174607761519739702474552-1043469376771332113858820724324827897913309990452,11717.104321938956,Number <=,LLC >,109928824856976412487775174607761519739702474552,1043469376771332113858820724324827897913309990452
109928824856976412487775174607761519739702474552-1043754360836331848364792327262011021650379248223,384.7701619477917,Number <=,DNS >,109928824856976412487775174607761519739702474552,1043754360836331848364792327262011021650379248223
109928824856976412487775174607761519739702474552-1077028023530208599426324724984012030801332581683,2259.6143812163705,Number <=,Time_To_Live >,109928824856976412487775174607761519739702474552,1077028023530208599426324724984012030801332581683
109928824856976412487775174607761519739702474552-1085488307210616684491611463585545838953333018237,45.454916028045005,Number <=,Type >,109928824856976412487775174607761519739702474552,1085488307210616684491611463585545838953333018237
109928824856976412487775174607761519739702474552-1091995366823138898995898948102109473193356840202,8527.342246861243,Number <=,DNS <=,109928824856976412487775174607761519739702474552,1091995366823138898995898948102109473193356840202
109928824856976412487775174607761519739702474552-109928824856976412487775174607761519739702474552,1.0101092450676668,Number <=,Number <=,109928824856976412487775174607761519739702474552,109928824856976412487775174607761519739702474552
109928824856976412487775174607761519739702474552-1118614325010621431186771152252517336813918651911,223.15268273696503,Number <=,sum >,109928824856976412487775174607761519739702474552,1118614325010621431186771152252517336813918651911
109928824856976412487775174607761519739702474552-1184472685782376059334758133512718430805424685192,17.171857166150335,Number <=,SSH >,109928824856976412487775174607761519739702474552,1184472685782376059334758133512718430805424685192
109928824856976412487775174607761519739702474552-1232849963170894971818913290506039176322619533319,403.033588781999,Number <=,psh_flag_number >,109928824856976412487775174607761519739702474552,1232849963170894971818913290506039176322619533319
109928824856976412487775174607761519739702474552-1233133706649643691022119102239698495899057226060,3661.646013370292,Number <=,Time_To_Live <=,109928824856976412487775174607761519739702474552,1233133706649643691022119102239698495899057226060
109928824856976412487775174607761519739702474552-1236189254858718471128603624930063881324958313531,1724.256481330507,Number <=,HTTPS >,109928824856976412487775174607761519739702474552,1236189254858718471128603624930063881324958313531
109928824856976412487775174607761519739702474552-1239329028096551917906154637654656383307088642249,1983.8545573128974,Number <=,cwr_flag_number <=,109928824856976412487775174607761519739702474552,1239329028096551917906154637654656383307088642249
109928824856976412487775174607761519739702474552-1251276136943778783713685275011300537715092657394,119.19289091798467,Number <=,fin_flag_number >,109928824856976412487775174607761519739702474552,1251276136943778783713685275011300537715092657394
109928824856976412487775174607761519739702474552-1329847435934461746074927120436757452470095790255,157.577042230556,Number <=,Min >,109928824856976412487775174607761519739702474552,1329847435934461746074927120436757452470095790255
109928824856976412487775174607761519739702474552-1338222599102815322204523610829624561969283441716,1326.2734387738465,Number <=,SSH <=,109928824856976412487775174607761519739702474552,1338222599102815322204523610829624561969283441716
109928824856976412487775174607761519739702474552-1345309773886921328764805451107636357621530213384,499.5967741935484,Number <=,Class -1,109928824856976412487775174607761519739702474552,1345309773886921328764805451107636357621530213384
109928824856976412487775174607761519739702474552-1375509225989204300559045429796274689340158771149,2062.6430784281756,Number <=,rst_count <=,109928824856976412487775174607761519739702474552,1375509225989204300559045429796274689340158771149
109928824856976412487775174607761519739702474552-1379366653555122327876205020011632492492609315477,8743.505625305723,Number <=,Type <=,109928824856976412487775174607761519739702474552,1379366653555122327876205020011632492492609315477
109928824856976412487775174607761519739702474552-1429650867505148313720594668477948880050562903683,163.637697700962,Number <=,syn_flag_number >,109928824856976412487775174607761519739702474552,1429650867505148313720594668477948880050562903683
109928824856976412487775174607761519739702474552-1454952188391427871478129207189215566009723810659,141.41529430947335,Number <=,Std >,109928824856976412487775174607761519739702474552,1454952188391427871478129207189215566009723810659
109928824856976412487775174607761519739702474552-1455733501014453866297060548284701359849809242142,20160.60750145958,Number <=,DHCP <=,109928824856976412487775174607761519739702474552,1455733501014453866297060548284701359849809242142
109928824856976412487775174607761519739702474552-153155765823982001952501641876618811106762500815,2512.141692483287,Number <=,ack_flag_number >,109928824856976412487775174607761519739702474552,153155765823982001952501641876618811106762500815
109928824856976412487775174607761519739702474552-160227321490815016489601533331665083666172936667,22923.89167801897,Number <=,IGMP <=,109928824856976412487775174607761519739702474552,160227321490815016489601533331665083666172936667
109928824856976412487775174607761519739702474552-161772624339136553719839337862344762258727720981,501.0141855535627,Number <=,ack_flag_number <=,109928824856976412487775174607761519739702474552,161772624339136553719839337862344762258727720981
109928824856976412487775174607761519739702474552-171982518954274878349485416184092168691833932185,29539.634762758848,Number <=,Class 1,109928824856976412487775174607761519739702474552,171982518954274878349485416184092168691833932185
109928824856976412487775174607761519739702474552-207766774224049171901964708681563529125144087827,25.252731126691668,Number <=,HTTP >,109928824856976412487775174607761519739702474552,207766774224049171901964708681563529125144087827
109928824856976412487775174607761519739702474552-215123608059624622405742600984392925785664489773,14480.681756021102,Number <=,Variance <=,109928824856976412487775174607761519739702474552,215123608059624622405742600984392925785664489773
109928824856976412487775174607761519739702474552-218607780770691257170847497927336330511308420255,11828.297799319389,Number <=,ack_count >,109928824856976412487775174607761519739702474552,218607780770691257170847497927336330511308420255
109928824856976412487775174607761519739702474552-335418722972519651500040442315750311827115323662,1910.116582422958,Number <=,Rate >,109928824856976412487775174607761519739702474552,335418722972519651500040442315750311827115323662
109928824856976412487775174607761519739702474552-337274849629170698169636561573185333120886675912,35.35382357736834,Number <=,ece_flag_number >,109928824856976412487775174607761519739702474552,337274849629170698169636561573185333120886675912
109928824856976412487775174607761519739702474552-338730224709676774412755851787278702947952010784,7644.506766672102,Number <=,sum <=,109928824856976412487775174607761519739702474552,338730224709676774412755851787278702947952010784
109928824856976412487775174607761519739702474552-371266811264664269299964157380215767396824640058,229.29479863036036,Number <=,ICMP >,109928824856976412487775174607761519739702474552,371266811264664269299964157380215767396824640058
109928824856976412487775174607761519739702474552-378316838538499851440768051160724422589084218125,13071.823740420676,Number <=,IAT <=,109928824856976412487775174607761519739702474552,378316838538499851440768051160724422589084218125
109928824856976412487775174607761519739702474552-40351198695966294513339726256484683518911283460,8280.875591064732,Number <=,fin_flag_number <=,109928824856976412487775174607761519739702474552,40351198695966294513339726256484683518911283460
109928824856976412487775174607761519739702474552-426624906449189252299067265451872698344494536313,2314.1602804500244,Number <=,Number >,109928824856976412487775174607761519739702474552,426624906449189252299067265451872698344494536313
109928824856976412487775174607761519739702474552-450410814915736770904937984733342042835793211647,10439.479047774335,Number <=,ece_flag_number <=,109928824856976412487775174607761519739702474552,450410814915736770904937984733342042835793211647
109928824856976412487775174607761519739702474552-475011065740486827108472353828139148231878458661,6285.909832056091,Number <=,syn_flag_number <=,109928824856976412487775174607761519739702474552,475011065740486827108472353828139148231878458661
109928824856976412487775174607761519739702474552-505469541859377927785473031559292540931343582537,3939.4260557639004,Number <=,ICMP <=,109928824856976412487775174607761519739702474552,505469541859377927785473031559292540931343582537
109928824856976412487775174607761519739702474552-520582048177068818674784514618258893555315007951,451.3559116992684,Number <=,LLC <=,109928824856976412487775174607761519739702474552,520582048177068818674784514618258893555315007951
109928824856976412487775174607761519739702474552-565103970815292376991711972572924808853013487374,46.46502527311267,Number <=,IGMP >,109928824856976412487775174607761519739702474552,565103970815292376991711972572924808853013487374
109928824856976412487775174607761519739702474552-629827923182617752624696690572530002196221478554,804.6497662039837,Number <=,DHCP >,109928824856976412487775174607761519739702474552,629827923182617752624696690572530002196221478554
109928824856976412487775174607761519739702474552-681503808608794911981134712221284126975357543438,1344.4554051850644,Number <=,syn_count <=,109928824856976412487775174607761519739702474552,681503808608794911981134712221284126975357543438
109928824856976412487775174607761519739702474552-684418957212367241623111035135876005715150589706,640.3278009499114,Number <=,HTTP <=,109928824856976412487775174607761519739702474552,684418957212367241623111035135876005715150589706
109928824856976412487775174607761519739702474552-714914936218336719861297767221934377853836589461,26.262840371759335,Number <=,UDP >,109928824856976412487775174607761519739702474552,714914936218336719861297767221934377853836589461
109928824856976412487775174607761519739702474552-786396322989194697344344278946426998739971577495,816.1682700146747,Number <=,HTTPS <=,109928824856976412487775174607761519739702474552,786396322989194697344344278946426998739971577495
109928824856976412487775174607761519739702474552-795584812918386367255521286735341258439959854242,59.596445458992335,Number <=,syn_count >,109928824856976412487775174607761519739702474552,795584812918386367255521286735341258439959854242
109928824856976412487775174607761519739702474552-835140271881840015202809914014108690929910415575,239.31443065804768,Number <=,IAT >,109928824856976412487775174607761519739702474552,835140271881840015202809914014108690929910415575
109928824856976412487775174607761519739702474552-841356973986788424033641854148712928121319667477,233.33523561063103,Number <=,Variance >,109928824856976412487775174607761519739702474552,841356973986788424033641854148712928121319667477
109928824856976412487775174607761519739702474552-841518471221275042570144506781210008737201997031,6988.864406200197,Number <=,Min <=,109928824856976412487775174607761519739702474552,841518471221275042570144506781210008737201997031
109928824856976412487775174607761519739702474552-843826879422383561066103188424018239931401286651,1875.8869126828422,Number <=,ack_count <=,109928824856976412487775174607761519739702474552,843826879422383561066103188424018239931401286651
109928824856976412487775174607761519739702474552-896530251803066355404557928035950607124936193677,1601.0231534322518,Number <=,psh_flag_number <=,109928824856976412487775174607761519739702474552,896530251803066355404557928035950607124936193677
109928824856976412487775174607761519739702474552-922599836131670820904126277297069322180441856169,8751.586499266265,Number <=,Rate <=,109928824856976412487775174607761519739702474552,922599836131670820904126277297069322180441856169
109928824856976412487775174607761519739702474552-926368966621798523173828527325665066772113177503,5470.7516712864835,Number <=,UDP <=,109928824856976412487775174607761519739702474552,926368966621798523173828527325665066772113177503
109928824856976412487775174607761519739702474552-940331364486966071141541838460909450599289486914,14.141529430947335,Number <=,rst_count >,109928824856976412487775174607761519739702474552,940331364486966071141541838460909450599289486914
109928824856976412487775174607761519739702474552-974265510705878984211701297112044370513255377925,3357.521670181935,Number <=,Std <=,109928824856976412487775174607761519739702474552,974265510705878984211701297112044370513255377925
1118614325010621431186771152252517336813918651911-1043469376771332113858820724324827897913309990452,2274.2772573544494,sum >,LLC >,1118614325010621431186771152252517336813918651911,1043469376771332113858820724324827897913309990452
1118614325010621431186771152252517336813918651911-1043754360836331848364792327262011021650379248223,157.577042230556,sum >,DNS >,1118614325010621431186771152252517336813918651911,1043754360836331848364792327262011021650379248223
1118614325010621431186771152252517336813918651911-1077028023530208599426324724984012030801332581683,10051.010582622828,sum >,Time_To_Live >,1118614325010621431186771152252517336813918651911,1077028023530208599426324724984012030801332581683
1118614325010621431186771152252517336813918651911-1085488307210616684491611463585545838953333018237,5598.677119548924,sum >,Type >,1118614325010621431186771152252517336813918651911,1085488307210616684491611463585545838953333018237
1118614325010621431186771152252517336813918651911-1091995366823138898995898948102109473193356840202,4359.63150171205,sum >,DNS <=,1118614325010621431186771152252517336813918651911,1091995366823138898995898948102109473193356840202
1118614325010621431186771152252517336813918651911-109928824856976412487775174607761519739702474552,164.64780694602968,sum >,Number <=,1118614325010621431186771152252517336813918651911,109928824856976412487775174607761519739702474552
1118614325010621431186771152252517336813918651911-1118614325010621431186771152252517336813918651911,2556.896048873624,sum >,sum >,1118614325010621431186771152252517336813918651911,1118614325010621431186771152252517336813918651911
1118614325010621431186771152252517336813918651911-1184472685782376059334758133512718430805424685192,21.212294146421,sum >,SSH >,1118614325010621431186771152252517336813918651911,1184472685782376059334758133512718430805424685192
1118614325010621431186771152252517336813918651911-1232849963170894971818913290506039176322619533319,3712.0211389468923,sum >,psh_flag_number >,1118614325010621431186771152252517336813918651911,1232849963170894971818913290506039176322619533319
1118614325010621431186771152252517336813918651911-1233133706649643691022119102239698495899057226060,6156.550680349037,sum >,Time_To_Live <=,1118614325010621431186771152252517336813918651911,1233133706649643691022119102239698495899057226060
1118614325010621431186771152252517336813918651911-1236189254858718471128603624930063881324958313531,664.6518832545247,sum >,HTTPS >,1118614325010621431186771152252517336813918651911,1236189254858718471128603624930063881324958313531
1118614325010621431186771152252517336813918651911-1239329028096551917906154637654656383307088642249,7.0707647154736675,sum >,cwr_flag_number <=,1118614325010621431186771152252517336813918651911,1239329028096551917906154637654656383307088642249
1118614325010621431186771152252517336813918651911-1251276136943778783713685275011300537715092657394,577.3751860637587,sum >,fin_flag_number >,1118614325010621431186771152252517336813918651911,1251276136943778783713685275011300537715092657394
1118614325010621431186771152252517336813918651911-1329847435934461746074927120436757452470095790255,365.6595467144954,sum >,Min >,1118614325010621431186771152252517336813918651911,1329847435934461746074927120436757452470095790255
1118614325010621431186771152252517336813918651911-1338222599102815322204523610829624561969283441716,324.08214682074237,sum >,SSH <=,1118614325010621431186771152252517336813918651911,1338222599102815322204523610829624561969283441716
1118614325010621431186771152252517336813918651911-1345309773886921328764805451107636357621530213384,43165.16129032258,sum >,Class -1,1118614325010621431186771152252517336813918651911,1345309773886921328764805451107636357621530213384
1118614325010621431186771152252517336813918651911-1375509225989204300559045429796274689340158771149,2532.3438773846406,sum >,rst_count <=,1118614325010621431186771152252517336813918651911,1375509225989204300559045429796274689340158771149
1118614325010621431186771152252517336813918651911-1379366653555122327876205020011632492492609315477,9712.363312171594,sum >,Type <=,1118614325010621431186771152252517336813918651911,1379366653555122327876205020011632492492609315477
1118614325010621431186771152252517336813918651911-1429650867505148313720594668477948880050562903683,989.1739163594094,sum >,syn_flag_number >,1118614325010621431186771152252517336813918651911,1429650867505148313720594668477948880050562903683
1118614325010621431186771152252517336813918651911-1454952188391427871478129207189215566009723810659,670.6310783019414,sum >,Std >,1118614325010621431186771152252517336813918651911,1454952188391427871478129207189215566009723810659
1118614325010621431186771152252517336813918651911-1455733501014453866297060548284701359849809242142,4204.661193017152,sum >,DHCP <=,1118614325010621431186771152252517336813918651911,1455733501014453866297060548284701359849809242142
1118614325010621431186771152252517336813918651911-153155765823982001952501641876618811106762500815,3899.5430326683254,sum >,ack_flag_number >,1118614325010621431186771152252517336813918651911,153155765823982001952501641876618811106762500815
1118614325010621431186771152252517336813918651911-160227321490815016489601533331665083666172936667,261.45537362654704,sum >,IGMP <=,1118614325010621431186771152252517336813918651911,160227321490815016489601533331665083666172936667
1118614325010621431186771152252517336813918651911-161772624339136553719839337862344762258727720981,4567.811758703576,sum >,ack_flag_number <=,1118614325010621431186771152252517336813918651911,161772624339136553719839337862344762258727720981
1118614325010621431186771152252517336813918651911-171982518954274878349485416184092168691833932185,18042.571335398665,sum >,Class 1,1118614325010621431186771152252517336813918651911,171982518954274878349485416184092168691833932185
1118614325010621431186771152252517336813918651911-207766774224049171901964708681563529125144087827,762.0622570651631,sum >,HTTP >,1118614325010621431186771152252517336813918651911,207766774224049171901964708681563529125144087827
1118614325010621431186771152252517336813918651911-215123608059624622405742600984392925785664489773,4156.175949253904,sum >,Variance <=,1118614325010621431186771152252517336813918651911,215123608059624622405742600984392925785664489773
1118614325010621431186771152252517336813918651911-218607780770691257170847497927336330511308420255,2247.444194021765,sum >,ack_count >,1118614325010621431186771152252517336813918651911,218607780770691257170847497927336330511308420255
1118614325010621431186771152252517336813918651911-335418722972519651500040442315750311827115323662,1784.2113526506525,sum >,Rate >,1118614325010621431186771152252517336813918651911,335418722972519651500040442315750311827115323662
1118614325010621431186771152252517336813918651911-338730224709676774412755851787278702947952010784,5315.390352561237,sum >,sum <=,1118614325010621431186771152252517336813918651911,338730224709676774412755851787278702947952010784
1118614325010621431186771152252517336813918651911-371266811264664269299964157380215767396824640058,1340.3660919510003,sum >,ICMP >,1118614325010621431186771152252517336813918651911,371266811264664269299964157380215767396824640058
1118614325010621431186771152252517336813918651911-378316838538499851440768051160724422589084218125,3710.8969851096394,sum >,IAT <=,1118614325010621431186771152252517336813918651911,378316838538499851440768051160724422589084218125
1118614325010621431186771152252517336813918651911-40351198695966294513339726256484683518911283460,4382.766261841019,sum >,fin_flag_number <=,1118614325010621431186771152252517336813918651911,40351198695966294513339726256484683518911283460
1118614325010621431186771152252517336813918651911-426624906449189252299067265451872698344494536313,282.66766777296806,sum >,Number >,1118614325010621431186771152252517336813918651911,426624906449189252299067265451872698344494536313
1118614325010621431186771152252517336813918651911-450410814915736770904937984733342042835793211647,905.6606907107505,sum >,ece_flag_number <=,1118614325010621431186771152252517336813918651911,450410814915736770904937984733342042835793211647
1118614325010621431186771152252517336813918651911-475011065740486827108472353828139148231878458661,4816.0379596366565,sum >,syn_flag_number <=,1118614325010621431186771152252517336813918651911,475011065740486827108472353828139148231878458661
1118614325010621431186771152252517336813918651911-505469541859377927785473031559292540931343582537,2954.520665569132,sum >,ICMP <=,1118614325010621431186771152252517336813918651911,505469541859377927785473031559292540931343582537
1118614325010621431186771152252517336813918651911-520582048177068818674784514618258893555315007951,400.7689890228957,sum >,LLC <=,1118614325010621431186771152252517336813918651911,520582048177068818674784514618258893555315007951
1118614325010621431186771152252517336813918651911-681503808608794911981134712221284126975357543438,1938.595146300027,sum >,syn_count <=,1118614325010621431186771152252517336813918651911,681503808608794911981134712221284126975357543438
1118614325010621431186771152252517336813918651911-684418957212367241623111035135876005715150589706,2859.570396532771,sum >,HTTP <=,1118614325010621431186771152252517336813918651911,684418957212367241623111035135876005715150589706
1118614325010621431186771152252517336813918651911-714914936218336719861297767221934377853836589461,1445.9062159759735,sum >,UDP >,1118614325010621431186771152252517336813918651911,714914936218336719861297767221934377853836589461
1118614325010621431186771152252517336813918651911-786396322989194697344344278946426998739971577495,5597.748470726845,sum >,HTTPS <=,1118614325010621431186771152252517336813918651911,786396322989194697344344278946426998739971577495
1118614325010621431186771152252517336813918651911-795584812918386367255521286735341258439959854242,858.0226353465914,sum >,syn_count >,1118614325010621431186771152252517336813918651911,795584812918386367255521286735341258439959854242
1118614325010621431186771152252517336813918651911-835140271881840015202809914014108690929910415575,2444.3340363869706,sum >,IAT >,1118614325010621431186771152252517336813918651911,835140271881840015202809914014108690929910415575
1118614325010621431186771152252517336813918651911-841356973986788424033641854148712928121319667477,697.9040279187684,sum >,Variance >,1118614325010621431186771152252517336813918651911,841356973986788424033641854148712928121319667477
1118614325010621431186771152252517336813918651911-841518471221275042570144506781210008737201997031,2388.289265370313,sum >,Min <=,1118614325010621431186771152252517336813918651911,841518471221275042570144506781210008737201997031
1118614325010621431186771152252517336813918651911-843826879422383561066103188424018239931401286651,2718.106225969504,sum >,ack_count <=,1118614325010621431186771152252517336813918651911,843826879422383561066103188424018239931401286651
1118614325010621431186771152252517336813918651911-896530251803066355404557928035950607124936193677,2722.1629550343728,sum >,psh_flag_number <=,1118614325010621431186771152252517336813918651911,896530251803066355404557928035950607124936193677
1118614325010621431186771152252517336813918651911-922599836131670820904126277297069322180441856169,1508.0931028860264,sum >,Rate <=,1118614325010621431186771152252517336813918651911,922599836131670820904126277297069322180441856169
1118614325010621431186771152252517336813918651911-926368966621798523173828527325665066772113177503,5570.931699478759,sum >,UDP <=,1118614325010621431186771152252517336813918651911,926368966621798523173828527325665066772113177503
1118614325010621431186771152252517336813918651911-940331364486966071141541838460909450599289486914,1721.861544894621,sum >,rst_count >,1118614325010621431186771152252517336813918651911,940331364486966071141541838460909450599289486914
1118614325010621431186771152252517336813918651911-974265510705878984211701297112044370513255377925,4174.357915665122,sum >,Std <=,1118614325010621431186771152252517336813918651911,974265510705878984211701297112044370513255377925
1184472685782376059334758133512718430805424685192-1043469376771332113858820724324827897913309990452,117.17267242784935,SSH >,LLC >,1184472685782376059334758133512718430805424685192,1043469376771332113858820724324827897913309990452
1184472685782376059334758133512718430805424685192-1077028023530208599426324724984012030801332581683,47.47513451818034,SSH >,Time_To_Live >,1184472685782376059334758133512718430805424685192,1077028023530208599426324724984012030801332581683
1184472685782376059334758133512718430805424685192-1085488307210616684491611463585545838953333018237,41.414479047774336,SSH >,Type >,1184472685782376059334758133512718430805424685192,1085488307210616684491611463585545838953333018237
1184472685782376059334758133512718430805424685192-1091995366823138898995898948102109473193356840202,66.667210174466,SSH >,DNS <=,1184472685782376059334758133512718430805424685192,1091995366823138898995898948102109473193356840202
1184472685782376059334758133512718430805424685192-109928824856976412487775174607761519739702474552,12.121310940812002,SSH >,Number <=,1184472685782376059334758133512718430805424685192,109928824856976412487775174607761519739702474552
1184472685782376059334758133512718430805424685192-1118614325010621431186771152252517336813918651911,141.333833886484,SSH >,sum >,1184472685782376059334758133512718430805424685192,1118614325010621431186771152252517336813918651911
1184472685782376059334758133512718430805424685192-1232849963170894971818913290506039176322619533319,26.262840371759335,SSH >,psh_flag_number >,1184472685782376059334758133512718430805424685192,1232849963170894971818913290506039176322619533319
1184472685782376059334758133512718430805424685192-1233133706649643691022119102239698495899057226060,92.93005054622535,SSH >,Time_To_Live <=,1184472685782376059334758133512718430805424685192,1233133706649643691022119102239698495899057226060
1184472685782376059334758133512718430805424685192-1236189254858718471128603624930063881324958313531,72.72786564487201,SSH >,HTTPS >,1184472685782376059334758133512718430805424685192,1236189254858718471128603624930063881324958313531
1184472685782376059334758133512718430805424685192-1329847435934461746074927120436757452470095790255,242.42621881624,SSH >,Min >,1184472685782376059334758133512718430805424685192,1329847435934461746074927120436757452470095790255
1184472685782376059334758133512718430805424685192-1338222599102815322204523610829624561969283441716,8.080873960541334,SSH >,SSH <=,1184472685782376059334758133512718430805424685192,1338222599102815322204523610829624561969283441716
1184472685782376059334758133512718430805424685192-1345309773886921328764805451107636357621530213384,99.91935483870968,SSH >,Class -1,1184472685782376059334758133512718430805424685192,1345309773886921328764805451107636357621530213384
1184472685782376059334758133512718430805424685192-1375509225989204300559045429796274689340158771149,152.52649600521767,SSH >,rst_count <=,1184472685782376059334758133512718430805424685192,1375509225989204300559045429796274689340158771149
1184472685782376059334758133512718430805424685192-1379366653555122327876205020011632492492609315477,122.22321865318767,SSH >,Type <=,1184472685782376059334758133512718430805424685192,1379366653555122327876205020011632492492609315477
1184472685782376059334758133512718430805424685192-1454952188391427871478129207189215566009723810659,67.67731941953367,SSH >,Std >,1184472685782376059334758133512718430805424685192,1454952188391427871478129207189215566009723810659
1184472685782376059334758133512718430805424685192-1455733501014453866297060548284701359849809242142,16.161747921082668,SSH >,DHCP <=,1184472685782376059334758133512718430805424685192,1455733501014453866297060548284701359849809242142
1184472685782376059334758133512718430805424685192-153155765823982001952501641876618811106762500815,117.17267242784935,SSH >,ack_flag_number >,1184472685782376059334758133512718430805424685192,153155765823982001952501641876618811106762500815
1184472685782376059334758133512718430805424685192-160227321490815016489601533331665083666172936667,436.2857334462427,SSH >,IGMP <=,1184472685782376059334758133512718430805424685192,160227321490815016489601533331665083666172936667
1184472685782376059334758133512718430805424685192-161772624339136553719839337862344762258727720981,36.363932822436006,SSH >,ack_flag_number <=,1184472685782376059334758133512718430805424685192,161772624339136553719839337862344762258727720981
1184472685782376059334758133512718430805424685192-171982518954274878349485416184092168691833932185,1443.4461112016959,SSH >,Class 1,1184472685782376059334758133512718430805424685192,171982518954274878349485416184092168691833932185
1184472685782376059334758133512718430805424685192-207766774224049171901964708681563529125144087827,2.0202184901353335,SSH >,HTTP >,1184472685782376059334758133512718430805424685192,207766774224049171901964708681563529125144087827
1184472685782376059334758133512718430805424685192-215123608059624622405742600984392925785664489773,88.88961356595468,SSH >,Variance <=,1184472685782376059334758133512718430805424685192,215123608059624622405742600984392925785664489773
1184472685782376059334758133512718430805424685192-218607780770691257170847497927336330511308420255,107.07157997717268,SSH >,ack_count >,1184472685782376059334758133512718430805424685192,218607780770691257170847497927336330511308420255
1184472685782376059334758133512718430805424685192-335418722972519651500040442315750311827115323662,106.06147073210501,SSH >,Rate >,1184472685782376059334758133512718430805424685192,335418722972519651500040442315750311827115323662
1184472685782376059334758133512718430805424685192-338730224709676774412755851787278702947952010784,267.59748951994237,SSH >,sum <=,1184472685782376059334758133512718430805424685192,338730224709676774412755851787278702947952010784
1184472685782376059334758133512718430805424685192-371266811264664269299964157380215767396824640058,2.0202184901353335,SSH >,ICMP >,1184472685782376059334758133512718430805424685192,371266811264664269299964157380215767396824640058
1184472685782376059334758133512718430805424685192-378316838538499851440768051160724422589084218125,92.93005054622535,SSH >,IAT <=,1184472685782376059334758133512718430805424685192,378316838538499851440768051160724422589084218125
1184472685782376059334758133512718430805424685192-40351198695966294513339726256484683518911283460,111.11201695744334,SSH >,fin_flag_number <=,1184472685782376059334758133512718430805424685192,40351198695966294513339726256484683518911283460
1184472685782376059334758133512718430805424685192-426624906449189252299067265451872698344494536313,1.0101092450676668,SSH >,Number >,1184472685782376059334758133512718430805424685192,426624906449189252299067265451872698344494536313
1184472685782376059334758133512718430805424685192-450410814915736770904937984733342042835793211647,24.242621881624004,SSH >,ece_flag_number <=,1184472685782376059334758133512718430805424685192,450410814915736770904937984733342042835793211647
1184472685782376059334758133512718430805424685192-475011065740486827108472353828139148231878458661,41.414479047774336,SSH >,syn_flag_number <=,1184472685782376059334758133512718430805424685192,475011065740486827108472353828139148231878458661
1184472685782376059334758133512718430805424685192-505469541859377927785473031559292540931343582537,145.45573128974402,SSH >,ICMP <=,1184472685782376059334758133512718430805424685192,505469541859377927785473031559292540931343582537
1184472685782376059334758133512718430805424685192-520582048177068818674784514618258893555315007951,11.111201695744334,SSH >,LLC <=,1184472685782376059334758133512718430805424685192,520582048177068818674784514618258893555315007951
1184472685782376059334758133512718430805424685192-565103970815292376991711972572924808853013487374,1.0101092450676668,SSH >,IGMP >,1184472685782376059334758133512718430805424685192,565103970815292376991711972572924808853013487374
1184472685782376059334758133512718430805424685192-681503808608794911981134712221284126975357543438,454.46769985746073,SSH >,syn_count <=,1184472685782376059334758133512718430805424685192,681503808608794911981134712221284126975357543438
1184472685782376059334758133512718430805424685192-714914936218336719861297767221934377853836589461,89.89972281102234,SSH >,UDP >,1184472685782376059334758133512718430805424685192,714914936218336719861297767221934377853836589461
1184472685782376059334758133512718430805424685192-786396322989194697344344278946426998739971577495,77.77841187021033,SSH >,HTTPS <=,1184472685782376059334758133512718430805424685192,786396322989194697344344278946426998739971577495
1184472685782376059334758133512718430805424685192-795584812918386367255521286735341258439959854242,10.101092450676667,SSH >,syn_count >,1184472685782376059334758133512718430805424685192,795584812918386367255521286735341258439959854242
1184472685782376059334758133512718430805424685192-835140271881840015202809914014108690929910415575,86.86939507581934,SSH >,IAT >,1184472685782376059334758133512718430805424685192,835140271881840015202809914014108690929910415575
1184472685782376059334758133512718430805424685192-841356973986788424033641854148712928121319667477,4.040436980270667,SSH >,Variance >,1184472685782376059334758133512718430805424685192,841356973986788424033641854148712928121319667477
1184472685782376059334758133512718430805424685192-841518471221275042570144506781210008737201997031,668.4479389658275,SSH >,Min <=,1184472685782376059334758133512718430805424685192,841518471221275042570144506781210008737201997031
1184472685782376059334758133512718430805424685192-843826879422383561066103188424018239931401286651,43.43469753790967,SSH >,ack_count <=,1184472685782376059334758133512718430805424685192,843826879422383561066103188424018239931401286651
1184472685782376059334758133512718430805424685192-896530251803066355404557928035950607124936193677,22.22240339148867,SSH >,psh_flag_number <=,1184472685782376059334758133512718430805424685192,896530251803066355404557928035950607124936193677
1184472685782376059334758133512718430805424685192-922599836131670820904126277297069322180441856169,255.55763900211969,SSH >,Rate <=,1184472685782376059334758133512718430805424685192,922599836131670820904126277297069322180441856169
1184472685782376059334758133512718430805424685192-926368966621798523173828527325665066772113177503,294.9518995597587,SSH >,UDP <=,1184472685782376059334758133512718430805424685192,926368966621798523173828527325665066772113177503
1184472685782376059334758133512718430805424685192-974265510705878984211701297112044370513255377925,192.93086580792436,SSH >,Std <=,1184472685782376059334758133512718430805424685192,974265510705878984211701297112044370513255377925
1232849963170894971818913290506039176322619533319-1043469376771332113858820724324827897913309990452,1497.829089589371,psh_flag_number >,LLC >,1232849963170894971818913290506039176322619533319,1043469376771332113858820724324827897913309990452
1232849963170894971818913290506039176322619533319-1043754360836331848364792327262011021650379248223,463.55868306306974,psh_flag_number >,DNS >,1232849963170894971818913290506039176322619533319,1043754360836331848364792327262011021650379248223
1232849963170894971818913290506039176322619533319-1077028023530208599426324724984012030801332581683,1040.4125224196966,psh_flag_number >,Time_To_Live >,1232849963170894971818913290506039176322619533319,1077028023530208599426324724984012030801332581683
1232849963170894971818913290506039176322619533319-1085488307210616684491611463585545838953333018237,624.1660530288287,psh_flag_number >,Type >,1232849963170894971818913290506039176322619533319,1085488307210616684491611463585545838953333018237
1232849963170894971818913290506039176322619533319-1091995366823138898995898948102109473193356840202,6398.146002850786,psh_flag_number >,DNS <=,1232849963170894971818913290506039176322619533319,1091995366823138898995898948102109473193356840202
1232849963170894971818913290506039176322619533319-109928824856976412487775174607761519739702474552,544.4488830914723,psh_flag_number >,Number <=,1232849963170894971818913290506039176322619533319,109928824856976412487775174607761519739702474552
1232849963170894971818913290506039176322619533319-1118614325010621431186771152252517336813918651911,3505.633011261131,psh_flag_number >,sum >,1232849963170894971818913290506039176322619533319,1118614325010621431186771152252517336813918651911
1232849963170894971818913290506039176322619533319-1184472685782376059334758133512718430805424685192,15.151638676015,psh_flag_number >,SSH >,1232849963170894971818913290506039176322619533319,1184472685782376059334758133512718430805424685192
1232849963170894971818913290506039176322619533319-1232849963170894971818913290506039176322619533319,797.9863036034567,psh_flag_number >,psh_flag_number >,1232849963170894971818913290506039176322619533319,1232849963170894971818913290506039176322619533319
1232849963170894971818913290506039176322619533319-1233133706649643691022119102239698495899057226060,3752.555845426382,psh_flag_number >,Time_To_Live <=,1232849963170894971818913290506039176322619533319,1233133706649643691022119102239698495899057226060
1232849963170894971818913290506039176322619533319-1236189254858718471128603624930063881324958313531,3721.2424588292843,psh_flag_number >,HTTPS >,1232849963170894971818913290506039176322619533319,1236189254858718471128603624930063881324958313531
1232849963170894971818913290506039176322619533319-1251276136943778783713685275011300537715092657394,265.65873145279636,psh_flag_number >,fin_flag_number >,1232849963170894971818913290506039176322619533319,1251276136943778783713685275011300537715092657394
1232849963170894971818913290506039176322619533319-1329847435934461746074927120436757452470095790255,345.45736181314203,psh_flag_number >,Min >,1232849963170894971818913290506039176322619533319,1329847435934461746074927120436757452470095790255
1232849963170894971818913290506039176322619533319-1338222599102815322204523610829624561969283441716,752.5313875754117,psh_flag_number >,SSH <=,1232849963170894971818913290506039176322619533319,1338222599102815322204523610829624561969283441716
1232849963170894971818913290506039176322619533319-1345309773886921328764805451107636357621530213384,2897.6612903225805,psh_flag_number >,Class -1,1232849963170894971818913290506039176322619533319,1345309773886921328764805451107636357621530213384
1232849963170894971818913290506039176322619533319-1375509225989204300559045429796274689340158771149,1360.617153106147,psh_flag_number >,rst_count <=,1232849963170894971818913290506039176322619533319,1375509225989204300559045429796274689340158771149
1232849963170894971818913290506039176322619533319-1379366653555122327876205020011632492492609315477,2924.2662644708953,psh_flag_number >,Type <=,1232849963170894971818913290506039176322619533319,1379366653555122327876205020011632492492609315477
1232849963170894971818913290506039176322619533319-1429650867505148313720594668477948880050562903683,229.29479863036036,psh_flag_number >,syn_flag_number >,1232849963170894971818913290506039176322619533319,1429650867505148313720594668477948880050562903683
1232849963170894971818913290506039176322619533319-1454952188391427871478129207189215566009723810659,2585.7982069502377,psh_flag_number >,Std >,1232849963170894971818913290506039176322619533319,1454952188391427871478129207189215566009723810659
1232849963170894971818913290506039176322619533319-1455733501014453866297060548284701359849809242142,8896.79784928704,psh_flag_number >,DHCP <=,1232849963170894971818913290506039176322619533319,1455733501014453866297060548284701359849809242142
1232849963170894971818913290506039176322619533319-153155765823982001952501641876618811106762500815,4879.8377629218985,psh_flag_number >,ack_flag_number >,1232849963170894971818913290506039176322619533319,153155765823982001952501641876618811106762500815
1232849963170894971818913290506039176322619533319-160227321490815016489601533331665083666172936667,249.49698353171368,psh_flag_number >,IGMP <=,1232849963170894971818913290506039176322619533319,160227321490815016489601533331665083666172936667
1232849963170894971818913290506039176322619533319-161772624339136553719839337862344762258727720981,862.6332952877874,psh_flag_number >,ack_flag_number <=,1232849963170894971818913290506039176322619533319,161772624339136553719839337862344762258727720981
1232849963170894971818913290506039176322619533319-171982518954274878349485416184092168691833932185,22231.494374694277,psh_flag_number >,Class 1,1232849963170894971818913290506039176322619533319,171982518954274878349485416184092168691833932185
1232849963170894971818913290506039176322619533319-207766774224049171901964708681563529125144087827,362.6292189792924,psh_flag_number >,HTTP >,1232849963170894971818913290506039176322619533319,207766774224049171901964708681563529125144087827
1232849963170894971818913290506039176322619533319-215123608059624622405742600984392925785664489773,1756.5799771726724,psh_flag_number >,Variance <=,1232849963170894971818913290506039176322619533319,215123608059624622405742600984392925785664489773
1232849963170894971818913290506039176322619533319-218607780770691257170847497927336330511308420255,547.4792108266754,psh_flag_number >,ack_count >,1232849963170894971818913290506039176322619533319,218607780770691257170847497927336330511308420255
1232849963170894971818913290506039176322619533319-335418722972519651500040442315750311827115323662,896.9770096200881,psh_flag_number >,Rate >,1232849963170894971818913290506039176322619533319,335418722972519651500040442315750311827115323662
1232849963170894971818913290506039176322619533319-338730224709676774412755851787278702947952010784,2831.33621392467,psh_flag_number >,sum <=,1232849963170894971818913290506039176322619533319,338730224709676774412755851787278702947952010784
1232849963170894971818913290506039176322619533319-371266811264664269299964157380215767396824640058,32.323495842165336,psh_flag_number >,ICMP >,1232849963170894971818913290506039176322619533319,371266811264664269299964157380215767396824640058
1232849963170894971818913290506039176322619533319-378316838538499851440768051160724422589084218125,2086.8857003097996,psh_flag_number >,IAT <=,1232849963170894971818913290506039176322619533319,378316838538499851440768051160724422589084218125
1232849963170894971818913290506039176322619533319-40351198695966294513339726256484683518911283460,2014.7606417950485,psh_flag_number >,fin_flag_number <=,1232849963170894971818913290506039176322619533319,40351198695966294513339726256484683518911283460
1232849963170894971818913290506039176322619533319-450410814915736770904937984733342042835793211647,411.11446274254035,psh_flag_number >,ece_flag_number <=,1232849963170894971818913290506039176322619533319,450410814915736770904937984733342042835793211647
1232849963170894971818913290506039176322619533319-475011065740486827108472353828139148231878458661,4518.495618625837,psh_flag_number >,syn_flag_number <=,1232849963170894971818913290506039176322619533319,475011065740486827108472353828139148231878458661
1232849963170894971818913290506039176322619533319-505469541859377927785473031559292540931343582537,1709.952031053581,psh_flag_number >,ICMP <=,1232849963170894971818913290506039176322619533319,505469541859377927785473031559292540931343582537
1232849963170894971818913290506039176322619533319-520582048177068818674784514618258893555315007951,207.07239523887168,psh_flag_number >,LLC <=,1232849963170894971818913290506039176322619533319,520582048177068818674784514618258893555315007951
1232849963170894971818913290506039176322619533319-629827923182617752624696690572530002196221478554,23.232512636556336,psh_flag_number >,DHCP >,1232849963170894971818913290506039176322619533319,629827923182617752624696690572530002196221478554
1232849963170894971818913290506039176322619533319-681503808608794911981134712221284126975357543438,3533.3621392466985,psh_flag_number >,syn_count <=,1232849963170894971818913290506039176322619533319,681503808608794911981134712221284126975357543438
1232849963170894971818913290506039176322619533319-684418957212367241623111035135876005715150589706,1224.252405022012,psh_flag_number >,HTTP <=,1232849963170894971818913290506039176322619533319,684418957212367241623111035135876005715150589706
1232849963170894971818913290506039176322619533319-714914936218336719861297767221934377853836589461,671.641187547009,psh_flag_number >,UDP >,1232849963170894971818913290506039176322619533319,714914936218336719861297767221934377853836589461
1232849963170894971818913290506039176322619533319-786396322989194697344344278946426998739971577495,4433.043634910032,psh_flag_number >,HTTPS <=,1232849963170894971818913290506039176322619533319,786396322989194697344344278946426998739971577495
1232849963170894971818913290506039176322619533319-795584812918386367255521286735341258439959854242,2766.0701230256204,psh_flag_number >,syn_count >,1232849963170894971818913290506039176322619533319,795584812918386367255521286735341258439959854242
1232849963170894971818913290506039176322619533319-835140271881840015202809914014108690929910415575,1233.343388227621,psh_flag_number >,IAT >,1232849963170894971818913290506039176322619533319,835140271881840015202809914014108690929910415575
1232849963170894971818913290506039176322619533319-841356973986788424033641854148712928121319667477,620.1256160485581,psh_flag_number >,Variance >,1232849963170894971818913290506039176322619533319,841356973986788424033641854148712928121319667477
1232849963170894971818913290506039176322619533319-841518471221275042570144506781210008737201997031,938.3914886678624,psh_flag_number >,Min <=,1232849963170894971818913290506039176322619533319,841518471221275042570144506781210008737201997031
1232849963170894971818913290506039176322619533319-843826879422383561066103188424018239931401286651,281.82047937387904,psh_flag_number >,ack_count <=,1232849963170894971818913290506039176322619533319,843826879422383561066103188424018239931401286651
1232849963170894971818913290506039176322619533319-896530251803066355404557928035950607124936193677,5844.49209196152,psh_flag_number >,psh_flag_number <=,1232849963170894971818913290506039176322619533319,896530251803066355404557928035950607124936193677
1232849963170894971818913290506039176322619533319-922599836131670820904126277297069322180441856169,2445.4744823088213,psh_flag_number >,Rate <=,1232849963170894971818913290506039176322619533319,922599836131670820904126277297069322180441856169
1232849963170894971818913290506039176322619533319-926368966621798523173828527325665066772113177503,4292.964291537583,psh_flag_number >,UDP <=,1232849963170894971818913290506039176322619533319,926368966621798523173828527325665066772113177503
1232849963170894971818913290506039176322619533319-940331364486966071141541838460909450599289486914,139.31361539634867,psh_flag_number >,rst_count >,1232849963170894971818913290506039176322619533319,940331364486966071141541838460909450599289486914
1232849963170894971818913290506039176322619533319-974265510705878984211701297112044370513255377925,1703.9728360061645,psh_flag_number >,Std <=,1232849963170894971818913290506039176322619533319,974265510705878984211701297112044370513255377925
1233133706649643691022119102239698495899057226060-1043469376771332113858820724324827897913309990452,9596.233333158008,Time_To_Live <=,LLC >,1233133706649643691022119102239698495899057226060,1043469376771332113858820724324827897913309990452
1233133706649643691022119102239698495899057226060-1043754360836331848364792327262011021650379248223,1570.9968415183855,Time_To_Live <=,DNS >,1233133706649643691022119102239698495899057226060,1043754360836331848364792327262011021650379248223
1233133706649643691022119102239698495899057226060-1077028023530208599426324724984012030801332581683,4890.8675041946535,Time_To_Live <=,Time_To_Live >,1233133706649643691022119102239698495899057226060,1077028023530208599426324724984012030801332581683
1233133706649643691022119102239698495899057226060-1085488307210616684491611463585545838953333018237,379.71961572245334,Time_To_Live <=,Type >,1233133706649643691022119102239698495899057226060,1085488307210616684491611463585545838953333018237
1233133706649643691022119102239698495899057226060-1091995366823138898995898948102109473193356840202,20253.89597786696,Time_To_Live <=,DNS <=,1233133706649643691022119102239698495899057226060,1091995366823138898995898948102109473193356840202
1233133706649643691022119102239698495899057226060-109928824856976412487775174607761519739702474552,3577.8069460296756,Time_To_Live <=,Number <=,1233133706649643691022119102239698495899057226060,109928824856976412487775174607761519739702474552
1233133706649643691022119102239698495899057226060-1118614325010621431186771152252517336813918651911,3947.865355585595,Time_To_Live <=,sum >,1233133706649643691022119102239698495899057226060,1118614325010621431186771152252517336813918651911
1233133706649643691022119102239698495899057226060-1184472685782376059334758133512718430805424685192,273.6581449903484,Time_To_Live <=,SSH >,1233133706649643691022119102239698495899057226060,1184472685782376059334758133512718430805424685192
1233133706649643691022119102239698495899057226060-1232849963170894971818913290506039176322619533319,2908.023056126823,Time_To_Live <=,psh_flag_number >,1233133706649643691022119102239698495899057226060,1232849963170894971818913290506039176322619533319
1233133706649643691022119102239698495899057226060-1233133706649643691022119102239698495899057226060,55171.74337139641,Time_To_Live <=,Time_To_Live <=,1233133706649643691022119102239698495899057226060,1233133706649643691022119102239698495899057226060
1233133706649643691022119102239698495899057226060-1236189254858718471128603624930063881324958313531,3698.938595014806,Time_To_Live <=,HTTPS >,1233133706649643691022119102239698495899057226060,1236189254858718471128603624930063881324958313531
1233133706649643691022119102239698495899057226060-1239329028096551917906154637654656383307088642249,13883.837528862894,Time_To_Live <=,cwr_flag_number <=,1233133706649643691022119102239698495899057226060,1239329028096551917906154637654656383307088642249
1233133706649643691022119102239698495899057226060-1251276136943778783713685275011300537715092657394,813.8222098325821,Time_To_Live <=,fin_flag_number >,1233133706649643691022119102239698495899057226060,1251276136943778783713685275011300537715092657394
1233133706649643691022119102239698495899057226060-1329847435934461746074927120436757452470095790255,1061.6248165661177,Time_To_Live <=,Min >,1233133706649643691022119102239698495899057226060,1329847435934461746074927120436757452470095790255
1233133706649643691022119102239698495899057226060-1338222599102815322204523610829624561969283441716,20728.793951810145,Time_To_Live <=,SSH <=,1233133706649643691022119102239698495899057226060,1338222599102815322204523610829624561969283441716
1233133706649643691022119102239698495899057226060-1345309773886921328764805451107636357621530213384,35771.12903225807,Time_To_Live <=,Class -1,1233133706649643691022119102239698495899057226060,1345309773886921328764805451107636357621530213384
1233133706649643691022119102239698495899057226060-1375509225989204300559045429796274689340158771149,12000.86355937998,Time_To_Live <=,rst_count <=,1233133706649643691022119102239698495899057226060,1375509225989204300559045429796274689340158771149
1233133706649643691022119102239698495899057226060-1379366653555122327876205020011632492492609315477,6897.237722421801,Time_To_Live <=,Type <=,1233133706649643691022119102239698495899057226060,1379366653555122327876205020011632492492609315477
1233133706649643691022119102239698495899057226060-1429650867505148313720594668477948880050562903683,357.57867275395404,Time_To_Live <=,syn_flag_number >,1233133706649643691022119102239698495899057226060,1429650867505148313720594668477948880050562903683
1233133706649643691022119102239698495899057226060-1454952188391427871478129207189215566009723810659,6510.447341983874,Time_To_Live <=,Std >,1233133706649643691022119102239698495899057226060,1454952188391427871478129207189215566009723810659
1233133706649643691022119102239698495899057226060-1455733501014453866297060548284701359849809242142,6046.513940975053,Time_To_Live <=,DHCP <=,1233133706649643691022119102239698495899057226060,1455733501014453866297060548284701359849809242142
1233133706649643691022119102239698495899057226060-153155765823982001952501641876618811106762500815,8672.211463105463,Time_To_Live <=,ack_flag_number >,1233133706649643691022119102239698495899057226060,153155765823982001952501641876618811106762500815
1233133706649643691022119102239698495899057226060-160227321490815016489601533331665083666172936667,35.35382357736834,Time_To_Live <=,IGMP <=,1233133706649643691022119102239698495899057226060,160227321490815016489601533331665083666172936667
1233133706649643691022119102239698495899057226060-161772624339136553719839337862344762258727720981,1566.353597407994,Time_To_Live <=,ack_flag_number <=,1233133706649643691022119102239698495899057226060,161772624339136553719839337862344762258727720981
1233133706649643691022119102239698495899057226060-171982518954274878349485416184092168691833932185,49857.98222729496,Time_To_Live <=,Class 1,1233133706649643691022119102239698495899057226060,171982518954274878349485416184092168691833932185
1233133706649643691022119102239698495899057226060-207766774224049171901964708681563529125144087827,2811.7368361534377,Time_To_Live <=,HTTP >,1233133706649643691022119102239698495899057226060,207766774224049171901964708681563529125144087827
1233133706649643691022119102239698495899057226060-215123608059624622405742600984392925785664489773,11400.516534033231,Time_To_Live <=,Variance <=,1233133706649643691022119102239698495899057226060,215123608059624622405742600984392925785664489773
1233133706649643691022119102239698495899057226060-218607780770691257170847497927336330511308420255,5342.8262230240425,Time_To_Live <=,ack_count >,1233133706649643691022119102239698495899057226060,218607780770691257170847497927336330511308420255
1233133706649643691022119102239698495899057226060-335418722972519651500040442315750311827115323662,9267.947828511016,Time_To_Live <=,Rate >,1233133706649643691022119102239698495899057226060,335418722972519651500040442315750311827115323662
1233133706649643691022119102239698495899057226060-338730224709676774412755851787278702947952010784,7405.387841029229,Time_To_Live <=,sum <=,1233133706649643691022119102239698495899057226060,338730224709676774412755851787278702947952010784
1233133706649643691022119102239698495899057226060-371266811264664269299964157380215767396824640058,3502.3908864261557,Time_To_Live <=,ICMP >,1233133706649643691022119102239698495899057226060,371266811264664269299964157380215767396824640058
1233133706649643691022119102239698495899057226060-378316838538499851440768051160724422589084218125,9343.771190229483,Time_To_Live <=,IAT <=,1233133706649643691022119102239698495899057226060,378316838538499851440768051160724422589084218125
1233133706649643691022119102239698495899057226060-40351198695966294513339726256484683518911283460,10504.761430757982,Time_To_Live <=,fin_flag_number <=,1233133706649643691022119102239698495899057226060,40351198695966294513339726256484683518911283460
1233133706649643691022119102239698495899057226060-426624906449189252299067265451872698344494536313,8927.166294977462,Time_To_Live <=,Number >,1233133706649643691022119102239698495899057226060,426624906449189252299067265451872698344494536313
1233133706649643691022119102239698495899057226060-450410814915736770904937984733342042835793211647,3538.7711113331898,Time_To_Live <=,ece_flag_number <=,1233133706649643691022119102239698495899057226060,450410814915736770904937984733342042835793211647
1233133706649643691022119102239698495899057226060-475011065740486827108472353828139148231878458661,11923.31323669414,Time_To_Live <=,syn_flag_number <=,1233133706649643691022119102239698495899057226060,475011065740486827108472353828139148231878458661
1233133706649643691022119102239698495899057226060-505469541859377927785473031559292540931343582537,11818.310751460896,Time_To_Live <=,ICMP <=,1233133706649643691022119102239698495899057226060,505469541859377927785473031559292540931343582537
1233133706649643691022119102239698495899057226060-520582048177068818674784514618258893555315007951,389.90216859611934,Time_To_Live <=,LLC <=,1233133706649643691022119102239698495899057226060,520582048177068818674784514618258893555315007951
1233133706649643691022119102239698495899057226060-579184915384053252333364217236378176158944003116,207.9195836379607,Time_To_Live <=,cwr_flag_number >,1233133706649643691022119102239698495899057226060,579184915384053252333364217236378176158944003116
1233133706649643691022119102239698495899057226060-629827923182617752624696690572530002196221478554,14.141529430947335,Time_To_Live <=,DHCP >,1233133706649643691022119102239698495899057226060,629827923182617752624696690572530002196221478554
1233133706649643691022119102239698495899057226060-681503808608794911981134712221284126975357543438,11866.76341105495,Time_To_Live <=,syn_count <=,1233133706649643691022119102239698495899057226060,681503808608794911981134712221284126975357543438
1233133706649643691022119102239698495899057226060-684418957212367241623111035135876005715150589706,22185.045641505763,Time_To_Live <=,HTTP <=,1233133706649643691022119102239698495899057226060,684418957212367241623111035135876005715150589706
1233133706649643691022119102239698495899057226060-714914936218336719861297767221934377853836589461,1048.2490151112702,Time_To_Live <=,UDP >,1233133706649643691022119102239698495899057226060,714914936218336719861297767221934377853836589461
1233133706649643691022119102239698495899057226060-786396322989194697344344278946426998739971577495,21779.112061665342,Time_To_Live <=,HTTPS <=,1233133706649643691022119102239698495899057226060,786396322989194697344344278946426998739971577495
1233133706649643691022119102239698495899057226060-795584812918386367255521286735341258439959854242,2984.0907991142576,Time_To_Live <=,syn_count >,1233133706649643691022119102239698495899057226060,795584812918386367255521286735341258439959854242
1233133706649643691022119102239698495899057226060-835140271881840015202809914014108690929910415575,15446.21585762901,Time_To_Live <=,IAT >,1233133706649643691022119102239698495899057226060,835140271881840015202809914014108690929910415575
1233133706649643691022119102239698495899057226060-841356973986788424033641854148712928121319667477,1185.7053328634622,Time_To_Live <=,Variance >,1233133706649643691022119102239698495899057226060,841356973986788424033641854148712928121319667477
1233133706649643691022119102239698495899057226060-841518471221275042570144506781210008737201997031,4561.034251510864,Time_To_Live <=,Min <=,1233133706649643691022119102239698495899057226060,841518471221275042570144506781210008737201997031
1233133706649643691022119102239698495899057226060-843826879422383561066103188424018239931401286651,7776.440067745618,Time_To_Live <=,ack_count <=,1233133706649643691022119102239698495899057226060,843826879422383561066103188424018239931401286651
1233133706649643691022119102239698495899057226060-896530251803066355404557928035950607124936193677,7593.822091488142,Time_To_Live <=,psh_flag_number <=,1233133706649643691022119102239698495899057226060,896530251803066355404557928035950607124936193677
1233133706649643691022119102239698495899057226060-922599836131670820904126277297069322180441856169,15205.255926426576,Time_To_Live <=,Rate <=,1233133706649643691022119102239698495899057226060,922599836131670820904126277297069322180441856169
1233133706649643691022119102239698495899057226060-926368966621798523173828527325665066772113177503,15869.972978019494,Time_To_Live <=,UDP <=,1233133706649643691022119102239698495899057226060,926368966621798523173828527325665066772113177503
1233133706649643691022119102239698495899057226060-940331364486966071141541838460909450599289486914,69.69753790966901,Time_To_Live <=,rst_count >,1233133706649643691022119102239698495899057226060,940331364486966071141541838460909450599289486914
1233133706649643691022119102239698495899057226060-974265510705878984211701297112044370513255377925,26894.223818265018,Time_To_Live <=,Std <=,1233133706649643691022119102239698495899057226060,974265510705878984211701297112044370513255377925
1236189254858718471128603624930063881324958313531-1043469376771332113858820724324827897913309990452,6241.465025273113,HTTPS >,LLC >,1236189254858718471128603624930063881324958313531,1043469376771332113858820724324827897913309990452
1236189254858718471128603624930063881324958313531-1043754360836331848364792327262011021650379248223,541.33709493328,HTTPS >,DNS >,1236189254858718471128603624930063881324958313531,1043754360836331848364792327262011021650379248223
1236189254858718471128603624930063881324958313531-1077028023530208599426324724984012030801332581683,2180.8258601010925,HTTPS >,Time_To_Live >,1236189254858718471128603624930063881324958313531,1077028023530208599426324724984012030801332581683
1236189254858718471128603624930063881324958313531-1085488307210616684491611463585545838953333018237,1071.644448593805,HTTPS >,Type >,1236189254858718471128603624930063881324958313531,1085488307210616684491611463585545838953333018237
1236189254858718471128603624930063881324958313531-1091995366823138898995898948102109473193356840202,8026.24660088469,HTTPS >,DNS <=,1236189254858718471128603624930063881324958313531,1091995366823138898995898948102109473193356840202
1236189254858718471128603624930063881324958313531-109928824856976412487775174607761519739702474552,1033.341757704223,HTTPS >,Number <=,1236189254858718471128603624930063881324958313531,109928824856976412487775174607761519739702474552
1236189254858718471128603624930063881324958313531-1118614325010621431186771152252517336813918651911,846.4715473667047,HTTPS >,sum >,1236189254858718471128603624930063881324958313531,1118614325010621431186771152252517336813918651911
1236189254858718471128603624930063881324958313531-1184472685782376059334758133512718430805424685192,55.55600847872167,HTTPS >,SSH >,1236189254858718471128603624930063881324958313531,1184472685782376059334758133512718430805424685192
1236189254858718471128603624930063881324958313531-1232849963170894971818913290506039176322619533319,2276.786238382521,HTTPS >,psh_flag_number >,1236189254858718471128603624930063881324958313531,1232849963170894971818913290506039176322619533319
1236189254858718471128603624930063881324958313531-1233133706649643691022119102239698495899057226060,3406.854102344272,HTTPS >,Time_To_Live <=,1236189254858718471128603624930063881324958313531,1233133706649643691022119102239698495899057226060
1236189254858718471128603624930063881324958313531-1236189254858718471128603624930063881324958313531,559.6005217674874,HTTPS >,HTTPS >,1236189254858718471128603624930063881324958313531,1236189254858718471128603624930063881324958313531
1236189254858718471128603624930063881324958313531-1239329028096551917906154637654656383307088642249,33.333605087233,HTTPS >,cwr_flag_number <=,1236189254858718471128603624930063881324958313531,1239329028096551917906154637654656383307088642249
1236189254858718471128603624930063881324958313531-1251276136943778783713685275011300537715092657394,1285.7876085481505,HTTPS >,fin_flag_number >,1236189254858718471128603624930063881324958313531,1251276136943778783713685275011300537715092657394
1236189254858718471128603624930063881324958313531-1329847435934461746074927120436757452470095790255,633.3384966574271,HTTPS >,Min >,1236189254858718471128603624930063881324958313531,1329847435934461746074927120436757452470095790255
1236189254858718471128603624930063881324958313531-1338222599102815322204523610829624561969283441716,13649.524768176392,HTTPS >,SSH <=,1236189254858718471128603624930063881324958313531,1338222599102815322204523610829624561969283441716
1236189254858718471128603624930063881324958313531-1345309773886921328764805451107636357621530213384,699.4354838709678,HTTPS >,Class -1,1236189254858718471128603624930063881324958313531,1345309773886921328764805451107636357621530213384
1236189254858718471128603624930063881324958313531-1375509225989204300559045429796274689340158771149,1611.1242458829286,HTTPS >,rst_count <=,1236189254858718471128603624930063881324958313531,1375509225989204300559045429796274689340158771149
1236189254858718471128603624930063881324958313531-1379366653555122327876205020011632492492609315477,4526.299527148215,HTTPS >,Type <=,1236189254858718471128603624930063881324958313531,1379366653555122327876205020011632492492609315477
1236189254858718471128603624930063881324958313531-1429650867505148313720594668477948880050562903683,86.86939507581934,HTTPS >,syn_flag_number >,1236189254858718471128603624930063881324958313531,1429650867505148313720594668477948880050562903683
1236189254858718471128603624930063881324958313531-1454952188391427871478129207189215566009723810659,2348.503994782325,HTTPS >,Std >,1236189254858718471128603624930063881324958313531,1454952188391427871478129207189215566009723810659
1236189254858718471128603624930063881324958313531-1455733501014453866297060548284701359849809242142,6153.585520952226,HTTPS >,DHCP <=,1236189254858718471128603624930063881324958313531,1455733501014453866297060548284701359849809242142
1236189254858718471128603624930063881324958313531-153155765823982001952501641876618811106762500815,3227.2990379911953,HTTPS >,ack_flag_number >,1236189254858718471128603624930063881324958313531,153155765823982001952501641876618811106762500815
1236189254858718471128603624930063881324958313531-161772624339136553719839337862344762258727720981,1408.0922876243274,HTTPS >,ack_flag_number <=,1236189254858718471128603624930063881324958313531,161772624339136553719839337862344762258727720981
1236189254858718471128603624930063881324958313531-171982518954274878349485416184092168691833932185,29162.864014348608,HTTPS >,Class 1,1236189254858718471128603624930063881324958313531,171982518954274878349485416184092168691833932185
1236189254858718471128603624930063881324958313531-207766774224049171901964708681563529125144087827,368.6898744496984,HTTPS >,HTTP >,1236189254858718471128603624930063881324958313531,207766774224049171901964708681563529125144087827
1236189254858718471128603624930063881324958313531-215123608059624622405742600984392925785664489773,3771.7479210826677,HTTPS >,Variance <=,1236189254858718471128603624930063881324958313531,215123608059624622405742600984392925785664489773
1236189254858718471128603624930063881324958313531-218607780770691257170847497927336330511308420255,8269.764389368987,HTTPS >,ack_count >,1236189254858718471128603624930063881324958313531,218607780770691257170847497927336330511308420255
1236189254858718471128603624930063881324958313531-335418722972519651500040442315750311827115323662,496.973748573292,HTTPS >,Rate >,1236189254858718471128603624930063881324958313531,335418722972519651500040442315750311827115323662
1236189254858718471128603624930063881324958313531-338730224709676774412755851787278702947952010784,9665.735366052502,HTTPS >,sum <=,1236189254858718471128603624930063881324958313531,338730224709676774412755851787278702947952010784
1236189254858718471128603624930063881324958313531-371266811264664269299964157380215767396824640058,737.3797488993968,HTTPS >,ICMP >,1236189254858718471128603624930063881324958313531,371266811264664269299964157380215767396824640058
1236189254858718471128603624930063881324958313531-378316838538499851440768051160724422589084218125,9779.79625032216,HTTPS >,IAT <=,1236189254858718471128603624930063881324958313531,378316838538499851440768051160724422589084218125
1236189254858718471128603624930063881324958313531-40351198695966294513339726256484683518911283460,16252.657753138757,HTTPS >,fin_flag_number <=,1236189254858718471128603624930063881324958313531,40351198695966294513339726256484683518911283460
1236189254858718471128603624930063881324958313531-426624906449189252299067265451872698344494536313,99.91935483870968,HTTPS >,Number >,1236189254858718471128603624930063881324958313531,426624906449189252299067265451872698344494536313
1236189254858718471128603624930063881324958313531-450410814915736770904937984733342042835793211647,61.61666394912767,HTTPS >,ece_flag_number <=,1236189254858718471128603624930063881324958313531,450410814915736770904937984733342042835793211647
1236189254858718471128603624930063881324958313531-475011065740486827108472353828139148231878458661,13406.088440115083,HTTPS >,syn_flag_number <=,1236189254858718471128603624930063881324958313531,475011065740486827108472353828139148231878458661
1236189254858718471128603624930063881324958313531-505469541859377927785473031559292540931343582537,11157.666721017447,HTTPS >,ICMP <=,1236189254858718471128603624930063881324958313531,505469541859377927785473031559292540931343582537
1236189254858718471128603624930063881324958313531-520582048177068818674784514618258893555315007951,129.29398336866134,HTTPS >,LLC <=,1236189254858718471128603624930063881324958313531,520582048177068818674784514618258893555315007951
1236189254858718471128603624930063881324958313531-681503808608794911981134712221284126975357543438,6493.992336540029,HTTPS >,syn_count <=,1236189254858718471128603624930063881324958313531,681503808608794911981134712221284126975357543438
1236189254858718471128603624930063881324958313531-684418957212367241623111035135876005715150589706,14557.694439915213,HTTPS >,HTTP <=,1236189254858718471128603624930063881324958313531,684418957212367241623111035135876005715150589706
1236189254858718471128603624930063881324958313531-714914936218336719861297767221934377853836589461,631.3182781672917,HTTPS >,UDP >,1236189254858718471128603624930063881324958313531,714914936218336719861297767221934377853836589461
1236189254858718471128603624930063881324958313531-786396322989194697344344278946426998739971577495,330.305723137127,HTTPS >,HTTPS <=,1236189254858718471128603624930063881324958313531,786396322989194697344344278946426998739971577495
1236189254858718471128603624930063881324958313531-795584812918386367255521286735341258439959854242,470.71090820153273,HTTPS >,syn_count >,1236189254858718471128603624930063881324958313531,795584812918386367255521286735341258439959854242
1236189254858718471128603624930063881324958313531-835140271881840015202809914014108690929910415575,2270.725582912115,HTTPS >,IAT >,1236189254858718471128603624930063881324958313531,835140271881840015202809914014108690929910415575
1236189254858718471128603624930063881324958313531-841356973986788424033641854148712928121319667477,825.2592532202838,HTTPS >,Variance >,1236189254858718471128603624930063881324958313531,841356973986788424033641854148712928121319667477
1236189254858718471128603624930063881324958313531-841518471221275042570144506781210008737201997031,970.7149845100278,HTTPS >,Min <=,1236189254858718471128603624930063881324958313531,841518471221275042570144506781210008737201997031
1236189254858718471128603624930063881324958313531-843826879422383561066103188424018239931401286651,5344.488015653024,HTTPS >,ack_count <=,1236189254858718471128603624930063881324958313531,843826879422383561066103188424018239931401286651
1236189254858718471128603624930063881324958313531-896530251803066355404557928035950607124936193677,8197.036523724115,HTTPS >,psh_flag_number <=,1236189254858718471128603624930063881324958313531,896530251803066355404557928035950607124936193677
1236189254858718471128603624930063881324958313531-922599836131670820904126277297069322180441856169,4033.3662155551933,HTTPS >,Rate <=,1236189254858718471128603624930063881324958313531,922599836131670820904126277297069322180441856169
1236189254858718471128603624930063881324958313531-926368966621798523173828527325665066772113177503,4411.147073210501,HTTPS >,UDP <=,1236189254858718471128603624930063881324958313531,926368966621798523173828527325665066772113177503
1236189254858718471128603624930063881324958313531-940331364486966071141541838460909450599289486914,5.0505462253383335,HTTPS >,rst_count >,1236189254858718471128603624930063881324958313531,940331364486966071141541838460909450599289486914
1236189254858718471128603624930063881324958313531-974265510705878984211701297112044370513255377925,3670.736996575901,HTTPS >,Std <=,1236189254858718471128603624930063881324958313531,974265510705878984211701297112044370513255377925
1251276136943778783713685275011300537715092657394-1043469376771332113858820724324827897913309990452,310.10353823577367,fin_flag_number >,LLC >,1251276136943778783713685275011300537715092657394,1043469376771332113858820724324827897913309990452
1251276136943778783713685275011300537715092657394-1043754360836331848364792327262011021650379248223,986.4694303161638,fin_flag_number >,DNS >,1251276136943778783713685275011300537715092657394,1043754360836331848364792327262011021650379248223
1251276136943778783713685275011300537715092657394-1077028023530208599426324724984012030801332581683,672.732757215066,fin_flag_number >,Time_To_Live >,1251276136943778783713685275011300537715092657394,1077028023530208599426324724984012030801332581683
1251276136943778783713685275011300537715092657394-1085488307210616684491611463585545838953333018237,117.17267242784935,fin_flag_number >,Type >,1251276136943778783713685275011300537715092657394,1085488307210616684491611463585545838953333018237
1251276136943778783713685275011300537715092657394-1091995366823138898995898948102109473193356840202,4257.447547114237,fin_flag_number >,DNS <=,1251276136943778783713685275011300537715092657394,1091995366823138898995898948102109473193356840202
1251276136943778783713685275011300537715092657394-109928824856976412487775174607761519739702474552,198.91006085534102,fin_flag_number >,Number <=,1251276136943778783713685275011300537715092657394,109928824856976412487775174607761519739702474552
1251276136943778783713685275011300537715092657394-1118614325010621431186771152252517336813918651911,270.54635683215605,fin_flag_number >,sum >,1251276136943778783713685275011300537715092657394,1118614325010621431186771152252517336813918651911
1251276136943778783713685275011300537715092657394-1232849963170894971818913290506039176322619533319,514.1456057394424,fin_flag_number >,psh_flag_number >,1251276136943778783713685275011300537715092657394,1232849963170894971818913290506039176322619533319
1251276136943778783713685275011300537715092657394-1233133706649643691022119102239698495899057226060,696.8939186737007,fin_flag_number >,Time_To_Live <=,1251276136943778783713685275011300537715092657394,1233133706649643691022119102239698495899057226060
1251276136943778783713685275011300537715092657394-1236189254858718471128603624930063881324958313531,1153.3003765983074,fin_flag_number >,HTTPS >,1251276136943778783713685275011300537715092657394,1236189254858718471128603624930063881324958313531
1251276136943778783713685275011300537715092657394-1239329028096551917906154637654656383307088642249,25.252731126691668,fin_flag_number >,cwr_flag_number <=,1251276136943778783713685275011300537715092657394,1239329028096551917906154637654656383307088642249
1251276136943778783713685275011300537715092657394-1251276136943778783713685275011300537715092657394,13.131420185879668,fin_flag_number >,fin_flag_number >,1251276136943778783713685275011300537715092657394,1251276136943778783713685275011300537715092657394
1251276136943778783713685275011300537715092657394-1329847435934461746074927120436757452470095790255,56.56611772378934,fin_flag_number >,Min >,1251276136943778783713685275011300537715092657394,1329847435934461746074927120436757452470095790255
1251276136943778783713685275011300537715092657394-1338222599102815322204523610829624561969283441716,711.1169085276374,fin_flag_number >,SSH <=,1251276136943778783713685275011300537715092657394,1338222599102815322204523610829624561969283441716
1251276136943778783713685275011300537715092657394-1345309773886921328764805451107636357621530213384,12789.677419354839,fin_flag_number >,Class -1,1251276136943778783713685275011300537715092657394,1345309773886921328764805451107636357621530213384
1251276136943778783713685275011300537715092657394-1375509225989204300559045429796274689340158771149,309.093428990706,fin_flag_number >,rst_count <=,1251276136943778783713685275011300537715092657394,1375509225989204300559045429796274689340158771149
1251276136943778783713685275011300537715092657394-1379366653555122327876205020011632492492609315477,35.35382357736834,fin_flag_number >,Type <=,1251276136943778783713685275011300537715092657394,1379366653555122327876205020011632492492609315477
1251276136943778783713685275011300537715092657394-1429650867505148313720594668477948880050562903683,8.080873960541334,fin_flag_number >,syn_flag_number >,1251276136943778783713685275011300537715092657394,1429650867505148313720594668477948880050562903683
1251276136943778783713685275011300537715092657394-1454952188391427871478129207189215566009723810659,229.213338207371,fin_flag_number >,Std >,1251276136943778783713685275011300537715092657394,1454952188391427871478129207189215566009723810659
1251276136943778783713685275011300537715092657394-1455733501014453866297060548284701359849809242142,812.9750214334931,fin_flag_number >,DHCP <=,1251276136943778783713685275011300537715092657394,1455733501014453866297060548284701359849809242142
1251276136943778783713685275011300537715092657394-153155765823982001952501641876618811106762500815,412.124571987608,fin_flag_number >,ack_flag_number >,1251276136943778783713685275011300537715092657394,153155765823982001952501641876618811106762500815
1251276136943778783713685275011300537715092657394-160227321490815016489601533331665083666172936667,8.080873960541334,fin_flag_number >,IGMP <=,1251276136943778783713685275011300537715092657394,160227321490815016489601533331665083666172936667
1251276136943778783713685275011300537715092657394-161772624339136553719839337862344762258727720981,590.5066062496384,fin_flag_number >,ack_flag_number <=,1251276136943778783713685275011300537715092657394,161772624339136553719839337862344762258727720981
1251276136943778783713685275011300537715092657394-171982518954274878349485416184092168691833932185,4278.822762106636,fin_flag_number >,Class 1,1251276136943778783713685275011300537715092657394,171982518954274878349485416184092168691833932185
1251276136943778783713685275011300537715092657394-207766774224049171901964708681563529125144087827,130.304092613729,fin_flag_number >,HTTP >,1251276136943778783713685275011300537715092657394,207766774224049171901964708681563529125144087827
1251276136943778783713685275011300537715092657394-215123608059624622405742600984392925785664489773,1655.76455768108,fin_flag_number >,Variance <=,1251276136943778783713685275011300537715092657394,215123608059624622405742600984392925785664489773
1251276136943778783713685275011300537715092657394-218607780770691257170847497927336330511308420255,2095.927807261615,fin_flag_number >,ack_count >,1251276136943778783713685275011300537715092657394,218607780770691257170847497927336330511308420255
1251276136943778783713685275011300537715092657394-335418722972519651500040442315750311827115323662,9648.905642662909,fin_flag_number >,Rate >,1251276136943778783713685275011300537715092657394,335418722972519651500040442315750311827115323662
1251276136943778783713685275011300537715092657394-338730224709676774412755851787278702947952010784,876.6119038727561,fin_flag_number >,sum <=,1251276136943778783713685275011300537715092657394,338730224709676774412755851787278702947952010784
1251276136943778783713685275011300537715092657394-371266811264664269299964157380215767396824640058,169.6168927483787,fin_flag_number >,ICMP >,1251276136943778783713685275011300537715092657394,371266811264664269299964157380215767396824640058
1251276136943778783713685275011300537715092657394-378316838538499851440768051160724422589084218125,6776.822925158976,fin_flag_number >,IAT <=,1251276136943778783713685275011300537715092657394,378316838538499851440768051160724422589084218125
1251276136943778783713685275011300537715092657394-40351198695966294513339726256484683518911283460,241.41610957117234,fin_flag_number >,fin_flag_number <=,1251276136943778783713685275011300537715092657394,40351198695966294513339726256484683518911283460
1251276136943778783713685275011300537715092657394-426624906449189252299067265451872698344494536313,312.8894847020087,fin_flag_number >,Number >,1251276136943778783713685275011300537715092657394,426624906449189252299067265451872698344494536313
1251276136943778783713685275011300537715092657394-450410814915736770904937984733342042835793211647,715.0758850849187,fin_flag_number >,ece_flag_number <=,1251276136943778783713685275011300537715092657394,450410814915736770904937984733342042835793211647
1251276136943778783713685275011300537715092657394-475011065740486827108472353828139148231878458661,1115.3561115698785,fin_flag_number >,syn_flag_number <=,1251276136943778783713685275011300537715092657394,475011065740486827108472353828139148231878458661
1251276136943778783713685275011300537715092657394-505469541859377927785473031559292540931343582537,212.12294146421002,fin_flag_number >,ICMP <=,1251276136943778783713685275011300537715092657394,505469541859377927785473031559292540931343582537
1251276136943778783713685275011300537715092657394-520582048177068818674784514618258893555315007951,57.57622696885701,fin_flag_number >,LLC <=,1251276136943778783713685275011300537715092657394,520582048177068818674784514618258893555315007951
1251276136943778783713685275011300537715092657394-681503808608794911981134712221284126975357543438,1302.2263219073968,fin_flag_number >,syn_count <=,1251276136943778783713685275011300537715092657394,681503808608794911981134712221284126975357543438
1251276136943778783713685275011300537715092657394-684418957212367241623111035135876005715150589706,467.5991200433404,fin_flag_number >,HTTP <=,1251276136943778783713685275011300537715092657394,684418957212367241623111035135876005715150589706
1251276136943778783713685275011300537715092657394-714914936218336719861297767221934377853836589461,486.6282748536474,fin_flag_number >,UDP >,1251276136943778783713685275011300537715092657394,714914936218336719861297767221934377853836589461
1251276136943778783713685275011300537715092657394-786396322989194697344344278946426998739971577495,1375.8013759513578,fin_flag_number >,HTTPS <=,1251276136943778783713685275011300537715092657394,786396322989194697344344278946426998739971577495
1251276136943778783713685275011300537715092657394-795584812918386367255521286735341258439959854242,549.1735876248534,fin_flag_number >,syn_count >,1251276136943778783713685275011300537715092657394,795584812918386367255521286735341258439959854242
1251276136943778783713685275011300537715092657394-835140271881840015202809914014108690929910415575,772.489191207797,fin_flag_number >,IAT >,1251276136943778783713685275011300537715092657394,835140271881840015202809914014108690929910415575
1251276136943778783713685275011300537715092657394-841356973986788424033641854148712928121319667477,26.262840371759335,fin_flag_number >,Variance >,1251276136943778783713685275011300537715092657394,841356973986788424033641854148712928121319667477
1251276136943778783713685275011300537715092657394-841518471221275042570144506781210008737201997031,69.69753790966901,fin_flag_number >,Min <=,1251276136943778783713685275011300537715092657394,841518471221275042570144506781210008737201997031
1251276136943778783713685275011300537715092657394-843826879422383561066103188424018239931401286651,10352.788865629092,fin_flag_number >,ack_count <=,1251276136943778783713685275011300537715092657394,843826879422383561066103188424018239931401286651
1251276136943778783713685275011300537715092657394-896530251803066355404557928035950607124936193677,1200.3682090015411,fin_flag_number >,psh_flag_number <=,1251276136943778783713685275011300537715092657394,896530251803066355404557928035950607124936193677
1251276136943778783713685275011300537715092657394-922599836131670820904126277297069322180441856169,3448.903972691363,fin_flag_number >,Rate <=,1251276136943778783713685275011300537715092657394,922599836131670820904126277297069322180441856169
1251276136943778783713685275011300537715092657394-926368966621798523173828527325665066772113177503,381.82129463557806,fin_flag_number >,UDP <=,1251276136943778783713685275011300537715092657394,926368966621798523173828527325665066772113177503
1251276136943778783713685275011300537715092657394-974265510705878984211701297112044370513255377925,2983.243610715169,fin_flag_number >,Std <=,1251276136943778783713685275011300537715092657394,974265510705878984211701297112044370513255377925
1329847435934461746074927120436757452470095790255-1043469376771332113858820724324827897913309990452,2237.147596555914,Min >,LLC >,1329847435934461746074927120436757452470095790255,1043469376771332113858820724324827897913309990452
1329847435934461746074927120436757452470095790255-1043754360836331848364792327262011021650379248223,448.3255839640654,Min >,DNS >,1329847435934461746074927120436757452470095790255,1043754360836331848364792327262011021650379248223
1329847435934461746074927120436757452470095790255-1077028023530208599426324724984012030801332581683,2521.151215265907,Min >,Time_To_Live >,1329847435934461746074927120436757452470095790255,1077028023530208599426324724984012030801332581683
1329847435934461746074927120436757452470095790255-1085488307210616684491611463585545838953333018237,579.8027066688408,Min >,Type >,1329847435934461746074927120436757452470095790255,1085488307210616684491611463585545838953333018237
1329847435934461746074927120436757452470095790255-1091995366823138898995898948102109473193356840202,245.3750861284537,Min >,DNS <=,1329847435934461746074927120436757452470095790255,1091995366823138898995898948102109473193356840202
1329847435934461746074927120436757452470095790255-109928824856976412487775174607761519739702474552,104.04125224196967,Min >,Number <=,1329847435934461746074927120436757452470095790255,109928824856976412487775174607761519739702474552
1329847435934461746074927120436757452470095790255-1118614325010621431186771152252517336813918651911,555.4786243642274,Min >,sum >,1329847435934461746074927120436757452470095790255,1118614325010621431186771152252517336813918651911
1329847435934461746074927120436757452470095790255-1184472685782376059334758133512718430805424685192,71.71775639980434,Min >,SSH >,1329847435934461746074927120436757452470095790255,1184472685782376059334758133512718430805424685192
1329847435934461746074927120436757452470095790255-1232849963170894971818913290506039176322619533319,404.0436980270667,Min >,psh_flag_number >,1329847435934461746074927120436757452470095790255,1232849963170894971818913290506039176322619533319
1329847435934461746074927120436757452470095790255-1233133706649643691022119102239698495899057226060,1243.4444806782979,Min >,Time_To_Live <=,1329847435934461746074927120436757452470095790255,1233133706649643691022119102239698495899057226060
1329847435934461746074927120436757452470095790255-1236189254858718471128603624930063881324958313531,822.2289254850807,Min >,HTTPS >,1329847435934461746074927120436757452470095790255,1236189254858718471128603624930063881324958313531
1329847435934461746074927120436757452470095790255-1239329028096551917906154637654656383307088642249,466.58901079827274,Min >,cwr_flag_number <=,1329847435934461746074927120436757452470095790255,1239329028096551917906154637654656383307088642249
1329847435934461746074927120436757452470095790255-1251276136943778783713685275011300537715092657394,303.879961919389,Min >,fin_flag_number >,1329847435934461746074927120436757452470095790255,1251276136943778783713685275011300537715092657394
1329847435934461746074927120436757452470095790255-1329847435934461746074927120436757452470095790255,825.2592532202838,Min >,Min >,1329847435934461746074927120436757452470095790255,1329847435934461746074927120436757452470095790255
1329847435934461746074927120436757452470095790255-1338222599102815322204523610829624561969283441716,57.57622696885701,Min >,SSH <=,1329847435934461746074927120436757452470095790255,1338222599102815322204523610829624561969283441716
1329847435934461746074927120436757452470095790255-1345309773886921328764805451107636357621530213384,799.3548387096774,Min >,Class -1,1329847435934461746074927120436757452470095790255,1345309773886921328764805451107636357621530213384
1329847435934461746074927120436757452470095790255-1375509225989204300559045429796274689340158771149,424.24588292842003,Min >,rst_count <=,1329847435934461746074927120436757452470095790255,1375509225989204300559045429796274689340158771149
1329847435934461746074927120436757452470095790255-1379366653555122327876205020011632492492609315477,418.185227458014,Min >,Type <=,1329847435934461746074927120436757452470095790255,1379366653555122327876205020011632492492609315477
1329847435934461746074927120436757452470095790255-1429650867505148313720594668477948880050562903683,177.77922713190935,Min >,syn_flag_number >,1329847435934461746074927120436757452470095790255,1429650867505148313720594668477948880050562903683
1329847435934461746074927120436757452470095790255-1454952188391427871478129207189215566009723810659,2741.355030690658,Min >,Std >,1329847435934461746074927120436757452470095790255,1454952188391427871478129207189215566009723810659
1329847435934461746074927120436757452470095790255-1455733501014453866297060548284701359849809242142,469.70079895646506,Min >,DHCP <=,1329847435934461746074927120436757452470095790255,1455733501014453866297060548284701359849809242142
1329847435934461746074927120436757452470095790255-153155765823982001952501641876618811106762500815,729.2988749388554,Min >,ack_flag_number >,1329847435934461746074927120436757452470095790255,153155765823982001952501641876618811106762500815
1329847435934461746074927120436757452470095790255-160227321490815016489601533331665083666172936667,472.73112669166807,Min >,IGMP <=,1329847435934461746074927120436757452470095790255,160227321490815016489601533331665083666172936667
1329847435934461746074927120436757452470095790255-161772624339136553719839337862344762258727720981,338.38659709766836,Min >,ack_flag_number <=,1329847435934461746074927120436757452470095790255,161772624339136553719839337862344762258727720981
1329847435934461746074927120436757452470095790255-171982518954274878349485416184092168691833932185,7701.072884395891,Min >,Class 1,1329847435934461746074927120436757452470095790255,171982518954274878349485416184092168691833932185
1329847435934461746074927120436757452470095790255-207766774224049171901964708681563529125144087827,91.91994130115768,Min >,HTTP >,1329847435934461746074927120436757452470095790255,207766774224049171901964708681563529125144087827
1329847435934461746074927120436757452470095790255-215123608059624622405742600984392925785664489773,3608.1102233817055,Min >,Variance <=,1329847435934461746074927120436757452470095790255,215123608059624622405742600984392925785664489773
1329847435934461746074927120436757452470095790255-218607780770691257170847497927336330511308420255,409.094244252405,Min >,ack_count >,1329847435934461746074927120436757452470095790255,218607780770691257170847497927336330511308420255
1329847435934461746074927120436757452470095790255-335418722972519651500040442315750311827115323662,681.8237404206751,Min >,Rate >,1329847435934461746074927120436757452470095790255,335418722972519651500040442315750311827115323662
1329847435934461746074927120436757452470095790255-338730224709676774412755851787278702947952010784,878.7950432088701,Min >,sum <=,1329847435934461746074927120436757452470095790255,338730224709676774412755851787278702947952010784
1329847435934461746074927120436757452470095790255-371266811264664269299964157380215767396824640058,454.46769985746073,Min >,ICMP >,1329847435934461746074927120436757452470095790255,371266811264664269299964157380215767396824640058
1329847435934461746074927120436757452470095790255-378316838538499851440768051160724422589084218125,2437.39360834828,Min >,IAT <=,1329847435934461746074927120436757452470095790255,378316838538499851440768051160724422589084218125
1329847435934461746074927120436757452470095790255-40351198695966294513339726256484683518911283460,1298.8375683110407,Min >,fin_flag_number <=,1329847435934461746074927120436757452470095790255,40351198695966294513339726256484683518911283460
1329847435934461746074927120436757452470095790255-450410814915736770904937984733342042835793211647,115.15245393771401,Min >,ece_flag_number <=,1329847435934461746074927120436757452470095790255,450410814915736770904937984733342042835793211647
1329847435934461746074927120436757452470095790255-475011065740486827108472353828139148231878458661,111.11201695744334,Min >,syn_flag_number <=,1329847435934461746074927120436757452470095790255,475011065740486827108472353828139148231878458661
1329847435934461746074927120436757452470095790255-505469541859377927785473031559292540931343582537,3876.799282569705,Min >,ICMP <=,1329847435934461746074927120436757452470095790255,505469541859377927785473031559292540931343582537
1329847435934461746074927120436757452470095790255-681503808608794911981134712221284126975357543438,734.3494211641937,Min >,syn_count <=,1329847435934461746074927120436757452470095790255,681503808608794911981134712221284126975357543438
1329847435934461746074927120436757452470095790255-684418957212367241623111035135876005715150589706,38.38415131257133,Min >,HTTP <=,1329847435934461746074927120436757452470095790255,684418957212367241623111035135876005715150589706
1329847435934461746074927120436757452470095790255-714914936218336719861297767221934377853836589461,447.39693514198706,Min >,UDP >,1329847435934461746074927120436757452470095790255,714914936218336719861297767221934377853836589461
1329847435934461746074927120436757452470095790255-786396322989194697344344278946426998739971577495,288.8912440893527,Min >,HTTPS <=,1329847435934461746074927120436757452470095790255,786396322989194697344344278946426998739971577495
1329847435934461746074927120436757452470095790255-795584812918386367255521286735341258439959854242,135.35463883906735,Min >,syn_count >,1329847435934461746074927120436757452470095790255,795584812918386367255521286735341258439959854242
1329847435934461746074927120436757452470095790255-835140271881840015202809914014108690929910415575,1160.615522582749,Min >,IAT >,1329847435934461746074927120436757452470095790255,835140271881840015202809914014108690929910415575
1329847435934461746074927120436757452470095790255-841356973986788424033641854148712928121319667477,467.68058046632973,Min >,Variance >,1329847435934461746074927120436757452470095790255,841356973986788424033641854148712928121319667477
1329847435934461746074927120436757452470095790255-841518471221275042570144506781210008737201997031,407.0740257622697,Min >,Min <=,1329847435934461746074927120436757452470095790255,841518471221275042570144506781210008737201997031
1329847435934461746074927120436757452470095790255-843826879422383561066103188424018239931401286651,613.9835001551627,Min >,ack_count <=,1329847435934461746074927120436757452470095790255,843826879422383561066103188424018239931401286651
1329847435934461746074927120436757452470095790255-896530251803066355404557928035950607124936193677,1186.7969025315192,Min >,psh_flag_number <=,1329847435934461746074927120436757452470095790255,896530251803066355404557928035950607124936193677
1329847435934461746074927120436757452470095790255-922599836131670820904126277297069322180441856169,2901.9624006564172,Min >,Rate <=,1329847435934461746074927120436757452470095790255,922599836131670820904126277297069322180441856169
1329847435934461746074927120436757452470095790255-926368966621798523173828527325665066772113177503,1564.6592206098157,Min >,UDP <=,1329847435934461746074927120436757452470095790255,926368966621798523173828527325665066772113177503
1329847435934461746074927120436757452470095790255-974265510705878984211701297112044370513255377925,712.127017772705,Min >,Std <=,1329847435934461746074927120436757452470095790255,974265510705878984211701297112044370513255377925
1338222599102815322204523610829624561969283441716-1043469376771332113858820724324827897913309990452,11562.541315359005,SSH <=,LLC >,1338222599102815322204523610829624561969283441716,1043469376771332113858820724324827897913309990452
1338222599102815322204523610829624561969283441716-1043754360836331848364792327262011021650379248223,2618.968891191492,SSH <=,DNS >,1338222599102815322204523610829624561969283441716,1043754360836331848364792327262011021650379248223
1338222599102815322204523610829624561969283441716-1077028023530208599426324724984012030801332581683,2283.8570030979945,SSH <=,Time_To_Live >,1338222599102815322204523610829624561969283441716,1077028023530208599426324724984012030801332581683
1338222599102815322204523610829624561969283441716-1085488307210616684491611463585545838953333018237,1610.1141366378608,SSH <=,Type >,1338222599102815322204523610829624561969283441716,1085488307210616684491611463585545838953333018237
1338222599102815322204523610829624561969283441716-1091995366823138898995898948102109473193356840202,23565.848687428665,SSH <=,DNS <=,1338222599102815322204523610829624561969283441716,1091995366823138898995898948102109473193356840202
1338222599102815322204523610829624561969283441716-109928824856976412487775174607761519739702474552,1344.4554051850644,SSH <=,Number <=,1338222599102815322204523610829624561969283441716,109928824856976412487775174607761519739702474552
1338222599102815322204523610829624561969283441716-1118614325010621431186771152252517336813918651911,250.42563235379203,SSH <=,sum >,1338222599102815322204523610829624561969283441716,1118614325010621431186771152252517336813918651911
1338222599102815322204523610829624561969283441716-1184472685782376059334758133512718430805424685192,4.040436980270667,SSH <=,SSH >,1338222599102815322204523610829624561969283441716,1184472685782376059334758133512718430805424685192
1338222599102815322204523610829624561969283441716-1232849963170894971818913290506039176322619533319,1211.1209848361325,SSH <=,psh_flag_number >,1338222599102815322204523610829624561969283441716,1232849963170894971818913290506039176322619533319
1338222599102815322204523610829624561969283441716-1233133706649643691022119102239698495899057226060,12801.016710234953,SSH <=,Time_To_Live <=,1338222599102815322204523610829624561969283441716,1233133706649643691022119102239698495899057226060
1338222599102815322204523610829624561969283441716-1236189254858718471128603624930063881324958313531,12400.101092450677,SSH <=,HTTPS >,1338222599102815322204523610829624561969283441716,1236189254858718471128603624930063881324958313531
1338222599102815322204523610829624561969283441716-1239329028096551917906154637654656383307088642249,184.84999184738302,SSH <=,cwr_flag_number <=,1338222599102815322204523610829624561969283441716,1239329028096551917906154637654656383307088642249
1338222599102815322204523610829624561969283441716-1251276136943778783713685275011300537715092657394,1096.8971797204968,SSH <=,fin_flag_number >,1338222599102815322204523610829624561969283441716,1251276136943778783713685275011300537715092657394
1338222599102815322204523610829624561969283441716-1329847435934461746074927120436757452470095790255,89.89972281102234,SSH <=,Min >,1338222599102815322204523610829624561969283441716,1329847435934461746074927120436757452470095790255
1338222599102815322204523610829624561969283441716-1338222599102815322204523610829624561969283441716,480.81200065220935,SSH <=,SSH <=,1338222599102815322204523610829624561969283441716,1338222599102815322204523610829624561969283441716
1338222599102815322204523610829624561969283441716-1345309773886921328764805451107636357621530213384,2497.983870967742,SSH <=,Class -1,1338222599102815322204523610829624561969283441716,1345309773886921328764805451107636357621530213384
1338222599102815322204523610829624561969283441716-1375509225989204300559045429796274689340158771149,24977.899951610274,SSH <=,rst_count <=,1338222599102815322204523610829624561969283441716,1375509225989204300559045429796274689340158771149
1338222599102815322204523610829624561969283441716-1379366653555122327876205020011632492492609315477,14421.329691831079,SSH <=,Type <=,1338222599102815322204523610829624561969283441716,1379366653555122327876205020011632492492609315477
1338222599102815322204523610829624561969283441716-1429650867505148313720594668477948880050562903683,149.4961682700147,SSH <=,syn_flag_number >,1338222599102815322204523610829624561969283441716,1429650867505148313720594668477948880050562903683
1338222599102815322204523610829624561969283441716-1454952188391427871478129207189215566009723810659,624.1660530288287,SSH <=,Std >,1338222599102815322204523610829624561969283441716,1454952188391427871478129207189215566009723810659
1338222599102815322204523610829624561969283441716-1455733501014453866297060548284701359849809242142,11553.548084660983,SSH <=,DHCP <=,1338222599102815322204523610829624561969283441716,1455733501014453866297060548284701359849809242142
1338222599102815322204523610829624561969283441716-153155765823982001952501641876618811106762500815,16391.042719713027,SSH <=,ack_flag_number >,1338222599102815322204523610829624561969283441716,153155765823982001952501641876618811106762500815
1338222599102815322204523610829624561969283441716-160227321490815016489601533331665083666172936667,4.040436980270667,SSH <=,IGMP <=,1338222599102815322204523610829624561969283441716,160227321490815016489601533331665083666172936667
1338222599102815322204523610829624561969283441716-161772624339136553719839337862344762258727720981,8742.609560652842,SSH <=,ack_flag_number <=,1338222599102815322204523610829624561969283441716,161772624339136553719839337862344762258727720981
1338222599102815322204523610829624561969283441716-171982518954274878349485416184092168691833932185,58401.48622207729,SSH <=,Class 1,1338222599102815322204523610829624561969283441716,171982518954274878349485416184092168691833932185
1338222599102815322204523610829624561969283441716-207766774224049171901964708681563529125144087827,651.5204630686451,SSH <=,HTTP >,1338222599102815322204523610829624561969283441716,207766774224049171901964708681563529125144087827
1338222599102815322204523610829624561969283441716-215123608059624622405742600984392925785664489773,32975.619112364104,SSH <=,Variance <=,1338222599102815322204523610829624561969283441716,215123608059624622405742600984392925785664489773
1338222599102815322204523610829624561969283441716-218607780770691257170847497927336330511308420255,2460.5446605618467,SSH <=,ack_count >,1338222599102815322204523610829624561969283441716,218607780770691257170847497927336330511308420255
1338222599102815322204523610829624561969283441716-335418722972519651500040442315750311827115323662,298.9923365400294,SSH <=,Rate >,1338222599102815322204523610829624561969283441716,335418722972519651500040442315750311827115323662
1338222599102815322204523610829624561969283441716-338730224709676774412755851787278702947952010784,3934.375509538562,SSH <=,sum <=,1338222599102815322204523610829624561969283441716,338730224709676774412755851787278702947952010784
1338222599102815322204523610829624561969283441716-371266811264664269299964157380215767396824640058,1953.1765620151166,SSH <=,ICMP >,1338222599102815322204523610829624561969283441716,371266811264664269299964157380215767396824640058
1338222599102815322204523610829624561969283441716-378316838538499851440768051160724422589084218125,4637.411544105658,SSH <=,IAT <=,1338222599102815322204523610829624561969283441716,378316838538499851440768051160724422589084218125
1338222599102815322204523610829624561969283441716-40351198695966294513339726256484683518911283460,16577.684840866175,SSH <=,fin_flag_number <=,1338222599102815322204523610829624561969283441716,40351198695966294513339726256484683518911283460
1338222599102815322204523610829624561969283441716-426624906449189252299067265451872698344494536313,2.0202184901353335,SSH <=,Number >,1338222599102815322204523610829624561969283441716,426624906449189252299067265451872698344494536313
1338222599102815322204523610829624561969283441716-450410814915736770904937984733342042835793211647,1448.496657427034,SSH <=,ece_flag_number <=,1338222599102815322204523610829624561969283441716,450410814915736770904937984733342042835793211647
1338222599102815322204523610829624561969283441716-475011065740486827108472353828139148231878458661,3978.8203163215394,SSH <=,syn_flag_number <=,1338222599102815322204523610829624561969283441716,475011065740486827108472353828139148231878458661
1338222599102815322204523610829624561969283441716-505469541859377927785473031559292540931343582537,17295.530380332733,SSH <=,ICMP <=,1338222599102815322204523610829624561969283441716,505469541859377927785473031559292540931343582537
1338222599102815322204523610829624561969283441716-520582048177068818674784514618258893555315007951,88.88961356595468,SSH <=,LLC <=,1338222599102815322204523610829624561969283441716,520582048177068818674784514618258893555315007951
1338222599102815322204523610829624561969283441716-579184915384053252333364217236378176158944003116,4.040436980270667,SSH <=,cwr_flag_number >,1338222599102815322204523610829624561969283441716,579184915384053252333364217236378176158944003116
1338222599102815322204523610829624561969283441716-629827923182617752624696690572530002196221478554,278.7086912156867,SSH <=,DHCP >,1338222599102815322204523610829624561969283441716,629827923182617752624696690572530002196221478554
1338222599102815322204523610829624561969283441716-681503808608794911981134712221284126975357543438,27847.29447515556,SSH <=,syn_count <=,1338222599102815322204523610829624561969283441716,681503808608794911981134712221284126975357543438
1338222599102815322204523610829624561969283441716-684418957212367241623111035135876005715150589706,9947.669890018567,SSH <=,HTTP <=,1338222599102815322204523610829624561969283441716,684418957212367241623111035135876005715150589706
1338222599102815322204523610829624561969283441716-714914936218336719861297767221934377853836589461,405.05380727213435,SSH <=,UDP >,1338222599102815322204523610829624561969283441716,714914936218336719861297767221934377853836589461
1338222599102815322204523610829624561969283441716-786396322989194697344344278946426998739971577495,11901.498135417598,SSH <=,HTTPS <=,1338222599102815322204523610829624561969283441716,786396322989194697344344278946426998739971577495
1338222599102815322204523610829624561969283441716-795584812918386367255521286735341258439959854242,8971.9043592832,SSH <=,syn_count >,1338222599102815322204523610829624561969283441716,795584812918386367255521286735341258439959854242
1338222599102815322204523610829624561969283441716-835140271881840015202809914014108690929910415575,3303.05723137127,SSH <=,IAT >,1338222599102815322204523610829624561969283441716,835140271881840015202809914014108690929910415575
1338222599102815322204523610829624561969283441716-841356973986788424033641854148712928121319667477,583.6802228031328,SSH <=,Variance >,1338222599102815322204523610829624561969283441716,841356973986788424033641854148712928121319667477
1338222599102815322204523610829624561969283441716-841518471221275042570144506781210008737201997031,1684.862220772868,SSH <=,Min <=,1338222599102815322204523610829624561969283441716,841518471221275042570144506781210008737201997031
1338222599102815322204523610829624561969283441716-843826879422383561066103188424018239931401286651,1483.8504810044024,SSH <=,ack_count <=,1338222599102815322204523610829624561969283441716,843826879422383561066103188424018239931401286651
1338222599102815322204523610829624561969283441716-896530251803066355404557928035950607124936193677,11823.32871351704,SSH <=,psh_flag_number <=,1338222599102815322204523610829624561969283441716,896530251803066355404557928035950607124936193677
1338222599102815322204523610829624561969283441716-922599836131670820904126277297069322180441856169,6237.424588292843,SSH <=,Rate <=,1338222599102815322204523610829624561969283441716,922599836131670820904126277297069322180441856169
1338222599102815322204523610829624561969283441716-926368966621798523173828527325665066772113177503,17740.54867112343,SSH <=,UDP <=,1338222599102815322204523610829624561969283441716,926368966621798523173828527325665066772113177503
1338222599102815322204523610829624561969283441716-940331364486966071141541838460909450599289486914,145.45573128974402,SSH <=,rst_count >,1338222599102815322204523610829624561969283441716,940331364486966071141541838460909450599289486914
1338222599102815322204523610829624561969283441716-974265510705878984211701297112044370513255377925,2932.3471384314366,SSH <=,Std <=,1338222599102815322204523610829624561969283441716,974265510705878984211701297112044370513255377925
1345309773886921328764805451107636357621530213384-1043469376771332113858820724324827897913309990452,8692.983870967742,Class -1,LLC >,1345309773886921328764805451107636357621530213384,1043469376771332113858820724324827897913309990452
1345309773886921328764805451107636357621530213384-1043754360836331848364792327262011021650379248223,1998.3870967741937,Class -1,DNS >,1345309773886921328764805451107636357621530213384,1043754360836331848364792327262011021650379248223
1345309773886921328764805451107636357621530213384-1077028023530208599426324724984012030801332581683,4796.129032258064,Class -1,Time_To_Live >,1345309773886921328764805451107636357621530213384,1077028023530208599426324724984012030801332581683
1345309773886921328764805451107636357621530213384-1085488307210616684491611463585545838953333018237,4296.532258064516,Class -1,Type >,1345309773886921328764805451107636357621530213384,1085488307210616684491611463585545838953333018237
1345309773886921328764805451107636357621530213384-1091995366823138898995898948102109473193356840202,12290.08064516129,Class -1,DNS <=,1345309773886921328764805451107636357621530213384,1091995366823138898995898948102109473193356840202
1345309773886921328764805451107636357621530213384-109928824856976412487775174607761519739702474552,1498.7903225806451,Class -1,Number <=,1345309773886921328764805451107636357621530213384,109928824856976412487775174607761519739702474552
1345309773886921328764805451107636357621530213384-1118614325010621431186771152252517336813918651911,17286.048387096773,Class -1,sum >,1345309773886921328764805451107636357621530213384,1118614325010621431186771152252517336813918651911
1345309773886921328764805451107636357621530213384-1232849963170894971818913290506039176322619533319,1398.8709677419356,Class -1,psh_flag_number >,1345309773886921328764805451107636357621530213384,1232849963170894971818913290506039176322619533319
1345309773886921328764805451107636357621530213384-1233133706649643691022119102239698495899057226060,22182.09677419355,Class -1,Time_To_Live <=,1345309773886921328764805451107636357621530213384,1233133706649643691022119102239698495899057226060
1345309773886921328764805451107636357621530213384-1236189254858718471128603624930063881324958313531,299.758064516129,Class -1,HTTPS >,1345309773886921328764805451107636357621530213384,1236189254858718471128603624930063881324958313531
1345309773886921328764805451107636357621530213384-1239329028096551917906154637654656383307088642249,3397.2580645161293,Class -1,cwr_flag_number <=,1345309773886921328764805451107636357621530213384,1239329028096551917906154637654656383307088642249
1345309773886921328764805451107636357621530213384-1251276136943778783713685275011300537715092657394,5895.241935483871,Class -1,fin_flag_number >,1345309773886921328764805451107636357621530213384,1251276136943778783713685275011300537715092657394
1345309773886921328764805451107636357621530213384-1329847435934461746074927120436757452470095790255,299.758064516129,Class -1,Min >,1345309773886921328764805451107636357621530213384,1329847435934461746074927120436757452470095790255
1345309773886921328764805451107636357621530213384-1338222599102815322204523610829624561969283441716,5695.403225806452,Class -1,SSH <=,1345309773886921328764805451107636357621530213384,1338222599102815322204523610829624561969283441716
1345309773886921328764805451107636357621530213384-1375509225989204300559045429796274689340158771149,599.516129032258,Class -1,rst_count <=,1345309773886921328764805451107636357621530213384,1375509225989204300559045429796274689340158771149
1345309773886921328764805451107636357621530213384-1379366653555122327876205020011632492492609315477,19284.43548387097,Class -1,Type <=,1345309773886921328764805451107636357621530213384,1379366653555122327876205020011632492492609315477
1345309773886921328764805451107636357621530213384-1429650867505148313720594668477948880050562903683,3896.8548387096776,Class -1,syn_flag_number >,1345309773886921328764805451107636357621530213384,1429650867505148313720594668477948880050562903683
1345309773886921328764805451107636357621530213384-1454952188391427871478129207189215566009723810659,2497.983870967742,Class -1,Std >,1345309773886921328764805451107636357621530213384,1454952188391427871478129207189215566009723810659
1345309773886921328764805451107636357621530213384-1455733501014453866297060548284701359849809242142,4396.451612903226,Class -1,DHCP <=,1345309773886921328764805451107636357621530213384,1455733501014453866297060548284701359849809242142
1345309773886921328764805451107636357621530213384-153155765823982001952501641876618811106762500815,4096.693548387097,Class -1,ack_flag_number >,1345309773886921328764805451107636357621530213384,153155765823982001952501641876618811106762500815
1345309773886921328764805451107636357621530213384-160227321490815016489601533331665083666172936667,1698.6290322580646,Class -1,IGMP <=,1345309773886921328764805451107636357621530213384,160227321490815016489601533331665083666172936667
1345309773886921328764805451107636357621530213384-161772624339136553719839337862344762258727720981,16986.290322580644,Class -1,ack_flag_number <=,1345309773886921328764805451107636357621530213384,161772624339136553719839337862344762258727720981
1345309773886921328764805451107636357621530213384-207766774224049171901964708681563529125144087827,3097.5,Class -1,HTTP >,1345309773886921328764805451107636357621530213384,207766774224049171901964708681563529125144087827
1345309773886921328764805451107636357621530213384-215123608059624622405742600984392925785664489773,13888.790322580646,Class -1,Variance <=,1345309773886921328764805451107636357621530213384,215123608059624622405742600984392925785664489773
1345309773886921328764805451107636357621530213384-218607780770691257170847497927336330511308420255,6694.596774193548,Class -1,ack_count >,1345309773886921328764805451107636357621530213384,218607780770691257170847497927336330511308420255
1345309773886921328764805451107636357621530213384-335418722972519651500040442315750311827115323662,19684.112903225807,Class -1,Rate >,1345309773886921328764805451107636357621530213384,335418722972519651500040442315750311827115323662
1345309773886921328764805451107636357621530213384-337274849629170698169636561573185333120886675912,199.83870967741936,Class -1,ece_flag_number >,1345309773886921328764805451107636357621530213384,337274849629170698169636561573185333120886675912
1345309773886921328764805451107636357621530213384-338730224709676774412755851787278702947952010784,16386.774193548386,Class -1,sum <=,1345309773886921328764805451107636357621530213384,338730224709676774412755851787278702947952010784
1345309773886921328764805451107636357621530213384-371266811264664269299964157380215767396824640058,14488.306451612903,Class -1,ICMP >,1345309773886921328764805451107636357621530213384,371266811264664269299964157380215767396824640058
1345309773886921328764805451107636357621530213384-378316838538499851440768051160724422589084218125,8093.467741935484,Class -1,IAT <=,1345309773886921328764805451107636357621530213384,378316838538499851440768051160724422589084218125
1345309773886921328764805451107636357621530213384-40351198695966294513339726256484683518911283460,7294.112903225807,Class -1,fin_flag_number <=,1345309773886921328764805451107636357621530213384,40351198695966294513339726256484683518911283460
1345309773886921328764805451107636357621530213384-426624906449189252299067265451872698344494536313,25579.354838709678,Class -1,Number >,1345309773886921328764805451107636357621530213384,426624906449189252299067265451872698344494536313
1345309773886921328764805451107636357621530213384-450410814915736770904937984733342042835793211647,4496.370967741936,Class -1,ece_flag_number <=,1345309773886921328764805451107636357621530213384,450410814915736770904937984733342042835793211647
1345309773886921328764805451107636357621530213384-475011065740486827108472353828139148231878458661,9492.33870967742,Class -1,syn_flag_number <=,1345309773886921328764805451107636357621530213384,475011065740486827108472353828139148231878458661
1345309773886921328764805451107636357621530213384-505469541859377927785473031559292540931343582537,8293.306451612903,Class -1,ICMP <=,1345309773886921328764805451107636357621530213384,505469541859377927785473031559292540931343582537
1345309773886921328764805451107636357621530213384-520582048177068818674784514618258893555315007951,1099.1129032258066,Class -1,LLC <=,1345309773886921328764805451107636357621530213384,520582048177068818674784514618258893555315007951
1345309773886921328764805451107636357621530213384-629827923182617752624696690572530002196221478554,199.83870967741936,Class -1,DHCP >,1345309773886921328764805451107636357621530213384,629827923182617752624696690572530002196221478554
1345309773886921328764805451107636357621530213384-681503808608794911981134712221284126975357543438,12390.0,Class -1,syn_count <=,1345309773886921328764805451107636357621530213384,681503808608794911981134712221284126975357543438
1345309773886921328764805451107636357621530213384-684418957212367241623111035135876005715150589706,4796.129032258064,Class -1,HTTP <=,1345309773886921328764805451107636357621530213384,684418957212367241623111035135876005715150589706
1345309773886921328764805451107636357621530213384-714914936218336719861297767221934377853836589461,2198.225806451613,Class -1,UDP >,1345309773886921328764805451107636357621530213384,714914936218336719861297767221934377853836589461
1345309773886921328764805451107636357621530213384-786396322989194697344344278946426998739971577495,13888.790322580646,Class -1,HTTPS <=,1345309773886921328764805451107636357621530213384,786396322989194697344344278946426998739971577495
1345309773886921328764805451107636357621530213384-795584812918386367255521286735341258439959854242,13888.790322580646,Class -1,syn_count >,1345309773886921328764805451107636357621530213384,795584812918386367255521286735341258439959854242
1345309773886921328764805451107636357621530213384-835140271881840015202809914014108690929910415575,12889.59677419355,Class -1,IAT >,1345309773886921328764805451107636357621530213384,835140271881840015202809914014108690929910415575
1345309773886921328764805451107636357621530213384-841356973986788424033641854148712928121319667477,999.1935483870968,Class -1,Variance >,1345309773886921328764805451107636357621530213384,841356973986788424033641854148712928121319667477
1345309773886921328764805451107636357621530213384-841518471221275042570144506781210008737201997031,10291.693548387097,Class -1,Min <=,1345309773886921328764805451107636357621530213384,841518471221275042570144506781210008737201997031
1345309773886921328764805451107636357621530213384-843826879422383561066103188424018239931401286651,27277.983870967742,Class -1,ack_count <=,1345309773886921328764805451107636357621530213384,843826879422383561066103188424018239931401286651
1345309773886921328764805451107636357621530213384-896530251803066355404557928035950607124936193677,10291.693548387097,Class -1,psh_flag_number <=,1345309773886921328764805451107636357621530213384,896530251803066355404557928035950607124936193677
1345309773886921328764805451107636357621530213384-922599836131670820904126277297069322180441856169,20683.306451612905,Class -1,Rate <=,1345309773886921328764805451107636357621530213384,922599836131670820904126277297069322180441856169
1345309773886921328764805451107636357621530213384-926368966621798523173828527325665066772113177503,13688.951612903225,Class -1,UDP <=,1345309773886921328764805451107636357621530213384,926368966621798523173828527325665066772113177503
1345309773886921328764805451107636357621530213384-940331364486966071141541838460909450599289486914,9492.33870967742,Class -1,rst_count >,1345309773886921328764805451107636357621530213384,940331364486966071141541838460909450599289486914
1345309773886921328764805451107636357621530213384-974265510705878984211701297112044370513255377925,18385.16129032258,Class -1,Std <=,1345309773886921328764805451107636357621530213384,974265510705878984211701297112044370513255377925
1375509225989204300559045429796274689340158771149-1043469376771332113858820724324827897913309990452,5161.658242295777,rst_count <=,LLC >,1375509225989204300559045429796274689340158771149,1043469376771332113858820724324827897913309990452
1375509225989204300559045429796274689340158771149-1043754360836331848364792327262011021650379248223,122.22321865318767,rst_count <=,DNS >,1375509225989204300559045429796274689340158771149,1043754360836331848364792327262011021650379248223
1375509225989204300559045429796274689340158771149-1077028023530208599426324724984012030801332581683,826.2693624653514,rst_count <=,Time_To_Live >,1375509225989204300559045429796274689340158771149,1077028023530208599426324724984012030801332581683
1375509225989204300559045429796274689340158771149-1085488307210616684491611463585545838953333018237,1574.678852637503,rst_count <=,Type >,1375509225989204300559045429796274689340158771149,1085488307210616684491611463585545838953333018237
1375509225989204300559045429796274689340158771149-1091995366823138898995898948102109473193356840202,5368.730637534649,rst_count <=,DNS <=,1375509225989204300559045429796274689340158771149,1091995366823138898995898948102109473193356840202
1375509225989204300559045429796274689340158771149-109928824856976412487775174607761519739702474552,1598.921474519127,rst_count <=,Number <=,1375509225989204300559045429796274689340158771149,109928824856976412487775174607761519739702474552
1375509225989204300559045429796274689340158771149-1118614325010621431186771152252517336813918651911,4567.714006195989,rst_count <=,sum >,1375509225989204300559045429796274689340158771149,1118614325010621431186771152252517336813918651911
1375509225989204300559045429796274689340158771149-1184472685782376059334758133512718430805424685192,417.17511821294636,rst_count <=,SSH >,1375509225989204300559045429796274689340158771149,1184472685782376059334758133512718430805424685192
1375509225989204300559045429796274689340158771149-1232849963170894971818913290506039176322619533319,856.5726398173814,rst_count <=,psh_flag_number >,1375509225989204300559045429796274689340158771149,1232849963170894971818913290506039176322619533319
1375509225989204300559045429796274689340158771149-1233133706649643691022119102239698495899057226060,10638.991915759798,rst_count <=,Time_To_Live <=,1375509225989204300559045429796274689340158771149,1233133706649643691022119102239698495899057226060
1375509225989204300559045429796274689340158771149-1236189254858718471128603624930063881324958313531,1489.9111364748085,rst_count <=,HTTPS >,1375509225989204300559045429796274689340158771149,1236189254858718471128603624930063881324958313531
1375509225989204300559045429796274689340158771149-1251276136943778783713685275011300537715092657394,743.3589439468134,rst_count <=,fin_flag_number >,1375509225989204300559045429796274689340158771149,1251276136943778783713685275011300537715092657394
1375509225989204300559045429796274689340158771149-1329847435934461746074927120436757452470095790255,367.6797652046307,rst_count <=,Min >,1375509225989204300559045429796274689340158771149,1329847435934461746074927120436757452470095790255
1375509225989204300559045429796274689340158771149-1338222599102815322204523610829624561969283441716,26506.113778974664,rst_count <=,SSH <=,1375509225989204300559045429796274689340158771149,1338222599102815322204523610829624561969283441716
1375509225989204300559045429796274689340158771149-1345309773886921328764805451107636357621530213384,999.1935483870968,rst_count <=,Class -1,1375509225989204300559045429796274689340158771149,1345309773886921328764805451107636357621530213384
1375509225989204300559045429796274689340158771149-1375509225989204300559045429796274689340158771149,4608.884103974796,rst_count <=,rst_count <=,1375509225989204300559045429796274689340158771149,1375509225989204300559045429796274689340158771149
1375509225989204300559045429796274689340158771149-1379366653555122327876205020011632492492609315477,8210.167943909995,rst_count <=,Type <=,1375509225989204300559045429796274689340158771149,1379366653555122327876205020011632492492609315477
1375509225989204300559045429796274689340158771149-1429650867505148313720594668477948880050562903683,13.131420185879668,rst_count <=,syn_flag_number >,1375509225989204300559045429796274689340158771149,1429650867505148313720594668477948880050562903683
1375509225989204300559045429796274689340158771149-1454952188391427871478129207189215566009723810659,170.70846241643568,rst_count <=,Std >,1375509225989204300559045429796274689340158771149,1454952188391427871478129207189215566009723810659
1375509225989204300559045429796274689340158771149-1455733501014453866297060548284701359849809242142,21591.52499960552,rst_count <=,DHCP <=,1375509225989204300559045429796274689340158771149,1455733501014453866297060548284701359849809242142
1375509225989204300559045429796274689340158771149-153155765823982001952501641876618811106762500815,4393.97521604435,rst_count <=,ack_flag_number >,1375509225989204300559045429796274689340158771149,153155765823982001952501641876618811106762500815
1375509225989204300559045429796274689340158771149-160227321490815016489601533331665083666172936667,585.8633621392468,rst_count <=,IGMP <=,1375509225989204300559045429796274689340158771149,160227321490815016489601533331665083666172936667
1375509225989204300559045429796274689340158771149-161772624339136553719839337862344762258727720981,1975.773683352356,rst_count <=,ack_flag_number <=,1375509225989204300559045429796274689340158771149,161772624339136553719839337862344762258727720981
1375509225989204300559045429796274689340158771149-171982518954274878349485416184092168691833932185,44633.69721180499,rst_count <=,Class 1,1375509225989204300559045429796274689340158771149,171982518954274878349485416184092168691833932185
1375509225989204300559045429796274689340158771149-207766774224049171901964708681563529125144087827,21.212294146421,rst_count <=,HTTP >,1375509225989204300559045429796274689340158771149,207766774224049171901964708681563529125144087827
1375509225989204300559045429796274689340158771149-215123608059624622405742600984392925785664489773,3679.82797978151,rst_count <=,Variance <=,1375509225989204300559045429796274689340158771149,215123608059624622405742600984392925785664489773
1375509225989204300559045429796274689340158771149-218607780770691257170847497927336330511308420255,6002.834862168175,rst_count <=,ack_count >,1375509225989204300559045429796274689340158771149,218607780770691257170847497927336330511308420255
1375509225989204300559045429796274689340158771149-335418722972519651500040442315750311827115323662,1135.3627914560575,rst_count <=,Rate >,1375509225989204300559045429796274689340158771149,335418722972519651500040442315750311827115323662
1375509225989204300559045429796274689340158771149-338730224709676774412755851787278702947952010784,11472.82080547856,rst_count <=,sum <=,1375509225989204300559045429796274689340158771149,338730224709676774412755851787278702947952010784
1375509225989204300559045429796274689340158771149-371266811264664269299964157380215767396824640058,108.08168922224034,rst_count <=,ICMP >,1375509225989204300559045429796274689340158771149,371266811264664269299964157380215767396824640058
1375509225989204300559045429796274689340158771149-378316838538499851440768051160724422589084218125,4062.6593836621555,rst_count <=,IAT <=,1375509225989204300559045429796274689340158771149,378316838538499851440768051160724422589084218125
1375509225989204300559045429796274689340158771149-40351198695966294513339726256484683518911283460,25628.084463741896,rst_count <=,fin_flag_number <=,1375509225989204300559045429796274689340158771149,40351198695966294513339726256484683518911283460
1375509225989204300559045429796274689340158771149-450410814915736770904937984733342042835793211647,1112.1302788195012,rst_count <=,ece_flag_number <=,1375509225989204300559045429796274689340158771149,450410814915736770904937984733342042835793211647
1375509225989204300559045429796274689340158771149-475011065740486827108472353828139148231878458661,3043.45915538888,rst_count <=,syn_flag_number <=,1375509225989204300559045429796274689340158771149,475011065740486827108472353828139148231878458661
1375509225989204300559045429796274689340158771149-505469541859377927785473031559292540931343582537,14300.116582422957,rst_count <=,ICMP <=,1375509225989204300559045429796274689340158771149,505469541859377927785473031559292540931343582537
1375509225989204300559045429796274689340158771149-520582048177068818674784514618258893555315007951,1107.0797325941628,rst_count <=,LLC <=,1375509225989204300559045429796274689340158771149,520582048177068818674784514618258893555315007951
1375509225989204300559045429796274689340158771149-629827923182617752624696690572530002196221478554,473.57831509075703,rst_count <=,DHCP >,1375509225989204300559045429796274689340158771149,629827923182617752624696690572530002196221478554
1375509225989204300559045429796274689340158771149-681503808608794911981134712221284126975357543438,20295.88067987566,rst_count <=,syn_count <=,1375509225989204300559045429796274689340158771149,681503808608794911981134712221284126975357543438
1375509225989204300559045429796274689340158771149-684418957212367241623111035135876005715150589706,1777.7108108961042,rst_count <=,HTTP <=,1375509225989204300559045429796274689340158771149,684418957212367241623111035135876005715150589706
1375509225989204300559045429796274689340158771149-714914936218336719861297767221934377853836589461,1373.5041920230587,rst_count <=,UDP >,1375509225989204300559045429796274689340158771149,714914936218336719861297767221934377853836589461
1375509225989204300559045429796274689340158771149-786396322989194697344344278946426998739971577495,159.59726072069134,rst_count <=,HTTPS <=,1375509225989204300559045429796274689340158771149,786396322989194697344344278946426998739971577495
1375509225989204300559045429796274689340158771149-795584812918386367255521286735341258439959854242,379.6381552994641,rst_count <=,syn_count >,1375509225989204300559045429796274689340158771149,795584812918386367255521286735341258439959854242
1375509225989204300559045429796274689340158771149-835140271881840015202809914014108690929910415575,532.2461117276711,rst_count <=,IAT >,1375509225989204300559045429796274689340158771149,835140271881840015202809914014108690929910415575
1375509225989204300559045429796274689340158771149-841356973986788424033641854148712928121319667477,248.486874286646,rst_count <=,Variance >,1375509225989204300559045429796274689340158771149,841356973986788424033641854148712928121319667477
1375509225989204300559045429796274689340158771149-841518471221275042570144506781210008737201997031,9777.857492255014,rst_count <=,Min <=,1375509225989204300559045429796274689340158771149,841518471221275042570144506781210008737201997031
1375509225989204300559045429796274689340158771149-843826879422383561066103188424018239931401286651,5504.932464772805,rst_count <=,ack_count <=,1375509225989204300559045429796274689340158771149,843826879422383561066103188424018239931401286651
1375509225989204300559045429796274689340158771149-896530251803066355404557928035950607124936193677,1211.039524413143,rst_count <=,psh_flag_number <=,1375509225989204300559045429796274689340158771149,896530251803066355404557928035950607124936193677
1375509225989204300559045429796274689340158771149-922599836131670820904126277297069322180441856169,7510.162237078102,rst_count <=,Rate <=,1375509225989204300559045429796274689340158771149,922599836131670820904126277297069322180441856169
1375509225989204300559045429796274689340158771149-926368966621798523173828527325665066772113177503,9917.089647228373,rst_count <=,UDP <=,1375509225989204300559045429796274689340158771149,926368966621798523173828527325665066772113177503
1375509225989204300559045429796274689340158771149-940331364486966071141541838460909450599289486914,19.192075656285667,rst_count <=,rst_count >,1375509225989204300559045429796274689340158771149,940331364486966071141541838460909450599289486914
1375509225989204300559045429796274689340158771149-974265510705878984211701297112044370513255377925,2528.3034404043697,rst_count <=,Std <=,1375509225989204300559045429796274689340158771149,974265510705878984211701297112044370513255377925
1379366653555122327876205020011632492492609315477-1043469376771332113858820724324827897913309990452,6314.958618894085,Type <=,LLC >,1379366653555122327876205020011632492492609315477,1043469376771332113858820724324827897913309990452
1379366653555122327876205020011632492492609315477-1043754360836331848364792327262011021650379248223,786.8751019077124,Type <=,DNS >,1379366653555122327876205020011632492492609315477,1043754360836331848364792327262011021650379248223
1379366653555122327876205020011632492492609315477-1077028023530208599426324724984012030801332581683,5913.016599780142,Type <=,Time_To_Live >,1379366653555122327876205020011632492492609315477,1077028023530208599426324724984012030801332581683
1379366653555122327876205020011632492492609315477-1085488307210616684491611463585545838953333018237,691.9248328713517,Type <=,Type >,1379366653555122327876205020011632492492609315477,1085488307210616684491611463585545838953333018237
1379366653555122327876205020011632492492609315477-1091995366823138898995898948102109473193356840202,17894.720667673035,Type <=,DNS <=,1379366653555122327876205020011632492492609315477,1091995366823138898995898948102109473193356840202
1379366653555122327876205020011632492492609315477-109928824856976412487775174607761519739702474552,10352.609652698517,Type <=,Number <=,1379366653555122327876205020011632492492609315477,109928824856976412487775174607761519739702474552
1379366653555122327876205020011632492492609315477-1118614325010621431186771152252517336813918651911,4521.363025515061,Type <=,sum >,1379366653555122327876205020011632492492609315477,1118614325010621431186771152252517336813918651911
1379366653555122327876205020011632492492609315477-1184472685782376059334758133512718430805424685192,147.47594977987936,Type <=,SSH >,1379366653555122327876205020011632492492609315477,1184472685782376059334758133512718430805424685192
1379366653555122327876205020011632492492609315477-1232849963170894971818913290506039176322619533319,3068.7118865155717,Type <=,psh_flag_number >,1379366653555122327876205020011632492492609315477,1232849963170894971818913290506039176322619533319
1379366653555122327876205020011632492492609315477-1233133706649643691022119102239698495899057226060,12446.500949385398,Type <=,Time_To_Live <=,1379366653555122327876205020011632492492609315477,1233133706649643691022119102239698495899057226060
1379366653555122327876205020011632492492609315477-1236189254858718471128603624930063881324958313531,7532.3846404695905,Type <=,HTTPS >,1379366653555122327876205020011632492492609315477,1236189254858718471128603624930063881324958313531
1379366653555122327876205020011632492492609315477-1239329028096551917906154637654656383307088642249,228.2846893852927,Type <=,cwr_flag_number <=,1379366653555122327876205020011632492492609315477,1239329028096551917906154637654656383307088642249
1379366653555122327876205020011632492492609315477-1251276136943778783713685275011300537715092657394,39.394260557639,Type <=,fin_flag_number >,1379366653555122327876205020011632492492609315477,1251276136943778783713685275011300537715092657394
1379366653555122327876205020011632492492609315477-1329847435934461746074927120436757452470095790255,491.9232023479537,Type <=,Min >,1379366653555122327876205020011632492492609315477,1329847435934461746074927120436757452470095790255
1379366653555122327876205020011632492492609315477-1338222599102815322204523610829624561969283441716,9610.179357573781,Type <=,SSH <=,1379366653555122327876205020011632492492609315477,1338222599102815322204523610829624561969283441716
1379366653555122327876205020011632492492609315477-1345309773886921328764805451107636357621530213384,39268.3064516129,Type <=,Class -1,1379366653555122327876205020011632492492609315477,1345309773886921328764805451107636357621530213384
1379366653555122327876205020011632492492609315477-1375509225989204300559045429796274689340158771149,7057.633295287787,Type <=,rst_count <=,1379366653555122327876205020011632492492609315477,1375509225989204300559045429796274689340158771149
1379366653555122327876205020011632492492609315477-1429650867505148313720594668477948880050562903683,1389.095716983216,Type <=,syn_flag_number >,1379366653555122327876205020011632492492609315477,1429650867505148313720594668477948880050562903683
1379366653555122327876205020011632492492609315477-1454952188391427871478129207189215566009723810659,595.9644545899234,Type <=,Std >,1379366653555122327876205020011632492492609315477,1454952188391427871478129207189215566009723810659
1379366653555122327876205020011632492492609315477-1455733501014453866297060548284701359849809242142,1481.8302625142671,Type <=,DHCP <=,1379366653555122327876205020011632492492609315477,1455733501014453866297060548284701359849809242142
1379366653555122327876205020011632492492609315477-153155765823982001952501641876618811106762500815,7472.788195010598,Type <=,ack_flag_number >,1379366653555122327876205020011632492492609315477,153155765823982001952501641876618811106762500815
1379366653555122327876205020011632492492609315477-160227321490815016489601533331665083666172936667,1084.857329202674,Type <=,IGMP <=,1379366653555122327876205020011632492492609315477,160227321490815016489601533331665083666172936667
1379366653555122327876205020011632492492609315477-161772624339136553719839337862344762258727720981,8597.919557339197,Type <=,ack_flag_number <=,1379366653555122327876205020011632492492609315477,161772624339136553719839337862344762258727720981
1379366653555122327876205020011632492492609315477-171982518954274878349485416184092168691833932185,27066.887330833197,Type <=,Class 1,1379366653555122327876205020011632492492609315477,171982518954274878349485416184092168691833932185
1379366653555122327876205020011632492492609315477-207766774224049171901964708681563529125144087827,43.43469753790967,Type <=,HTTP >,1379366653555122327876205020011632492492609315477,207766774224049171901964708681563529125144087827
1379366653555122327876205020011632492492609315477-215123608059624622405742600984392925785664489773,4280.842980596772,Type <=,Variance <=,1379366653555122327876205020011632492492609315477,215123608059624622405742600984392925785664489773
1379366653555122327876205020011632492492609315477-218607780770691257170847497927336330511308420255,3642.291016868028,Type <=,ack_count >,1379366653555122327876205020011632492492609315477,218607780770691257170847497927336330511308420255
1379366653555122327876205020011632492492609315477-335418722972519651500040442315750311827115323662,9687.648219836632,Type <=,Rate >,1379366653555122327876205020011632492492609315477,335418722972519651500040442315750311827115323662
1379366653555122327876205020011632492492609315477-337274849629170698169636561573185333120886675912,154.46525407236368,Type <=,ece_flag_number >,1379366653555122327876205020011632492492609315477,337274849629170698169636561573185333120886675912
1379366653555122327876205020011632492492609315477-338730224709676774412755851787278702947952010784,5412.8821867948645,Type <=,sum <=,1379366653555122327876205020011632492492609315477,338730224709676774412755851787278702947952010784
1379366653555122327876205020011632492492609315477-371266811264664269299964157380215767396824640058,2259.9239308237297,Type <=,ICMP >,1379366653555122327876205020011632492492609315477,371266811264664269299964157380215767396824640058
1379366653555122327876205020011632492492609315477-378316838538499851440768051160724422589084218125,31012.048200375546,Type <=,IAT <=,1379366653555122327876205020011632492492609315477,378316838538499851440768051160724422589084218125
1379366653555122327876205020011632492492609315477-40351198695966294513339726256484683518911283460,12246.564487200392,Type <=,fin_flag_number <=,1379366653555122327876205020011632492492609315477,40351198695966294513339726256484683518911283460
1379366653555122327876205020011632492492609315477-426624906449189252299067265451872698344494536313,8401.306680412154,Type <=,Number >,1379366653555122327876205020011632492492609315477,426624906449189252299067265451872698344494536313
1379366653555122327876205020011632492492609315477-450410814915736770904937984733342042835793211647,27940.550367393742,Type <=,ece_flag_number <=,1379366653555122327876205020011632492492609315477,450410814915736770904937984733342042835793211647
1379366653555122327876205020011632492492609315477-475011065740486827108472353828139148231878458661,9150.318977714427,Type <=,syn_flag_number <=,1379366653555122327876205020011632492492609315477,475011065740486827108472353828139148231878458661
1379366653555122327876205020011632492492609315477-505469541859377927785473031559292540931343582537,18252.625182118943,Type <=,ICMP <=,1379366653555122327876205020011632492492609315477,505469541859377927785473031559292540931343582537
1379366653555122327876205020011632492492609315477-520582048177068818674784514618258893555315007951,13.131420185879668,Type <=,LLC <=,1379366653555122327876205020011632492492609315477,520582048177068818674784514618258893555315007951
1379366653555122327876205020011632492492609315477-579184915384053252333364217236378176158944003116,3.0303277352030005,Type <=,cwr_flag_number >,1379366653555122327876205020011632492492609315477,579184915384053252333364217236378176158944003116
1379366653555122327876205020011632492492609315477-629827923182617752624696690572530002196221478554,5.0505462253383335,Type <=,DHCP >,1379366653555122327876205020011632492492609315477,629827923182617752624696690572530002196221478554
1379366653555122327876205020011632492492609315477-681503808608794911981134712221284126975357543438,37588.788034588135,Type <=,syn_count <=,1379366653555122327876205020011632492492609315477,681503808608794911981134712221284126975357543438
1379366653555122327876205020011632492492609315477-684418957212367241623111035135876005715150589706,1345.8239402912852,Type <=,HTTP <=,1379366653555122327876205020011632492492609315477,684418957212367241623111035135876005715150589706
1379366653555122327876205020011632492492609315477-714914936218336719861297767221934377853836589461,655.5609000489158,Type <=,UDP >,1379366653555122327876205020011632492492609315477,714914936218336719861297767221934377853836589461
1379366653555122327876205020011632492492609315477-786396322989194697344344278946426998739971577495,6886.647867433188,Type <=,HTTPS <=,1379366653555122327876205020011632492492609315477,786396322989194697344344278946426998739971577495
1379366653555122327876205020011632492492609315477-795584812918386367255521286735341258439959854242,7658.240993988103,Type <=,syn_count >,1379366653555122327876205020011632492492609315477,795584812918386367255521286735341258439959854242
1379366653555122327876205020011632492492609315477-835140271881840015202809914014108690929910415575,4313.932204415037,Type <=,IAT >,1379366653555122327876205020011632492492609315477,835140271881840015202809914014108690929910415575
1379366653555122327876205020011632492492609315477-841356973986788424033641854148712928121319667477,741.4201858796674,Type <=,Variance >,1379366653555122327876205020011632492492609315477,841356973986788424033641854148712928121319667477
1379366653555122327876205020011632492492609315477-841518471221275042570144506781210008737201997031,5183.098625626568,Type <=,Min <=,1379366653555122327876205020011632492492609315477,841518471221275042570144506781210008737201997031
1379366653555122327876205020011632492492609315477-843826879422383561066103188424018239931401286651,5743.187909931991,Type <=,ack_count <=,1379366653555122327876205020011632492492609315477,843826879422383561066103188424018239931401286651
1379366653555122327876205020011632492492609315477-896530251803066355404557928035950607124936193677,22474.29531145627,Type <=,psh_flag_number <=,1379366653555122327876205020011632492492609315477,896530251803066355404557928035950607124936193677
1379366653555122327876205020011632492492609315477-922599836131670820904126277297069322180441856169,19235.249680470013,Type <=,Rate <=,1379366653555122327876205020011632492492609315477,922599836131670820904126277297069322180441856169
1379366653555122327876205020011632492492609315477-926368966621798523173828527325665066772113177503,4216.228573081637,Type <=,UDP <=,1379366653555122327876205020011632492492609315477,926368966621798523173828527325665066772113177503
1379366653555122327876205020011632492492609315477-974265510705878984211701297112044370513255377925,11605.650171204958,Type <=,Std <=,1379366653555122327876205020011632492492609315477,974265510705878984211701297112044370513255377925
1429650867505148313720594668477948880050562903683-1043469376771332113858820724324827897913309990452,2122.7934547634954,syn_flag_number >,LLC >,1429650867505148313720594668477948880050562903683,1043469376771332113858820724324827897913309990452
1429650867505148313720594668477948880050562903683-1043754360836331848364792327262011021650379248223,1496.1672969603887,syn_flag_number >,DNS >,1429650867505148313720594668477948880050562903683,1043754360836331848364792327262011021650379248223
1429650867505148313720594668477948880050562903683-1077028023530208599426324724984012030801332581683,179.71798519905536,syn_flag_number >,Time_To_Live >,1429650867505148313720594668477948880050562903683,1077028023530208599426324724984012030801332581683
1429650867505148313720594668477948880050562903683-1085488307210616684491611463585545838953333018237,377.53647638633936,syn_flag_number >,Type >,1429650867505148313720594668477948880050562903683,1085488307210616684491611463585545838953333018237
1429650867505148313720594668477948880050562903683-1091995366823138898995898948102109473193356840202,2497.9512867985463,syn_flag_number >,DNS <=,1429650867505148313720594668477948880050562903683,1091995366823138898995898948102109473193356840202
1429650867505148313720594668477948880050562903683-109928824856976412487775174607761519739702474552,162.62758845589434,syn_flag_number >,Number <=,1429650867505148313720594668477948880050562903683,109928824856976412487775174607761519739702474552
1429650867505148313720594668477948880050562903683-1118614325010621431186771152252517336813918651911,3955.604095769581,syn_flag_number >,sum >,1429650867505148313720594668477948880050562903683,1118614325010621431186771152252517336813918651911
1429650867505148313720594668477948880050562903683-1232849963170894971818913290506039176322619533319,132.32431110386435,syn_flag_number >,psh_flag_number >,1429650867505148313720594668477948880050562903683,1232849963170894971818913290506039176322619533319
1429650867505148313720594668477948880050562903683-1233133706649643691022119102239698495899057226060,251.51720202184902,syn_flag_number >,Time_To_Live <=,1429650867505148313720594668477948880050562903683,1233133706649643691022119102239698495899057226060
1429650867505148313720594668477948880050562903683-1236189254858718471128603624930063881324958313531,55.55600847872167,syn_flag_number >,HTTPS >,1429650867505148313720594668477948880050562903683,1236189254858718471128603624930063881324958313531
1429650867505148313720594668477948880050562903683-1239329028096551917906154637654656383307088642249,791.9256481330507,syn_flag_number >,cwr_flag_number <=,1429650867505148313720594668477948880050562903683,1239329028096551917906154637654656383307088642249
1429650867505148313720594668477948880050562903683-1251276136943778783713685275011300537715092657394,106.99011955418335,syn_flag_number >,fin_flag_number >,1429650867505148313720594668477948880050562903683,1251276136943778783713685275011300537715092657394
1429650867505148313720594668477948880050562903683-1329847435934461746074927120436757452470095790255,341.33546440988204,syn_flag_number >,Min >,1429650867505148313720594668477948880050562903683,1329847435934461746074927120436757452470095790255
1429650867505148313720594668477948880050562903683-1338222599102815322204523610829624561969283441716,139.39507581933802,syn_flag_number >,SSH <=,1429650867505148313720594668477948880050562903683,1338222599102815322204523610829624561969283441716
1429650867505148313720594668477948880050562903683-1345309773886921328764805451107636357621530213384,13189.354838709678,syn_flag_number >,Class -1,1429650867505148313720594668477948880050562903683,1345309773886921328764805451107636357621530213384
1429650867505148313720594668477948880050562903683-1375509225989204300559045429796274689340158771149,22.22240339148867,syn_flag_number >,rst_count <=,1429650867505148313720594668477948880050562903683,1375509225989204300559045429796274689340158771149
1429650867505148313720594668477948880050562903683-1379366653555122327876205020011632492492609315477,635.1143338785944,syn_flag_number >,Type <=,1429650867505148313720594668477948880050562903683,1379366653555122327876205020011632492492609315477
1429650867505148313720594668477948880050562903683-1429650867505148313720594668477948880050562903683,2350.6708420338414,syn_flag_number >,syn_flag_number >,1429650867505148313720594668477948880050562903683,1429650867505148313720594668477948880050562903683
1429650867505148313720594668477948880050562903683-1454952188391427871478129207189215566009723810659,284.7693466860927,syn_flag_number >,Std >,1429650867505148313720594668477948880050562903683,1454952188391427871478129207189215566009723810659
1429650867505148313720594668477948880050562903683-1455733501014453866297060548284701359849809242142,858.0226353465914,syn_flag_number >,DHCP <=,1429650867505148313720594668477948880050562903683,1455733501014453866297060548284701359849809242142
1429650867505148313720594668477948880050562903683-153155765823982001952501641876618811106762500815,228.20322896230337,syn_flag_number >,ack_flag_number >,1429650867505148313720594668477948880050562903683,153155765823982001952501641876618811106762500815
1429650867505148313720594668477948880050562903683-160227321490815016489601533331665083666172936667,3.0303277352030005,syn_flag_number >,IGMP <=,1429650867505148313720594668477948880050562903683,160227321490815016489601533331665083666172936667
1429650867505148313720594668477948880050562903683-161772624339136553719839337862344762258727720981,1419.3989943352462,syn_flag_number >,ack_flag_number <=,1429650867505148313720594668477948880050562903683,161772624339136553719839337862344762258727720981
1429650867505148313720594668477948880050562903683-171982518954274878349485416184092168691833932185,4026.2954508397197,syn_flag_number >,Class 1,1429650867505148313720594668477948880050562903683,171982518954274878349485416184092168691833932185
1429650867505148313720594668477948880050562903683-207766774224049171901964708681563529125144087827,580.6498950679297,syn_flag_number >,HTTP >,1429650867505148313720594668477948880050562903683,207766774224049171901964708681563529125144087827
1429650867505148313720594668477948880050562903683-215123608059624622405742600984392925785664489773,836.2889944930388,syn_flag_number >,Variance <=,1429650867505148313720594668477948880050562903683,215123608059624622405742600984392925785664489773
1429650867505148313720594668477948880050562903683-218607780770691257170847497927336330511308420255,1358.6295187852074,syn_flag_number >,ack_count >,1429650867505148313720594668477948880050562903683,218607780770691257170847497927336330511308420255
1429650867505148313720594668477948880050562903683-338730224709676774412755851787278702947952010784,490.8316326798967,syn_flag_number >,sum <=,1429650867505148313720594668477948880050562903683,338730224709676774412755851787278702947952010784
1429650867505148313720594668477948880050562903683-371266811264664269299964157380215767396824640058,139.3136153963487,syn_flag_number >,ICMP >,1429650867505148313720594668477948880050562903683,371266811264664269299964157380215767396824640058
1429650867505148313720594668477948880050562903683-378316838538499851440768051160724422589084218125,1612.134355127996,syn_flag_number >,IAT <=,1429650867505148313720594668477948880050562903683,378316838538499851440768051160724422589084218125
1429650867505148313720594668477948880050562903683-40351198695966294513339726256484683518911283460,1603.7276394754974,syn_flag_number >,fin_flag_number <=,1429650867505148313720594668477948880050562903683,40351198695966294513339726256484683518911283460
1429650867505148313720594668477948880050562903683-450410814915736770904937984733342042835793211647,1170.9121200486002,syn_flag_number >,ece_flag_number <=,1429650867505148313720594668477948880050562903683,450410814915736770904937984733342042835793211647
1429650867505148313720594668477948880050562903683-475011065740486827108472353828139148231878458661,3479.5330917353504,syn_flag_number >,syn_flag_number <=,1429650867505148313720594668477948880050562903683,475011065740486827108472353828139148231878458661
1429650867505148313720594668477948880050562903683-505469541859377927785473031559292540931343582537,956.0846925411445,syn_flag_number >,ICMP <=,1429650867505148313720594668477948880050562903683,505469541859377927785473031559292540931343582537
1429650867505148313720594668477948880050562903683-520582048177068818674784514618258893555315007951,167.59667425824335,syn_flag_number >,LLC <=,1429650867505148313720594668477948880050562903683,520582048177068818674784514618258893555315007951
1429650867505148313720594668477948880050562903683-579184915384053252333364217236378176158944003116,9.090983205609001,syn_flag_number >,cwr_flag_number >,1429650867505148313720594668477948880050562903683,579184915384053252333364217236378176158944003116
1429650867505148313720594668477948880050562903683-681503808608794911981134712221284126975357543438,650.2659725546094,syn_flag_number >,syn_count <=,1429650867505148313720594668477948880050562903683,681503808608794911981134712221284126975357543438
1429650867505148313720594668477948880050562903683-684418957212367241623111035135876005715150589706,153.455144827296,syn_flag_number >,HTTP <=,1429650867505148313720594668477948880050562903683,684418957212367241623111035135876005715150589706
1429650867505148313720594668477948880050562903683-714914936218336719861297767221934377853836589461,960.0436690984258,syn_flag_number >,UDP >,1429650867505148313720594668477948880050562903683,714914936218336719861297767221934377853836589461
1429650867505148313720594668477948880050562903683-786396322989194697344344278946426998739971577495,1074.9517417671718,syn_flag_number >,HTTPS <=,1429650867505148313720594668477948880050562903683,786396322989194697344344278946426998739971577495
1429650867505148313720594668477948880050562903683-795584812918386367255521286735341258439959854242,52.52568074351867,syn_flag_number >,syn_count >,1429650867505148313720594668477948880050562903683,795584812918386367255521286735341258439959854242
1429650867505148313720594668477948880050562903683-835140271881840015202809914014108690929910415575,454.3862394344714,syn_flag_number >,IAT >,1429650867505148313720594668477948880050562903683,835140271881840015202809914014108690929910415575
1429650867505148313720594668477948880050562903683-841356973986788424033641854148712928121319667477,17.171857166150335,syn_flag_number >,Variance >,1429650867505148313720594668477948880050562903683,841356973986788424033641854148712928121319667477
1429650867505148313720594668477948880050562903683-841518471221275042570144506781210008737201997031,490.7501722569074,syn_flag_number >,Min <=,1429650867505148313720594668477948880050562903683,841518471221275042570144506781210008737201997031
1429650867505148313720594668477948880050562903683-843826879422383561066103188424018239931401286651,1998.712938466151,syn_flag_number >,ack_count <=,1429650867505148313720594668477948880050562903683,843826879422383561066103188424018239931401286651
1429650867505148313720594668477948880050562903683-896530251803066355404557928035950607124936193677,881.4995292521157,syn_flag_number >,psh_flag_number <=,1429650867505148313720594668477948880050562903683,896530251803066355404557928035950607124936193677
1429650867505148313720594668477948880050562903683-922599836131670820904126277297069322180441856169,150.50627751508236,syn_flag_number >,Rate <=,1429650867505148313720594668477948880050562903683,922599836131670820904126277297069322180441856169
1429650867505148313720594668477948880050562903683-926368966621798523173828527325665066772113177503,1986.9174692172962,syn_flag_number >,UDP <=,1429650867505148313720594668477948880050562903683,926368966621798523173828527325665066772113177503
1429650867505148313720594668477948880050562903683-974265510705878984211701297112044370513255377925,821.821623370134,syn_flag_number >,Std <=,1429650867505148313720594668477948880050562903683,974265510705878984211701297112044370513255377925
1454952188391427871478129207189215566009723810659-1043469376771332113858820724324827897913309990452,612.126202511006,Std >,LLC >,1454952188391427871478129207189215566009723810659,1043469376771332113858820724324827897913309990452
1454952188391427871478129207189215566009723810659-1043754360836331848364792327262011021650379248223,329.21415346907,Std >,DNS >,1454952188391427871478129207189215566009723810659,1043754360836331848364792327262011021650379248223
1454952188391427871478129207189215566009723810659-1077028023530208599426324724984012030801332581683,1277.7067345876092,Std >,Time_To_Live >,1454952188391427871478129207189215566009723810659,1077028023530208599426324724984012030801332581683
1454952188391427871478129207189215566009723810659-1085488307210616684491611463585545838953333018237,1204.978868942737,Std >,Type >,1454952188391427871478129207189215566009723810659,1085488307210616684491611463585545838953333018237
1454952188391427871478129207189215566009723810659-1091995366823138898995898948102109473193356840202,5688.85380779811,Std >,DNS <=,1454952188391427871478129207189215566009723810659,1091995366823138898995898948102109473193356840202
1454952188391427871478129207189215566009723810659-109928824856976412487775174607761519739702474552,133.334420348932,Std >,Number <=,1454952188391427871478129207189215566009723810659,109928824856976412487775174607761519739702474552
1454952188391427871478129207189215566009723810659-1118614325010621431186771152252517336813918651911,598.9133219021371,Std >,sum >,1454952188391427871478129207189215566009723810659,1118614325010621431186771152252517336813918651911
1454952188391427871478129207189215566009723810659-1184472685782376059334758133512718430805424685192,22.22240339148867,Std >,SSH >,1454952188391427871478129207189215566009723810659,1184472685782376059334758133512718430805424685192
1454952188391427871478129207189215566009723810659-1232849963170894971818913290506039176322619533319,5075.798956465025,Std >,psh_flag_number >,1454952188391427871478129207189215566009723810659,1232849963170894971818913290506039176322619533319
1454952188391427871478129207189215566009723810659-1233133706649643691022119102239698495899057226060,3426.078762169753,Std >,Time_To_Live <=,1454952188391427871478129207189215566009723810659,1233133706649643691022119102239698495899057226060
1454952188391427871478129207189215566009723810659-1236189254858718471128603624930063881324958313531,1952.5411707157998,Std >,HTTPS >,1454952188391427871478129207189215566009723810659,1236189254858718471128603624930063881324958313531
1454952188391427871478129207189215566009723810659-1239329028096551917906154637654656383307088642249,4.040436980270667,Std >,cwr_flag_number <=,1454952188391427871478129207189215566009723810659,1239329028096551917906154637654656383307088642249
1454952188391427871478129207189215566009723810659-1251276136943778783713685275011300537715092657394,88.88961356595468,Std >,fin_flag_number >,1454952188391427871478129207189215566009723810659,1251276136943778783713685275011300537715092657394
1454952188391427871478129207189215566009723810659-1329847435934461746074927120436757452470095790255,3732.3536605250288,Std >,Min >,1454952188391427871478129207189215566009723810659,1329847435934461746074927120436757452470095790255
1454952188391427871478129207189215566009723810659-1338222599102815322204523610829624561969283441716,377.7808576553074,Std >,SSH <=,1454952188391427871478129207189215566009723810659,1338222599102815322204523610829624561969283441716
1454952188391427871478129207189215566009723810659-1345309773886921328764805451107636357621530213384,6994.354838709678,Std >,Class -1,1454952188391427871478129207189215566009723810659,1345309773886921328764805451107636357621530213384
1454952188391427871478129207189215566009723810659-1375509225989204300559045429796274689340158771149,249.49698353171368,Std >,rst_count <=,1454952188391427871478129207189215566009723810659,1375509225989204300559045429796274689340158771149
1454952188391427871478129207189215566009723810659-1379366653555122327876205020011632492492609315477,408.08413500733735,Std >,Type <=,1454952188391427871478129207189215566009723810659,1379366653555122327876205020011632492492609315477
1454952188391427871478129207189215566009723810659-1429650867505148313720594668477948880050562903683,90.90983205609001,Std >,syn_flag_number >,1454952188391427871478129207189215566009723810659,1429650867505148313720594668477948880050562903683
1454952188391427871478129207189215566009723810659-1454952188391427871478129207189215566009723810659,433.33686613402904,Std >,Std >,1454952188391427871478129207189215566009723810659,1454952188391427871478129207189215566009723810659
1454952188391427871478129207189215566009723810659-1455733501014453866297060548284701359849809242142,206.062285993804,Std >,DHCP <=,1454952188391427871478129207189215566009723810659,1455733501014453866297060548284701359849809242142
1454952188391427871478129207189215566009723810659-153155765823982001952501641876618811106762500815,1454.475852474451,Std >,ack_flag_number >,1454952188391427871478129207189215566009723810659,153155765823982001952501641876618811106762500815
1454952188391427871478129207189215566009723810659-160227321490815016489601533331665083666172936667,140.40518506440569,Std >,IGMP <=,1454952188391427871478129207189215566009723810659,160227321490815016489601533331665083666172936667
1454952188391427871478129207189215566009723810659-161772624339136553719839337862344762258727720981,839.2378618052525,Std >,ack_flag_number <=,1454952188391427871478129207189215566009723810659,161772624339136553719839337862344762258727720981
1454952188391427871478129207189215566009723810659-171982518954274878349485416184092168691833932185,14545.573128974402,Std >,Class 1,1454952188391427871478129207189215566009723810659,171982518954274878349485416184092168691833932185
1454952188391427871478129207189215566009723810659-207766774224049171901964708681563529125144087827,291.9215718245557,Std >,HTTP >,1454952188391427871478129207189215566009723810659,207766774224049171901964708681563529125144087827
1454952188391427871478129207189215566009723810659-215123608059624622405742600984392925785664489773,3472.788168711834,Std >,Variance <=,1454952188391427871478129207189215566009723810659,215123608059624622405742600984392925785664489773
1454952188391427871478129207189215566009723810659-218607780770691257170847497927336330511308420255,817.1783792597424,Std >,ack_count >,1454952188391427871478129207189215566009723810659,218607780770691257170847497927336330511308420255
1454952188391427871478129207189215566009723810659-335418722972519651500040442315750311827115323662,243.43632806130768,Std >,Rate >,1454952188391427871478129207189215566009723810659,335418722972519651500040442315750311827115323662
1454952188391427871478129207189215566009723810659-338730224709676774412755851787278702947952010784,4617.8121663344255,Std >,sum <=,1454952188391427871478129207189215566009723810659,338730224709676774412755851787278702947952010784
1454952188391427871478129207189215566009723810659-371266811264664269299964157380215767396824640058,85.85928583075167,Std >,ICMP >,1454952188391427871478129207189215566009723810659,371266811264664269299964157380215767396824640058
1454952188391427871478129207189215566009723810659-378316838538499851440768051160724422589084218125,1971.7332463720854,Std >,IAT <=,1454952188391427871478129207189215566009723810659,378316838538499851440768051160724422589084218125
1454952188391427871478129207189215566009723810659-40351198695966294513339726256484683518911283460,268.68905918799936,Std >,fin_flag_number <=,1454952188391427871478129207189215566009723810659,40351198695966294513339726256484683518911283460
1454952188391427871478129207189215566009723810659-426624906449189252299067265451872698344494536313,199.83870967741936,Std >,Number >,1454952188391427871478129207189215566009723810659,426624906449189252299067265451872698344494536313
1454952188391427871478129207189215566009723810659-450410814915736770904937984733342042835793211647,294.78897871378,Std >,ece_flag_number <=,1454952188391427871478129207189215566009723810659,450410814915736770904937984733342042835793211647
1454952188391427871478129207189215566009723810659-475011065740486827108472353828139148231878458661,791.9256481330507,Std >,syn_flag_number <=,1454952188391427871478129207189215566009723810659,475011065740486827108472353828139148231878458661
1454952188391427871478129207189215566009723810659-505469541859377927785473031559292540931343582537,4228.317299853253,Std >,ICMP <=,1454952188391427871478129207189215566009723810659,505469541859377927785473031559292540931343582537
1454952188391427871478129207189215566009723810659-520582048177068818674784514618258893555315007951,111.11201695744334,Std >,LLC <=,1454952188391427871478129207189215566009723810659,520582048177068818674784514618258893555315007951
1454952188391427871478129207189215566009723810659-681503808608794911981134712221284126975357543438,1257.586010109245,Std >,syn_count <=,1454952188391427871478129207189215566009723810659,681503808608794911981134712221284126975357543438
1454952188391427871478129207189215566009723810659-684418957212367241623111035135876005715150589706,2590.9302135985654,Std >,HTTP <=,1454952188391427871478129207189215566009723810659,684418957212367241623111035135876005715150589706
1454952188391427871478129207189215566009723810659-714914936218336719861297767221934377853836589461,859.4400467066057,Std >,UDP >,1454952188391427871478129207189215566009723810659,714914936218336719861297767221934377853836589461
1454952188391427871478129207189215566009723810659-786396322989194697344344278946426998739971577495,1160.5340621597597,Std >,HTTPS <=,1454952188391427871478129207189215566009723810659,786396322989194697344344278946426998739971577495
1454952188391427871478129207189215566009723810659-795584812918386367255521286735341258439959854242,126.26365563345834,Std >,syn_count >,1454952188391427871478129207189215566009723810659,795584812918386367255521286735341258439959854242
1454952188391427871478129207189215566009723810659-835140271881840015202809914014108690929910415575,1308.0914723626283,Std >,IAT >,1454952188391427871478129207189215566009723810659,835140271881840015202809914014108690929910415575
1454952188391427871478129207189215566009723810659-841356973986788424033641854148712928121319667477,1512.8178074194075,Std >,Variance >,1454952188391427871478129207189215566009723810659,841356973986788424033641854148712928121319667477
1454952188391427871478129207189215566009723810659-841518471221275042570144506781210008737201997031,4886.696730537599,Std >,Min <=,1454952188391427871478129207189215566009723810659,841518471221275042570144506781210008737201997031
1454952188391427871478129207189215566009723810659-843826879422383561066103188424018239931401286651,629.2980596771564,Std >,ack_count <=,1454952188391427871478129207189215566009723810659,843826879422383561066103188424018239931401286651
1454952188391427871478129207189215566009723810659-896530251803066355404557928035950607124936193677,3403.7423141860795,Std >,psh_flag_number <=,1454952188391427871478129207189215566009723810659,896530251803066355404557928035950607124936193677
1454952188391427871478129207189215566009723810659-922599836131670820904126277297069322180441856169,1918.1974563834992,Std >,Rate <=,1454952188391427871478129207189215566009723810659,922599836131670820904126277297069322180441856169
1454952188391427871478129207189215566009723810659-926368966621798523173828527325665066772113177503,1319.2026740583728,Std >,UDP <=,1454952188391427871478129207189215566009723810659,926368966621798523173828527325665066772113177503
1454952188391427871478129207189215566009723810659-940331364486966071141541838460909450599289486914,9.090983205609001,Std >,rst_count >,1454952188391427871478129207189215566009723810659,940331364486966071141541838460909450599289486914
1454952188391427871478129207189215566009723810659-974265510705878984211701297112044370513255377925,339.396706342736,Std >,Std <=,1454952188391427871478129207189215566009723810659,974265510705878984211701297112044370513255377925
1455733501014453866297060548284701359849809242142-1043469376771332113858820724324827897913309990452,6000.04891570194,DHCP <=,LLC >,1455733501014453866297060548284701359849809242142,1043469376771332113858820724324827897913309990452
1455733501014453866297060548284701359849809242142-1043754360836331848364792327262011021650379248223,413.05322080968637,DHCP <=,DNS >,1455733501014453866297060548284701359849809242142,1043754360836331848364792327262011021650379248223
1455733501014453866297060548284701359849809242142-1077028023530208599426324724984012030801332581683,9281.763516250006,DHCP <=,Time_To_Live >,1455733501014453866297060548284701359849809242142,1077028023530208599426324724984012030801332581683
1455733501014453866297060548284701359849809242142-1085488307210616684491611463585545838953333018237,363.5578678013707,DHCP <=,Type >,1455733501014453866297060548284701359849809242142,1085488307210616684491611463585545838953333018237
1455733501014453866297060548284701359849809242142-1091995366823138898995898948102109473193356840202,26804.177466692614,DHCP <=,DNS <=,1455733501014453866297060548284701359849809242142,1091995366823138898995898948102109473193356840202
1455733501014453866297060548284701359849809242142-109928824856976412487775174607761519739702474552,13575.868253709441,DHCP <=,Number <=,1455733501014453866297060548284701359849809242142,109928824856976412487775174607761519739702474552
1455733501014453866297060548284701359849809242142-1118614325010621431186771152252517336813918651911,13917.366638965303,DHCP <=,sum >,1455733501014453866297060548284701359849809242142,1118614325010621431186771152252517336813918651911
1455733501014453866297060548284701359849809242142-1184472685782376059334758133512718430805424685192,9.090983205609001,DHCP <=,SSH >,1455733501014453866297060548284701359849809242142,1184472685782376059334758133512718430805424685192
1455733501014453866297060548284701359849809242142-1232849963170894971818913290506039176322619533319,7140.462253383336,DHCP <=,psh_flag_number >,1455733501014453866297060548284701359849809242142,1232849963170894971818913290506039176322619533319
1455733501014453866297060548284701359849809242142-1233133706649643691022119102239698495899057226060,8972.800423936083,DHCP <=,Time_To_Live <=,1455733501014453866297060548284701359849809242142,1233133706649643691022119102239698495899057226060
1455733501014453866297060548284701359849809242142-1236189254858718471128603624930063881324958313531,7897.034077939019,DHCP <=,HTTPS >,1455733501014453866297060548284701359849809242142,1236189254858718471128603624930063881324958313531
1455733501014453866297060548284701359849809242142-1239329028096551917906154637654656383307088642249,1311.1218000978315,DHCP <=,cwr_flag_number <=,1455733501014453866297060548284701359849809242142,1239329028096551917906154637654656383307088642249
1455733501014453866297060548284701359849809242142-1251276136943778783713685275011300537715092657394,1104.978053681038,DHCP <=,fin_flag_number >,1455733501014453866297060548284701359849809242142,1251276136943778783713685275011300537715092657394
1455733501014453866297060548284701359849809242142-1329847435934461746074927120436757452470095790255,293.94179031469105,DHCP <=,Min >,1455733501014453866297060548284701359849809242142,1329847435934461746074927120436757452470095790255
1455733501014453866297060548284701359849809242142-1338222599102815322204523610829624561969283441716,7841.478069460297,DHCP <=,SSH <=,1455733501014453866297060548284701359849809242142,1338222599102815322204523610829624561969283441716
1455733501014453866297060548284701359849809242142-1345309773886921328764805451107636357621530213384,3297.3387096774195,DHCP <=,Class -1,1455733501014453866297060548284701359849809242142,1345309773886921328764805451107636357621530213384
1455733501014453866297060548284701359849809242142-1375509225989204300559045429796274689340158771149,21137.13876017105,DHCP <=,rst_count <=,1455733501014453866297060548284701359849809242142,1375509225989204300559045429796274689340158771149
1455733501014453866297060548284701359849809242142-1379366653555122327876205020011632492492609315477,2489.9192890917984,DHCP <=,Type <=,1455733501014453866297060548284701359849809242142,1379366653555122327876205020011632492492609315477
1455733501014453866297060548284701359849809242142-1429650867505148313720594668477948880050562903683,1990.5506040826203,DHCP <=,syn_flag_number >,1455733501014453866297060548284701359849809242142,1429650867505148313720594668477948880050562903683
1455733501014453866297060548284701359849809242142-1454952188391427871478129207189215566009723810659,291.9215718245557,DHCP <=,Std >,1455733501014453866297060548284701359849809242142,1454952188391427871478129207189215566009723810659
1455733501014453866297060548284701359849809242142-1455733501014453866297060548284701359849809242142,4305.085602478396,DHCP <=,DHCP <=,1455733501014453866297060548284701359849809242142,1455733501014453866297060548284701359849809242142
1455733501014453866297060548284701359849809242142-153155765823982001952501641876618811106762500815,25763.60202342694,DHCP <=,ack_flag_number >,1455733501014453866297060548284701359849809242142,153155765823982001952501641876618811106762500815
1455733501014453866297060548284701359849809242142-160227321490815016489601533331665083666172936667,59.596445458992335,DHCP <=,IGMP <=,1455733501014453866297060548284701359849809242142,160227321490815016489601533331665083666172936667
1455733501014453866297060548284701359849809242142-161772624339136553719839337862344762258727720981,11410.617626483909,DHCP <=,ack_flag_number <=,1455733501014453866297060548284701359849809242142,161772624339136553719839337862344762258727720981
1455733501014453866297060548284701359849809242142-171982518954274878349485416184092168691833932185,48686.25550301647,DHCP <=,Class 1,1455733501014453866297060548284701359849809242142,171982518954274878349485416184092168691833932185
1455733501014453866297060548284701359849809242142-207766774224049171901964708681563529125144087827,434.10259411012873,DHCP <=,HTTP >,1455733501014453866297060548284701359849809242142,207766774224049171901964708681563529125144087827
1455733501014453866297060548284701359849809242142-215123608059624622405742600984392925785664489773,12589.626912577647,DHCP <=,Variance <=,1455733501014453866297060548284701359849809242142,215123608059624622405742600984392925785664489773
1455733501014453866297060548284701359849809242142-218607780770691257170847497927336330511308420255,2077.7947171041906,DHCP <=,ack_count >,1455733501014453866297060548284701359849809242142,218607780770691257170847497927336330511308420255
1455733501014453866297060548284701359849809242142-335418722972519651500040442315750311827115323662,985.7037023400641,DHCP <=,Rate >,1455733501014453866297060548284701359849809242142,335418722972519651500040442315750311827115323662
1455733501014453866297060548284701359849809242142-338730224709676774412755851787278702947952010784,17580.18568242664,DHCP <=,sum <=,1455733501014453866297060548284701359849809242142,338730224709676774412755851787278702947952010784
1455733501014453866297060548284701359849809242142-371266811264664269299964157380215767396824640058,181.81966411218002,DHCP <=,ICMP >,1455733501014453866297060548284701359849809242142,371266811264664269299964157380215767396824640058
1455733501014453866297060548284701359849809242142-378316838538499851440768051160724422589084218125,812.127833034404,DHCP <=,IAT <=,1455733501014453866297060548284701359849809242142,378316838538499851440768051160724422589084218125
1455733501014453866297060548284701359849809242142-40351198695966294513339726256484683518911283460,18891.910289654592,DHCP <=,fin_flag_number <=,1455733501014453866297060548284701359849809242142,40351198695966294513339726256484683518911283460
1455733501014453866297060548284701359849809242142-426624906449189252299067265451872698344494536313,1.0101092450676668,DHCP <=,Number >,1455733501014453866297060548284701359849809242142,426624906449189252299067265451872698344494536313
1455733501014453866297060548284701359849809242142-475011065740486827108472353828139148231878458661,25260.48615896025,DHCP <=,syn_flag_number <=,1455733501014453866297060548284701359849809242142,475011065740486827108472353828139148231878458661
1455733501014453866297060548284701359849809242142-505469541859377927785473031559292540931343582537,3277.804500244579,DHCP <=,ICMP <=,1455733501014453866297060548284701359849809242142,505469541859377927785473031559292540931343582537
1455733501014453866297060548284701359849809242142-520582048177068818674784514618258893555315007951,291.8401114015664,DHCP <=,LLC <=,1455733501014453866297060548284701359849809242142,520582048177068818674784514618258893555315007951
1455733501014453866297060548284701359849809242142-579184915384053252333364217236378176158944003116,2.0202184901353335,DHCP <=,cwr_flag_number >,1455733501014453866297060548284701359849809242142,579184915384053252333364217236378176158944003116
1455733501014453866297060548284701359849809242142-629827923182617752624696690572530002196221478554,10.101092450676667,DHCP <=,DHCP >,1455733501014453866297060548284701359849809242142,629827923182617752624696690572530002196221478554
1455733501014453866297060548284701359849809242142-681503808608794911981134712221284126975357543438,15633.460785912279,DHCP <=,syn_count <=,1455733501014453866297060548284701359849809242142,681503808608794911981134712221284126975357543438
1455733501014453866297060548284701359849809242142-684418957212367241623111035135876005715150589706,15529.289196993526,DHCP <=,HTTP <=,1455733501014453866297060548284701359849809242142,684418957212367241623111035135876005715150589706
1455733501014453866297060548284701359849809242142-714914936218336719861297767221934377853836589461,4432.033525664964,DHCP <=,UDP >,1455733501014453866297060548284701359849809242142,714914936218336719861297767221934377853836589461
1455733501014453866297060548284701359849809242142-786396322989194697344344278946426998739971577495,2394.7572229556654,DHCP <=,HTTPS <=,1455733501014453866297060548284701359849809242142,786396322989194697344344278946426998739971577495
1455733501014453866297060548284701359849809242142-795584812918386367255521286735341258439959854242,4552.089897066636,DHCP <=,syn_count >,1455733501014453866297060548284701359849809242142,795584812918386367255521286735341258439959854242
1455733501014453866297060548284701359849809242142-835140271881840015202809914014108690929910415575,1593.9523887167782,DHCP <=,IAT >,1455733501014453866297060548284701359849809242142,835140271881840015202809914014108690929910415575
1455733501014453866297060548284701359849809242142-841356973986788424033641854148712928121319667477,667.6007505667384,DHCP <=,Variance >,1455733501014453866297060548284701359849809242142,841356973986788424033641854148712928121319667477
1455733501014453866297060548284701359849809242142-841518471221275042570144506781210008737201997031,1033.341757704223,DHCP <=,Min <=,1455733501014453866297060548284701359849809242142,841518471221275042570144506781210008737201997031
1455733501014453866297060548284701359849809242142-843826879422383561066103188424018239931401286651,2997.515476822899,DHCP <=,ack_count <=,1455733501014453866297060548284701359849809242142,843826879422383561066103188424018239931401286651
1455733501014453866297060548284701359849809242142-896530251803066355404557928035950607124936193677,17853.599446148022,DHCP <=,psh_flag_number <=,1455733501014453866297060548284701359849809242142,896530251803066355404557928035950607124936193677
1455733501014453866297060548284701359849809242142-922599836131670820904126277297069322180441856169,7978.445624674553,DHCP <=,Rate <=,1455733501014453866297060548284701359849809242142,922599836131670820904126277297069322180441856169
1455733501014453866297060548284701359849809242142-926368966621798523173828527325665066772113177503,9413.077718108803,DHCP <=,UDP <=,1455733501014453866297060548284701359849809242142,926368966621798523173828527325665066772113177503
1455733501014453866297060548284701359849809242142-940331364486966071141541838460909450599289486914,526.9511842333648,DHCP <=,rst_count >,1455733501014453866297060548284701359849809242142,940331364486966071141541838460909450599289486914
1455733501014453866297060548284701359849809242142-974265510705878984211701297112044370513255377925,10402.381971144996,DHCP <=,Std <=,1455733501014453866297060548284701359849809242142,974265510705878984211701297112044370513255377925
153155765823982001952501641876618811106762500815-1043469376771332113858820724324827897913309990452,3953.5675851948477,ack_flag_number >,LLC >,153155765823982001952501641876618811106762500815,1043469376771332113858820724324827897913309990452
153155765823982001952501641876618811106762500815-1043754360836331848364792327262011021650379248223,748.490950595141,ack_flag_number >,DNS >,153155765823982001952501641876618811106762500815,1043754360836331848364792327262011021650379248223
153155765823982001952501641876618811106762500815-1077028023530208599426324724984012030801332581683,7130.27970050967,ack_flag_number >,Time_To_Live >,153155765823982001952501641876618811106762500815,1077028023530208599426324724984012030801332581683
153155765823982001952501641876618811106762500815-1085488307210616684491611463585545838953333018237,790.9155388879831,ack_flag_number >,Type >,153155765823982001952501641876618811106762500815,1085488307210616684491611463585545838953333018237
153155765823982001952501641876618811106762500815-1091995366823138898995898948102109473193356840202,20271.719518417027,ack_flag_number >,DNS <=,153155765823982001952501641876618811106762500815,1091995366823138898995898948102109473193356840202
153155765823982001952501641876618811106762500815-109928824856976412487775174607761519739702474552,2353.5545410076634,ack_flag_number >,Number <=,153155765823982001952501641876618811106762500815,109928824856976412487775174607761519739702474552
153155765823982001952501641876618811106762500815-1118614325010621431186771152252517336813918651911,6132.813113089947,ack_flag_number >,sum >,153155765823982001952501641876618811106762500815,1118614325010621431186771152252517336813918651911
153155765823982001952501641876618811106762500815-1184472685782376059334758133512718430805424685192,256.56774824718735,ack_flag_number >,SSH >,153155765823982001952501641876618811106762500815,1184472685782376059334758133512718430805424685192
153155765823982001952501641876618811106762500815-1232849963170894971818913290506039176322619533319,2300.018751019077,ack_flag_number >,psh_flag_number >,153155765823982001952501641876618811106762500815,1232849963170894971818913290506039176322619533319
153155765823982001952501641876618811106762500815-1233133706649643691022119102239698495899057226060,7715.491379265002,ack_flag_number >,Time_To_Live <=,153155765823982001952501641876618811106762500815,1233133706649643691022119102239698495899057226060
153155765823982001952501641876618811106762500815-1236189254858718471128603624930063881324958313531,3183.8643404532854,ack_flag_number >,HTTPS >,153155765823982001952501641876618811106762500815,1236189254858718471128603624930063881324958313531
153155765823982001952501641876618811106762500815-1239329028096551917906154637654656383307088642249,9.090983205609001,ack_flag_number >,cwr_flag_number <=,153155765823982001952501641876618811106762500815,1239329028096551917906154637654656383307088642249
153155765823982001952501641876618811106762500815-1251276136943778783713685275011300537715092657394,570.7117234632317,ack_flag_number >,fin_flag_number >,153155765823982001952501641876618811106762500815,1251276136943778783713685275011300537715092657394
153155765823982001952501641876618811106762500815-1329847435934461746074927120436757452470095790255,881.7439105210838,ack_flag_number >,Min >,153155765823982001952501641876618811106762500815,1329847435934461746074927120436757452470095790255
153155765823982001952501641876618811106762500815-1338222599102815322204523610829624561969283441716,16915.289417903146,ack_flag_number >,SSH <=,153155765823982001952501641876618811106762500815,1338222599102815322204523610829624561969283441716
153155765823982001952501641876618811106762500815-1345309773886921328764805451107636357621530213384,11890.403225806453,ack_flag_number >,Class -1,153155765823982001952501641876618811106762500815,1345309773886921328764805451107636357621530213384
153155765823982001952501641876618811106762500815-1375509225989204300559045429796274689340158771149,5605.096200880483,ack_flag_number >,rst_count <=,153155765823982001952501641876618811106762500815,1375509225989204300559045429796274689340158771149
153155765823982001952501641876618811106762500815-1379366653555122327876205020011632492492609315477,4642.462090330996,ack_flag_number >,Type <=,153155765823982001952501641876618811106762500815,1379366653555122327876205020011632492492609315477
153155765823982001952501641876618811106762500815-1429650867505148313720594668477948880050562903683,587.5577389374247,ack_flag_number >,syn_flag_number >,153155765823982001952501641876618811106762500815,1429650867505148313720594668477948880050562903683
153155765823982001952501641876618811106762500815-1454952188391427871478129207189215566009723810659,1643.203360456126,ack_flag_number >,Std >,153155765823982001952501641876618811106762500815,1454952188391427871478129207189215566009723810659
153155765823982001952501641876618811106762500815-1455733501014453866297060548284701359849809242142,22107.006556281987,ack_flag_number >,DHCP <=,153155765823982001952501641876618811106762500815,1455733501014453866297060548284701359849809242142
153155765823982001952501641876618811106762500815-153155765823982001952501641876618811106762500815,21575.93347464536,ack_flag_number >,ack_flag_number >,153155765823982001952501641876618811106762500815,153155765823982001952501641876618811106762500815
153155765823982001952501641876618811106762500815-160227321490815016489601533331665083666172936667,528.2871351703897,ack_flag_number >,IGMP <=,153155765823982001952501641876618811106762500815,160227321490815016489601533331665083666172936667
153155765823982001952501641876618811106762500815-161772624339136553719839337862344762258727720981,7430.0377650258,ack_flag_number >,ack_flag_number <=,153155765823982001952501641876618811106762500815,161772624339136553719839337862344762258727720981
153155765823982001952501641876618811106762500815-171982518954274878349485416184092168691833932185,59147.95695418229,ack_flag_number >,Class 1,153155765823982001952501641876618811106762500815,171982518954274878349485416184092168691833932185
153155765823982001952501641876618811106762500815-207766774224049171901964708681563529125144087827,3286.8791913655896,ack_flag_number >,HTTP >,153155765823982001952501641876618811106762500815,207766774224049171901964708681563529125144087827
153155765823982001952501641876618811106762500815-215123608059624622405742600984392925785664489773,15156.118999279413,ack_flag_number >,Variance <=,153155765823982001952501641876618811106762500815,215123608059624622405742600984392925785664489773
153155765823982001952501641876618811106762500815-218607780770691257170847497927336330511308420255,8390.814577931129,ack_flag_number >,ack_count >,153155765823982001952501641876618811106762500815,218607780770691257170847497927336330511308420255
153155765823982001952501641876618811106762500815-335418722972519651500040442315750311827115323662,955.5633458340127,ack_flag_number >,Rate >,153155765823982001952501641876618811106762500815,335418722972519651500040442315750311827115323662
153155765823982001952501641876618811106762500815-338730224709676774412755851787278702947952010784,9920.038514540587,ack_flag_number >,sum <=,153155765823982001952501641876618811106762500815,338730224709676774412755851787278702947952010784
153155765823982001952501641876618811106762500815-371266811264664269299964157380215767396824640058,533.337681395728,ack_flag_number >,ICMP >,153155765823982001952501641876618811106762500815,371266811264664269299964157380215767396824640058
153155765823982001952501641876618811106762500815-378316838538499851440768051160724422589084218125,15009.21327246046,ack_flag_number >,IAT <=,153155765823982001952501641876618811106762500815,378316838538499851440768051160724422589084218125
153155765823982001952501641876618811106762500815-40351198695966294513339726256484683518911283460,11854.397718845168,ack_flag_number >,fin_flag_number <=,153155765823982001952501641876618811106762500815,40351198695966294513339726256484683518911283460
153155765823982001952501641876618811106762500815-426624906449189252299067265451872698344494536313,1108.4482677003834,ack_flag_number >,Number >,153155765823982001952501641876618811106762500815,426624906449189252299067265451872698344494536313
153155765823982001952501641876618811106762500815-450410814915736770904937984733342042835793211647,1754.4782982595477,ack_flag_number >,ece_flag_number <=,153155765823982001952501641876618811106762500815,450410814915736770904937984733342042835793211647
153155765823982001952501641876618811106762500815-475011065740486827108472353828139148231878458661,12507.00975158187,ack_flag_number >,syn_flag_number <=,153155765823982001952501641876618811106762500815,475011065740486827108472353828139148231878458661
153155765823982001952501641876618811106762500815-505469541859377927785473031559292540931343582537,24221.442171646777,ack_flag_number >,ICMP <=,153155765823982001952501641876618811106762500815,505469541859377927785473031559292540931343582537
153155765823982001952501641876618811106762500815-520582048177068818674784514618258893555315007951,339.396706342736,ack_flag_number >,LLC <=,153155765823982001952501641876618811106762500815,520582048177068818674784514618258893555315007951
153155765823982001952501641876618811106762500815-629827923182617752624696690572530002196221478554,153.53660525028533,ack_flag_number >,DHCP >,153155765823982001952501641876618811106762500815,629827923182617752624696690572530002196221478554
153155765823982001952501641876618811106762500815-681503808608794911981134712221284126975357543438,19340.561715310614,ack_flag_number >,syn_count <=,153155765823982001952501641876618811106762500815,681503808608794911981134712221284126975357543438
153155765823982001952501641876618811106762500815-684418957212367241623111035135876005715150589706,19281.81245825071,ack_flag_number >,HTTP <=,153155765823982001952501641876618811106762500815,684418957212367241623111035135876005715150589706
153155765823982001952501641876618811106762500815-714914936218336719861297767221934377853836589461,3027.9002145979184,ack_flag_number >,UDP >,153155765823982001952501641876618811106762500815,714914936218336719861297767221934377853836589461
153155765823982001952501641876618811106762500815-786396322989194697344344278946426998739971577495,1321.222892548508,ack_flag_number >,HTTPS <=,153155765823982001952501641876618811106762500815,786396322989194697344344278946426998739971577495
153155765823982001952501641876618811106762500815-795584812918386367255521286735341258439959854242,2325.743952599107,ack_flag_number >,syn_count >,153155765823982001952501641876618811106762500815,795584812918386367255521286735341258439959854242
153155765823982001952501641876618811106762500815-835140271881840015202809914014108690929910415575,1432.3349095059514,ack_flag_number >,IAT >,153155765823982001952501641876618811106762500815,835140271881840015202809914014108690929910415575
153155765823982001952501641876618811106762500815-841356973986788424033641854148712928121319667477,1741.3468780736682,ack_flag_number >,Variance >,153155765823982001952501641876618811106762500815,841356973986788424033641854148712928121319667477
153155765823982001952501641876618811106762500815-841518471221275042570144506781210008737201997031,1519.2043045817709,ack_flag_number >,Min <=,153155765823982001952501641876618811106762500815,841518471221275042570144506781210008737201997031
153155765823982001952501641876618811106762500815-843826879422383561066103188424018239931401286651,3730.251981611904,ack_flag_number >,ack_count <=,153155765823982001952501641876618811106762500815,843826879422383561066103188424018239931401286651
153155765823982001952501641876618811106762500815-896530251803066355404557928035950607124936193677,3732.3536605250288,ack_flag_number >,psh_flag_number <=,153155765823982001952501641876618811106762500815,896530251803066355404557928035950607124936193677
153155765823982001952501641876618811106762500815-922599836131670820904126277297069322180441856169,3985.891081037013,ack_flag_number >,Rate <=,153155765823982001952501641876618811106762500815,922599836131670820904126277297069322180441856169
153155765823982001952501641876618811106762500815-926368966621798523173828527325665066772113177503,10188.971954997554,ack_flag_number >,UDP <=,153155765823982001952501641876618811106762500815,926368966621798523173828527325665066772113177503
153155765823982001952501641876618811106762500815-940331364486966071141541838460909450599289486914,14.141529430947335,ack_flag_number >,rst_count >,153155765823982001952501641876618811106762500815,940331364486966071141541838460909450599289486914
153155765823982001952501641876618811106762500815-974265510705878984211701297112044370513255377925,18859.700838404613,ack_flag_number >,Std <=,153155765823982001952501641876618811106762500815,974265510705878984211701297112044370513255377925
160227321490815016489601533331665083666172936667-1043469376771332113858820724324827897913309990452,66.667210174466,IGMP <=,LLC >,160227321490815016489601533331665083666172936667,1043469376771332113858820724324827897913309990452
160227321490815016489601533331665083666172936667-1043754360836331848364792327262011021650379248223,11.111201695744334,IGMP <=,DNS >,160227321490815016489601533331665083666172936667,1043754360836331848364792327262011021650379248223
160227321490815016489601533331665083666172936667-1077028023530208599426324724984012030801332581683,381.82129463557806,IGMP <=,Time_To_Live >,160227321490815016489601533331665083666172936667,1077028023530208599426324724984012030801332581683
160227321490815016489601533331665083666172936667-1085488307210616684491611463585545838953333018237,200.93027934547635,IGMP <=,Type >,160227321490815016489601533331665083666172936667,1085488307210616684491611463585545838953333018237
160227321490815016489601533331665083666172936667-1091995366823138898995898948102109473193356840202,49.49535300831567,IGMP <=,DNS <=,160227321490815016489601533331665083666172936667,1091995366823138898995898948102109473193356840202
160227321490815016489601533331665083666172936667-109928824856976412487775174607761519739702474552,11902.720041762439,IGMP <=,Number <=,160227321490815016489601533331665083666172936667,109928824856976412487775174607761519739702474552
160227321490815016489601533331665083666172936667-1118614325010621431186771152252517336813918651911,177.69776670892003,IGMP <=,sum >,160227321490815016489601533331665083666172936667,1118614325010621431186771152252517336813918651911
160227321490815016489601533331665083666172936667-1184472685782376059334758133512718430805424685192,105.05136148703734,IGMP <=,SSH >,160227321490815016489601533331665083666172936667,1184472685782376059334758133512718430805424685192
160227321490815016489601533331665083666172936667-1232849963170894971818913290506039176322619533319,269.69916843306703,IGMP <=,psh_flag_number >,160227321490815016489601533331665083666172936667,1232849963170894971818913290506039176322619533319
160227321490815016489601533331665083666172936667-1233133706649643691022119102239698495899057226060,43.43469753790967,IGMP <=,Time_To_Live <=,160227321490815016489601533331665083666172936667,1233133706649643691022119102239698495899057226060
160227321490815016489601533331665083666172936667-1236189254858718471128603624930063881324958313531,1.0101092450676668,IGMP <=,HTTPS >,160227321490815016489601533331665083666172936667,1236189254858718471128603624930063881324958313531
160227321490815016489601533331665083666172936667-1239329028096551917906154637654656383307088642249,1967.6928093918148,IGMP <=,cwr_flag_number <=,160227321490815016489601533331665083666172936667,1239329028096551917906154637654656383307088642249
160227321490815016489601533331665083666172936667-1251276136943778783713685275011300537715092657394,14.141529430947335,IGMP <=,fin_flag_number >,160227321490815016489601533331665083666172936667,1251276136943778783713685275011300537715092657394
160227321490815016489601533331665083666172936667-1329847435934461746074927120436757452470095790255,1858.601010924507,IGMP <=,Min >,160227321490815016489601533331665083666172936667,1329847435934461746074927120436757452470095790255
160227321490815016489601533331665083666172936667-1338222599102815322204523610829624561969283441716,7.0707647154736675,IGMP <=,SSH <=,160227321490815016489601533331665083666172936667,1338222599102815322204523610829624561969283441716
160227321490815016489601533331665083666172936667-1345309773886921328764805451107636357621530213384,1298.9516129032259,IGMP <=,Class -1,160227321490815016489601533331665083666172936667,1345309773886921328764805451107636357621530213384
160227321490815016489601533331665083666172936667-1375509225989204300559045429796274689340158771149,612.126202511006,IGMP <=,rst_count <=,160227321490815016489601533331665083666172936667,1375509225989204300559045429796274689340158771149
160227321490815016489601533331665083666172936667-1379366653555122327876205020011632492492609315477,1647.4881787053644,IGMP <=,Type <=,160227321490815016489601533331665083666172936667,1379366653555122327876205020011632492492609315477
160227321490815016489601533331665083666172936667-1429650867505148313720594668477948880050562903683,100.92946408377735,IGMP <=,syn_flag_number >,160227321490815016489601533331665083666172936667,1429650867505148313720594668477948880050562903683
160227321490815016489601533331665083666172936667-1454952188391427871478129207189215566009723810659,68.68742866460134,IGMP <=,Std >,160227321490815016489601533331665083666172936667,1454952188391427871478129207189215566009723810659
160227321490815016489601533331665083666172936667-1455733501014453866297060548284701359849809242142,31.31338659709767,IGMP <=,DHCP <=,160227321490815016489601533331665083666172936667,1455733501014453866297060548284701359849809242142
160227321490815016489601533331665083666172936667-153155765823982001952501641876618811106762500815,580.8128159139084,IGMP <=,ack_flag_number >,160227321490815016489601533331665083666172936667,153155765823982001952501641876618811106762500815
160227321490815016489601533331665083666172936667-161772624339136553719839337862344762258727720981,232.32512636556336,IGMP <=,ack_flag_number <=,160227321490815016489601533331665083666172936667,161772624339136553719839337862344762258727720981
160227321490815016489601533331665083666172936667-171982518954274878349485416184092168691833932185,9838.464046959074,IGMP <=,Class 1,160227321490815016489601533331665083666172936667,171982518954274878349485416184092168691833932185
160227321490815016489601533331665083666172936667-207766774224049171901964708681563529125144087827,6.060655470406001,IGMP <=,HTTP >,160227321490815016489601533331665083666172936667,207766774224049171901964708681563529125144087827
160227321490815016489601533331665083666172936667-215123608059624622405742600984392925785664489773,2706.00120711329,IGMP <=,Variance <=,160227321490815016489601533331665083666172936667,215123608059624622405742600984392925785664489773
160227321490815016489601533331665083666172936667-218607780770691257170847497927336330511308420255,11808.014153995045,IGMP <=,ack_count >,160227321490815016489601533331665083666172936667,218607780770691257170847497927336330511308420255
160227321490815016489601533331665083666172936667-335418722972519651500040442315750311827115323662,4.040436980270667,IGMP <=,Rate >,160227321490815016489601533331665083666172936667,335418722972519651500040442315750311827115323662
160227321490815016489601533331665083666172936667-337274849629170698169636561573185333120886675912,2.0202184901353335,IGMP <=,ece_flag_number >,160227321490815016489601533331665083666172936667,337274849629170698169636561573185333120886675912
160227321490815016489601533331665083666172936667-338730224709676774412755851787278702947952010784,686.8742866460134,IGMP <=,sum <=,160227321490815016489601533331665083666172936667,338730224709676774412755851787278702947952010784
160227321490815016489601533331665083666172936667-371266811264664269299964157380215767396824640058,610.7087911509917,IGMP <=,ICMP >,160227321490815016489601533331665083666172936667,371266811264664269299964157380215767396824640058
160227321490815016489601533331665083666172936667-378316838538499851440768051160724422589084218125,1341.4250774498614,IGMP <=,IAT <=,160227321490815016489601533331665083666172936667,378316838538499851440768051160724422589084218125
160227321490815016489601533331665083666172936667-40351198695966294513339726256484683518911283460,57.57622696885701,IGMP <=,fin_flag_number <=,160227321490815016489601533331665083666172936667,40351198695966294513339726256484683518911283460
160227321490815016489601533331665083666172936667-426624906449189252299067265451872698344494536313,2304.9878368214263,IGMP <=,Number >,160227321490815016489601533331665083666172936667,426624906449189252299067265451872698344494536313
160227321490815016489601533331665083666172936667-450410814915736770904937984733342042835793211647,650.5103538235774,IGMP <=,ece_flag_number <=,160227321490815016489601533331665083666172936667,450410814915736770904937984733342042835793211647
160227321490815016489601533331665083666172936667-475011065740486827108472353828139148231878458661,115.15245393771401,IGMP <=,syn_flag_number <=,160227321490815016489601533331665083666172936667,475011065740486827108472353828139148231878458661
160227321490815016489601533331665083666172936667-505469541859377927785473031559292540931343582537,3211.1372900701126,IGMP <=,ICMP <=,160227321490815016489601533331665083666172936667,505469541859377927785473031559292540931343582537
160227321490815016489601533331665083666172936667-520582048177068818674784514618258893555315007951,6.060655470406001,IGMP <=,LLC <=,160227321490815016489601533331665083666172936667,520582048177068818674784514618258893555315007951
160227321490815016489601533331665083666172936667-629827923182617752624696690572530002196221478554,3.0303277352030005,IGMP <=,DHCP >,160227321490815016489601533331665083666172936667,629827923182617752624696690572530002196221478554
160227321490815016489601533331665083666172936667-681503808608794911981134712221284126975357543438,66.667210174466,IGMP <=,syn_count <=,160227321490815016489601533331665083666172936667,681503808608794911981134712221284126975357543438
160227321490815016489601533331665083666172936667-684418957212367241623111035135876005715150589706,31.31338659709767,IGMP <=,HTTP <=,160227321490815016489601533331665083666172936667,684418957212367241623111035135876005715150589706
160227321490815016489601533331665083666172936667-714914936218336719861297767221934377853836589461,416.9307369439784,IGMP <=,UDP >,160227321490815016489601533331665083666172936667,714914936218336719861297767221934377853836589461
160227321490815016489601533331665083666172936667-786396322989194697344344278946426998739971577495,2.0202184901353335,IGMP <=,HTTPS <=,160227321490815016489601533331665083666172936667,786396322989194697344344278946426998739971577495
160227321490815016489601533331665083666172936667-795584812918386367255521286735341258439959854242,4.040436980270667,IGMP <=,syn_count >,160227321490815016489601533331665083666172936667,795584812918386367255521286735341258439959854242
160227321490815016489601533331665083666172936667-835140271881840015202809914014108690929910415575,8022.597173934769,IGMP <=,IAT >,160227321490815016489601533331665083666172936667,835140271881840015202809914014108690929910415575
160227321490815016489601533331665083666172936667-841356973986788424033641854148712928121319667477,336.366378607533,IGMP <=,Variance >,160227321490815016489601533331665083666172936667,841356973986788424033641854148712928121319667477
160227321490815016489601533331665083666172936667-841518471221275042570144506781210008737201997031,30177.89346896483,IGMP <=,Min <=,160227321490815016489601533331665083666172936667,841518471221275042570144506781210008737201997031
160227321490815016489601533331665083666172936667-843826879422383561066103188424018239931401286651,2071.84810622597,IGMP <=,ack_count <=,160227321490815016489601533331665083666172936667,843826879422383561066103188424018239931401286651
160227321490815016489601533331665083666172936667-896530251803066355404557928035950607124936193677,580.8128159139084,IGMP <=,psh_flag_number <=,160227321490815016489601533331665083666172936667,896530251803066355404557928035950607124936193677
160227321490815016489601533331665083666172936667-922599836131670820904126277297069322180441856169,573.6605907754454,IGMP <=,Rate <=,160227321490815016489601533331665083666172936667,922599836131670820904126277297069322180441856169
160227321490815016489601533331665083666172936667-926368966621798523173828527325665066772113177503,708.0865807924343,IGMP <=,UDP <=,160227321490815016489601533331665083666172936667,926368966621798523173828527325665066772113177503
160227321490815016489601533331665083666172936667-940331364486966071141541838460909450599289486914,3.0303277352030005,IGMP <=,rst_count >,160227321490815016489601533331665083666172936667,940331364486966071141541838460909450599289486914
160227321490815016489601533331665083666172936667-974265510705878984211701297112044370513255377925,3.0303277352030005,IGMP <=,Std <=,160227321490815016489601533331665083666172936667,974265510705878984211701297112044370513255377925
161772624339136553719839337862344762258727720981-1043469376771332113858820724324827897913309990452,2985.394165882087,ack_flag_number <=,LLC >,161772624339136553719839337862344762258727720981,1043469376771332113858820724324827897913309990452
161772624339136553719839337862344762258727720981-1043754360836331848364792327262011021650379248223,1158.432383246635,ack_flag_number <=,DNS >,161772624339136553719839337862344762258727720981,1043754360836331848364792327262011021650379248223
161772624339136553719839337862344762258727720981-1077028023530208599426324724984012030801332581683,1076.4506135501754,ack_flag_number <=,Time_To_Live >,161772624339136553719839337862344762258727720981,1077028023530208599426324724984012030801332581683
161772624339136553719839337862344762258727720981-1085488307210616684491611463585545838953333018237,2319.7321733824947,ack_flag_number <=,Type >,161772624339136553719839337862344762258727720981,1085488307210616684491611463585545838953333018237
161772624339136553719839337862344762258727720981-1091995366823138898995898948102109473193356840202,7741.0699520836515,ack_flag_number <=,DNS <=,161772624339136553719839337862344762258727720981,1091995366823138898995898948102109473193356840202
161772624339136553719839337862344762258727720981-109928824856976412487775174607761519739702474552,480.81200065220935,ack_flag_number <=,Number <=,161772624339136553719839337862344762258727720981,109928824856976412487775174607761519739702474552
161772624339136553719839337862344762258727720981-1118614325010621431186771152252517336813918651911,5286.5207786538185,ack_flag_number <=,sum >,161772624339136553719839337862344762258727720981,1118614325010621431186771152252517336813918651911
161772624339136553719839337862344762258727720981-1184472685782376059334758133512718430805424685192,252.44585084392736,ack_flag_number <=,SSH >,161772624339136553719839337862344762258727720981,1184472685782376059334758133512718430805424685192
161772624339136553719839337862344762258727720981-1232849963170894971818913290506039176322619533319,756.5718245556824,ack_flag_number <=,psh_flag_number >,161772624339136553719839337862344762258727720981,1232849963170894971818913290506039176322619533319
161772624339136553719839337862344762258727720981-1233133706649643691022119102239698495899057226060,1435.2023163951758,ack_flag_number <=,Time_To_Live <=,161772624339136553719839337862344762258727720981,1233133706649643691022119102239698495899057226060
161772624339136553719839337862344762258727720981-1236189254858718471128603624930063881324958313531,1117.1808250448394,ack_flag_number <=,HTTPS >,161772624339136553719839337862344762258727720981,1236189254858718471128603624930063881324958313531
161772624339136553719839337862344762258727720981-1251276136943778783713685275011300537715092657394,969.9818407031238,ack_flag_number <=,fin_flag_number >,161772624339136553719839337862344762258727720981,1251276136943778783713685275011300537715092657394
161772624339136553719839337862344762258727720981-1329847435934461746074927120436757452470095790255,350.42644761549104,ack_flag_number <=,Min >,161772624339136553719839337862344762258727720981,1329847435934461746074927120436757452470095790255
161772624339136553719839337862344762258727720981-1338222599102815322204523610829624561969283441716,9138.93081058052,ack_flag_number <=,SSH <=,161772624339136553719839337862344762258727720981,1338222599102815322204523610829624561969283441716
161772624339136553719839337862344762258727720981-1345309773886921328764805451107636357621530213384,27178.064516129034,ack_flag_number <=,Class -1,161772624339136553719839337862344762258727720981,1345309773886921328764805451107636357621530213384
161772624339136553719839337862344762258727720981-1375509225989204300559045429796274689340158771149,1919.2075656285667,ack_flag_number <=,rst_count <=,161772624339136553719839337862344762258727720981,1375509225989204300559045429796274689340158771149
161772624339136553719839337862344762258727720981-1379366653555122327876205020011632492492609315477,6970.470642689206,ack_flag_number <=,Type <=,161772624339136553719839337862344762258727720981,1379366653555122327876205020011632492492609315477
161772624339136553719839337862344762258727720981-1429650867505148313720594668477948880050562903683,3627.0416256844255,ack_flag_number <=,syn_flag_number >,161772624339136553719839337862344762258727720981,1429650867505148313720594668477948880050562903683
161772624339136553719839337862344762258727720981-1454952188391427871478129207189215566009723810659,1184.3693819264372,ack_flag_number <=,Std >,161772624339136553719839337862344762258727720981,1454952188391427871478129207189215566009723810659
161772624339136553719839337862344762258727720981-1455733501014453866297060548284701359849809242142,16205.557336566328,ack_flag_number <=,DHCP <=,161772624339136553719839337862344762258727720981,1455733501014453866297060548284701359849809242142
161772624339136553719839337862344762258727720981-153155765823982001952501641876618811106762500815,7920.462095590749,ack_flag_number <=,ack_flag_number >,161772624339136553719839337862344762258727720981,153155765823982001952501641876618811106762500815
161772624339136553719839337862344762258727720981-160227321490815016489601533331665083666172936667,219.1937061796837,ack_flag_number <=,IGMP <=,161772624339136553719839337862344762258727720981,160227321490815016489601533331665083666172936667
161772624339136553719839337862344762258727720981-161772624339136553719839337862344762258727720981,8483.500247208387,ack_flag_number <=,ack_flag_number <=,161772624339136553719839337862344762258727720981,161772624339136553719839337862344762258727720981
161772624339136553719839337862344762258727720981-171982518954274878349485416184092168691833932185,30207.316973748573,ack_flag_number <=,Class 1,161772624339136553719839337862344762258727720981,171982518954274878349485416184092168691833932185
161772624339136553719839337862344762258727720981-207766774224049171901964708681563529125144087827,421.1340947702277,ack_flag_number <=,HTTP >,161772624339136553719839337862344762258727720981,207766774224049171901964708681563529125144087827
161772624339136553719839337862344762258727720981-215123608059624622405742600984392925785664489773,9152.469532881345,ack_flag_number <=,Variance <=,161772624339136553719839337862344762258727720981,215123608059624622405742600984392925785664489773
161772624339136553719839337862344762258727720981-218607780770691257170847497927336330511308420255,2431.088571608906,ack_flag_number <=,ack_count >,161772624339136553719839337862344762258727720981,218607780770691257170847497927336330511308420255
161772624339136553719839337862344762258727720981-335418722972519651500040442315750311827115323662,9259.29673158955,ack_flag_number <=,Rate >,161772624339136553719839337862344762258727720981,335418722972519651500040442315750311827115323662
161772624339136553719839337862344762258727720981-337274849629170698169636561573185333120886675912,30.30327735203,ack_flag_number <=,ece_flag_number >,161772624339136553719839337862344762258727720981,337274849629170698169636561573185333120886675912
161772624339136553719839337862344762258727720981-338730224709676774412755851787278702947952010784,5781.767566259738,ack_flag_number <=,sum <=,161772624339136553719839337862344762258727720981,338730224709676774412755851787278702947952010784
161772624339136553719839337862344762258727720981-371266811264664269299964157380215767396824640058,5443.283216654481,ack_flag_number <=,ICMP >,161772624339136553719839337862344762258727720981,371266811264664269299964157380215767396824640058
161772624339136553719839337862344762258727720981-378316838538499851440768051160724422589084218125,7050.481070149324,ack_flag_number <=,IAT <=,161772624339136553719839337862344762258727720981,378316838538499851440768051160724422589084218125
161772624339136553719839337862344762258727720981-40351198695966294513339726256484683518911283460,980.8160769607044,ack_flag_number <=,fin_flag_number <=,161772624339136553719839337862344762258727720981,40351198695966294513339726256484683518911283460
161772624339136553719839337862344762258727720981-426624906449189252299067265451872698344494536313,2647.4800392377565,ack_flag_number <=,Number >,161772624339136553719839337862344762258727720981,426624906449189252299067265451872698344494536313
161772624339136553719839337862344762258727720981-450410814915736770904937984733342042835793211647,18883.97604445543,ack_flag_number <=,ece_flag_number <=,161772624339136553719839337862344762258727720981,450410814915736770904937984733342042835793211647
161772624339136553719839337862344762258727720981-475011065740486827108472353828139148231878458661,16020.83768139573,ack_flag_number <=,syn_flag_number <=,161772624339136553719839337862344762258727720981,475011065740486827108472353828139148231878458661
161772624339136553719839337862344762258727720981-505469541859377927785473031559292540931343582537,19240.365395033743,ack_flag_number <=,ICMP <=,161772624339136553719839337862344762258727720981,505469541859377927785473031559292540931343582537
161772624339136553719839337862344762258727720981-520582048177068818674784514618258893555315007951,685.701256554967,ack_flag_number <=,LLC <=,161772624339136553719839337862344762258727720981,520582048177068818674784514618258893555315007951
161772624339136553719839337862344762258727720981-629827923182617752624696690572530002196221478554,371.47582091593335,ack_flag_number <=,DHCP >,161772624339136553719839337862344762258727720981,629827923182617752624696690572530002196221478554
161772624339136553719839337862344762258727720981-681503808608794911981134712221284126975357543438,7863.521259921209,ack_flag_number <=,syn_count <=,161772624339136553719839337862344762258727720981,681503808608794911981134712221284126975357543438
161772624339136553719839337862344762258727720981-684418957212367241623111035135876005715150589706,7843.51458003503,ack_flag_number <=,HTTP <=,161772624339136553719839337862344762258727720981,684418957212367241623111035135876005715150589706
161772624339136553719839337862344762258727720981-714914936218336719861297767221934377853836589461,5058.138336760939,ack_flag_number <=,UDP >,161772624339136553719839337862344762258727720981,714914936218336719861297767221934377853836589461
161772624339136553719839337862344762258727720981-786396322989194697344344278946426998739971577495,3901.9542611888096,ack_flag_number <=,HTTPS <=,161772624339136553719839337862344762258727720981,786396322989194697344344278946426998739971577495
161772624339136553719839337862344762258727720981-795584812918386367255521286735341258439959854242,942.8718119322755,ack_flag_number <=,syn_count >,161772624339136553719839337862344762258727720981,795584812918386367255521286735341258439959854242
161772624339136553719839337862344762258727720981-835140271881840015202809914014108690929910415575,1983.3657947749616,ack_flag_number <=,IAT >,161772624339136553719839337862344762258727720981,835140271881840015202809914014108690929910415575
161772624339136553719839337862344762258727720981-841356973986788424033641854148712928121319667477,657.3367372700831,ack_flag_number <=,Variance >,161772624339136553719839337862344762258727720981,841356973986788424033641854148712928121319667477
161772624339136553719839337862344762258727720981-841518471221275042570144506781210008737201997031,8955.090927978204,ack_flag_number <=,Min <=,161772624339136553719839337862344762258727720981,841518471221275042570144506781210008737201997031
161772624339136553719839337862344762258727720981-843826879422383561066103188424018239931401286651,1658.0291574401836,ack_flag_number <=,ack_count <=,161772624339136553719839337862344762258727720981,843826879422383561066103188424018239931401286651
161772624339136553719839337862344762258727720981-896530251803066355404557928035950607124936193677,3174.480099724915,ack_flag_number <=,psh_flag_number <=,161772624339136553719839337862344762258727720981,896530251803066355404557928035950607124936193677
161772624339136553719839337862344762258727720981-922599836131670820904126277297069322180441856169,15867.838714937172,ack_flag_number <=,Rate <=,161772624339136553719839337862344762258727720981,922599836131670820904126277297069322180441856169
161772624339136553719839337862344762258727720981-926368966621798523173828527325665066772113177503,8786.858862420644,ack_flag_number <=,UDP <=,161772624339136553719839337862344762258727720981,926368966621798523173828527325665066772113177503
161772624339136553719839337862344762258727720981-940331364486966071141541838460909450599289486914,718.6275595272534,ack_flag_number <=,rst_count >,161772624339136553719839337862344762258727720981,940331364486966071141541838460909450599289486914
161772624339136553719839337862344762258727720981-974265510705878984211701297112044370513255377925,19074.463097573676,ack_flag_number <=,Std <=,161772624339136553719839337862344762258727720981,974265510705878984211701297112044370513255377925
171982518954274878349485416184092168691833932185-1043469376771332113858820724324827897913309990452,29648.726561226154,Class 1,LLC >,171982518954274878349485416184092168691833932185,1043469376771332113858820724324827897913309990452
171982518954274878349485416184092168691833932185-1043754360836331848364792327262011021650379248223,3517.200391325616,Class 1,DNS >,171982518954274878349485416184092168691833932185,1043754360836331848364792327262011021650379248223
171982518954274878349485416184092168691833932185-1077028023530208599426324724984012030801332581683,17861.76178053155,Class 1,Time_To_Live >,171982518954274878349485416184092168691833932185,1077028023530208599426324724984012030801332581683
171982518954274878349485416184092168691833932185-1085488307210616684491611463585545838953333018237,8495.018751019077,Class 1,Type >,171982518954274878349485416184092168691833932185,1085488307210616684491611463585545838953333018237
171982518954274878349485416184092168691833932185-1091995366823138898995898948102109473193356840202,44243.79504320887,Class 1,DNS <=,171982518954274878349485416184092168691833932185,1091995366823138898995898948102109473193356840202
171982518954274878349485416184092168691833932185-109928824856976412487775174607761519739702474552,25651.7242784934,Class 1,Number <=,171982518954274878349485416184092168691833932185,109928824856976412487775174607761519739702474552
171982518954274878349485416184092168691833932185-1118614325010621431186771152252517336813918651911,9442.501222892548,Class 1,sum >,171982518954274878349485416184092168691833932185,1118614325010621431186771152252517336813918651911
171982518954274878349485416184092168691833932185-1184472685782376059334758133512718430805424685192,746.4707321050057,Class 1,SSH >,171982518954274878349485416184092168691833932185,1184472685782376059334758133512718430805424685192
171982518954274878349485416184092168691833932185-1232849963170894971818913290506039176322619533319,13192.026740583728,Class 1,psh_flag_number >,171982518954274878349485416184092168691833932185,1232849963170894971818913290506039176322619533319
171982518954274878349485416184092168691833932185-1233133706649643691022119102239698495899057226060,35304.32822436002,Class 1,Time_To_Live <=,171982518954274878349485416184092168691833932185,1233133706649643691022119102239698495899057226060
171982518954274878349485416184092168691833932185-1236189254858718471128603624930063881324958313531,20226.427523234957,Class 1,HTTPS >,171982518954274878349485416184092168691833932185,1236189254858718471128603624930063881324958313531
171982518954274878349485416184092168691833932185-1239329028096551917906154637654656383307088642249,3072.752323495842,Class 1,cwr_flag_number <=,171982518954274878349485416184092168691833932185,1239329028096551917906154637654656383307088642249
171982518954274878349485416184092168691833932185-1251276136943778783713685275011300537715092657394,2513.1518017283547,Class 1,fin_flag_number >,171982518954274878349485416184092168691833932185,1251276136943778783713685275011300537715092657394
171982518954274878349485416184092168691833932185-1329847435934461746074927120436757452470095790255,4405.0864177400945,Class 1,Min >,171982518954274878349485416184092168691833932185,1329847435934461746074927120436757452470095790255
171982518954274878349485416184092168691833932185-1338222599102815322204523610829624561969283441716,37644.7513451818,Class 1,SSH <=,171982518954274878349485416184092168691833932185,1338222599102815322204523610829624561969283441716
171982518954274878349485416184092168691833932185-1375509225989204300559045429796274689340158771149,30291.15604108919,Class 1,rst_count <=,171982518954274878349485416184092168691833932185,1375509225989204300559045429796274689340158771149
171982518954274878349485416184092168691833932185-1379366653555122327876205020011632492492609315477,25109.29561389206,Class 1,Type <=,171982518954274878349485416184092168691833932185,1379366653555122327876205020011632492492609315477
171982518954274878349485416184092168691833932185-1429650867505148313720594668477948880050562903683,2272.74580140225,Class 1,syn_flag_number >,171982518954274878349485416184092168691833932185,1429650867505148313720594668477948880050562903683
171982518954274878349485416184092168691833932185-1454952188391427871478129207189215566009723810659,10109.17332463721,Class 1,Std >,171982518954274878349485416184092168691833932185,1454952188391427871478129207189215566009723810659
171982518954274878349485416184092168691833932185-1455733501014453866297060548284701359849809242142,39329.61356595467,Class 1,DHCP <=,171982518954274878349485416184092168691833932185,1455733501014453866297060548284701359849809242142
171982518954274878349485416184092168691833932185-153155765823982001952501641876618811106762500815,42600.34730148378,Class 1,ack_flag_number >,171982518954274878349485416184092168691833932185,153155765823982001952501641876618811106762500815
171982518954274878349485416184092168691833932185-160227321490815016489601533331665083666172936667,9460.683189303767,Class 1,IGMP <=,171982518954274878349485416184092168691833932185,160227321490815016489601533331665083666172936667
171982518954274878349485416184092168691833932185-161772624339136553719839337862344762258727720981,18550.6562856677,Class 1,ack_flag_number <=,171982518954274878349485416184092168691833932185,161772624339136553719839337862344762258727720981
171982518954274878349485416184092168691833932185-207766774224049171901964708681563529125144087827,2221.230229903799,Class 1,HTTP >,171982518954274878349485416184092168691833932185,207766774224049171901964708681563529125144087827
171982518954274878349485416184092168691833932185-215123608059624622405742600984392925785664489773,52591.33784444807,Class 1,Variance <=,171982518954274878349485416184092168691833932185,215123608059624622405742600984392925785664489773
171982518954274878349485416184092168691833932185-218607780770691257170847497927336330511308420255,22367.859122778413,Class 1,ack_count >,171982518954274878349485416184092168691833932185,218607780770691257170847497927336330511308420255
171982518954274878349485416184092168691833932185-335418722972519651500040442315750311827115323662,5883.886352519159,Class 1,Rate >,171982518954274878349485416184092168691833932185,335418722972519651500040442315750311827115323662
171982518954274878349485416184092168691833932185-337274849629170698169636561573185333120886675912,59.596445458992335,Class 1,ece_flag_number >,171982518954274878349485416184092168691833932185,337274849629170698169636561573185333120886675912
171982518954274878349485416184092168691833932185-338730224709676774412755851787278702947952010784,30387.116419370617,Class 1,sum <=,171982518954274878349485416184092168691833932185,338730224709676774412755851787278702947952010784
171982518954274878349485416184092168691833932185-371266811264664269299964157380215767396824640058,1642.4376324800262,Class 1,ICMP >,171982518954274878349485416184092168691833932185,371266811264664269299964157380215767396824640058
171982518954274878349485416184092168691833932185-378316838538499851440768051160724422589084218125,27868.914071416926,Class 1,IAT <=,171982518954274878349485416184092168691833932185,378316838538499851440768051160724422589084218125
171982518954274878349485416184092168691833932185-40351198695966294513339726256484683518911283460,40212.44904614381,Class 1,fin_flag_number <=,171982518954274878349485416184092168691833932185,40351198695966294513339726256484683518911283460
171982518954274878349485416184092168691833932185-426624906449189252299067265451872698344494536313,1842.4392630034242,Class 1,Number >,171982518954274878349485416184092168691833932185,426624906449189252299067265451872698344494536313
171982518954274878349485416184092168691833932185-450410814915736770904937984733342042835793211647,10052.607206913419,Class 1,ece_flag_number <=,171982518954274878349485416184092168691833932185,450410814915736770904937984733342042835793211647
171982518954274878349485416184092168691833932185-475011065740486827108472353828139148231878458661,35311.3989890755,Class 1,syn_flag_number <=,171982518954274878349485416184092168691833932185,475011065740486827108472353828139148231878458661
171982518954274878349485416184092168691833932185-505469541859377927785473031559292540931343582537,42511.45768791782,Class 1,ICMP <=,171982518954274878349485416184092168691833932185,505469541859377927785473031559292540931343582537
171982518954274878349485416184092168691833932185-520582048177068818674784514618258893555315007951,3026.2872982227295,Class 1,LLC <=,171982518954274878349485416184092168691833932185,520582048177068818674784514618258893555315007951
171982518954274878349485416184092168691833932185-565103970815292376991711972572924808853013487374,24.242621881624004,Class 1,IGMP >,171982518954274878349485416184092168691833932185,565103970815292376991711972572924808853013487374
171982518954274878349485416184092168691833932185-579184915384053252333364217236378176158944003116,33.333605087233,Class 1,cwr_flag_number >,171982518954274878349485416184092168691833932185,579184915384053252333364217236378176158944003116
171982518954274878349485416184092168691833932185-629827923182617752624696690572530002196221478554,492.93331159302136,Class 1,DHCP >,171982518954274878349485416184092168691833932185,629827923182617752624696690572530002196221478554
171982518954274878349485416184092168691833932185-681503808608794911981134712221284126975357543438,52534.77172672428,Class 1,syn_count <=,171982518954274878349485416184092168691833932185,681503808608794911981134712221284126975357543438
171982518954274878349485416184092168691833932185-684418957212367241623111035135876005715150589706,27965.88455894342,Class 1,HTTP <=,171982518954274878349485416184092168691833932185,684418957212367241623111035135876005715150589706
171982518954274878349485416184092168691833932185-714914936218336719861297767221934377853836589461,6258.636882439263,Class 1,UDP >,171982518954274878349485416184092168691833932185,714914936218336719861297767221934377853836589461
171982518954274878349485416184092168691833932185-786396322989194697344344278946426998739971577495,8201.076960704386,Class 1,HTTPS <=,171982518954274878349485416184092168691833932185,786396322989194697344344278946426998739971577495
171982518954274878349485416184092168691833932185-795584812918386367255521286735341258439959854242,3835.3848035219307,Class 1,syn_count >,171982518954274878349485416184092168691833932185,795584812918386367255521286735341258439959854242
171982518954274878349485416184092168691833932185-835140271881840015202809914014108690929910415575,18677.930050546227,Class 1,IAT >,171982518954274878349485416184092168691833932185,835140271881840015202809914014108690929910415575
171982518954274878349485416184092168691833932185-841356973986788424033641854148712928121319667477,6316.2131094081205,Class 1,Variance >,171982518954274878349485416184092168691833932185,841356973986788424033641854148712928121319667477
171982518954274878349485416184092168691833932185-841518471221275042570144506781210008737201997031,19649.65514430132,Class 1,Min <=,171982518954274878349485416184092168691833932185,841518471221275042570144506781210008737201997031
171982518954274878349485416184092168691833932185-843826879422383561066103188424018239931401286651,21112.293331159304,Class 1,ack_count <=,171982518954274878349485416184092168691833932185,843826879422383561066103188424018239931401286651
171982518954274878349485416184092168691833932185-896530251803066355404557928035950607124936193677,37317.47594977988,Class 1,psh_flag_number <=,171982518954274878349485416184092168691833932185,896530251803066355404557928035950607124936193677
171982518954274878349485416184092168691833932185-922599836131670820904126277297069322180441856169,36861.91668025436,Class 1,Rate <=,171982518954274878349485416184092168691833932185,922599836131670820904126277297069322180441856169
171982518954274878349485416184092168691833932185-926368966621798523173828527325665066772113177503,27097.19060818523,Class 1,UDP <=,171982518954274878349485416184092168691833932185,926368966621798523173828527325665066772113177503
171982518954274878349485416184092168691833932185-940331364486966071141541838460909450599289486914,353.53823577368337,Class 1,rst_count >,171982518954274878349485416184092168691833932185,940331364486966071141541838460909450599289486914
171982518954274878349485416184092168691833932185-974265510705878984211701297112044370513255377925,46039.76928093918,Class 1,Std <=,171982518954274878349485416184092168691833932185,974265510705878984211701297112044370513255377925
207766774224049171901964708681563529125144087827-1043469376771332113858820724324827897913309990452,133.334420348932,HTTP >,LLC >,207766774224049171901964708681563529125144087827,1043469376771332113858820724324827897913309990452
207766774224049171901964708681563529125144087827-1043754360836331848364792327262011021650379248223,82.82895809554867,HTTP >,DNS >,207766774224049171901964708681563529125144087827,1043754360836331848364792327262011021650379248223
207766774224049171901964708681563529125144087827-1077028023530208599426324724984012030801332581683,880.6523408530268,HTTP >,Time_To_Live >,207766774224049171901964708681563529125144087827,1077028023530208599426324724984012030801332581683
207766774224049171901964708681563529125144087827-1085488307210616684491611463585545838953333018237,357.4157519079754,HTTP >,Type >,207766774224049171901964708681563529125144087827,1085488307210616684491611463585545838953333018237
207766774224049171901964708681563529125144087827-1091995366823138898995898948102109473193356840202,962.6341105494864,HTTP >,DNS <=,207766774224049171901964708681563529125144087827,1091995366823138898995898948102109473193356840202
207766774224049171901964708681563529125144087827-109928824856976412487775174607761519739702474552,41.414479047774336,HTTP >,Number <=,207766774224049171901964708681563529125144087827,109928824856976412487775174607761519739702474552
207766774224049171901964708681563529125144087827-1118614325010621431186771152252517336813918651911,382.5870226116777,HTTP >,sum >,207766774224049171901964708681563529125144087827,1118614325010621431186771152252517336813918651911
207766774224049171901964708681563529125144087827-1184472685782376059334758133512718430805424685192,4.040436980270667,HTTP >,SSH >,207766774224049171901964708681563529125144087827,1184472685782376059334758133512718430805424685192
207766774224049171901964708681563529125144087827-1232849963170894971818913290506039176322619533319,473.74123593673573,HTTP >,psh_flag_number >,207766774224049171901964708681563529125144087827,1232849963170894971818913290506039176322619533319
207766774224049171901964708681563529125144087827-1233133706649643691022119102239698495899057226060,1956.0928451581344,HTTP >,Time_To_Live <=,207766774224049171901964708681563529125144087827,1233133706649643691022119102239698495899057226060
207766774224049171901964708681563529125144087827-1236189254858718471128603624930063881324958313531,259.59807598239036,HTTP >,HTTPS >,207766774224049171901964708681563529125144087827,1236189254858718471128603624930063881324958313531
207766774224049171901964708681563529125144087827-1239329028096551917906154637654656383307088642249,111.11201695744334,HTTP >,cwr_flag_number <=,207766774224049171901964708681563529125144087827,1239329028096551917906154637654656383307088642249
207766774224049171901964708681563529125144087827-1251276136943778783713685275011300537715092657394,76.76830262514267,HTTP >,fin_flag_number >,207766774224049171901964708681563529125144087827,1251276136943778783713685275011300537715092657394
207766774224049171901964708681563529125144087827-1329847435934461746074927120436757452470095790255,167.67813468123268,HTTP >,Min >,207766774224049171901964708681563529125144087827,1329847435934461746074927120436757452470095790255
207766774224049171901964708681563529125144087827-1338222599102815322204523610829624561969283441716,413.1346812326757,HTTP >,SSH <=,207766774224049171901964708681563529125144087827,1338222599102815322204523610829624561969283441716
207766774224049171901964708681563529125144087827-1345309773886921328764805451107636357621530213384,7394.032258064516,HTTP >,Class -1,207766774224049171901964708681563529125144087827,1345309773886921328764805451107636357621530213384
207766774224049171901964708681563529125144087827-1375509225989204300559045429796274689340158771149,22.22240339148867,HTTP >,rst_count <=,207766774224049171901964708681563529125144087827,1375509225989204300559045429796274689340158771149
207766774224049171901964708681563529125144087827-1379366653555122327876205020011632492492609315477,161.53601878783735,HTTP >,Type <=,207766774224049171901964708681563529125144087827,1379366653555122327876205020011632492492609315477
207766774224049171901964708681563529125144087827-1429650867505148313720594668477948880050562903683,831.3199086906898,HTTP >,syn_flag_number >,207766774224049171901964708681563529125144087827,1429650867505148313720594668477948880050562903683
207766774224049171901964708681563529125144087827-1454952188391427871478129207189215566009723810659,159.59726072069134,HTTP >,Std >,207766774224049171901964708681563529125144087827,1454952188391427871478129207189215566009723810659
207766774224049171901964708681563529125144087827-1455733501014453866297060548284701359849809242142,289.73843248844173,HTTP >,DHCP <=,207766774224049171901964708681563529125144087827,1455733501014453866297060548284701359849809242142
207766774224049171901964708681563529125144087827-153155765823982001952501641876618811106762500815,1533.4598786049032,HTTP >,ack_flag_number >,207766774224049171901964708681563529125144087827,153155765823982001952501641876618811106762500815
207766774224049171901964708681563529125144087827-160227321490815016489601533331665083666172936667,7.0707647154736675,HTTP >,IGMP <=,207766774224049171901964708681563529125144087827,160227321490815016489601533331665083666172936667
207766774224049171901964708681563529125144087827-161772624339136553719839337862344762258727720981,686.4669845310667,HTTP >,ack_flag_number <=,207766774224049171901964708681563529125144087827,161772624339136553719839337862344762258727720981
207766774224049171901964708681563529125144087827-171982518954274878349485416184092168691833932185,3957.6080221751185,HTTP >,Class 1,207766774224049171901964708681563529125144087827,171982518954274878349485416184092168691833932185
207766774224049171901964708681563529125144087827-207766774224049171901964708681563529125144087827,222.2240339148867,HTTP >,HTTP >,207766774224049171901964708681563529125144087827,207766774224049171901964708681563529125144087827
207766774224049171901964708681563529125144087827-215123608059624622405742600984392925785664489773,2713.7073631280805,HTTP >,Variance <=,207766774224049171901964708681563529125144087827,215123608059624622405742600984392925785664489773
207766774224049171901964708681563529125144087827-218607780770691257170847497927336330511308420255,1278.065160448762,HTTP >,ack_count >,207766774224049171901964708681563529125144087827,218607780770691257170847497927336330511308420255
207766774224049171901964708681563529125144087827-335418722972519651500040442315750311827115323662,192.849405384935,HTTP >,Rate >,207766774224049171901964708681563529125144087827,335418722972519651500040442315750311827115323662
207766774224049171901964708681563529125144087827-338730224709676774412755851787278702947952010784,398.911691378739,HTTP >,sum <=,207766774224049171901964708681563529125144087827,338730224709676774412755851787278702947952010784
207766774224049171901964708681563529125144087827-371266811264664269299964157380215767396824640058,21.212294146421,HTTP >,ICMP >,207766774224049171901964708681563529125144087827,371266811264664269299964157380215767396824640058
207766774224049171901964708681563529125144087827-378316838538499851440768051160724422589084218125,416.9307369439784,HTTP >,IAT <=,207766774224049171901964708681563529125144087827,378316838538499851440768051160724422589084218125
207766774224049171901964708681563529125144087827-40351198695966294513339726256484683518911283460,543.2758530004261,HTTP >,fin_flag_number <=,207766774224049171901964708681563529125144087827,40351198695966294513339726256484683518911283460
207766774224049171901964708681563529125144087827-426624906449189252299067265451872698344494536313,3.0303277352030005,HTTP >,Number >,207766774224049171901964708681563529125144087827,426624906449189252299067265451872698344494536313
207766774224049171901964708681563529125144087827-475011065740486827108472353828139148231878458661,1454.3129316284721,HTTP >,syn_flag_number <=,207766774224049171901964708681563529125144087827,475011065740486827108472353828139148231878458661
207766774224049171901964708681563529125144087827-505469541859377927785473031559292540931343582537,375.67917874218267,HTTP >,ICMP <=,207766774224049171901964708681563529125144087827,505469541859377927785473031559292540931343582537
207766774224049171901964708681563529125144087827-520582048177068818674784514618258893555315007951,21.212294146421,HTTP >,LLC <=,207766774224049171901964708681563529125144087827,520582048177068818674784514618258893555315007951
207766774224049171901964708681563529125144087827-579184915384053252333364217236378176158944003116,2.0202184901353335,HTTP >,cwr_flag_number >,207766774224049171901964708681563529125144087827,579184915384053252333364217236378176158944003116
207766774224049171901964708681563529125144087827-681503808608794911981134712221284126975357543438,811.1177237893364,HTTP >,syn_count <=,207766774224049171901964708681563529125144087827,681503808608794911981134712221284126975357543438
207766774224049171901964708681563529125144087827-684418957212367241623111035135876005715150589706,419.03241585710305,HTTP >,HTTP <=,207766774224049171901964708681563529125144087827,684418957212367241623111035135876005715150589706
207766774224049171901964708681563529125144087827-714914936218336719861297767221934377853836589461,970.4706032410597,HTTP >,UDP >,207766774224049171901964708681563529125144087827,714914936218336719861297767221934377853836589461
207766774224049171901964708681563529125144087827-786396322989194697344344278946426998739971577495,440.4076308495027,HTTP >,HTTPS <=,207766774224049171901964708681563529125144087827,786396322989194697344344278946426998739971577495
207766774224049171901964708681563529125144087827-795584812918386367255521286735341258439959854242,866.0220488841435,HTTP >,syn_count >,207766774224049171901964708681563529125144087827,795584812918386367255521286735341258439959854242
207766774224049171901964708681563529125144087827-835140271881840015202809914014108690929910415575,121.21310940812,HTTP >,IAT >,207766774224049171901964708681563529125144087827,835140271881840015202809914014108690929910415575
207766774224049171901964708681563529125144087827-841356973986788424033641854148712928121319667477,871.3169763784498,HTTP >,Variance >,207766774224049171901964708681563529125144087827,841356973986788424033641854148712928121319667477
207766774224049171901964708681563529125144087827-841518471221275042570144506781210008737201997031,5891.494756026362,HTTP >,Min <=,207766774224049171901964708681563529125144087827,841518471221275042570144506781210008737201997031
207766774224049171901964708681563529125144087827-843826879422383561066103188424018239931401286651,1007.5188036166061,HTTP >,ack_count <=,207766774224049171901964708681563529125144087827,843826879422383561066103188424018239931401286651
207766774224049171901964708681563529125144087827-896530251803066355404557928035950607124936193677,795.8846246903321,HTTP >,psh_flag_number <=,207766774224049171901964708681563529125144087827,896530251803066355404557928035950607124936193677
207766774224049171901964708681563529125144087827-922599836131670820904126277297069322180441856169,451.3559116992684,HTTP >,Rate <=,207766774224049171901964708681563529125144087827,922599836131670820904126277297069322180441856169
207766774224049171901964708681563529125144087827-926368966621798523173828527325665066772113177503,2025.383080952857,HTTP >,UDP <=,207766774224049171901964708681563529125144087827,926368966621798523173828527325665066772113177503
207766774224049171901964708681563529125144087827-974265510705878984211701297112044370513255377925,417.09365778995704,HTTP >,Std <=,207766774224049171901964708681563529125144087827,974265510705878984211701297112044370513255377925
215123608059624622405742600984392925785664489773-1043469376771332113858820724324827897913309990452,6711.931552205678,Variance <=,LLC >,215123608059624622405742600984392925785664489773,1043469376771332113858820724324827897913309990452
215123608059624622405742600984392925785664489773-1043754360836331848364792327262011021650379248223,1425.7854914976094,Variance <=,DNS >,215123608059624622405742600984392925785664489773,1043754360836331848364792327262011021650379248223
215123608059624622405742600984392925785664489773-1077028023530208599426324724984012030801332581683,4723.547795374573,Variance <=,Time_To_Live >,215123608059624622405742600984392925785664489773,1077028023530208599426324724984012030801332581683
215123608059624622405742600984392925785664489773-1085488307210616684491611463585545838953333018237,7672.301062996061,Variance <=,Type >,215123608059624622405742600984392925785664489773,1085488307210616684491611463585545838953333018237
215123608059624622405742600984392925785664489773-1091995366823138898995898948102109473193356840202,19783.592371780374,Variance <=,DNS <=,215123608059624622405742600984392925785664489773,1091995366823138898995898948102109473193356840202
215123608059624622405742600984392925785664489773-109928824856976412487775174607761519739702474552,16639.040831461738,Variance <=,Number <=,215123608059624622405742600984392925785664489773,109928824856976412487775174607761519739702474552
215123608059624622405742600984392925785664489773-1118614325010621431186771152252517336813918651911,1968.6540423830888,Variance <=,sum >,215123608059624622405742600984392925785664489773,1118614325010621431186771152252517336813918651911
215123608059624622405742600984392925785664489773-1184472685782376059334758133512718430805424685192,185.8601010924507,Variance <=,SSH >,215123608059624622405742600984392925785664489773,1184472685782376059334758133512718430805424685192
215123608059624622405742600984392925785664489773-1232849963170894971818913290506039176322619533319,3379.7440735734235,Variance <=,psh_flag_number >,215123608059624622405742600984392925785664489773,1232849963170894971818913290506039176322619533319
215123608059624622405742600984392925785664489773-1233133706649643691022119102239698495899057226060,14770.420188509544,Variance <=,Time_To_Live <=,215123608059624622405742600984392925785664489773,1233133706649643691022119102239698495899057226060
215123608059624622405742600984392925785664489773-1236189254858718471128603624930063881324958313531,5426.2254040805165,Variance <=,HTTPS >,215123608059624622405742600984392925785664489773,1236189254858718471128603624930063881324958313531
215123608059624622405742600984392925785664489773-1239329028096551917906154637654656383307088642249,5051.556334583402,Variance <=,cwr_flag_number <=,215123608059624622405742600984392925785664489773,1239329028096551917906154637654656383307088642249
215123608059624622405742600984392925785664489773-1251276136943778783713685275011300537715092657394,2327.3242848051,Variance <=,fin_flag_number >,215123608059624622405742600984392925785664489773,1251276136943778783713685275011300537715092657394
215123608059624622405742600984392925785664489773-1329847435934461746074927120436757452470095790255,2062.6430784281756,Variance <=,Min >,215123608059624622405742600984392925785664489773,1329847435934461746074927120436757452470095790255
215123608059624622405742600984392925785664489773-1338222599102815322204523610829624561969283441716,33859.30178095233,Variance <=,SSH <=,215123608059624622405742600984392925785664489773,1338222599102815322204523610829624561969283441716
215123608059624622405742600984392925785664489773-1345309773886921328764805451107636357621530213384,23880.725806451614,Variance <=,Class -1,215123608059624622405742600984392925785664489773,1345309773886921328764805451107636357621530213384
215123608059624622405742600984392925785664489773-1375509225989204300559045429796274689340158771149,2654.5670960378284,Variance <=,rst_count <=,215123608059624622405742600984392925785664489773,1375509225989204300559045429796274689340158771149
215123608059624622405742600984392925785664489773-1379366653555122327876205020011632492492609315477,3520.2307190608185,Variance <=,Type <=,215123608059624622405742600984392925785664489773,1379366653555122327876205020011632492492609315477
215123608059624622405742600984392925785664489773-1429650867505148313720594668477948880050562903683,1269.707321050057,Variance <=,syn_flag_number >,215123608059624622405742600984392925785664489773,1429650867505148313720594668477948880050562903683
215123608059624622405742600984392925785664489773-1454952188391427871478129207189215566009723810659,3648.8730190455653,Variance <=,Std >,215123608059624622405742600984392925785664489773,1454952188391427871478129207189215566009723810659
215123608059624622405742600984392925785664489773-1455733501014453866297060548284701359849809242142,21498.448320297914,Variance <=,DHCP <=,215123608059624622405742600984392925785664489773,1455733501014453866297060548284701359849809242142
215123608059624622405742600984392925785664489773-153155765823982001952501641876618811106762500815,20326.02103638171,Variance <=,ack_flag_number >,215123608059624622405742600984392925785664489773,153155765823982001952501641876618811106762500815
215123608059624622405742600984392925785664489773-160227321490815016489601533331665083666172936667,4061.4863535711092,Variance <=,IGMP <=,215123608059624622405742600984392925785664489773,160227321490815016489601533331665083666172936667
215123608059624622405742600984392925785664489773-161772624339136553719839337862344762258727720981,13536.86500318215,Variance <=,ack_flag_number <=,215123608059624622405742600984392925785664489773,161772624339136553719839337862344762258727720981
215123608059624622405742600984392925785664489773-171982518954274878349485416184092168691833932185,73617.77188977662,Variance <=,Class 1,215123608059624622405742600984392925785664489773,171982518954274878349485416184092168691833932185
215123608059624622405742600984392925785664489773-207766774224049171901964708681563529125144087827,1413.745640979787,Variance <=,HTTP >,215123608059624622405742600984392925785664489773,207766774224049171901964708681563529125144087827
215123608059624622405742600984392925785664489773-215123608059624622405742600984392925785664489773,9466.043285136464,Variance <=,Variance <=,215123608059624622405742600984392925785664489773,215123608059624622405742600984392925785664489773
215123608059624622405742600984392925785664489773-218607780770691257170847497927336330511308420255,7135.183617973627,Variance <=,ack_count >,215123608059624622405742600984392925785664489773,218607780770691257170847497927336330511308420255
215123608059624622405742600984392925785664489773-335418722972519651500040442315750311827115323662,2813.023910836669,Variance <=,Rate >,215123608059624622405742600984392925785664489773,335418722972519651500040442315750311827115323662
215123608059624622405742600984392925785664489773-337274849629170698169636561573185333120886675912,1.0101092450676668,Variance <=,ece_flag_number >,215123608059624622405742600984392925785664489773,337274849629170698169636561573185333120886675912
215123608059624622405742600984392925785664489773-338730224709676774412755851787278702947952010784,10895.038317299854,Variance <=,sum <=,215123608059624622405742600984392925785664489773,338730224709676774412755851787278702947952010784
215123608059624622405742600984392925785664489773-371266811264664269299964157380215767396824640058,8200.229772305298,Variance <=,ICMP >,215123608059624622405742600984392925785664489773,371266811264664269299964157380215767396824640058
215123608059624622405742600984392925785664489773-378316838538499851440768051160724422589084218125,7484.665124682442,Variance <=,IAT <=,215123608059624622405742600984392925785664489773,378316838538499851440768051160724422589084218125
215123608059624622405742600984392925785664489773-40351198695966294513339726256484683518911283460,40985.68767324311,Variance <=,fin_flag_number <=,215123608059624622405742600984392925785664489773,40351198695966294513339726256484683518911283460
215123608059624622405742600984392925785664489773-426624906449189252299067265451872698344494536313,12384.34664664454,Variance <=,Number >,215123608059624622405742600984392925785664489773,426624906449189252299067265451872698344494536313
215123608059624622405742600984392925785664489773-450410814915736770904937984733342042835793211647,1608.0939181477254,Variance <=,ece_flag_number <=,215123608059624622405742600984392925785664489773,450410814915736770904937984733342042835793211647
215123608059624622405742600984392925785664489773-475011065740486827108472353828139148231878458661,14338.50073373553,Variance <=,syn_flag_number <=,215123608059624622405742600984392925785664489773,475011065740486827108472353828139148231878458661
215123608059624622405742600984392925785664489773-505469541859377927785473031559292540931343582537,46185.66489851307,Variance <=,ICMP <=,215123608059624622405742600984392925785664489773,505469541859377927785473031559292540931343582537
215123608059624622405742600984392925785664489773-520582048177068818674784514618258893555315007951,869.4596787342931,Variance <=,LLC <=,215123608059624622405742600984392925785664489773,520582048177068818674784514618258893555315007951
215123608059624622405742600984392925785664489773-565103970815292376991711972572924808853013487374,10.101092450676667,Variance <=,IGMP >,215123608059624622405742600984392925785664489773,565103970815292376991711972572924808853013487374
215123608059624622405742600984392925785664489773-629827923182617752624696690572530002196221478554,533.1747605497494,Variance <=,DHCP >,215123608059624622405742600984392925785664489773,629827923182617752624696690572530002196221478554
215123608059624622405742600984392925785664489773-681503808608794911981134712221284126975357543438,25738.49592106163,Variance <=,syn_count <=,215123608059624622405742600984392925785664489773,681503808608794911981134712221284126975357543438
215123608059624622405742600984392925785664489773-684418957212367241623111035135876005715150589706,16677.082848997754,Variance <=,HTTP <=,215123608059624622405742600984392925785664489773,684418957212367241623111035135876005715150589706
215123608059624622405742600984392925785664489773-714914936218336719861297767221934377853836589461,3310.127996086744,Variance <=,UDP >,215123608059624622405742600984392925785664489773,714914936218336719861297767221934377853836589461
215123608059624622405742600984392925785664489773-786396322989194697344344278946426998739971577495,2928.2252410281767,Variance <=,HTTPS <=,215123608059624622405742600984392925785664489773,786396322989194697344344278946426998739971577495
215123608059624622405742600984392925785664489773-795584812918386367255521286735341258439959854242,2629.379533249528,Variance <=,syn_count >,215123608059624622405742600984392925785664489773,795584812918386367255521286735341258439959854242
215123608059624622405742600984392925785664489773-835140271881840015202809914014108690929910415575,3256.5922060981575,Variance <=,IAT >,215123608059624622405742600984392925785664489773,835140271881840015202809914014108690929910415575
215123608059624622405742600984392925785664489773-841356973986788424033641854148712928121319667477,1442.354541533639,Variance <=,Variance >,215123608059624622405742600984392925785664489773,841356973986788424033641854148712928121319667477
215123608059624622405742600984392925785664489773-841518471221275042570144506781210008737201997031,8128.788981343657,Variance <=,Min <=,215123608059624622405742600984392925785664489773,841518471221275042570144506781210008737201997031
215123608059624622405742600984392925785664489773-843826879422383561066103188424018239931401286651,21403.807600868913,Variance <=,ack_count <=,215123608059624622405742600984392925785664489773,843826879422383561066103188424018239931401286651
215123608059624622405742600984392925785664489773-896530251803066355404557928035950607124936193677,31523.701117171517,Variance <=,psh_flag_number <=,215123608059624622405742600984392925785664489773,896530251803066355404557928035950607124936193677
215123608059624622405742600984392925785664489773-922599836131670820904126277297069322180441856169,24158.310343830046,Variance <=,Rate <=,215123608059624622405742600984392925785664489773,922599836131670820904126277297069322180441856169
215123608059624622405742600984392925785664489773-926368966621798523173828527325665066772113177503,11188.898647191556,Variance <=,UDP <=,215123608059624622405742600984392925785664489773,926368966621798523173828527325665066772113177503
215123608059624622405742600984392925785664489773-940331364486966071141541838460909450599289486914,408.7684025604477,Variance <=,rst_count >,215123608059624622405742600984392925785664489773,940331364486966071141541838460909450599289486914
215123608059624622405742600984392925785664489773-974265510705878984211701297112044370513255377925,36900.20307905935,Variance <=,Std <=,215123608059624622405742600984392925785664489773,974265510705878984211701297112044370513255377925
218607780770691257170847497927336330511308420255-1043469376771332113858820724324827897913309990452,6848.377760712802,ack_count >,LLC >,218607780770691257170847497927336330511308420255,1043469376771332113858820724324827897913309990452
218607780770691257170847497927336330511308420255-1043754360836331848364792327262011021650379248223,400.003261046796,ack_count >,DNS >,218607780770691257170847497927336330511308420255,1043754360836331848364792327262011021650379248223
218607780770691257170847497927336330511308420255-1077028023530208599426324724984012030801332581683,2188.906734061634,ack_count >,Time_To_Live >,218607780770691257170847497927336330511308420255,1077028023530208599426324724984012030801332581683
218607780770691257170847497927336330511308420255-1085488307210616684491611463585545838953333018237,286.8710255992174,ack_count >,Type >,218607780770691257170847497927336330511308420255,1085488307210616684491611463585545838953333018237
218607780770691257170847497927336330511308420255-1091995366823138898995898948102109473193356840202,4942.301615270115,ack_count >,DNS <=,218607780770691257170847497927336330511308420255,1091995366823138898995898948102109473193356840202
218607780770691257170847497927336330511308420255-109928824856976412487775174607761519739702474552,10764.571303840146,ack_count >,Number <=,218607780770691257170847497927336330511308420255,109928824856976412487775174607761519739702474552
218607780770691257170847497927336330511308420255-1118614325010621431186771152252517336813918651911,5694.849294930124,ack_count >,sum >,218607780770691257170847497927336330511308420255,1118614325010621431186771152252517336813918651911
218607780770691257170847497927336330511308420255-1184472685782376059334758133512718430805424685192,115.15245393771401,ack_count >,SSH >,218607780770691257170847497927336330511308420255,1184472685782376059334758133512718430805424685192
218607780770691257170847497927336330511308420255-1232849963170894971818913290506039176322619533319,434.3469753790967,ack_count >,psh_flag_number >,218607780770691257170847497927336330511308420255,1232849963170894971818913290506039176322619533319
218607780770691257170847497927336330511308420255-1233133706649643691022119102239698495899057226060,5230.215334283595,ack_count >,Time_To_Live <=,218607780770691257170847497927336330511308420255,1233133706649643691022119102239698495899057226060
218607780770691257170847497927336330511308420255-1236189254858718471128603624930063881324958313531,6752.417382431374,ack_count >,HTTPS >,218607780770691257170847497927336330511308420255,1236189254858718471128603624930063881324958313531
218607780770691257170847497927336330511308420255-1239329028096551917906154637654656383307088642249,15.151638676015,ack_count >,cwr_flag_number <=,218607780770691257170847497927336330511308420255,1239329028096551917906154637654656383307088642249
218607780770691257170847497927336330511308420255-1251276136943778783713685275011300537715092657394,739.1555861205641,ack_count >,fin_flag_number >,218607780770691257170847497927336330511308420255,1251276136943778783713685275011300537715092657394
218607780770691257170847497927336330511308420255-1329847435934461746074927120436757452470095790255,240.40600032610467,ack_count >,Min >,218607780770691257170847497927336330511308420255,1329847435934461746074927120436757452470095790255
218607780770691257170847497927336330511308420255-1338222599102815322204523610829624561969283441716,3188.914886678624,ack_count >,SSH <=,218607780770691257170847497927336330511308420255,1338222599102815322204523610829624561969283441716
218607780770691257170847497927336330511308420255-1345309773886921328764805451107636357621530213384,31674.43548387097,ack_count >,Class -1,218607780770691257170847497927336330511308420255,1345309773886921328764805451107636357621530213384
218607780770691257170847497927336330511308420255-1375509225989204300559045429796274689340158771149,3191.9452144138268,ack_count >,rst_count <=,218607780770691257170847497927336330511308420255,1375509225989204300559045429796274689340158771149
218607780770691257170847497927336330511308420255-1379366653555122327876205020011632492492609315477,4227.307190608185,ack_count >,Type <=,218607780770691257170847497927336330511308420255,1379366653555122327876205020011632492492609315477
218607780770691257170847497927336330511308420255-1429650867505148313720594668477948880050562903683,843.9625663386335,ack_count >,syn_flag_number >,218607780770691257170847497927336330511308420255,1429650867505148313720594668477948880050562903683
218607780770691257170847497927336330511308420255-1454952188391427871478129207189215566009723810659,610.1059840208707,ack_count >,Std >,218607780770691257170847497927336330511308420255,1454952188391427871478129207189215566009723810659
218607780770691257170847497927336330511308420255-1455733501014453866297060548284701359849809242142,1693.9532039784772,ack_count >,DHCP <=,218607780770691257170847497927336330511308420255,1455733501014453866297060548284701359849809242142
218607780770691257170847497927336330511308420255-153155765823982001952501641876618811106762500815,6222.110028770849,ack_count >,ack_flag_number >,218607780770691257170847497927336330511308420255,153155765823982001952501641876618811106762500815
218607780770691257170847497927336330511308420255-160227321490815016489601533331665083666172936667,7567.575543200981,ack_count >,IGMP <=,218607780770691257170847497927336330511308420255,160227321490815016489601533331665083666172936667
218607780770691257170847497927336330511308420255-161772624339136553719839337862344762258727720981,2184.7033762353844,ack_count >,ack_flag_number <=,218607780770691257170847497927336330511308420255,161772624339136553719839337862344762258727720981
218607780770691257170847497927336330511308420255-171982518954274878349485416184092168691833932185,31890.158976031307,ack_count >,Class 1,218607780770691257170847497927336330511308420255,171982518954274878349485416184092168691833932185
218607780770691257170847497927336330511308420255-207766774224049171901964708681563529125144087827,1400.3698395249392,ack_count >,HTTP >,218607780770691257170847497927336330511308420255,207766774224049171901964708681563529125144087827
218607780770691257170847497927336330511308420255-215123608059624622405742600984392925785664489773,3472.429742850681,ack_count >,Variance <=,218607780770691257170847497927336330511308420255,215123608059624622405742600984392925785664489773
218607780770691257170847497927336330511308420255-218607780770691257170847497927336330511308420255,533.337681395728,ack_count >,ack_count >,218607780770691257170847497927336330511308420255,218607780770691257170847497927336330511308420255
218607780770691257170847497927336330511308420255-335418722972519651500040442315750311827115323662,953.5431273438774,ack_count >,Rate >,218607780770691257170847497927336330511308420255,335418722972519651500040442315750311827115323662
218607780770691257170847497927336330511308420255-337274849629170698169636561573185333120886675912,50.505462253383335,ack_count >,ece_flag_number >,218607780770691257170847497927336330511308420255,337274849629170698169636561573185333120886675912
218607780770691257170847497927336330511308420255-338730224709676774412755851787278702947952010784,10114.223870862546,ack_count >,sum <=,218607780770691257170847497927336330511308420255,338730224709676774412755851787278702947952010784
218607780770691257170847497927336330511308420255-371266811264664269299964157380215767396824640058,284.7693466860927,ack_count >,ICMP >,218607780770691257170847497927336330511308420255,371266811264664269299964157380215767396824640058
218607780770691257170847497927336330511308420255-378316838538499851440768051160724422589084218125,3697.7166886699665,ack_count >,IAT <=,218607780770691257170847497927336330511308420255,378316838538499851440768051160724422589084218125
218607780770691257170847497927336330511308420255-40351198695966294513339726256484683518911283460,3523.619472657175,ack_count >,fin_flag_number <=,218607780770691257170847497927336330511308420255,40351198695966294513339726256484683518911283460
218607780770691257170847497927336330511308420255-426624906449189252299067265451872698344494536313,12391.808421390364,ack_count >,Number >,218607780770691257170847497927336330511308420255,426624906449189252299067265451872698344494536313
218607780770691257170847497927336330511308420255-450410814915736770904937984733342042835793211647,11518.275721506603,ack_count >,ece_flag_number <=,218607780770691257170847497927336330511308420255,450410814915736770904937984733342042835793211647
218607780770691257170847497927336330511308420255-475011065740486827108472353828139148231878458661,2327.2917006359044,ack_count >,syn_flag_number <=,218607780770691257170847497927336330511308420255,475011065740486827108472353828139148231878458661
218607780770691257170847497927336330511308420255-505469541859377927785473031559292540931343582537,5680.610012991589,ack_count >,ICMP <=,218607780770691257170847497927336330511308420255,505469541859377927785473031559292540931343582537
218607780770691257170847497927336330511308420255-520582048177068818674784514618258893555315007951,582.8330344040437,ack_count >,LLC <=,218607780770691257170847497927336330511308420255,520582048177068818674784514618258893555315007951
218607780770691257170847497927336330511308420255-629827923182617752624696690572530002196221478554,10.101092450676667,ack_count >,DHCP >,218607780770691257170847497927336330511308420255,629827923182617752624696690572530002196221478554
218607780770691257170847497927336330511308420255-681503808608794911981134712221284126975357543438,8940.476928093918,ack_count >,syn_count <=,218607780770691257170847497927336330511308420255,681503808608794911981134712221284126975357543438
218607780770691257170847497927336330511308420255-684418957212367241623111035135876005715150589706,6522.715281686066,ack_count >,HTTP <=,218607780770691257170847497927336330511308420255,684418957212367241623111035135876005715150589706
218607780770691257170847497927336330511308420255-714914936218336719861297767221934377853836589461,4417.9245804032125,ack_count >,UDP >,218607780770691257170847497927336330511308420255,714914936218336719861297767221934377853836589461
218607780770691257170847497927336330511308420255-786396322989194697344344278946426998739971577495,2930.6853458024543,ack_count >,HTTPS <=,218607780770691257170847497927336330511308420255,786396322989194697344344278946426998739971577495
218607780770691257170847497927336330511308420255-795584812918386367255521286735341258439959854242,3891.576203299969,ack_count >,syn_count >,218607780770691257170847497927336330511308420255,795584812918386367255521286735341258439959854242
218607780770691257170847497927336330511308420255-835140271881840015202809914014108690929910415575,681.8237404206751,ack_count >,IAT >,218607780770691257170847497927336330511308420255,835140271881840015202809914014108690929910415575
218607780770691257170847497927336330511308420255-841356973986788424033641854148712928121319667477,544.4488830914723,ack_count >,Variance >,218607780770691257170847497927336330511308420255,841356973986788424033641854148712928121319667477
218607780770691257170847497927336330511308420255-841518471221275042570144506781210008737201997031,7445.433784970783,ack_count >,Min <=,218607780770691257170847497927336330511308420255,841518471221275042570144506781210008737201997031
218607780770691257170847497927336330511308420255-843826879422383561066103188424018239931401286651,3638.169119464768,ack_count >,ack_count <=,218607780770691257170847497927336330511308420255,843826879422383561066103188424018239931401286651
218607780770691257170847497927336330511308420255-896530251803066355404557928035950607124936193677,2945.152716925359,ack_count >,psh_flag_number <=,218607780770691257170847497927336330511308420255,896530251803066355404557928035950607124936193677
218607780770691257170847497927336330511308420255-922599836131670820904126277297069322180441856169,26728.288936635756,ack_count >,Rate <=,218607780770691257170847497927336330511308420255,922599836131670820904126277297069322180441856169
218607780770691257170847497927336330511308420255-926368966621798523173828527325665066772113177503,6154.416417266717,ack_count >,UDP <=,218607780770691257170847497927336330511308420255,926368966621798523173828527325665066772113177503
218607780770691257170847497927336330511308420255-940331364486966071141541838460909450599289486914,7.0707647154736675,ack_count >,rst_count >,218607780770691257170847497927336330511308420255,940331364486966071141541838460909450599289486914
218607780770691257170847497927336330511308420255-974265510705878984211701297112044370513255377925,6222.191489193838,ack_count >,Std <=,218607780770691257170847497927336330511308420255,974265510705878984211701297112044370513255377925
335418722972519651500040442315750311827115323662-1043469376771332113858820724324827897913309990452,5652.13144911452,Rate >,LLC >,335418722972519651500040442315750311827115323662,1043469376771332113858820724324827897913309990452
335418722972519651500040442315750311827115323662-1043754360836331848364792327262011021650379248223,700.8528952309821,Rate >,DNS >,335418722972519651500040442315750311827115323662,1043754360836331848364792327262011021650379248223
335418722972519651500040442315750311827115323662-1077028023530208599426324724984012030801332581683,803.0368498287951,Rate >,Time_To_Live >,335418722972519651500040442315750311827115323662,1077028023530208599426324724984012030801332581683
335418722972519651500040442315750311827115323662-1085488307210616684491611463585545838953333018237,437.3773031142997,Rate >,Type >,335418722972519651500040442315750311827115323662,1085488307210616684491611463585545838953333018237
335418722972519651500040442315750311827115323662-1091995366823138898995898948102109473193356840202,7367.117734308842,Rate >,DNS <=,335418722972519651500040442315750311827115323662,1091995366823138898995898948102109473193356840202
335418722972519651500040442315750311827115323662-109928824856976412487775174607761519739702474552,2177.7955323658894,Rate >,Number <=,335418722972519651500040442315750311827115323662,109928824856976412487775174607761519739702474552
335418722972519651500040442315750311827115323662-1118614325010621431186771152252517336813918651911,1876.2127543747995,Rate >,sum >,335418722972519651500040442315750311827115323662,1118614325010621431186771152252517336813918651911
335418722972519651500040442315750311827115323662-1184472685782376059334758133512718430805424685192,62.62677319419534,Rate >,SSH >,335418722972519651500040442315750311827115323662,1184472685782376059334758133512718430805424685192
335418722972519651500040442315750311827115323662-1232849963170894971818913290506039176322619533319,1193.949127669982,Rate >,psh_flag_number >,335418722972519651500040442315750311827115323662,1232849963170894971818913290506039176322619533319
335418722972519651500040442315750311827115323662-1233133706649643691022119102239698495899057226060,4492.868169553394,Rate >,Time_To_Live <=,335418722972519651500040442315750311827115323662,1233133706649643691022119102239698495899057226060
335418722972519651500040442315750311827115323662-1236189254858718471128603624930063881324958313531,580.7313554909191,Rate >,HTTPS >,335418722972519651500040442315750311827115323662,1236189254858718471128603624930063881324958313531
335418722972519651500040442315750311827115323662-1251276136943778783713685275011300537715092657394,1944.9327672085965,Rate >,fin_flag_number >,335418722972519651500040442315750311827115323662,1251276136943778783713685275011300537715092657394
335418722972519651500040442315750311827115323662-1329847435934461746074927120436757452470095790255,386.8718408609164,Rate >,Min >,335418722972519651500040442315750311827115323662,1329847435934461746074927120436757452470095790255
335418722972519651500040442315750311827115323662-1338222599102815322204523610829624561969283441716,267.6789499429317,Rate >,SSH <=,335418722972519651500040442315750311827115323662,1338222599102815322204523610829624561969283441716
335418722972519651500040442315750311827115323662-1345309773886921328764805451107636357621530213384,47561.61290322581,Rate >,Class -1,335418722972519651500040442315750311827115323662,1345309773886921328764805451107636357621530213384
335418722972519651500040442315750311827115323662-1375509225989204300559045429796274689340158771149,995.9677156367194,Rate >,rst_count <=,335418722972519651500040442315750311827115323662,1375509225989204300559045429796274689340158771149
335418722972519651500040442315750311827115323662-1379366653555122327876205020011632492492609315477,6614.130168364691,Rate >,Type <=,335418722972519651500040442315750311827115323662,1379366653555122327876205020011632492492609315477
335418722972519651500040442315750311827115323662-1454952188391427871478129207189215566009723810659,553.458405874092,Rate >,Std >,335418722972519651500040442315750311827115323662,1454952188391427871478129207189215566009723810659
335418722972519651500040442315750311827115323662-1455733501014453866297060548284701359849809242142,677.7833034404044,Rate >,DHCP <=,335418722972519651500040442315750311827115323662,1455733501014453866297060548284701359849809242142
335418722972519651500040442315750311827115323662-153155765823982001952501641876618811106762500815,863.643404532855,Rate >,ack_flag_number >,335418722972519651500040442315750311827115323662,153155765823982001952501641876618811106762500815
335418722972519651500040442315750311827115323662-160227321490815016489601533331665083666172936667,7.0707647154736675,Rate >,IGMP <=,335418722972519651500040442315750311827115323662,160227321490815016489601533331665083666172936667
335418722972519651500040442315750311827115323662-161772624339136553719839337862344762258727720981,5955.327143480799,Rate >,ack_flag_number <=,335418722972519651500040442315750311827115323662,161772624339136553719839337862344762258727720981
335418722972519651500040442315750311827115323662-171982518954274878349485416184092168691833932185,12149.593999673896,Rate >,Class 1,335418722972519651500040442315750311827115323662,171982518954274878349485416184092168691833932185
335418722972519651500040442315750311827115323662-207766774224049171901964708681563529125144087827,198.91006085534102,Rate >,HTTP >,335418722972519651500040442315750311827115323662,207766774224049171901964708681563529125144087827
335418722972519651500040442315750311827115323662-215123608059624622405742600984392925785664489773,3354.6379712081125,Rate >,Variance <=,335418722972519651500040442315750311827115323662,215123608059624622405742600984392925785664489773
335418722972519651500040442315750311827115323662-218607780770691257170847497927336330511308420255,841.3395407183771,Rate >,ack_count >,335418722972519651500040442315750311827115323662,218607780770691257170847497927336330511308420255
335418722972519651500040442315750311827115323662-335418722972519651500040442315750311827115323662,7744.947468217943,Rate >,Rate >,335418722972519651500040442315750311827115323662,335418722972519651500040442315750311827115323662
335418722972519651500040442315750311827115323662-338730224709676774412755851787278702947952010784,3087.4151996339215,Rate >,sum <=,335418722972519651500040442315750311827115323662,338730224709676774412755851787278702947952010784
335418722972519651500040442315750311827115323662-371266811264664269299964157380215767396824640058,350.2635267695124,Rate >,ICMP >,335418722972519651500040442315750311827115323662,371266811264664269299964157380215767396824640058
335418722972519651500040442315750311827115323662-378316838538499851440768051160724422589084218125,5733.51041168086,Rate >,IAT <=,335418722972519651500040442315750311827115323662,378316838538499851440768051160724422589084218125
335418722972519651500040442315750311827115323662-40351198695966294513339726256484683518911283460,1230.3130604924181,Rate >,fin_flag_number <=,335418722972519651500040442315750311827115323662,40351198695966294513339726256484683518911283460
335418722972519651500040442315750311827115323662-426624906449189252299067265451872698344494536313,303.7985014963997,Rate >,Number >,335418722972519651500040442315750311827115323662,426624906449189252299067265451872698344494536313
335418722972519651500040442315750311827115323662-450410814915736770904937984733342042835793211647,47.47513451818034,Rate >,ece_flag_number <=,335418722972519651500040442315750311827115323662,450410814915736770904937984733342042835793211647
335418722972519651500040442315750311827115323662-475011065740486827108472353828139148231878458661,49.49535300831567,Rate >,syn_flag_number <=,335418722972519651500040442315750311827115323662,475011065740486827108472353828139148231878458661
335418722972519651500040442315750311827115323662-505469541859377927785473031559292540931343582537,2647.2519500533867,Rate >,ICMP <=,335418722972519651500040442315750311827115323662,505469541859377927785473031559292540931343582537
335418722972519651500040442315750311827115323662-520582048177068818674784514618258893555315007951,138.30350615128103,Rate >,LLC <=,335418722972519651500040442315750311827115323662,520582048177068818674784514618258893555315007951
335418722972519651500040442315750311827115323662-681503808608794911981134712221284126975357543438,1144.7307400998302,Rate >,syn_count <=,335418722972519651500040442315750311827115323662,681503808608794911981134712221284126975357543438
335418722972519651500040442315750311827115323662-684418957212367241623111035135876005715150589706,6047.295961035751,Rate >,HTTP <=,335418722972519651500040442315750311827115323662,684418957212367241623111035135876005715150589706
335418722972519651500040442315750311827115323662-714914936218336719861297767221934377853836589461,1174.7570520136965,Rate >,UDP >,335418722972519651500040442315750311827115323662,714914936218336719861297767221934377853836589461
335418722972519651500040442315750311827115323662-786396322989194697344344278946426998739971577495,1733.2985882823225,Rate >,HTTPS <=,335418722972519651500040442315750311827115323662,786396322989194697344344278946426998739971577495
335418722972519651500040442315750311827115323662-795584812918386367255521286735341258439959854242,1349.5385355795986,Rate >,syn_count >,335418722972519651500040442315750311827115323662,795584812918386367255521286735341258439959854242
335418722972519651500040442315750311827115323662-835140271881840015202809914014108690929910415575,3773.5889266422264,Rate >,IAT >,335418722972519651500040442315750311827115323662,835140271881840015202809914014108690929910415575
335418722972519651500040442315750311827115323662-841356973986788424033641854148712928121319667477,95.96037828142835,Rate >,Variance >,335418722972519651500040442315750311827115323662,841356973986788424033641854148712928121319667477
335418722972519651500040442315750311827115323662-841518471221275042570144506781210008737201997031,979.2357447547114,Rate >,Min <=,335418722972519651500040442315750311827115323662,841518471221275042570144506781210008737201997031
335418722972519651500040442315750311827115323662-843826879422383561066103188424018239931401286651,10391.938744917765,Rate >,ack_count <=,335418722972519651500040442315750311827115323662,843826879422383561066103188424018239931401286651
335418722972519651500040442315750311827115323662-896530251803066355404557928035950607124936193677,18212.80732736176,Rate >,psh_flag_number <=,335418722972519651500040442315750311827115323662,896530251803066355404557928035950607124936193677
335418722972519651500040442315750311827115323662-922599836131670820904126277297069322180441856169,8134.768176391073,Rate >,Rate <=,335418722972519651500040442315750311827115323662,922599836131670820904126277297069322180441856169
335418722972519651500040442315750311827115323662-926368966621798523173828527325665066772113177503,3016.0069928414764,Rate >,UDP <=,335418722972519651500040442315750311827115323662,926368966621798523173828527325665066772113177503
335418722972519651500040442315750311827115323662-940331364486966071141541838460909450599289486914,1820.770790488263,Rate >,rst_count >,335418722972519651500040442315750311827115323662,940331364486966071141541838460909450599289486914
335418722972519651500040442315750311827115323662-974265510705878984211701297112044370513255377925,4988.701472204836,Rate >,Std <=,335418722972519651500040442315750311827115323662,974265510705878984211701297112044370513255377925
338730224709676774412755851787278702947952010784-1043469376771332113858820724324827897913309990452,9210.534522388138,sum <=,LLC >,338730224709676774412755851787278702947952010784,1043469376771332113858820724324827897913309990452
338730224709676774412755851787278702947952010784-1043754360836331848364792327262011021650379248223,933.3409424425241,sum <=,DNS >,338730224709676774412755851787278702947952010784,1043754360836331848364792327262011021650379248223
338730224709676774412755851787278702947952010784-1077028023530208599426324724984012030801332581683,7860.507224270604,sum <=,Time_To_Live >,338730224709676774412755851787278702947952010784,1077028023530208599426324724984012030801332581683
338730224709676774412755851787278702947952010784-1085488307210616684491611463585545838953333018237,3362.001993446348,sum <=,Type >,338730224709676774412755851787278702947952010784,1085488307210616684491611463585545838953333018237
338730224709676774412755851787278702947952010784-1091995366823138898995898948102109473193356840202,11207.080613602773,sum <=,DNS <=,338730224709676774412755851787278702947952010784,1091995366823138898995898948102109473193356840202
338730224709676774412755851787278702947952010784-109928824856976412487775174607761519739702474552,12661.475005654234,sum <=,Number <=,338730224709676774412755851787278702947952010784,109928824856976412487775174607761519739702474552
338730224709676774412755851787278702947952010784-1118614325010621431186771152252517336813918651911,5328.603233170106,sum <=,sum >,338730224709676774412755851787278702947952010784,1118614325010621431186771152252517336813918651911
338730224709676774412755851787278702947952010784-1184472685782376059334758133512718430805424685192,88.88961356595468,sum <=,SSH >,338730224709676774412755851787278702947952010784,1184472685782376059334758133512718430805424685192
338730224709676774412755851787278702947952010784-1232849963170894971818913290506039176322619533319,2334.362465351378,sum <=,psh_flag_number >,338730224709676774412755851787278702947952010784,1232849963170894971818913290506039176322619533319
338730224709676774412755851787278702947952010784-1233133706649643691022119102239698495899057226060,9617.119785612473,sum <=,Time_To_Live <=,338730224709676774412755851787278702947952010784,1233133706649643691022119102239698495899057226060
338730224709676774412755851787278702947952010784-1236189254858718471128603624930063881324958313531,13086.97537909669,sum <=,HTTPS >,338730224709676774412755851787278702947952010784,1236189254858718471128603624930063881324958313531
338730224709676774412755851787278702947952010784-1239329028096551917906154637654656383307088642249,23.232512636556336,sum <=,cwr_flag_number <=,338730224709676774412755851787278702947952010784,1239329028096551917906154637654656383307088642249
338730224709676774412755851787278702947952010784-1251276136943778783713685275011300537715092657394,728.2887656937877,sum <=,fin_flag_number >,338730224709676774412755851787278702947952010784,1251276136943778783713685275011300537715092657394
338730224709676774412755851787278702947952010784-1329847435934461746074927120436757452470095790255,861.5417256197304,sum <=,Min >,338730224709676774412755851787278702947952010784,1329847435934461746074927120436757452470095790255
338730224709676774412755851787278702947952010784-1338222599102815322204523610829624561969283441716,3930.3350725582914,sum <=,SSH <=,338730224709676774412755851787278702947952010784,1338222599102815322204523610829624561969283441716
338730224709676774412755851787278702947952010784-1345309773886921328764805451107636357621530213384,37569.67741935484,sum <=,Class -1,338730224709676774412755851787278702947952010784,1345309773886921328764805451107636357621530213384
338730224709676774412755851787278702947952010784-1375509225989204300559045429796274689340158771149,14985.654918131946,sum <=,rst_count <=,338730224709676774412755851787278702947952010784,1375509225989204300559045429796274689340158771149
338730224709676774412755851787278702947952010784-1379366653555122327876205020011632492492609315477,7569.302504168354,sum <=,Type <=,338730224709676774412755851787278702947952010784,1379366653555122327876205020011632492492609315477
338730224709676774412755851787278702947952010784-1429650867505148313720594668477948880050562903683,345.3759013901527,sum <=,syn_flag_number >,338730224709676774412755851787278702947952010784,1429650867505148313720594668477948880050562903683
338730224709676774412755851787278702947952010784-1454952188391427871478129207189215566009723810659,7548.383467544695,sum <=,Std >,338730224709676774412755851787278702947952010784,1454952188391427871478129207189215566009723810659
338730224709676774412755851787278702947952010784-1455733501014453866297060548284701359849809242142,10485.16205298675,sum <=,DHCP <=,338730224709676774412755851787278702947952010784,1455733501014453866297060548284701359849809242142
338730224709676774412755851787278702947952010784-153155765823982001952501641876618811106762500815,7909.432354317994,sum <=,ack_flag_number >,338730224709676774412755851787278702947952010784,153155765823982001952501641876618811106762500815
338730224709676774412755851787278702947952010784-160227321490815016489601533331665083666172936667,690.9147236262841,sum <=,IGMP <=,338730224709676774412755851787278702947952010784,160227321490815016489601533331665083666172936667
338730224709676774412755851787278702947952010784-161772624339136553719839337862344762258727720981,7177.200904151523,sum <=,ack_flag_number <=,338730224709676774412755851787278702947952010784,161772624339136553719839337862344762258727720981
338730224709676774412755851787278702947952010784-171982518954274878349485416184092168691833932185,39749.81901190282,sum <=,Class 1,338730224709676774412755851787278702947952010784,171982518954274878349485416184092168691833932185
338730224709676774412755851787278702947952010784-207766774224049171901964708681563529125144087827,952.0442555608738,sum <=,HTTP >,338730224709676774412755851787278702947952010784,207766774224049171901964708681563529125144087827
338730224709676774412755851787278702947952010784-215123608059624622405742600984392925785664489773,18873.891244089355,sum <=,Variance <=,338730224709676774412755851787278702947952010784,215123608059624622405742600984392925785664489773
338730224709676774412755851787278702947952010784-218607780770691257170847497927336330511308420255,5941.462579488016,sum <=,ack_count >,338730224709676774412755851787278702947952010784,218607780770691257170847497927336330511308420255
338730224709676774412755851787278702947952010784-335418722972519651500040442315750311827115323662,2279.572184848756,sum <=,Rate >,338730224709676774412755851787278702947952010784,335418722972519651500040442315750311827115323662
338730224709676774412755851787278702947952010784-338730224709676774412755851787278702947952010784,1909.025012754901,sum <=,sum <=,338730224709676774412755851787278702947952010784,338730224709676774412755851787278702947952010784
338730224709676774412755851787278702947952010784-371266811264664269299964157380215767396824640058,6190.11237462064,sum <=,ICMP >,338730224709676774412755851787278702947952010784,371266811264664269299964157380215767396824640058
338730224709676774412755851787278702947952010784-378316838538499851440768051160724422589084218125,7100.986532402708,sum <=,IAT <=,338730224709676774412755851787278702947952010784,378316838538499851440768051160724422589084218125
338730224709676774412755851787278702947952010784-40351198695966294513339726256484683518911283460,10481.57779437522,sum <=,fin_flag_number <=,338730224709676774412755851787278702947952010784,40351198695966294513339726256484683518911283460
338730224709676774412755851787278702947952010784-426624906449189252299067265451872698344494536313,12513.96647170516,sum <=,Number >,338730224709676774412755851787278702947952010784,426624906449189252299067265451872698344494536313
338730224709676774412755851787278702947952010784-450410814915736770904937984733342042835793211647,1105.7437816571378,sum <=,ece_flag_number <=,338730224709676774412755851787278702947952010784,450410814915736770904937984733342042835793211647
338730224709676774412755851787278702947952010784-475011065740486827108472353828139148231878458661,8952.793744049904,sum <=,syn_flag_number <=,338730224709676774412755851787278702947952010784,475011065740486827108472353828139148231878458661
338730224709676774412755851787278702947952010784-505469541859377927785473031559292540931343582537,35730.70837037076,sum <=,ICMP <=,338730224709676774412755851787278702947952010784,505469541859377927785473031559292540931343582537
338730224709676774412755851787278702947952010784-520582048177068818674784514618258893555315007951,417.17511821294636,sum <=,LLC <=,338730224709676774412755851787278702947952010784,520582048177068818674784514618258893555315007951
338730224709676774412755851787278702947952010784-629827923182617752624696690572530002196221478554,1.0101092450676668,sum <=,DHCP >,338730224709676774412755851787278702947952010784,629827923182617752624696690572530002196221478554
338730224709676774412755851787278702947952010784-681503808608794911981134712221284126975357543438,8691.501291269336,sum <=,syn_count <=,338730224709676774412755851787278702947952010784,681503808608794911981134712221284126975357543438
338730224709676774412755851787278702947952010784-684418957212367241623111035135876005715150589706,5426.2254040805165,sum <=,HTTP <=,338730224709676774412755851787278702947952010784,684418957212367241623111035135876005715150589706
338730224709676774412755851787278702947952010784-714914936218336719861297767221934377853836589461,1536.2132409019425,sum <=,UDP >,338730224709676774412755851787278702947952010784,714914936218336719861297767221934377853836589461
338730224709676774412755851787278702947952010784-786396322989194697344344278946426998739971577495,9074.984378533896,sum <=,HTTPS <=,338730224709676774412755851787278702947952010784,786396322989194697344344278946426998739971577495
338730224709676774412755851787278702947952010784-795584812918386367255521286735341258439959854242,2133.627691021076,sum <=,syn_count >,338730224709676774412755851787278702947952010784,795584812918386367255521286735341258439959854242
338730224709676774412755851787278702947952010784-835140271881840015202809914014108690929910415575,7827.694965890502,sum <=,IAT >,338730224709676774412755851787278702947952010784,835140271881840015202809914014108690929910415575
338730224709676774412755851787278702947952010784-841356973986788424033641854148712928121319667477,954.5532365889451,sum <=,Variance >,338730224709676774412755851787278702947952010784,841356973986788424033641854148712928121319667477
338730224709676774412755851787278702947952010784-841518471221275042570144506781210008737201997031,9766.925503489847,sum <=,Min <=,338730224709676774412755851787278702947952010784,841518471221275042570144506781210008737201997031
338730224709676774412755851787278702947952010784-843826879422383561066103188424018239931401286651,12997.320037554637,sum <=,ack_count <=,338730224709676774412755851787278702947952010784,843826879422383561066103188424018239931401286651
338730224709676774412755851787278702947952010784-896530251803066355404557928035950607124936193677,2635.293559958553,sum <=,psh_flag_number <=,338730224709676774412755851787278702947952010784,896530251803066355404557928035950607124936193677
338730224709676774412755851787278702947952010784-922599836131670820904126277297069322180441856169,7579.615393718804,sum <=,Rate <=,338730224709676774412755851787278702947952010784,922599836131670820904126277297069322180441856169
338730224709676774412755851787278702947952010784-926368966621798523173828527325665066772113177503,3783.6248507545115,sum <=,UDP <=,338730224709676774412755851787278702947952010784,926368966621798523173828527325665066772113177503
338730224709676774412755851787278702947952010784-940331364486966071141541838460909450599289486914,7229.710292810444,sum <=,rst_count >,338730224709676774412755851787278702947952010784,940331364486966071141541838460909450599289486914
338730224709676774412755851787278702947952010784-974265510705878984211701297112044370513255377925,16028.820802848682,sum <=,Std <=,338730224709676774412755851787278702947952010784,974265510705878984211701297112044370513255377925
371266811264664269299964157380215767396824640058-1043469376771332113858820724324827897913309990452,486.7097352766367,ICMP >,LLC >,371266811264664269299964157380215767396824640058,1043469376771332113858820724324827897913309990452
371266811264664269299964157380215767396824640058-1043754360836331848364792327262011021650379248223,382.5870226116777,ICMP >,DNS >,371266811264664269299964157380215767396824640058,1043754360836331848364792327262011021650379248223
371266811264664269299964157380215767396824640058-1077028023530208599426324724984012030801332581683,879.2349294930125,ICMP >,Time_To_Live >,371266811264664269299964157380215767396824640058,1077028023530208599426324724984012030801332581683
371266811264664269299964157380215767396824640058-1085488307210616684491611463585545838953333018237,247.39530461858902,ICMP >,Type >,371266811264664269299964157380215767396824640058,1085488307210616684491611463585545838953333018237
371266811264664269299964157380215767396824640058-1091995366823138898995898948102109473193356840202,236.28410292284468,ICMP >,DNS <=,371266811264664269299964157380215767396824640058,1091995366823138898995898948102109473193356840202
371266811264664269299964157380215767396824640058-109928824856976412487775174607761519739702474552,233.33523561063103,ICMP >,Number <=,371266811264664269299964157380215767396824640058,109928824856976412487775174607761519739702474552
371266811264664269299964157380215767396824640058-1118614325010621431186771152252517336813918651911,6117.384508975769,ICMP >,sum >,371266811264664269299964157380215767396824640058,1118614325010621431186771152252517336813918651911
371266811264664269299964157380215767396824640058-1184472685782376059334758133512718430805424685192,2.0202184901353335,ICMP >,SSH >,371266811264664269299964157380215767396824640058,1184472685782376059334758133512718430805424685192
371266811264664269299964157380215767396824640058-1232849963170894971818913290506039176322619533319,41.414479047774336,ICMP >,psh_flag_number >,371266811264664269299964157380215767396824640058,1232849963170894971818913290506039176322619533319
371266811264664269299964157380215767396824640058-1233133706649643691022119102239698495899057226060,13360.144761549103,ICMP >,Time_To_Live <=,371266811264664269299964157380215767396824640058,1233133706649643691022119102239698495899057226060
371266811264664269299964157380215767396824640058-1236189254858718471128603624930063881324958313531,426.26610141855537,ICMP >,HTTPS >,371266811264664269299964157380215767396824640058,1236189254858718471128603624930063881324958313531
371266811264664269299964157380215767396824640058-1251276136943778783713685275011300537715092657394,341.2540039868927,ICMP >,fin_flag_number >,371266811264664269299964157380215767396824640058,1251276136943778783713685275011300537715092657394
371266811264664269299964157380215767396824640058-1329847435934461746074927120436757452470095790255,664.4889624085461,ICMP >,Min >,371266811264664269299964157380215767396824640058,1329847435934461746074927120436757452470095790255
371266811264664269299964157380215767396824640058-1338222599102815322204523610829624561969283441716,1160.8110275979234,ICMP >,SSH <=,371266811264664269299964157380215767396824640058,1338222599102815322204523610829624561969283441716
371266811264664269299964157380215767396824640058-1345309773886921328764805451107636357621530213384,50958.87096774194,ICMP >,Class -1,371266811264664269299964157380215767396824640058,1345309773886921328764805451107636357621530213384
371266811264664269299964157380215767396824640058-1375509225989204300559045429796274689340158771149,43.43469753790967,ICMP >,rst_count <=,371266811264664269299964157380215767396824640058,1375509225989204300559045429796274689340158771149
371266811264664269299964157380215767396824640058-1379366653555122327876205020011632492492609315477,1221.3361218789942,ICMP >,Type <=,371266811264664269299964157380215767396824640058,1379366653555122327876205020011632492492609315477
371266811264664269299964157380215767396824640058-1429650867505148313720594668477948880050562903683,33.333605087233,ICMP >,syn_flag_number >,371266811264664269299964157380215767396824640058,1429650867505148313720594668477948880050562903683
371266811264664269299964157380215767396824640058-1454952188391427871478129207189215566009723810659,100.000815261699,ICMP >,Std >,371266811264664269299964157380215767396824640058,1454952188391427871478129207189215566009723810659
371266811264664269299964157380215767396824640058-1455733501014453866297060548284701359849809242142,154.546714495353,ICMP >,DHCP <=,371266811264664269299964157380215767396824640058,1455733501014453866297060548284701359849809242142
371266811264664269299964157380215767396824640058-153155765823982001952501641876618811106762500815,379.8010761454427,ICMP >,ack_flag_number >,371266811264664269299964157380215767396824640058,153155765823982001952501641876618811106762500815
371266811264664269299964157380215767396824640058-160227321490815016489601533331665083666172936667,965.9414037228531,ICMP >,IGMP <=,371266811264664269299964157380215767396824640058,160227321490815016489601533331665083666172936667
371266811264664269299964157380215767396824640058-161772624339136553719839337862344762258727720981,3465.1797652046307,ICMP >,ack_flag_number <=,371266811264664269299964157380215767396824640058,161772624339136553719839337862344762258727720981
371266811264664269299964157380215767396824640058-171982518954274878349485416184092168691833932185,2829.3159954345347,ICMP >,Class 1,371266811264664269299964157380215767396824640058,171982518954274878349485416184092168691833932185
371266811264664269299964157380215767396824640058-207766774224049171901964708681563529125144087827,23.232512636556336,ICMP >,HTTP >,371266811264664269299964157380215767396824640058,207766774224049171901964708681563529125144087827
371266811264664269299964157380215767396824640058-215123608059624622405742600984392925785664489773,3473.3095154189655,ICMP >,Variance <=,371266811264664269299964157380215767396824640058,215123608059624622405742600984392925785664489773
371266811264664269299964157380215767396824640058-218607780770691257170847497927336330511308420255,171.71857166150335,ICMP >,ack_count >,371266811264664269299964157380215767396824640058,218607780770691257170847497927336330511308420255
371266811264664269299964157380215767396824640058-335418722972519651500040442315750311827115323662,1065.8607585615628,ICMP >,Rate >,371266811264664269299964157380215767396824640058,335418722972519651500040442315750311827115323662
371266811264664269299964157380215767396824640058-338730224709676774412755851787278702947952010784,1227.4782377723895,ICMP >,sum <=,371266811264664269299964157380215767396824640058,338730224709676774412755851787278702947952010784
371266811264664269299964157380215767396824640058-371266811264664269299964157380215767396824640058,4714.473104253562,ICMP >,ICMP >,371266811264664269299964157380215767396824640058,371266811264664269299964157380215767396824640058
371266811264664269299964157380215767396824640058-378316838538499851440768051160724422589084218125,1135.9655985861784,ICMP >,IAT <=,371266811264664269299964157380215767396824640058,378316838538499851440768051160724422589084218125
371266811264664269299964157380215767396824640058-40351198695966294513339726256484683518911283460,4772.619554183345,ICMP >,fin_flag_number <=,371266811264664269299964157380215767396824640058,40351198695966294513339726256484683518911283460
371266811264664269299964157380215767396824640058-426624906449189252299067265451872698344494536313,720.973619709346,ICMP >,Number >,371266811264664269299964157380215767396824640058,426624906449189252299067265451872698344494536313
371266811264664269299964157380215767396824640058-450410814915736770904937984733342042835793211647,1017.3755147983148,ICMP >,ece_flag_number <=,371266811264664269299964157380215767396824640058,450410814915736770904937984733342042835793211647
371266811264664269299964157380215767396824640058-475011065740486827108472353828139148231878458661,552.5297570520137,ICMP >,syn_flag_number <=,371266811264664269299964157380215767396824640058,475011065740486827108472353828139148231878458661
371266811264664269299964157380215767396824640058-505469541859377927785473031559292540931343582537,2563.2499618667916,ICMP >,ICMP <=,371266811264664269299964157380215767396824640058,505469541859377927785473031559292540931343582537
371266811264664269299964157380215767396824640058-520582048177068818674784514618258893555315007951,169.6168927483787,ICMP >,LLC <=,371266811264664269299964157380215767396824640058,520582048177068818674784514618258893555315007951
371266811264664269299964157380215767396824640058-681503808608794911981134712221284126975357543438,4769.947652309294,ICMP >,syn_count <=,371266811264664269299964157380215767396824640058,681503808608794911981134712221284126975357543438
371266811264664269299964157380215767396824640058-684418957212367241623111035135876005715150589706,7984.620324737144,ICMP >,HTTP <=,371266811264664269299964157380215767396824640058,684418957212367241623111035135876005715150589706
371266811264664269299964157380215767396824640058-714914936218336719861297767221934377853836589461,125.25354638839067,ICMP >,UDP >,371266811264664269299964157380215767396824640058,714914936218336719861297767221934377853836589461
371266811264664269299964157380215767396824640058-786396322989194697344344278946426998739971577495,2287.1154200175674,ICMP >,HTTPS <=,371266811264664269299964157380215767396824640058,786396322989194697344344278946426998739971577495
371266811264664269299964157380215767396824640058-795584812918386367255521286735341258439959854242,408.7684025604477,ICMP >,syn_count >,371266811264664269299964157380215767396824640058,795584812918386367255521286735341258439959854242
371266811264664269299964157380215767396824640058-835140271881840015202809914014108690929910415575,5036.176606723016,ICMP >,IAT >,371266811264664269299964157380215767396824640058,835140271881840015202809914014108690929910415575
371266811264664269299964157380215767396824640058-841356973986788424033641854148712928121319667477,218.18359693461602,ICMP >,Variance >,371266811264664269299964157380215767396824640058,841356973986788424033641854148712928121319667477
371266811264664269299964157380215767396824640058-841518471221275042570144506781210008737201997031,5635.529814909296,ICMP >,Min <=,371266811264664269299964157380215767396824640058,841518471221275042570144506781210008737201997031
371266811264664269299964157380215767396824640058-843826879422383561066103188424018239931401286651,435.0312429322071,ICMP >,ack_count <=,371266811264664269299964157380215767396824640058,843826879422383561066103188424018239931401286651
371266811264664269299964157380215767396824640058-896530251803066355404557928035950607124936193677,2294.430566002009,ICMP >,psh_flag_number <=,371266811264664269299964157380215767396824640058,896530251803066355404557928035950607124936193677
371266811264664269299964157380215767396824640058-922599836131670820904126277297069322180441856169,6102.558711991711,ICMP >,Rate <=,371266811264664269299964157380215767396824640058,922599836131670820904126277297069322180441856169
371266811264664269299964157380215767396824640058-926368966621798523173828527325665066772113177503,1005.4985851264707,ICMP >,UDP <=,371266811264664269299964157380215767396824640058,926368966621798523173828527325665066772113177503
371266811264664269299964157380215767396824640058-974265510705878984211701297112044370513255377925,223.23414315995436,ICMP >,Std <=,371266811264664269299964157380215767396824640058,974265510705878984211701297112044370513255377925
378316838538499851440768051160724422589084218125-1043469376771332113858820724324827897913309990452,3446.4112837478897,IAT <=,LLC >,378316838538499851440768051160724422589084218125,1043469376771332113858820724324827897913309990452
378316838538499851440768051160724422589084218125-1043754360836331848364792327262011021650379248223,853.5423120821785,IAT <=,DNS >,378316838538499851440768051160724422589084218125,1043754360836331848364792327262011021650379248223
378316838538499851440768051160724422589084218125-1077028023530208599426324724984012030801332581683,2255.329562967132,IAT <=,Time_To_Live >,378316838538499851440768051160724422589084218125,1077028023530208599426324724984012030801332581683
378316838538499851440768051160724422589084218125-1085488307210616684491611463585545838953333018237,336.366378607533,IAT <=,Type >,378316838538499851440768051160724422589084218125,1085488307210616684491611463585545838953333018237
378316838538499851440768051160724422589084218125-1091995366823138898995898948102109473193356840202,16526.332190213703,IAT <=,DNS <=,378316838538499851440768051160724422589084218125,1091995366823138898995898948102109473193356840202
378316838538499851440768051160724422589084218125-109928824856976412487775174607761519739702474552,14482.946355780206,IAT <=,Number <=,378316838538499851440768051160724422589084218125,109928824856976412487775174607761519739702474552
378316838538499851440768051160724422589084218125-1118614325010621431186771152252517336813918651911,3962.495647554478,IAT <=,sum >,378316838538499851440768051160724422589084218125,1118614325010621431186771152252517336813918651911
378316838538499851440768051160724422589084218125-1184472685782376059334758133512718430805424685192,57.57622696885701,IAT <=,SSH >,378316838538499851440768051160724422589084218125,1184472685782376059334758133512718430805424685192
378316838538499851440768051160724422589084218125-1232849963170894971818913290506039176322619533319,1994.9657590086417,IAT <=,psh_flag_number >,378316838538499851440768051160724422589084218125,1232849963170894971818913290506039176322619533319
378316838538499851440768051160724422589084218125-1233133706649643691022119102239698495899057226060,7211.349113468649,IAT <=,Time_To_Live <=,378316838538499851440768051160724422589084218125,1233133706649643691022119102239698495899057226060
378316838538499851440768051160724422589084218125-1236189254858718471128603624930063881324958313531,7024.055308931586,IAT <=,HTTPS >,378316838538499851440768051160724422589084218125,1236189254858718471128603624930063881324958313531
378316838538499851440768051160724422589084218125-1239329028096551917906154637654656383307088642249,4602.05772052829,IAT <=,cwr_flag_number <=,378316838538499851440768051160724422589084218125,1239329028096551917906154637654656383307088642249
378316838538499851440768051160724422589084218125-1251276136943778783713685275011300537715092657394,2213.703286819585,IAT <=,fin_flag_number >,378316838538499851440768051160724422589084218125,1251276136943778783713685275011300537715092657394
378316838538499851440768051160724422589084218125-1329847435934461746074927120436757452470095790255,1384.859774987771,IAT <=,Min >,378316838538499851440768051160724422589084218125,1329847435934461746074927120436757452470095790255
378316838538499851440768051160724422589084218125-1338222599102815322204523610829624561969283441716,2858.609163541497,IAT <=,SSH <=,378316838538499851440768051160724422589084218125,1338222599102815322204523610829624561969283441716
378316838538499851440768051160724422589084218125-1345309773886921328764805451107636357621530213384,11490.725806451614,IAT <=,Class -1,378316838538499851440768051160724422589084218125,1345309773886921328764805451107636357621530213384
378316838538499851440768051160724422589084218125-1375509225989204300559045429796274689340158771149,5899.037991195174,IAT <=,rst_count <=,378316838538499851440768051160724422589084218125,1375509225989204300559045429796274689340158771149
378316838538499851440768051160724422589084218125-1379366653555122327876205020011632492492609315477,14964.312287308743,IAT <=,Type <=,378316838538499851440768051160724422589084218125,1379366653555122327876205020011632492492609315477
378316838538499851440768051160724422589084218125-1429650867505148313720594668477948880050562903683,1636.37697700962,IAT <=,syn_flag_number >,378316838538499851440768051160724422589084218125,1429650867505148313720594668477948880050562903683
378316838538499851440768051160724422589084218125-1454952188391427871478129207189215566009723810659,3092.38428543627,IAT <=,Std >,378316838538499851440768051160724422589084218125,1454952188391427871478129207189215566009723810659
378316838538499851440768051160724422589084218125-1455733501014453866297060548284701359849809242142,881.825370944073,IAT <=,DHCP <=,378316838538499851440768051160724422589084218125,1455733501014453866297060548284701359849809242142
378316838538499851440768051160724422589084218125-153155765823982001952501641876618811106762500815,9888.969509212457,IAT <=,ack_flag_number >,378316838538499851440768051160724422589084218125,153155765823982001952501641876618811106762500815
378316838538499851440768051160724422589084218125-160227321490815016489601533331665083666172936667,1311.1218000978315,IAT <=,IGMP <=,378316838538499851440768051160724422589084218125,160227321490815016489601533331665083666172936667
378316838538499851440768051160724422589084218125-161772624339136553719839337862344762258727720981,4543.3899238913755,IAT <=,ack_flag_number <=,378316838538499851440768051160724422589084218125,161772624339136553719839337862344762258727720981
378316838538499851440768051160724422589084218125-171982518954274878349485416184092168691833932185,39601.33295287788,IAT <=,Class 1,378316838538499851440768051160724422589084218125,171982518954274878349485416184092168691833932185
378316838538499851440768051160724422589084218125-207766774224049171901964708681563529125144087827,1742.2266506419528,IAT <=,HTTP >,378316838538499851440768051160724422589084218125,207766774224049171901964708681563529125144087827
378316838538499851440768051160724422589084218125-215123608059624622405742600984392925785664489773,13789.767032394819,IAT <=,Variance <=,378316838538499851440768051160724422589084218125,215123608059624622405742600984392925785664489773
378316838538499851440768051160724422589084218125-218607780770691257170847497927336330511308420255,2904.341045007706,IAT <=,ack_count >,378316838538499851440768051160724422589084218125,218607780770691257170847497927336330511308420255
378316838538499851440768051160724422589084218125-335418722972519651500040442315750311827115323662,1804.0876958600486,IAT <=,Rate >,378316838538499851440768051160724422589084218125,335418722972519651500040442315750311827115323662
378316838538499851440768051160724422589084218125-337274849629170698169636561573185333120886675912,146.38438011182234,IAT <=,ece_flag_number >,378316838538499851440768051160724422589084218125,337274849629170698169636561573185333120886675912
378316838538499851440768051160724422589084218125-338730224709676774412755851787278702947952010784,7735.416598728192,IAT <=,sum <=,378316838538499851440768051160724422589084218125,338730224709676774412755851787278702947952010784
378316838538499851440768051160724422589084218125-371266811264664269299964157380215767396824640058,6476.05475139778,IAT <=,ICMP >,378316838538499851440768051160724422589084218125,371266811264664269299964157380215767396824640058
378316838538499851440768051160724422589084218125-378316838538499851440768051160724422589084218125,929.3005054622535,IAT <=,IAT <=,378316838538499851440768051160724422589084218125,378316838538499851440768051160724422589084218125
378316838538499851440768051160724422589084218125-40351198695966294513339726256484683518911283460,12065.754932333279,IAT <=,fin_flag_number <=,378316838538499851440768051160724422589084218125,40351198695966294513339726256484683518911283460
378316838538499851440768051160724422589084218125-426624906449189252299067265451872698344494536313,10399.693777186349,IAT <=,Number >,378316838538499851440768051160724422589084218125,426624906449189252299067265451872698344494536313
378316838538499851440768051160724422589084218125-450410814915736770904937984733342042835793211647,13985.500136753575,IAT <=,ece_flag_number <=,378316838538499851440768051160724422589084218125,450410814915736770904937984733342042835793211647
378316838538499851440768051160724422589084218125-475011065740486827108472353828139148231878458661,19911.110517927867,IAT <=,syn_flag_number <=,378316838538499851440768051160724422589084218125,475011065740486827108472353828139148231878458661
378316838538499851440768051160724422589084218125-505469541859377927785473031559292540931343582537,23312.979242385194,IAT <=,ICMP <=,378316838538499851440768051160724422589084218125,505469541859377927785473031559292540931343582537
378316838538499851440768051160724422589084218125-520582048177068818674784514618258893555315007951,678.6304918394934,IAT <=,LLC <=,378316838538499851440768051160724422589084218125,520582048177068818674784514618258893555315007951
378316838538499851440768051160724422589084218125-565103970815292376991711972572924808853013487374,2.0202184901353335,IAT <=,IGMP >,378316838538499851440768051160724422589084218125,565103970815292376991711972572924808853013487374
378316838538499851440768051160724422589084218125-579184915384053252333364217236378176158944003116,6.060655470406001,IAT <=,cwr_flag_number >,378316838538499851440768051160724422589084218125,579184915384053252333364217236378176158944003116
378316838538499851440768051160724422589084218125-629827923182617752624696690572530002196221478554,10.101092450676667,IAT <=,DHCP >,378316838538499851440768051160724422589084218125,629827923182617752624696690572530002196221478554
378316838538499851440768051160724422589084218125-681503808608794911981134712221284126975357543438,22018.75233401535,IAT <=,syn_count <=,378316838538499851440768051160724422589084218125,681503808608794911981134712221284126975357543438
378316838538499851440768051160724422589084218125-684418957212367241623111035135876005715150589706,5192.971628892875,IAT <=,HTTP <=,378316838538499851440768051160724422589084218125,684418957212367241623111035135876005715150589706
378316838538499851440768051160724422589084218125-714914936218336719861297767221934377853836589461,565.579716814904,IAT <=,UDP >,378316838538499851440768051160724422589084218125,714914936218336719861297767221934377853836589461
378316838538499851440768051160724422589084218125-786396322989194697344344278946426998739971577495,7326.583027829352,IAT <=,HTTPS <=,378316838538499851440768051160724422589084218125,786396322989194697344344278946426998739971577495
378316838538499851440768051160724422589084218125-795584812918386367255521286735341258439959854242,5209.26371349074,IAT <=,syn_count >,378316838538499851440768051160724422589084218125,795584812918386367255521286735341258439959854242
378316838538499851440768051160724422589084218125-835140271881840015202809914014108690929910415575,2837.152488126108,IAT <=,IAT >,378316838538499851440768051160724422589084218125,835140271881840015202809914014108690929910415575
378316838538499851440768051160724422589084218125-841356973986788424033641854148712928121319667477,2843.457524865482,IAT <=,Variance >,378316838538499851440768051160724422589084218125,841356973986788424033641854148712928121319667477
378316838538499851440768051160724422589084218125-841518471221275042570144506781210008737201997031,960.5324316363617,IAT <=,Min <=,378316838538499851440768051160724422589084218125,841518471221275042570144506781210008737201997031
378316838538499851440768051160724422589084218125-843826879422383561066103188424018239931401286651,3211.0395375625253,IAT <=,ack_count <=,378316838538499851440768051160724422589084218125,843826879422383561066103188424018239931401286651
378316838538499851440768051160724422589084218125-896530251803066355404557928035950607124936193677,9368.274485464673,IAT <=,psh_flag_number <=,378316838538499851440768051160724422589084218125,896530251803066355404557928035950607124936193677
378316838538499851440768051160724422589084218125-922599836131670820904126277297069322180441856169,6922.197196025731,IAT <=,Rate <=,378316838538499851440768051160724422589084218125,922599836131670820904126277297069322180441856169
378316838538499851440768051160724422589084218125-926368966621798523173828527325665066772113177503,2967.6195015858157,IAT <=,UDP <=,378316838538499851440768051160724422589084218125,926368966621798523173828527325665066772113177503
378316838538499851440768051160724422589084218125-940331364486966071141541838460909450599289486914,260.4452643814794,IAT <=,rst_count >,378316838538499851440768051160724422589084218125,940331364486966071141541838460909450599289486914
378316838538499851440768051160724422589084218125-974265510705878984211701297112044370513255377925,14898.997320155899,IAT <=,Std <=,378316838538499851440768051160724422589084218125,974265510705878984211701297112044370513255377925
40351198695966294513339726256484683518911283460-1043469376771332113858820724324827897913309990452,11870.803848035219,fin_flag_number <=,LLC >,40351198695966294513339726256484683518911283460,1043469376771332113858820724324827897913309990452
40351198695966294513339726256484683518911283460-1043754360836331848364792327262011021650379248223,572.6504815303778,fin_flag_number <=,DNS >,40351198695966294513339726256484683518911283460,1043754360836331848364792327262011021650379248223
40351198695966294513339726256484683518911283460-1077028023530208599426324724984012030801332581683,7630.365237241154,fin_flag_number <=,Time_To_Live >,40351198695966294513339726256484683518911283460,1077028023530208599426324724984012030801332581683
40351198695966294513339726256484683518911283460-1085488307210616684491611463585545838953333018237,3724.4682915796616,fin_flag_number <=,Type >,40351198695966294513339726256484683518911283460,1085488307210616684491611463585545838953333018237
40351198695966294513339726256484683518911283460-1091995366823138898995898948102109473193356840202,6094.999184738301,fin_flag_number <=,DNS <=,40351198695966294513339726256484683518911283460,1091995366823138898995898948102109473193356840202
40351198695966294513339726256484683518911283460-109928824856976412487775174607761519739702474552,12588.99152127833,fin_flag_number <=,Number <=,40351198695966294513339726256484683518911283460,109928824856976412487775174607761519739702474552
40351198695966294513339726256484683518911283460-1118614325010621431186771152252517336813918651911,2628.662681527222,fin_flag_number <=,sum >,40351198695966294513339726256484683518911283460,1118614325010621431186771152252517336813918651911
40351198695966294513339726256484683518911283460-1184472685782376059334758133512718430805424685192,165.65791619109734,fin_flag_number <=,SSH >,40351198695966294513339726256484683518911283460,1184472685782376059334758133512718430805424685192
40351198695966294513339726256484683518911283460-1232849963170894971818913290506039176322619533319,3228.0973501364906,fin_flag_number <=,psh_flag_number >,40351198695966294513339726256484683518911283460,1232849963170894971818913290506039176322619533319
40351198695966294513339726256484683518911283460-1233133706649643691022119102239698495899057226060,15796.153542706565,fin_flag_number <=,Time_To_Live <=,40351198695966294513339726256484683518911283460,1233133706649643691022119102239698495899057226060
40351198695966294513339726256484683518911283460-1236189254858718471128603624930063881324958313531,15726.390836458504,fin_flag_number <=,HTTPS >,40351198695966294513339726256484683518911283460,1236189254858718471128603624930063881324958313531
40351198695966294513339726256484683518911283460-1239329028096551917906154637654656383307088642249,1386.8799934779065,fin_flag_number <=,cwr_flag_number <=,40351198695966294513339726256484683518911283460,1239329028096551917906154637654656383307088642249
40351198695966294513339726256484683518911283460-1251276136943778783713685275011300537715092657394,326.26528615685635,fin_flag_number <=,fin_flag_number >,40351198695966294513339726256484683518911283460,1251276136943778783713685275011300537715092657394
40351198695966294513339726256484683518911283460-1329847435934461746074927120436757452470095790255,1278.4724625637089,fin_flag_number <=,Min >,40351198695966294513339726256484683518911283460,1329847435934461746074927120436757452470095790255
40351198695966294513339726256484683518911283460-1338222599102815322204523610829624561969283441716,15059.620982206256,fin_flag_number <=,SSH <=,40351198695966294513339726256484683518911283460,1338222599102815322204523610829624561969283441716
40351198695966294513339726256484683518911283460-1345309773886921328764805451107636357621530213384,10391.612903225807,fin_flag_number <=,Class -1,40351198695966294513339726256484683518911283460,1345309773886921328764805451107636357621530213384
40351198695966294513339726256484683518911283460-1375509225989204300559045429796274689340158771149,15492.729759155915,fin_flag_number <=,rst_count <=,40351198695966294513339726256484683518911283460,1375509225989204300559045429796274689340158771149
40351198695966294513339726256484683518911283460-1379366653555122327876205020011632492492609315477,20443.519550501518,fin_flag_number <=,Type <=,40351198695966294513339726256484683518911283460,1379366653555122327876205020011632492492609315477
40351198695966294513339726256484683518911283460-1429650867505148313720594668477948880050562903683,1946.236133976426,fin_flag_number <=,syn_flag_number >,40351198695966294513339726256484683518911283460,1429650867505148313720594668477948880050562903683
40351198695966294513339726256484683518911283460-1454952188391427871478129207189215566009723810659,529.1343235694787,fin_flag_number <=,Std >,40351198695966294513339726256484683518911283460,1454952188391427871478129207189215566009723810659
40351198695966294513339726256484683518911283460-1455733501014453866297060548284701359849809242142,18950.659546714494,fin_flag_number <=,DHCP <=,40351198695966294513339726256484683518911283460,1455733501014453866297060548284701359849809242142
40351198695966294513339726256484683518911283460-153155765823982001952501641876618811106762500815,8995.788555303672,fin_flag_number <=,ack_flag_number >,40351198695966294513339726256484683518911283460,153155765823982001952501641876618811106762500815
40351198695966294513339726256484683518911283460-160227321490815016489601533331665083666172936667,76.76830262514267,fin_flag_number <=,IGMP <=,40351198695966294513339726256484683518911283460,160227321490815016489601533331665083666172936667
40351198695966294513339726256484683518911283460-161772624339136553719839337862344762258727720981,1245.3017783224545,fin_flag_number <=,ack_flag_number <=,40351198695966294513339726256484683518911283460,161772624339136553719839337862344762258727720981
40351198695966294513339726256484683518911283460-171982518954274878349485416184092168691833932185,50993.34501875102,fin_flag_number <=,Class 1,40351198695966294513339726256484683518911283460,171982518954274878349485416184092168691833932185
40351198695966294513339726256484683518911283460-207766774224049171901964708681563529125144087827,672.5698363690874,fin_flag_number <=,HTTP >,40351198695966294513339726256484683518911283460,207766774224049171901964708681563529125144087827
40351198695966294513339726256484683518911283460-215123608059624622405742600984392925785664489773,41009.03423047185,fin_flag_number <=,Variance <=,40351198695966294513339726256484683518911283460,215123608059624622405742600984392925785664489773
40351198695966294513339726256484683518911283460-218607780770691257170847497927336330511308420255,6141.985556718546,fin_flag_number <=,ack_count >,40351198695966294513339726256484683518911283460,218607780770691257170847497927336330511308420255
40351198695966294513339726256484683518911283460-335418722972519651500040442315750311827115323662,1832.3381705527474,fin_flag_number <=,Rate >,40351198695966294513339726256484683518911283460,335418722972519651500040442315750311827115323662
40351198695966294513339726256484683518911283460-337274849629170698169636561573185333120886675912,129.21252294567202,fin_flag_number <=,ece_flag_number >,40351198695966294513339726256484683518911283460,337274849629170698169636561573185333120886675912
40351198695966294513339726256484683518911283460-338730224709676774412755851787278702947952010784,10169.372577226322,fin_flag_number <=,sum <=,40351198695966294513339726256484683518911283460,338730224709676774412755851787278702947952010784
40351198695966294513339726256484683518911283460-371266811264664269299964157380215767396824640058,11589.113705338123,fin_flag_number <=,ICMP >,40351198695966294513339726256484683518911283460,371266811264664269299964157380215767396824640058
40351198695966294513339726256484683518911283460-378316838538499851440768051160724422589084218125,8015.216859611935,fin_flag_number <=,IAT <=,40351198695966294513339726256484683518911283460,378316838538499851440768051160724422589084218125
40351198695966294513339726256484683518911283460-40351198695966294513339726256484683518911283460,5792.895060040079,fin_flag_number <=,fin_flag_number <=,40351198695966294513339726256484683518911283460,40351198695966294513339726256484683518911283460
40351198695966294513339726256484683518911283460-426624906449189252299067265451872698344494536313,362.3848377103244,fin_flag_number <=,Number >,40351198695966294513339726256484683518911283460,426624906449189252299067265451872698344494536313
40351198695966294513339726256484683518911283460-450410814915736770904937984733342042835793211647,15483.720236373296,fin_flag_number <=,ece_flag_number <=,40351198695966294513339726256484683518911283460,450410814915736770904937984733342042835793211647
40351198695966294513339726256484683518911283460-475011065740486827108472353828139148231878458661,16037.178642247387,fin_flag_number <=,syn_flag_number <=,40351198695966294513339726256484683518911283460,475011065740486827108472353828139148231878458661
40351198695966294513339726256484683518911283460-505469541859377927785473031559292540931343582537,28333.82499750162,fin_flag_number <=,ICMP <=,40351198695966294513339726256484683518911283460,505469541859377927785473031559292540931343582537
40351198695966294513339726256484683518911283460-520582048177068818674784514618258893555315007951,326.183825733867,fin_flag_number <=,LLC <=,40351198695966294513339726256484683518911283460,520582048177068818674784514618258893555315007951
40351198695966294513339726256484683518911283460-629827923182617752624696690572530002196221478554,134.26306917101036,fin_flag_number <=,DHCP >,40351198695966294513339726256484683518911283460,629827923182617752624696690572530002196221478554
40351198695966294513339726256484683518911283460-681503808608794911981134712221284126975357543438,6636.939086801703,fin_flag_number <=,syn_count <=,40351198695966294513339726256484683518911283460,681503808608794911981134712221284126975357543438
40351198695966294513339726256484683518911283460-684418957212367241623111035135876005715150589706,8496.876048663235,fin_flag_number <=,HTTP <=,40351198695966294513339726256484683518911283460,684418957212367241623111035135876005715150589706
40351198695966294513339726256484683518911283460-714914936218336719861297767221934377853836589461,1738.3980107614545,fin_flag_number <=,UDP >,40351198695966294513339726256484683518911283460,714914936218336719861297767221934377853836589461
40351198695966294513339726256484683518911283460-786396322989194697344344278946426998739971577495,5992.994443071065,fin_flag_number <=,HTTPS <=,40351198695966294513339726256484683518911283460,786396322989194697344344278946426998739971577495
40351198695966294513339726256484683518911283460-795584812918386367255521286735341258439959854242,4701.830446605619,fin_flag_number <=,syn_count >,40351198695966294513339726256484683518911283460,795584812918386367255521286735341258439959854242
40351198695966294513339726256484683518911283460-835140271881840015202809914014108690929910415575,2084.865481819664,fin_flag_number <=,IAT >,40351198695966294513339726256484683518911283460,835140271881840015202809914014108690929910415575
40351198695966294513339726256484683518911283460-841356973986788424033641854148712928121319667477,1577.7906407956955,fin_flag_number <=,Variance >,40351198695966294513339726256484683518911283460,841356973986788424033641854148712928121319667477
40351198695966294513339726256484683518911283460-841518471221275042570144506781210008737201997031,1049.4220452023164,fin_flag_number <=,Min <=,40351198695966294513339726256484683518911283460,841518471221275042570144506781210008737201997031
40351198695966294513339726256484683518911283460-843826879422383561066103188424018239931401286651,18077.192015169127,fin_flag_number <=,ack_count <=,40351198695966294513339726256484683518911283460,843826879422383561066103188424018239931401286651
40351198695966294513339726256484683518911283460-896530251803066355404557928035950607124936193677,15852.06797704644,fin_flag_number <=,psh_flag_number <=,40351198695966294513339726256484683518911283460,896530251803066355404557928035950607124936193677
40351198695966294513339726256484683518911283460-922599836131670820904126277297069322180441856169,15006.134068471463,fin_flag_number <=,Rate <=,40351198695966294513339726256484683518911283460,922599836131670820904126277297069322180441856169
40351198695966294513339726256484683518911283460-926368966621798523173828527325665066772113177503,2332.3422468612425,fin_flag_number <=,UDP <=,40351198695966294513339726256484683518911283460,926368966621798523173828527325665066772113177503
40351198695966294513339726256484683518911283460-940331364486966071141541838460909450599289486914,3.0303277352030005,fin_flag_number <=,rst_count >,40351198695966294513339726256484683518911283460,940331364486966071141541838460909450599289486914
40351198695966294513339726256484683518911283460-974265510705878984211701297112044370513255377925,23633.91701687855,fin_flag_number <=,Std <=,40351198695966294513339726256484683518911283460,974265510705878984211701297112044370513255377925
426624906449189252299067265451872698344494536313-1043469376771332113858820724324827897913309990452,39.394260557639,Number >,LLC >,426624906449189252299067265451872698344494536313,1043469376771332113858820724324827897913309990452
426624906449189252299067265451872698344494536313-1043754360836331848364792327262011021650379248223,3.0303277352030005,Number >,DNS >,426624906449189252299067265451872698344494536313,1043754360836331848364792327262011021650379248223
426624906449189252299067265451872698344494536313-1077028023530208599426324724984012030801332581683,806.4256034251512,Number >,Time_To_Live >,426624906449189252299067265451872698344494536313,1077028023530208599426324724984012030801332581683
426624906449189252299067265451872698344494536313-1085488307210616684491611463585545838953333018237,499.5967741935484,Number >,Type >,426624906449189252299067265451872698344494536313,1085488307210616684491611463585545838953333018237
426624906449189252299067265451872698344494536313-1091995366823138898995898948102109473193356840202,3000.6109728964934,Number >,DNS <=,426624906449189252299067265451872698344494536313,1091995366823138898995898948102109473193356840202
426624906449189252299067265451872698344494536313-109928824856976412487775174607761519739702474552,1469.7089515734551,Number >,Number <=,426624906449189252299067265451872698344494536313,109928824856976412487775174607761519739702474552
426624906449189252299067265451872698344494536313-1118614325010621431186771152252517336813918651911,3005.742979544821,Number >,sum >,426624906449189252299067265451872698344494536313,1118614325010621431186771152252517336813918651911
426624906449189252299067265451872698344494536313-1233133706649643691022119102239698495899057226060,14032.144374957265,Number >,Time_To_Live <=,426624906449189252299067265451872698344494536313,1233133706649643691022119102239698495899057226060
426624906449189252299067265451872698344494536313-1236189254858718471128603624930063881324958313531,1.0101092450676668,Number >,HTTPS >,426624906449189252299067265451872698344494536313,1236189254858718471128603624930063881324958313531
426624906449189252299067265451872698344494536313-1239329028096551917906154637654656383307088642249,2300.165379780458,Number >,cwr_flag_number <=,426624906449189252299067265451872698344494536313,1239329028096551917906154637654656383307088642249
426624906449189252299067265451872698344494536313-1251276136943778783713685275011300537715092657394,12.121310940812002,Number >,fin_flag_number >,426624906449189252299067265451872698344494536313,1251276136943778783713685275011300537715092657394
426624906449189252299067265451872698344494536313-1329847435934461746074927120436757452470095790255,99.91935483870968,Number >,Min >,426624906449189252299067265451872698344494536313,1329847435934461746074927120436757452470095790255
426624906449189252299067265451872698344494536313-1338222599102815322204523610829624561969283441716,5.0505462253383335,Number >,SSH <=,426624906449189252299067265451872698344494536313,1338222599102815322204523610829624561969283441716
426624906449189252299067265451872698344494536313-1345309773886921328764805451107636357621530213384,67345.64516129032,Number >,Class -1,426624906449189252299067265451872698344494536313,1345309773886921328764805451107636357621530213384
426624906449189252299067265451872698344494536313-1379366653555122327876205020011632492492609315477,3801.986030096306,Number >,Type <=,426624906449189252299067265451872698344494536313,1379366653555122327876205020011632492492609315477
426624906449189252299067265451872698344494536313-1454952188391427871478129207189215566009723810659,399.6774193548387,Number >,Std >,426624906449189252299067265451872698344494536313,1454952188391427871478129207189215566009723810659
426624906449189252299067265451872698344494536313-153155765823982001952501641876618811106762500815,2668.8552542301563,Number >,ack_flag_number >,426624906449189252299067265451872698344494536313,153155765823982001952501641876618811106762500815
426624906449189252299067265451872698344494536313-160227321490815016489601533331665083666172936667,1381.8294472525681,Number >,IGMP <=,426624906449189252299067265451872698344494536313,160227321490815016489601533331665083666172936667
426624906449189252299067265451872698344494536313-161772624339136553719839337862344762258727720981,8844.500257727892,Number >,ack_flag_number <=,426624906449189252299067265451872698344494536313,161772624339136553719839337862344762258727720981
426624906449189252299067265451872698344494536313-171982518954274878349485416184092168691833932185,1884.8638512962661,Number >,Class 1,426624906449189252299067265451872698344494536313,171982518954274878349485416184092168691833932185
426624906449189252299067265451872698344494536313-207766774224049171901964708681563529125144087827,6.060655470406001,Number >,HTTP >,426624906449189252299067265451872698344494536313,207766774224049171901964708681563529125144087827
426624906449189252299067265451872698344494536313-215123608059624622405742600984392925785664489773,5104.375272849682,Number >,Variance <=,426624906449189252299067265451872698344494536313,215123608059624622405742600984392925785664489773
426624906449189252299067265451872698344494536313-218607780770691257170847497927336330511308420255,10254.482427165573,Number >,ack_count >,426624906449189252299067265451872698344494536313,218607780770691257170847497927336330511308420255
426624906449189252299067265451872698344494536313-335418722972519651500040442315750311827115323662,1102.1432309610095,Number >,Rate >,426624906449189252299067265451872698344494536313,335418722972519651500040442315750311827115323662
426624906449189252299067265451872698344494536313-338730224709676774412755851787278702947952010784,19248.120427302325,Number >,sum <=,426624906449189252299067265451872698344494536313,338730224709676774412755851787278702947952010784
426624906449189252299067265451872698344494536313-371266811264664269299964157380215767396824640058,1913.260954750346,Number >,ICMP >,426624906449189252299067265451872698344494536313,371266811264664269299964157380215767396824640058
426624906449189252299067265451872698344494536313-378316838538499851440768051160724422589084218125,3702.0666752575967,Number >,IAT <=,426624906449189252299067265451872698344494536313,378316838538499851440768051160724422589084218125
426624906449189252299067265451872698344494536313-40351198695966294513339726256484683518911283460,580.4055137989617,Number >,fin_flag_number <=,426624906449189252299067265451872698344494536313,40351198695966294513339726256484683518911283460
426624906449189252299067265451872698344494536313-475011065740486827108472353828139148231878458661,600.5262382773258,Number >,syn_flag_number <=,426624906449189252299067265451872698344494536313,475011065740486827108472353828139148231878458661
426624906449189252299067265451872698344494536313-505469541859377927785473031559292540931343582537,12580.617389795028,Number >,ICMP <=,426624906449189252299067265451872698344494536313,505469541859377927785473031559292540931343582537
426624906449189252299067265451872698344494536313-520582048177068818674784514618258893555315007951,3.0303277352030005,Number >,LLC <=,426624906449189252299067265451872698344494536313,520582048177068818674784514618258893555315007951
426624906449189252299067265451872698344494536313-681503808608794911981134712221284126975357543438,499.5967741935484,Number >,syn_count <=,426624906449189252299067265451872698344494536313,681503808608794911981134712221284126975357543438
426624906449189252299067265451872698344494536313-684418957212367241623111035135876005715150589706,33.333605087233,Number >,HTTP <=,426624906449189252299067265451872698344494536313,684418957212367241623111035135876005715150589706
426624906449189252299067265451872698344494536313-714914936218336719861297767221934377853836589461,2598.9133350515194,Number >,UDP >,426624906449189252299067265451872698344494536313,714914936218336719861297767221934377853836589461
426624906449189252299067265451872698344494536313-786396322989194697344344278946426998739971577495,12502.040665779521,Number >,HTTPS <=,426624906449189252299067265451872698344494536313,786396322989194697344344278946426998739971577495
426624906449189252299067265451872698344494536313-835140271881840015202809914014108690929910415575,11399.897434818513,Number >,IAT >,426624906449189252299067265451872698344494536313,835140271881840015202809914014108690929910415575
426624906449189252299067265451872698344494536313-841356973986788424033641854148712928121319667477,101.93957332884501,Number >,Variance >,426624906449189252299067265451872698344494536313,841356973986788424033641854148712928121319667477
426624906449189252299067265451872698344494536313-841518471221275042570144506781210008737201997031,3996.7741935483873,Number >,Min <=,426624906449189252299067265451872698344494536313,841518471221275042570144506781210008737201997031
426624906449189252299067265451872698344494536313-843826879422383561066103188424018239931401286651,11892.423444296588,Number >,ack_count <=,426624906449189252299067265451872698344494536313,843826879422383561066103188424018239931401286651
426624906449189252299067265451872698344494536313-922599836131670820904126277297069322180441856169,5200.856997838242,Number >,Rate <=,426624906449189252299067265451872698344494536313,922599836131670820904126277297069322180441856169
426624906449189252299067265451872698344494536313-926368966621798523173828527325665066772113177503,13139.940946124352,Number >,UDP <=,426624906449189252299067265451872698344494536313,926368966621798523173828527325665066772113177503
426624906449189252299067265451872698344494536313-974265510705878984211701297112044370513255377925,2600.933553541655,Number >,Std <=,426624906449189252299067265451872698344494536313,974265510705878984211701297112044370513255377925
450410814915736770904937984733342042835793211647-1043469376771332113858820724324827897913309990452,179.7994456220447,ece_flag_number <=,LLC >,450410814915736770904937984733342042835793211647,1043469376771332113858820724324827897913309990452
450410814915736770904937984733342042835793211647-1043754360836331848364792327262011021650379248223,177.77922713190935,ece_flag_number <=,DNS >,450410814915736770904937984733342042835793211647,1043754360836331848364792327262011021650379248223
450410814915736770904937984733342042835793211647-1077028023530208599426324724984012030801332581683,5987.927604761128,ece_flag_number <=,Time_To_Live >,450410814915736770904937984733342042835793211647,1077028023530208599426324724984012030801332581683
450410814915736770904937984733342042835793211647-1085488307210616684491611463585545838953333018237,547.4792108266754,ece_flag_number <=,Type >,450410814915736770904937984733342042835793211647,1085488307210616684491611463585545838953333018237
450410814915736770904937984733342042835793211647-1091995366823138898995898948102109473193356840202,4934.742088016706,ece_flag_number <=,DNS <=,450410814915736770904937984733342042835793211647,1091995366823138898995898948102109473193356840202
450410814915736770904937984733342042835793211647-109928824856976412487775174607761519739702474552,6036.412848524376,ece_flag_number <=,Number <=,450410814915736770904937984733342042835793211647,109928824856976412487775174607761519739702474552
450410814915736770904937984733342042835793211647-1118614325010621431186771152252517336813918651911,1086.3073247318841,ece_flag_number <=,sum >,450410814915736770904937984733342042835793211647,1118614325010621431186771152252517336813918651911
450410814915736770904937984733342042835793211647-1184472685782376059334758133512718430805424685192,30.30327735203,ece_flag_number <=,SSH >,450410814915736770904937984733342042835793211647,1184472685782376059334758133512718430805424685192
450410814915736770904937984733342042835793211647-1232849963170894971818913290506039176322619533319,433.33686613402904,ece_flag_number <=,psh_flag_number >,450410814915736770904937984733342042835793211647,1232849963170894971818913290506039176322619533319
450410814915736770904937984733342042835793211647-1233133706649643691022119102239698495899057226060,7000.855380464226,ece_flag_number <=,Time_To_Live <=,450410814915736770904937984733342042835793211647,1233133706649643691022119102239698495899057226060
450410814915736770904937984733342042835793211647-1236189254858718471128603624930063881324958313531,116.16256318278168,ece_flag_number <=,HTTPS >,450410814915736770904937984733342042835793211647,1236189254858718471128603624930063881324958313531
450410814915736770904937984733342042835793211647-1251276136943778783713685275011300537715092657394,1206.8361665868938,ece_flag_number <=,fin_flag_number >,450410814915736770904937984733342042835793211647,1251276136943778783713685275011300537715092657394
450410814915736770904937984733342042835793211647-1329847435934461746074927120436757452470095790255,220.20381542475135,ece_flag_number <=,Min >,450410814915736770904937984733342042835793211647,1329847435934461746074927120436757452470095790255
450410814915736770904937984733342042835793211647-1338222599102815322204523610829624561969283441716,1821.2269688570032,ece_flag_number <=,SSH <=,450410814915736770904937984733342042835793211647,1338222599102815322204523610829624561969283441716
450410814915736770904937984733342042835793211647-1345309773886921328764805451107636357621530213384,3597.0967741935483,ece_flag_number <=,Class -1,450410814915736770904937984733342042835793211647,1345309773886921328764805451107636357621530213384
450410814915736770904937984733342042835793211647-1375509225989204300559045429796274689340158771149,1455.567422142508,ece_flag_number <=,rst_count <=,450410814915736770904937984733342042835793211647,1375509225989204300559045429796274689340158771149
450410814915736770904937984733342042835793211647-1379366653555122327876205020011632492492609315477,23978.559774461795,ece_flag_number <=,Type <=,450410814915736770904937984733342042835793211647,1379366653555122327876205020011632492492609315477
450410814915736770904937984733342042835793211647-1429650867505148313720594668477948880050562903683,3419.806309599575,ece_flag_number <=,syn_flag_number >,450410814915736770904937984733342042835793211647,1429650867505148313720594668477948880050562903683
450410814915736770904937984733342042835793211647-1454952188391427871478129207189215566009723810659,255.47617857913036,ece_flag_number <=,Std >,450410814915736770904937984733342042835793211647,1454952188391427871478129207189215566009723810659
450410814915736770904937984733342042835793211647-153155765823982001952501641876618811106762500815,5170.293047132646,ece_flag_number <=,ack_flag_number >,450410814915736770904937984733342042835793211647,153155765823982001952501641876618811106762500815
450410814915736770904937984733342042835793211647-160227321490815016489601533331665083666172936667,526.2669166802543,ece_flag_number <=,IGMP <=,450410814915736770904937984733342042835793211647,160227321490815016489601533331665083666172936667
450410814915736770904937984733342042835793211647-161772624339136553719839337862344762258727720981,16431.153831992975,ece_flag_number <=,ack_flag_number <=,450410814915736770904937984733342042835793211647,161772624339136553719839337862344762258727720981
450410814915736770904937984733342042835793211647-171982518954274878349485416184092168691833932185,9586.946844937225,ece_flag_number <=,Class 1,450410814915736770904937984733342042835793211647,171982518954274878349485416184092168691833932185
450410814915736770904937984733342042835793211647-215123608059624622405742600984392925785664489773,2212.13924669819,ece_flag_number <=,Variance <=,450410814915736770904937984733342042835793211647,215123608059624622405742600984392925785664489773
450410814915736770904937984733342042835793211647-218607780770691257170847497927336330511308420255,5635.399478232513,ece_flag_number <=,ack_count >,450410814915736770904937984733342042835793211647,218607780770691257170847497927336330511308420255
450410814915736770904937984733342042835793211647-335418722972519651500040442315750311827115323662,49.49535300831567,ece_flag_number <=,Rate >,450410814915736770904937984733342042835793211647,335418722972519651500040442315750311827115323662
450410814915736770904937984733342042835793211647-338730224709676774412755851787278702947952010784,1492.4527016720756,ece_flag_number <=,sum <=,450410814915736770904937984733342042835793211647,338730224709676774412755851787278702947952010784
450410814915736770904937984733342042835793211647-371266811264664269299964157380215767396824640058,1331.2751087453912,ece_flag_number <=,ICMP >,450410814915736770904937984733342042835793211647,371266811264664269299964157380215767396824640058
450410814915736770904937984733342042835793211647-378316838538499851440768051160724422589084218125,7503.889784507924,ece_flag_number <=,IAT <=,450410814915736770904937984733342042835793211647,378316838538499851440768051160724422589084218125
450410814915736770904937984733342042835793211647-40351198695966294513339726256484683518911283460,14844.321084245463,ece_flag_number <=,fin_flag_number <=,450410814915736770904937984733342042835793211647,40351198695966294513339726256484683518911283460
450410814915736770904937984733342042835793211647-475011065740486827108472353828139148231878458661,20222.20787332411,ece_flag_number <=,syn_flag_number <=,450410814915736770904937984733342042835793211647,475011065740486827108472353828139148231878458661
450410814915736770904937984733342042835793211647-505469541859377927785473031559292540931343582537,1395.2378328766115,ece_flag_number <=,ICMP <=,450410814915736770904937984733342042835793211647,505469541859377927785473031559292540931343582537
450410814915736770904937984733342042835793211647-520582048177068818674784514618258893555315007951,61.61666394912767,ece_flag_number <=,LLC <=,450410814915736770904937984733342042835793211647,520582048177068818674784514618258893555315007951
450410814915736770904937984733342042835793211647-681503808608794911981134712221284126975357543438,1793.9540192401762,ece_flag_number <=,syn_count <=,450410814915736770904937984733342042835793211647,681503808608794911981134712221284126975357543438
450410814915736770904937984733342042835793211647-714914936218336719861297767221934377853836589461,70.70764715473668,ece_flag_number <=,UDP >,450410814915736770904937984733342042835793211647,714914936218336719861297767221934377853836589461
450410814915736770904937984733342042835793211647-786396322989194697344344278946426998739971577495,714.6685829699721,ece_flag_number <=,HTTPS <=,450410814915736770904937984733342042835793211647,786396322989194697344344278946426998739971577495
450410814915736770904937984733342042835793211647-795584812918386367255521286735341258439959854242,471.39517575464305,ece_flag_number <=,syn_count >,450410814915736770904937984733342042835793211647,795584812918386367255521286735341258439959854242
450410814915736770904937984733342042835793211647-835140271881840015202809914014108690929910415575,212.12294146421002,ece_flag_number <=,IAT >,450410814915736770904937984733342042835793211647,835140271881840015202809914014108690929910415575
450410814915736770904937984733342042835793211647-841356973986788424033641854148712928121319667477,89.89972281102234,ece_flag_number <=,Variance >,450410814915736770904937984733342042835793211647,841356973986788424033641854148712928121319667477
450410814915736770904937984733342042835793211647-841518471221275042570144506781210008737201997031,12305.150823414317,ece_flag_number <=,Min <=,450410814915736770904937984733342042835793211647,841518471221275042570144506781210008737201997031
450410814915736770904937984733342042835793211647-843826879422383561066103188424018239931401286651,608.6071122378671,ece_flag_number <=,ack_count <=,450410814915736770904937984733342042835793211647,843826879422383561066103188424018239931401286651
450410814915736770904937984733342042835793211647-896530251803066355404557928035950607124936193677,200.001630523398,ece_flag_number <=,psh_flag_number <=,450410814915736770904937984733342042835793211647,896530251803066355404557928035950607124936193677
450410814915736770904937984733342042835793211647-922599836131670820904126277297069322180441856169,543.4387738464047,ece_flag_number <=,Rate <=,450410814915736770904937984733342042835793211647,922599836131670820904126277297069322180441856169
450410814915736770904937984733342042835793211647-926368966621798523173828527325665066772113177503,2153.5529104842653,ece_flag_number <=,UDP <=,450410814915736770904937984733342042835793211647,926368966621798523173828527325665066772113177503
450410814915736770904937984733342042835793211647-940331364486966071141541838460909450599289486914,7.0707647154736675,ece_flag_number <=,rst_count >,450410814915736770904937984733342042835793211647,940331364486966071141541838460909450599289486914
450410814915736770904937984733342042835793211647-974265510705878984211701297112044370513255377925,5237.774861537006,ece_flag_number <=,Std <=,450410814915736770904937984733342042835793211647,974265510705878984211701297112044370513255377925
475011065740486827108472353828139148231878458661-1043469376771332113858820724324827897913309990452,9809.93660682821,syn_flag_number <=,LLC >,475011065740486827108472353828139148231878458661,1043469376771332113858820724324827897913309990452
475011065740486827108472353828139148231878458661-1043754360836331848364792327262011021650379248223,1124.8543968904341,syn_flag_number <=,DNS >,475011065740486827108472353828139148231878458661,1043754360836331848364792327262011021650379248223
475011065740486827108472353828139148231878458661-1077028023530208599426324724984012030801332581683,11968.784444806783,syn_flag_number <=,Time_To_Live >,475011065740486827108472353828139148231878458661,1077028023530208599426324724984012030801332581683
475011065740486827108472353828139148231878458661-1085488307210616684491611463585545838953333018237,902.9562046675047,syn_flag_number <=,Type >,475011065740486827108472353828139148231878458661,1085488307210616684491611463585545838953333018237
475011065740486827108472353828139148231878458661-1091995366823138898995898948102109473193356840202,26872.62051408825,syn_flag_number <=,DNS <=,475011065740486827108472353828139148231878458661,1091995366823138898995898948102109473193356840202
475011065740486827108472353828139148231878458661-109928824856976412487775174607761519739702474552,4934.383662155552,syn_flag_number <=,Number <=,475011065740486827108472353828139148231878458661,109928824856976412487775174607761519739702474552
475011065740486827108472353828139148231878458661-1118614325010621431186771152252517336813918651911,5306.0224039174645,syn_flag_number <=,sum >,475011065740486827108472353828139148231878458661,1118614325010621431186771152252517336813918651911
475011065740486827108472353828139148231878458661-1184472685782376059334758133512718430805424685192,49.49535300831567,syn_flag_number <=,SSH >,475011065740486827108472353828139148231878458661,1184472685782376059334758133512718430805424685192
475011065740486827108472353828139148231878458661-1232849963170894971818913290506039176322619533319,5466.466853037245,syn_flag_number <=,psh_flag_number >,475011065740486827108472353828139148231878458661,1232849963170894971818913290506039176322619533319
475011065740486827108472353828139148231878458661-1233133706649643691022119102239698495899057226060,23808.747376698244,syn_flag_number <=,Time_To_Live <=,475011065740486827108472353828139148231878458661,1233133706649643691022119102239698495899057226060
475011065740486827108472353828139148231878458661-1236189254858718471128603624930063881324958313531,14949.616827001468,syn_flag_number <=,HTTPS >,475011065740486827108472353828139148231878458661,1236189254858718471128603624930063881324958313531
475011065740486827108472353828139148231878458661-1239329028096551917906154637654656383307088642249,1661.6297081363118,syn_flag_number <=,cwr_flag_number <=,475011065740486827108472353828139148231878458661,1239329028096551917906154637654656383307088642249
475011065740486827108472353828139148231878458661-1251276136943778783713685275011300537715092657394,4395.522964081148,syn_flag_number <=,fin_flag_number >,475011065740486827108472353828139148231878458661,1251276136943778783713685275011300537715092657394
475011065740486827108472353828139148231878458661-1329847435934461746074927120436757452470095790255,133.334420348932,syn_flag_number <=,Min >,475011065740486827108472353828139148231878458661,1329847435934461746074927120436757452470095790255
475011065740486827108472353828139148231878458661-1338222599102815322204523610829624561969283441716,3934.375509538562,syn_flag_number <=,SSH <=,475011065740486827108472353828139148231878458661,1338222599102815322204523610829624561969283441716
475011065740486827108472353828139148231878458661-1345309773886921328764805451107636357621530213384,8892.822580645161,syn_flag_number <=,Class -1,475011065740486827108472353828139148231878458661,1345309773886921328764805451107636357621530213384
475011065740486827108472353828139148231878458661-1375509225989204300559045429796274689340158771149,4463.67275395402,syn_flag_number <=,rst_count <=,475011065740486827108472353828139148231878458661,1375509225989204300559045429796274689340158771149
475011065740486827108472353828139148231878458661-1379366653555122327876205020011632492492609315477,7876.212793822946,syn_flag_number <=,Type <=,475011065740486827108472353828139148231878458661,1379366653555122327876205020011632492492609315477
475011065740486827108472353828139148231878458661-1429650867505148313720594668477948880050562903683,3404.2962450624073,syn_flag_number <=,syn_flag_number >,475011065740486827108472353828139148231878458661,1429650867505148313720594668477948880050562903683
475011065740486827108472353828139148231878458661-1454952188391427871478129207189215566009723810659,1795.5669356153649,syn_flag_number <=,Std >,475011065740486827108472353828139148231878458661,1454952188391427871478129207189215566009723810659
475011065740486827108472353828139148231878458661-1455733501014453866297060548284701359849809242142,13792.715899707033,syn_flag_number <=,DHCP <=,475011065740486827108472353828139148231878458661,1455733501014453866297060548284701359849809242142
475011065740486827108472353828139148231878458661-153155765823982001952501641876618811106762500815,16145.586173161586,syn_flag_number <=,ack_flag_number >,475011065740486827108472353828139148231878458661,153155765823982001952501641876618811106762500815
475011065740486827108472353828139148231878458661-160227321490815016489601533331665083666172936667,114.14234469264635,syn_flag_number <=,IGMP <=,475011065740486827108472353828139148231878458661,160227321490815016489601533331665083666172936667
475011065740486827108472353828139148231878458661-161772624339136553719839337862344762258727720981,11169.999829058032,syn_flag_number <=,ack_flag_number <=,475011065740486827108472353828139148231878458661,161772624339136553719839337862344762258727720981
475011065740486827108472353828139148231878458661-171982518954274878349485416184092168691833932185,46640.784281754444,syn_flag_number <=,Class 1,475011065740486827108472353828139148231878458661,171982518954274878349485416184092168691833932185
475011065740486827108472353828139148231878458661-207766774224049171901964708681563529125144087827,1746.6743897371703,syn_flag_number <=,HTTP >,475011065740486827108472353828139148231878458661,207766774224049171901964708681563529125144087827
475011065740486827108472353828139148231878458661-215123608059624622405742600984392925785664489773,10312.042362049831,syn_flag_number <=,Variance <=,475011065740486827108472353828139148231878458661,215123608059624622405742600984392925785664489773
475011065740486827108472353828139148231878458661-218607780770691257170847497927336330511308420255,2736.385944888309,syn_flag_number <=,ack_count >,475011065740486827108472353828139148231878458661,218607780770691257170847497927336330511308420255
475011065740486827108472353828139148231878458661-335418722972519651500040442315750311827115323662,63.636882439263005,syn_flag_number <=,Rate >,475011065740486827108472353828139148231878458661,335418722972519651500040442315750311827115323662
475011065740486827108472353828139148231878458661-338730224709676774412755851787278702947952010784,9716.43633332106,syn_flag_number <=,sum <=,475011065740486827108472353828139148231878458661,338730224709676774412755851787278702947952010784
475011065740486827108472353828139148231878458661-371266811264664269299964157380215767396824640058,1026.2709929887494,syn_flag_number <=,ICMP >,475011065740486827108472353828139148231878458661,371266811264664269299964157380215767396824640058
475011065740486827108472353828139148231878458661-378316838538499851440768051160724422589084218125,18258.653253420154,syn_flag_number <=,IAT <=,475011065740486827108472353828139148231878458661,378316838538499851440768051160724422589084218125
475011065740486827108472353828139148231878458661-40351198695966294513339726256484683518911283460,13429.842299458773,syn_flag_number <=,fin_flag_number <=,475011065740486827108472353828139148231878458661,40351198695966294513339726256484683518911283460
475011065740486827108472353828139148231878458661-426624906449189252299067265451872698344494536313,699.4354838709678,syn_flag_number <=,Number >,475011065740486827108472353828139148231878458661,426624906449189252299067265451872698344494536313
475011065740486827108472353828139148231878458661-450410814915736770904937984733342042835793211647,11119.298861789473,syn_flag_number <=,ece_flag_number <=,475011065740486827108472353828139148231878458661,450410814915736770904937984733342042835793211647
475011065740486827108472353828139148231878458661-475011065740486827108472353828139148231878458661,5808.405124577248,syn_flag_number <=,syn_flag_number <=,475011065740486827108472353828139148231878458661,475011065740486827108472353828139148231878458661
475011065740486827108472353828139148231878458661-505469541859377927785473031559292540931343582537,19210.257622696885,syn_flag_number <=,ICMP <=,475011065740486827108472353828139148231878458661,505469541859377927785473031559292540931343582537
475011065740486827108472353828139148231878458661-520582048177068818674784514618258893555315007951,260.5267248044687,syn_flag_number <=,LLC <=,475011065740486827108472353828139148231878458661,520582048177068818674784514618258893555315007951
475011065740486827108472353828139148231878458661-579184915384053252333364217236378176158944003116,5.0505462253383335,syn_flag_number <=,cwr_flag_number >,475011065740486827108472353828139148231878458661,579184915384053252333364217236378176158944003116
475011065740486827108472353828139148231878458661-629827923182617752624696690572530002196221478554,6.060655470406001,syn_flag_number <=,DHCP >,475011065740486827108472353828139148231878458661,629827923182617752624696690572530002196221478554
475011065740486827108472353828139148231878458661-681503808608794911981134712221284126975357543438,30001.48277693914,syn_flag_number <=,syn_count <=,475011065740486827108472353828139148231878458661,681503808608794911981134712221284126975357543438
475011065740486827108472353828139148231878458661-684418957212367241623111035135876005715150589706,4269.324476786081,syn_flag_number <=,HTTP <=,475011065740486827108472353828139148231878458661,684418957212367241623111035135876005715150589706
475011065740486827108472353828139148231878458661-714914936218336719861297767221934377853836589461,1459.3634778538105,syn_flag_number <=,UDP >,475011065740486827108472353828139148231878458661,714914936218336719861297767221934377853836589461
475011065740486827108472353828139148231878458661-786396322989194697344344278946426998739971577495,1925.105300252994,syn_flag_number <=,HTTPS <=,475011065740486827108472353828139148231878458661,786396322989194697344344278946426998739971577495
475011065740486827108472353828139148231878458661-795584812918386367255521286735341258439959854242,2873.8259705559035,syn_flag_number <=,syn_count >,475011065740486827108472353828139148231878458661,795584812918386367255521286735341258439959854242
475011065740486827108472353828139148231878458661-835140271881840015202809914014108690929910415575,2247.3301494295797,syn_flag_number <=,IAT >,475011065740486827108472353828139148231878458661,835140271881840015202809914014108690929910415575
475011065740486827108472353828139148231878458661-841356973986788424033641854148712928121319667477,256.56774824718735,syn_flag_number <=,Variance >,475011065740486827108472353828139148231878458661,841356973986788424033641854148712928121319667477
475011065740486827108472353828139148231878458661-841518471221275042570144506781210008737201997031,1460.5365079448568,syn_flag_number <=,Min <=,475011065740486827108472353828139148231878458661,841518471221275042570144506781210008737201997031
475011065740486827108472353828139148231878458661-843826879422383561066103188424018239931401286651,3137.4318993493685,syn_flag_number <=,ack_count <=,475011065740486827108472353828139148231878458661,843826879422383561066103188424018239931401286651
475011065740486827108472353828139148231878458661-896530251803066355404557928035950607124936193677,15503.026356621767,syn_flag_number <=,psh_flag_number <=,475011065740486827108472353828139148231878458661,896530251803066355404557928035950607124936193677
475011065740486827108472353828139148231878458661-922599836131670820904126277297069322180441856169,2402.0397847709114,syn_flag_number <=,Rate <=,475011065740486827108472353828139148231878458661,922599836131670820904126277297069322180441856169
475011065740486827108472353828139148231878458661-926368966621798523173828527325665066772113177503,4013.7994219531565,syn_flag_number <=,UDP <=,475011065740486827108472353828139148231878458661,926368966621798523173828527325665066772113177503
475011065740486827108472353828139148231878458661-940331364486966071141541838460909450599289486914,4920.291008978398,syn_flag_number <=,rst_count >,475011065740486827108472353828139148231878458661,940331364486966071141541838460909450599289486914
475011065740486827108472353828139148231878458661-974265510705878984211701297112044370513255377925,27537.53307069634,syn_flag_number <=,Std <=,475011065740486827108472353828139148231878458661,974265510705878984211701297112044370513255377925
505469541859377927785473031559292540931343582537-1043469376771332113858820724324827897913309990452,8241.758295945257,ICMP <=,LLC >,505469541859377927785473031559292540931343582537,1043469376771332113858820724324827897913309990452
505469541859377927785473031559292540931343582537-1043754360836331848364792327262011021650379248223,1251.4438942158497,ICMP <=,DNS >,505469541859377927785473031559292540931343582537,1043754360836331848364792327262011021650379248223
505469541859377927785473031559292540931343582537-1077028023530208599426324724984012030801332581683,3537.3211158039794,ICMP <=,Time_To_Live >,505469541859377927785473031559292540931343582537,1077028023530208599426324724984012030801332581683
505469541859377927785473031559292540931343582537-1085488307210616684491611463585545838953333018237,4857.729404122594,ICMP <=,Type >,505469541859377927785473031559292540931343582537,1085488307210616684491611463585545838953333018237
505469541859377927785473031559292540931343582537-1091995366823138898995898948102109473193356840202,6507.04229630292,ICMP <=,DNS <=,505469541859377927785473031559292540931343582537,1091995366823138898995898948102109473193356840202
505469541859377927785473031559292540931343582537-109928824856976412487775174607761519739702474552,3778.737225375152,ICMP <=,Number <=,505469541859377927785473031559292540931343582537,109928824856976412487775174607761519739702474552
505469541859377927785473031559292540931343582537-1118614325010621431186771152252517336813918651911,5595.41870262935,ICMP <=,sum >,505469541859377927785473031559292540931343582537,1118614325010621431186771152252517336813918651911
505469541859377927785473031559292540931343582537-1184472685782376059334758133512718430805424685192,255.55763900211969,ICMP <=,SSH >,505469541859377927785473031559292540931343582537,1184472685782376059334758133512718430805424685192
505469541859377927785473031559292540931343582537-1232849963170894971818913290506039176322619533319,2064.663296918311,ICMP <=,psh_flag_number >,505469541859377927785473031559292540931343582537,1232849963170894971818913290506039176322619533319
505469541859377927785473031559292540931343582537-1233133706649643691022119102239698495899057226060,13486.03369923681,ICMP <=,Time_To_Live <=,505469541859377927785473031559292540931343582537,1233133706649643691022119102239698495899057226060
505469541859377927785473031559292540931343582537-1236189254858718471128603624930063881324958313531,6370.759008641774,ICMP <=,HTTPS >,505469541859377927785473031559292540931343582537,1236189254858718471128603624930063881324958313531
505469541859377927785473031559292540931343582537-1239329028096551917906154637654656383307088642249,10987.88690742309,ICMP <=,cwr_flag_number <=,505469541859377927785473031559292540931343582537,1239329028096551917906154637654656383307088642249
505469541859377927785473031559292540931343582537-1251276136943778783713685275011300537715092657394,392.851035908333,ICMP <=,fin_flag_number >,505469541859377927785473031559292540931343582537,1251276136943778783713685275011300537715092657394
505469541859377927785473031559292540931343582537-1329847435934461746074927120436757452470095790255,2740.42638186858,ICMP <=,Min >,505469541859377927785473031559292540931343582537,1329847435934461746074927120436757452470095790255
505469541859377927785473031559292540931343582537-1338222599102815322204523610829624561969283441716,22475.614970308696,ICMP <=,SSH <=,505469541859377927785473031559292540931343582537,1338222599102815322204523610829624561969283441716
505469541859377927785473031559292540931343582537-1345309773886921328764805451107636357621530213384,14788.064516129032,ICMP <=,Class -1,505469541859377927785473031559292540931343582537,1345309773886921328764805451107636357621530213384
505469541859377927785473031559292540931343582537-1375509225989204300559045429796274689340158771149,7679.779129826481,ICMP <=,rst_count <=,505469541859377927785473031559292540931343582537,1375509225989204300559045429796274689340158771149
505469541859377927785473031559292540931343582537-1379366653555122327876205020011632492492609315477,26219.74780799798,ICMP <=,Type <=,505469541859377927785473031559292540931343582537,1379366653555122327876205020011632492492609315477
505469541859377927785473031559292540931343582537-1429650867505148313720594668477948880050562903683,970.1447615491024,ICMP <=,syn_flag_number >,505469541859377927785473031559292540931343582537,1429650867505148313720594668477948880050562903683
505469541859377927785473031559292540931343582537-1454952188391427871478129207189215566009723810659,6782.802120206393,ICMP <=,Std >,505469541859377927785473031559292540931343582537,1454952188391427871478129207189215566009723810659
505469541859377927785473031559292540931343582537-1455733501014453866297060548284701359849809242142,2527.2933311593024,ICMP <=,DHCP <=,505469541859377927785473031559292540931343582537,1455733501014453866297060548284701359849809242142
505469541859377927785473031559292540931343582537-153155765823982001952501641876618811106762500815,29848.874820510933,ICMP <=,ack_flag_number >,505469541859377927785473031559292540931343582537,153155765823982001952501641876618811106762500815
505469541859377927785473031559292540931343582537-160227321490815016489601533331665083666172936667,2078.5604450802903,ICMP <=,IGMP <=,505469541859377927785473031559292540931343582537,160227321490815016489601533331665083666172936667
505469541859377927785473031559292540931343582537-161772624339136553719839337862344762258727720981,29283.00184617327,ICMP <=,ack_flag_number <=,505469541859377927785473031559292540931343582537,161772624339136553719839337862344762258727720981
505469541859377927785473031559292540931343582537-171982518954274878349485416184092168691833932185,47849.88504810044,ICMP <=,Class 1,505469541859377927785473031559292540931343582537,171982518954274878349485416184092168691833932185
505469541859377927785473031559292540931343582537-207766774224049171901964708681563529125144087827,708.852308768534,ICMP <=,HTTP >,505469541859377927785473031559292540931343582537,207766774224049171901964708681563529125144087827
505469541859377927785473031559292540931343582537-215123608059624622405742600984392925785664489773,37886.36295976815,ICMP <=,Variance <=,505469541859377927785473031559292540931343582537,215123608059624622405742600984392925785664489773
505469541859377927785473031559292540931343582537-218607780770691257170847497927336330511308420255,7592.095130520768,ICMP <=,ack_count >,505469541859377927785473031559292540931343582537,218607780770691257170847497927336330511308420255
505469541859377927785473031559292540931343582537-335418722972519651500040442315750311827115323662,3361.2362654702483,ICMP <=,Rate >,505469541859377927785473031559292540931343582537,335418722972519651500040442315750311827115323662
505469541859377927785473031559292540931343582537-338730224709676774412755851787278702947952010784,39290.88728086554,ICMP <=,sum <=,505469541859377927785473031559292540931343582537,338730224709676774412755851787278702947952010784
505469541859377927785473031559292540931343582537-371266811264664269299964157380215767396824640058,1834.9611961730038,ICMP <=,ICMP >,505469541859377927785473031559292540931343582537,371266811264664269299964157380215767396824640058
505469541859377927785473031559292540931343582537-378316838538499851440768051160724422589084218125,14595.50836826686,ICMP <=,IAT <=,505469541859377927785473031559292540931343582537,378316838538499851440768051160724422589084218125
505469541859377927785473031559292540931343582537-40351198695966294513339726256484683518911283460,19194.975647344087,ICMP <=,fin_flag_number <=,505469541859377927785473031559292540931343582537,40351198695966294513339726256484683518911283460
505469541859377927785473031559292540931343582537-426624906449189252299067265451872698344494536313,6112.936769880551,ICMP <=,Number >,505469541859377927785473031559292540931343582537,426624906449189252299067265451872698344494536313
505469541859377927785473031559292540931343582537-450410814915736770904937984733342042835793211647,1217.5400661676915,ICMP <=,ece_flag_number <=,505469541859377927785473031559292540931343582537,450410814915736770904937984733342042835793211647
505469541859377927785473031559292540931343582537-475011065740486827108472353828139148231878458661,14720.322028371107,ICMP <=,syn_flag_number <=,505469541859377927785473031559292540931343582537,475011065740486827108472353828139148231878458661
505469541859377927785473031559292540931343582537-505469541859377927785473031559292540931343582537,22470.92284994451,ICMP <=,ICMP <=,505469541859377927785473031559292540931343582537,505469541859377927785473031559292540931343582537
505469541859377927785473031559292540931343582537-520582048177068818674784514618258893555315007951,1143.036363301652,ICMP <=,LLC <=,505469541859377927785473031559292540931343582537,520582048177068818674784514618258893555315007951
505469541859377927785473031559292540931343582537-579184915384053252333364217236378176158944003116,23.232512636556336,ICMP <=,cwr_flag_number >,505469541859377927785473031559292540931343582537,579184915384053252333364217236378176158944003116
505469541859377927785473031559292540931343582537-629827923182617752624696690572530002196221478554,14.141529430947335,ICMP <=,DHCP >,505469541859377927785473031559292540931343582537,629827923182617752624696690572530002196221478554
505469541859377927785473031559292540931343582537-681503808608794911981134712221284126975357543438,46484.983076745055,ICMP <=,syn_count <=,505469541859377927785473031559292540931343582537,681503808608794911981134712221284126975357543438
505469541859377927785473031559292540931343582537-684418957212367241623111035135876005715150589706,11785.954671449535,ICMP <=,HTTP <=,505469541859377927785473031559292540931343582537,684418957212367241623111035135876005715150589706
505469541859377927785473031559292540931343582537-714914936218336719861297767221934377853836589461,1025.2608837436817,ICMP <=,UDP >,505469541859377927785473031559292540931343582537,714914936218336719861297767221934377853836589461
505469541859377927785473031559292540931343582537-786396322989194697344344278946426998739971577495,3175.2947039548085,ICMP <=,HTTPS <=,505469541859377927785473031559292540931343582537,786396322989194697344344278946426998739971577495
505469541859377927785473031559292540931343582537-795584812918386367255521286735341258439959854242,10511.750735050467,ICMP <=,syn_count >,505469541859377927785473031559292540931343582537,795584812918386367255521286735341258439959854242
505469541859377927785473031559292540931343582537-835140271881840015202809914014108690929910415575,11442.061349757789,ICMP <=,IAT >,505469541859377927785473031559292540931343582537,835140271881840015202809914014108690929910415575
505469541859377927785473031559292540931343582537-841356973986788424033641854148712928121319667477,1402.9602809759997,ICMP <=,Variance >,505469541859377927785473031559292540931343582537,841356973986788424033641854148712928121319667477
505469541859377927785473031559292540931343582537-841518471221275042570144506781210008737201997031,14401.811774482836,ICMP <=,Min <=,505469541859377927785473031559292540931343582537,841518471221275042570144506781210008737201997031
505469541859377927785473031559292540931343582537-843826879422383561066103188424018239931401286651,5748.727218695266,ICMP <=,ack_count <=,505469541859377927785473031559292540931343582537,843826879422383561066103188424018239931401286651
505469541859377927785473031559292540931343582537-896530251803066355404557928035950607124936193677,14134.556418739448,ICMP <=,psh_flag_number <=,505469541859377927785473031559292540931343582537,896530251803066355404557928035950607124936193677
505469541859377927785473031559292540931343582537-922599836131670820904126277297069322180441856169,13349.603782814283,ICMP <=,Rate <=,505469541859377927785473031559292540931343582537,922599836131670820904126277297069322180441856169
505469541859377927785473031559292540931343582537-926368966621798523173828527325665066772113177503,3431.943912624985,ICMP <=,UDP <=,505469541859377927785473031559292540931343582537,926368966621798523173828527325665066772113177503
505469541859377927785473031559292540931343582537-940331364486966071141541838460909450599289486914,816.5266958758277,ICMP <=,rst_count >,505469541859377927785473031559292540931343582537,940331364486966071141541838460909450599289486914
505469541859377927785473031559292540931343582537-974265510705878984211701297112044370513255377925,28349.514274969362,ICMP <=,Std <=,505469541859377927785473031559292540931343582537,974265510705878984211701297112044370513255377925
520582048177068818674784514618258893555315007951-1043469376771332113858820724324827897913309990452,988.8969509212458,LLC <=,LLC >,520582048177068818674784514618258893555315007951,1043469376771332113858820724324827897913309990452
520582048177068818674784514618258893555315007951-1043754360836331848364792327262011021650379248223,219.11224575669436,LLC <=,DNS >,520582048177068818674784514618258893555315007951,1043754360836331848364792327262011021650379248223
520582048177068818674784514618258893555315007951-1077028023530208599426324724984012030801332581683,831.9227158208107,LLC <=,Time_To_Live >,520582048177068818674784514618258893555315007951,1077028023530208599426324724984012030801332581683
520582048177068818674784514618258893555315007951-1085488307210616684491611463585545838953333018237,377.699397232318,LLC <=,Type >,520582048177068818674784514618258893555315007951,1085488307210616684491611463585545838953333018237
520582048177068818674784514618258893555315007951-1091995366823138898995898948102109473193356840202,1200.9384319624664,LLC <=,DNS <=,520582048177068818674784514618258893555315007951,1091995366823138898995898948102109473193356840202
520582048177068818674784514618258893555315007951-109928824856976412487775174607761519739702474552,98.99070601663134,LLC <=,Number <=,520582048177068818674784514618258893555315007951,109928824856976412487775174607761519739702474552
520582048177068818674784514618258893555315007951-1118614325010621431186771152252517336813918651911,193.8595146300027,LLC <=,sum >,520582048177068818674784514618258893555315007951,1118614325010621431186771152252517336813918651911
520582048177068818674784514618258893555315007951-1184472685782376059334758133512718430805424685192,15.151638676015,LLC <=,SSH >,520582048177068818674784514618258893555315007951,1184472685782376059334758133512718430805424685192
520582048177068818674784514618258893555315007951-1232849963170894971818913290506039176322619533319,222.2240339148867,LLC <=,psh_flag_number >,520582048177068818674784514618258893555315007951,1232849963170894971818913290506039176322619533319
520582048177068818674784514618258893555315007951-1233133706649643691022119102239698495899057226060,866.3478905761008,LLC <=,Time_To_Live <=,520582048177068818674784514618258893555315007951,1233133706649643691022119102239698495899057226060
520582048177068818674784514618258893555315007951-1236189254858718471128603624930063881324958313531,149.4961682700147,LLC <=,HTTPS >,520582048177068818674784514618258893555315007951,1236189254858718471128603624930063881324958313531
520582048177068818674784514618258893555315007951-1251276136943778783713685275011300537715092657394,21.212294146421,LLC <=,fin_flag_number >,520582048177068818674784514618258893555315007951,1251276136943778783713685275011300537715092657394
520582048177068818674784514618258893555315007951-1338222599102815322204523610829624561969283441716,164.64780694602968,LLC <=,SSH <=,520582048177068818674784514618258893555315007951,1338222599102815322204523610829624561969283441716
520582048177068818674784514618258893555315007951-1345309773886921328764805451107636357621530213384,2897.6612903225805,LLC <=,Class -1,520582048177068818674784514618258893555315007951,1345309773886921328764805451107636357621530213384
520582048177068818674784514618258893555315007951-1375509225989204300559045429796274689340158771149,1810.0343067382694,LLC <=,rst_count <=,520582048177068818674784514618258893555315007951,1375509225989204300559045429796274689340158771149
520582048177068818674784514618258893555315007951-1379366653555122327876205020011632492492609315477,9.090983205609001,LLC <=,Type <=,520582048177068818674784514618258893555315007951,1379366653555122327876205020011632492492609315477
520582048177068818674784514618258893555315007951-1429650867505148313720594668477948880050562903683,121.13164898513068,LLC <=,syn_flag_number >,520582048177068818674784514618258893555315007951,1429650867505148313720594668477948880050562903683
520582048177068818674784514618258893555315007951-1454952188391427871478129207189215566009723810659,226.26447089515736,LLC <=,Std >,520582048177068818674784514618258893555315007951,1454952188391427871478129207189215566009723810659
520582048177068818674784514618258893555315007951-1455733501014453866297060548284701359849809242142,168.68824392630034,LLC <=,DHCP <=,520582048177068818674784514618258893555315007951,1455733501014453866297060548284701359849809242142
520582048177068818674784514618258893555315007951-153155765823982001952501641876618811106762500815,335.35626936246535,LLC <=,ack_flag_number >,520582048177068818674784514618258893555315007951,153155765823982001952501641876618811106762500815
520582048177068818674784514618258893555315007951-160227321490815016489601533331665083666172936667,7.0707647154736675,LLC <=,IGMP <=,520582048177068818674784514618258893555315007951,160227321490815016489601533331665083666172936667
520582048177068818674784514618258893555315007951-161772624339136553719839337862344762258727720981,754.551606065547,LLC <=,ack_flag_number <=,520582048177068818674784514618258893555315007951,161772624339136553719839337862344762258727720981
520582048177068818674784514618258893555315007951-171982518954274878349485416184092168691833932185,5876.815587803685,LLC <=,Class 1,520582048177068818674784514618258893555315007951,171982518954274878349485416184092168691833932185
520582048177068818674784514618258893555315007951-207766774224049171901964708681563529125144087827,22.22240339148867,LLC <=,HTTP >,520582048177068818674784514618258893555315007951,207766774224049171901964708681563529125144087827
520582048177068818674784514618258893555315007951-215123608059624622405742600984392925785664489773,659.6013370291864,LLC <=,Variance <=,520582048177068818674784514618258893555315007951,215123608059624622405742600984392925785664489773
520582048177068818674784514618258893555315007951-218607780770691257170847497927336330511308420255,518.1045822967237,LLC <=,ack_count >,520582048177068818674784514618258893555315007951,218607780770691257170847497927336330511308420255
520582048177068818674784514618258893555315007951-335418722972519651500040442315750311827115323662,86.86939507581934,LLC <=,Rate >,520582048177068818674784514618258893555315007951,335418722972519651500040442315750311827115323662
520582048177068818674784514618258893555315007951-338730224709676774412755851787278702947952010784,457.49802759266373,LLC <=,sum <=,520582048177068818674784514618258893555315007951,338730224709676774412755851787278702947952010784
520582048177068818674784514618258893555315007951-371266811264664269299964157380215767396824640058,212.12294146421002,LLC <=,ICMP >,520582048177068818674784514618258893555315007951,371266811264664269299964157380215767396824640058
520582048177068818674784514618258893555315007951-378316838538499851440768051160724422589084218125,544.4488830914723,LLC <=,IAT <=,520582048177068818674784514618258893555315007951,378316838538499851440768051160724422589084218125
520582048177068818674784514618258893555315007951-40351198695966294513339726256484683518911283460,146.4658405348117,LLC <=,fin_flag_number <=,520582048177068818674784514618258893555315007951,40351198695966294513339726256484683518911283460
520582048177068818674784514618258893555315007951-426624906449189252299067265451872698344494536313,3.0303277352030005,LLC <=,Number >,520582048177068818674784514618258893555315007951,426624906449189252299067265451872698344494536313
520582048177068818674784514618258893555315007951-450410814915736770904937984733342042835793211647,85.85928583075167,LLC <=,ece_flag_number <=,520582048177068818674784514618258893555315007951,450410814915736770904937984733342042835793211647
520582048177068818674784514618258893555315007951-475011065740486827108472353828139148231878458661,126.26365563345834,LLC <=,syn_flag_number <=,520582048177068818674784514618258893555315007951,475011065740486827108472353828139148231878458661
520582048177068818674784514618258893555315007951-505469541859377927785473031559292540931343582537,1470.3932191265656,LLC <=,ICMP <=,520582048177068818674784514618258893555315007951,505469541859377927785473031559292540931343582537
520582048177068818674784514618258893555315007951-520582048177068818674784514618258893555315007951,811.8834517654361,LLC <=,LLC <=,520582048177068818674784514618258893555315007951,520582048177068818674784514618258893555315007951
520582048177068818674784514618258893555315007951-681503808608794911981134712221284126975357543438,481.822109897277,LLC <=,syn_count <=,520582048177068818674784514618258893555315007951,681503808608794911981134712221284126975357543438
520582048177068818674784514618258893555315007951-684418957212367241623111035135876005715150589706,798.9964128485244,LLC <=,HTTP <=,520582048177068818674784514618258893555315007951,684418957212367241623111035135876005715150589706
520582048177068818674784514618258893555315007951-714914936218336719861297767221934377853836589461,275.6783634804837,LLC <=,UDP >,520582048177068818674784514618258893555315007951,714914936218336719861297767221934377853836589461
520582048177068818674784514618258893555315007951-786396322989194697344344278946426998739971577495,63.636882439263005,LLC <=,HTTPS <=,520582048177068818674784514618258893555315007951,786396322989194697344344278946426998739971577495
520582048177068818674784514618258893555315007951-795584812918386367255521286735341258439959854242,11.111201695744334,LLC <=,syn_count >,520582048177068818674784514618258893555315007951,795584812918386367255521286735341258439959854242
520582048177068818674784514618258893555315007951-835140271881840015202809914014108690929910415575,788.6509391288797,LLC <=,IAT >,520582048177068818674784514618258893555315007951,835140271881840015202809914014108690929910415575
520582048177068818674784514618258893555315007951-841356973986788424033641854148712928121319667477,308.001859322649,LLC <=,Variance >,520582048177068818674784514618258893555315007951,841356973986788424033641854148712928121319667477
520582048177068818674784514618258893555315007951-841518471221275042570144506781210008737201997031,563.5594983247687,LLC <=,Min <=,520582048177068818674784514618258893555315007951,841518471221275042570144506781210008737201997031
520582048177068818674784514618258893555315007951-843826879422383561066103188424018239931401286651,554.2241338501917,LLC <=,ack_count <=,520582048177068818674784514618258893555315007951,843826879422383561066103188424018239931401286651
520582048177068818674784514618258893555315007951-896530251803066355404557928035950607124936193677,194.86962387507035,LLC <=,psh_flag_number <=,520582048177068818674784514618258893555315007951,896530251803066355404557928035950607124936193677
520582048177068818674784514618258893555315007951-922599836131670820904126277297069322180441856169,1791.9338007500407,LLC <=,Rate <=,520582048177068818674784514618258893555315007951,922599836131670820904126277297069322180441856169
520582048177068818674784514618258893555315007951-926368966621798523173828527325665066772113177503,455.4778091025284,LLC <=,UDP <=,520582048177068818674784514618258893555315007951,926368966621798523173828527325665066772113177503
520582048177068818674784514618258893555315007951-940331364486966071141541838460909450599289486914,41.414479047774336,LLC <=,rst_count >,520582048177068818674784514618258893555315007951,940331364486966071141541838460909450599289486914
520582048177068818674784514618258893555315007951-974265510705878984211701297112044370513255377925,822.0660046391021,LLC <=,Std <=,520582048177068818674784514618258893555315007951,974265510705878984211701297112044370513255377925
629827923182617752624696690572530002196221478554-1043469376771332113858820724324827897913309990452,58.586336213924675,DHCP >,LLC >,629827923182617752624696690572530002196221478554,1043469376771332113858820724324827897913309990452
629827923182617752624696690572530002196221478554-1077028023530208599426324724984012030801332581683,16.161747921082668,DHCP >,Time_To_Live >,629827923182617752624696690572530002196221478554,1077028023530208599426324724984012030801332581683
629827923182617752624696690572530002196221478554-1085488307210616684491611463585545838953333018237,1.0101092450676668,DHCP >,Type >,629827923182617752624696690572530002196221478554,1085488307210616684491611463585545838953333018237
629827923182617752624696690572530002196221478554-1091995366823138898995898948102109473193356840202,31.31338659709767,DHCP >,DNS <=,629827923182617752624696690572530002196221478554,1091995366823138898995898948102109473193356840202
629827923182617752624696690572530002196221478554-109928824856976412487775174607761519739702474552,291.75865097857707,DHCP >,Number <=,629827923182617752624696690572530002196221478554,109928824856976412487775174607761519739702474552
629827923182617752624696690572530002196221478554-1232849963170894971818913290506039176322619533319,3.0303277352030005,DHCP >,psh_flag_number >,629827923182617752624696690572530002196221478554,1232849963170894971818913290506039176322619533319
629827923182617752624696690572530002196221478554-1233133706649643691022119102239698495899057226060,24.242621881624004,DHCP >,Time_To_Live <=,629827923182617752624696690572530002196221478554,1233133706649643691022119102239698495899057226060
629827923182617752624696690572530002196221478554-1236189254858718471128603624930063881324958313531,1.0101092450676668,DHCP >,HTTPS >,629827923182617752624696690572530002196221478554,1236189254858718471128603624930063881324958313531
629827923182617752624696690572530002196221478554-1338222599102815322204523610829624561969283441716,42.424588292842,DHCP >,SSH <=,629827923182617752624696690572530002196221478554,1338222599102815322204523610829624561969283441716
629827923182617752624696690572530002196221478554-1345309773886921328764805451107636357621530213384,1099.1129032258066,DHCP >,Class -1,629827923182617752624696690572530002196221478554,1345309773886921328764805451107636357621530213384
629827923182617752624696690572530002196221478554-1375509225989204300559045429796274689340158771149,58.586336213924675,DHCP >,rst_count <=,629827923182617752624696690572530002196221478554,1375509225989204300559045429796274689340158771149
629827923182617752624696690572530002196221478554-1379366653555122327876205020011632492492609315477,5.0505462253383335,DHCP >,Type <=,629827923182617752624696690572530002196221478554,1379366653555122327876205020011632492492609315477
629827923182617752624696690572530002196221478554-1454952188391427871478129207189215566009723810659,1.0101092450676668,DHCP >,Std >,629827923182617752624696690572530002196221478554,1454952188391427871478129207189215566009723810659
629827923182617752624696690572530002196221478554-1455733501014453866297060548284701359849809242142,21.212294146421,DHCP >,DHCP <=,629827923182617752624696690572530002196221478554,1455733501014453866297060548284701359849809242142
629827923182617752624696690572530002196221478554-153155765823982001952501641876618811106762500815,77.77841187021033,DHCP >,ack_flag_number >,629827923182617752624696690572530002196221478554,153155765823982001952501641876618811106762500815
629827923182617752624696690572530002196221478554-160227321490815016489601533331665083666172936667,3.0303277352030005,DHCP >,IGMP <=,629827923182617752624696690572530002196221478554,160227321490815016489601533331665083666172936667
629827923182617752624696690572530002196221478554-161772624339136553719839337862344762258727720981,380.6482645445317,DHCP >,ack_flag_number <=,629827923182617752624696690572530002196221478554,161772624339136553719839337862344762258727720981
629827923182617752624696690572530002196221478554-171982518954274878349485416184092168691833932185,1447.4865481819666,DHCP >,Class 1,629827923182617752624696690572530002196221478554,171982518954274878349485416184092168691833932185
629827923182617752624696690572530002196221478554-215123608059624622405742600984392925785664489773,1181.1761333452555,DHCP >,Variance <=,629827923182617752624696690572530002196221478554,215123608059624622405742600984392925785664489773
629827923182617752624696690572530002196221478554-218607780770691257170847497927336330511308420255,10.101092450676667,DHCP >,ack_count >,629827923182617752624696690572530002196221478554,218607780770691257170847497927336330511308420255
629827923182617752624696690572530002196221478554-338730224709676774412755851787278702947952010784,3.0303277352030005,DHCP >,sum <=,629827923182617752624696690572530002196221478554,338730224709676774412755851787278702947952010784
629827923182617752624696690572530002196221478554-378316838538499851440768051160724422589084218125,14.141529430947335,DHCP >,IAT <=,629827923182617752624696690572530002196221478554,378316838538499851440768051160724422589084218125
629827923182617752624696690572530002196221478554-40351198695966294513339726256484683518911283460,17.171857166150335,DHCP >,fin_flag_number <=,629827923182617752624696690572530002196221478554,40351198695966294513339726256484683518911283460
629827923182617752624696690572530002196221478554-475011065740486827108472353828139148231878458661,10.101092450676667,DHCP >,syn_flag_number <=,629827923182617752624696690572530002196221478554,475011065740486827108472353828139148231878458661
629827923182617752624696690572530002196221478554-505469541859377927785473031559292540931343582537,5.0505462253383335,DHCP >,ICMP <=,629827923182617752624696690572530002196221478554,505469541859377927785473031559292540931343582537
629827923182617752624696690572530002196221478554-681503808608794911981134712221284126975357543438,143.35405237661936,DHCP >,syn_count <=,629827923182617752624696690572530002196221478554,681503808608794911981134712221284126975357543438
629827923182617752624696690572530002196221478554-684418957212367241623111035135876005715150589706,196.88984236520568,DHCP >,HTTP <=,629827923182617752624696690572530002196221478554,684418957212367241623111035135876005715150589706
629827923182617752624696690572530002196221478554-714914936218336719861297767221934377853836589461,80.80873960541334,DHCP >,UDP >,629827923182617752624696690572530002196221478554,714914936218336719861297767221934377853836589461
629827923182617752624696690572530002196221478554-835140271881840015202809914014108690929910415575,117.09121200486001,DHCP >,IAT >,629827923182617752624696690572530002196221478554,835140271881840015202809914014108690929910415575
629827923182617752624696690572530002196221478554-841356973986788424033641854148712928121319667477,113.13223544757868,DHCP >,Variance >,629827923182617752624696690572530002196221478554,841356973986788424033641854148712928121319667477
629827923182617752624696690572530002196221478554-841518471221275042570144506781210008737201997031,15.151638676015,DHCP >,Min <=,629827923182617752624696690572530002196221478554,841518471221275042570144506781210008737201997031
629827923182617752624696690572530002196221478554-843826879422383561066103188424018239931401286651,13.131420185879668,DHCP >,ack_count <=,629827923182617752624696690572530002196221478554,843826879422383561066103188424018239931401286651
629827923182617752624696690572530002196221478554-896530251803066355404557928035950607124936193677,48.48524376324801,DHCP >,psh_flag_number <=,629827923182617752624696690572530002196221478554,896530251803066355404557928035950607124936193677
629827923182617752624696690572530002196221478554-922599836131670820904126277297069322180441856169,71.71775639980434,DHCP >,Rate <=,629827923182617752624696690572530002196221478554,922599836131670820904126277297069322180441856169
629827923182617752624696690572530002196221478554-926368966621798523173828527325665066772113177503,82.82895809554867,DHCP >,UDP <=,629827923182617752624696690572530002196221478554,926368966621798523173828527325665066772113177503
629827923182617752624696690572530002196221478554-974265510705878984211701297112044370513255377925,83.83906734061634,DHCP >,Std <=,629827923182617752624696690572530002196221478554,974265510705878984211701297112044370513255377925
681503808608794911981134712221284126975357543438-1043469376771332113858820724324827897913309990452,11600.941758756175,syn_count <=,LLC >,681503808608794911981134712221284126975357543438,1043469376771332113858820724324827897913309990452
681503808608794911981134712221284126975357543438-1043754360836331848364792327262011021650379248223,1072.6545578388727,syn_count <=,DNS >,681503808608794911981134712221284126975357543438,1043754360836331848364792327262011021650379248223
681503808608794911981134712221284126975357543438-1077028023530208599426324724984012030801332581683,2180.744399678103,syn_count <=,Time_To_Live >,681503808608794911981134712221284126975357543438,1077028023530208599426324724984012030801332581683
681503808608794911981134712221284126975357543438-1085488307210616684491611463585545838953333018237,16411.782543406112,syn_count <=,Type >,681503808608794911981134712221284126975357543438,1085488307210616684491611463585545838953333018237
681503808608794911981134712221284126975357543438-1091995366823138898995898948102109473193356840202,35162.94551421974,syn_count <=,DNS <=,681503808608794911981134712221284126975357543438,1091995366823138898995898948102109473193356840202
681503808608794911981134712221284126975357543438-109928824856976412487775174607761519739702474552,1710.1149518995599,syn_count <=,Number <=,681503808608794911981134712221284126975357543438,109928824856976412487775174607761519739702474552
681503808608794911981134712221284126975357543438-1118614325010621431186771152252517336813918651911,3528.2138405137725,syn_count <=,sum >,681503808608794911981134712221284126975357543438,1118614325010621431186771152252517336813918651911
681503808608794911981134712221284126975357543438-1184472685782376059334758133512718430805424685192,993.7031158776161,syn_count <=,SSH >,681503808608794911981134712221284126975357543438,1184472685782376059334758133512718430805424685192
681503808608794911981134712221284126975357543438-1232849963170894971818913290506039176322619533319,6291.970487526496,syn_count <=,psh_flag_number >,681503808608794911981134712221284126975357543438,1232849963170894971818913290506039176322619533319
681503808608794911981134712221284126975357543438-1233133706649643691022119102239698495899057226060,9635.432088700472,syn_count <=,Time_To_Live <=,681503808608794911981134712221284126975357543438,1233133706649643691022119102239698495899057226060
681503808608794911981134712221284126975357543438-1236189254858718471128603624930063881324958313531,7647.537094407305,syn_count <=,HTTPS >,681503808608794911981134712221284126975357543438,1236189254858718471128603624930063881324958313531
681503808608794911981134712221284126975357543438-1239329028096551917906154637654656383307088642249,1150.5144301320724,syn_count <=,cwr_flag_number <=,681503808608794911981134712221284126975357543438,1239329028096551917906154637654656383307088642249
681503808608794911981134712221284126975357543438-1251276136943778783713685275011300537715092657394,722.8309173535027,syn_count <=,fin_flag_number >,681503808608794911981134712221284126975357543438,1251276136943778783713685275011300537715092657394
681503808608794911981134712221284126975357543438-1329847435934461746074927120436757452470095790255,780.6515255913278,syn_count <=,Min >,681503808608794911981134712221284126975357543438,1329847435934461746074927120436757452470095790255
681503808608794911981134712221284126975357543438-1338222599102815322204523610829624561969283441716,35836.24849439573,syn_count <=,SSH <=,681503808608794911981134712221284126975357543438,1338222599102815322204523610829624561969283441716
681503808608794911981134712221284126975357543438-1345309773886921328764805451107636357621530213384,17186.129032258064,syn_count <=,Class -1,681503808608794911981134712221284126975357543438,1345309773886921328764805451107636357621530213384
681503808608794911981134712221284126975357543438-1375509225989204300559045429796274689340158771149,33943.4666899849,syn_count <=,rst_count <=,681503808608794911981134712221284126975357543438,1375509225989204300559045429796274689340158771149
681503808608794911981134712221284126975357543438-1379366653555122327876205020011632492492609315477,37918.490950595144,syn_count <=,Type <=,681503808608794911981134712221284126975357543438,1379366653555122327876205020011632492492609315477
681503808608794911981134712221284126975357543438-1429650867505148313720594668477948880050562903683,510.9523571582607,syn_count <=,syn_flag_number >,681503808608794911981134712221284126975357543438,1429650867505148313720594668477948880050562903683
681503808608794911981134712221284126975357543438-1454952188391427871478129207189215566009723810659,1265.6668840697864,syn_count <=,Std >,681503808608794911981134712221284126975357543438,1454952188391427871478129207189215566009723810659
681503808608794911981134712221284126975357543438-1455733501014453866297060548284701359849809242142,10084.930702755584,syn_count <=,DHCP <=,681503808608794911981134712221284126975357543438,1455733501014453866297060548284701359849809242142
681503808608794911981134712221284126975357543438-153155765823982001952501641876618811106762500815,19687.029186368825,syn_count <=,ack_flag_number >,681503808608794911981134712221284126975357543438,153155765823982001952501641876618811106762500815
681503808608794911981134712221284126975357543438-160227321490815016489601533331665083666172936667,89.89972281102234,syn_count <=,IGMP <=,681503808608794911981134712221284126975357543438,160227321490815016489601533331665083666172936667
681503808608794911981134712221284126975357543438-161772624339136553719839337862344762258727720981,12598.08250448394,syn_count <=,ack_flag_number <=,681503808608794911981134712221284126975357543438,161772624339136553719839337862344762258727720981
681503808608794911981134712221284126975357543438-171982518954274878349485416184092168691833932185,64035.87559106473,syn_count <=,Class 1,681503808608794911981134712221284126975357543438,171982518954274878349485416184092168691833932185
681503808608794911981134712221284126975357543438-207766774224049171901964708681563529125144087827,733.3393119191261,syn_count <=,HTTP >,681503808608794911981134712221284126975357543438,207766774224049171901964708681563529125144087827
681503808608794911981134712221284126975357543438-215123608059624622405742600984392925785664489773,38086.494926968335,syn_count <=,Variance <=,681503808608794911981134712221284126975357543438,215123608059624622405742600984392925785664489773
681503808608794911981134712221284126975357543438-218607780770691257170847497927336330511308420255,5734.227263403165,syn_count <=,ack_count >,681503808608794911981134712221284126975357543438,218607780770691257170847497927336330511308420255
681503808608794911981134712221284126975357543438-335418722972519651500040442315750311827115323662,2465.9047563945446,syn_count <=,Rate >,681503808608794911981134712221284126975357543438,335418722972519651500040442315750311827115323662
681503808608794911981134712221284126975357543438-337274849629170698169636561573185333120886675912,7.0707647154736675,syn_count <=,ece_flag_number >,681503808608794911981134712221284126975357543438,337274849629170698169636561573185333120886675912
681503808608794911981134712221284126975357543438-338730224709676774412755851787278702947952010784,10555.837115972292,syn_count <=,sum <=,681503808608794911981134712221284126975357543438,338730224709676774412755851787278702947952010784
681503808608794911981134712221284126975357543438-371266811264664269299964157380215767396824640058,952.8099835369735,syn_count <=,ICMP >,681503808608794911981134712221284126975357543438,371266811264664269299964157380215767396824640058
681503808608794911981134712221284126975357543438-378316838538499851440768051160724422589084218125,25804.788413290345,syn_count <=,IAT <=,681503808608794911981134712221284126975357543438,378316838538499851440768051160724422589084218125
681503808608794911981134712221284126975357543438-40351198695966294513339726256484683518911283460,5715.637994877001,syn_count <=,fin_flag_number <=,681503808608794911981134712221284126975357543438,40351198695966294513339726256484683518911283460
681503808608794911981134712221284126975357543438-426624906449189252299067265451872698344494536313,1298.9516129032259,syn_count <=,Number >,681503808608794911981134712221284126975357543438,426624906449189252299067265451872698344494536313
681503808608794911981134712221284126975357543438-450410814915736770904937984733342042835793211647,1643.4477417250937,syn_count <=,ece_flag_number <=,681503808608794911981134712221284126975357543438,450410814915736770904937984733342042835793211647
681503808608794911981134712221284126975357543438-475011065740486827108472353828139148231878458661,21922.56386654955,syn_count <=,syn_flag_number <=,681503808608794911981134712221284126975357543438,475011065740486827108472353828139148231878458661
681503808608794911981134712221284126975357543438-505469541859377927785473031559292540931343582537,27376.453230277242,syn_count <=,ICMP <=,681503808608794911981134712221284126975357543438,505469541859377927785473031559292540931343582537
681503808608794911981134712221284126975357543438-520582048177068818674784514618258893555315007951,892.9365726398174,syn_count <=,LLC <=,681503808608794911981134712221284126975357543438,520582048177068818674784514618258893555315007951
681503808608794911981134712221284126975357543438-579184915384053252333364217236378176158944003116,44.44480678297734,syn_count <=,cwr_flag_number >,681503808608794911981134712221284126975357543438,579184915384053252333364217236378176158944003116
681503808608794911981134712221284126975357543438-629827923182617752624696690572530002196221478554,56.56611772378934,syn_count <=,DHCP >,681503808608794911981134712221284126975357543438,629827923182617752624696690572530002196221478554
681503808608794911981134712221284126975357543438-681503808608794911981134712221284126975357543438,8777.767879215035,syn_count <=,syn_count <=,681503808608794911981134712221284126975357543438,681503808608794911981134712221284126975357543438
681503808608794911981134712221284126975357543438-684418957212367241623111035135876005715150589706,11769.711463105463,syn_count <=,HTTP <=,681503808608794911981134712221284126975357543438,684418957212367241623111035135876005715150589706
681503808608794911981134712221284126975357543438-714914936218336719861297767221934377853836589461,2356.503408319877,syn_count <=,UDP >,681503808608794911981134712221284126975357543438,714914936218336719861297767221934377853836589461
681503808608794911981134712221284126975357543438-786396322989194697344344278946426998739971577495,2982.608219415852,syn_count <=,HTTPS <=,681503808608794911981134712221284126975357543438,786396322989194697344344278946426998739971577495
681503808608794911981134712221284126975357543438-795584812918386367255521286735341258439959854242,1584.893989680365,syn_count <=,syn_count >,681503808608794911981134712221284126975357543438,795584812918386367255521286735341258439959854242
681503808608794911981134712221284126975357543438-835140271881840015202809914014108690929910415575,3360.2261562251806,syn_count <=,IAT >,681503808608794911981134712221284126975357543438,835140271881840015202809914014108690929910415575
681503808608794911981134712221284126975357543438-841356973986788424033641854148712928121319667477,2245.3099309394447,syn_count <=,Variance >,681503808608794911981134712221284126975357543438,841356973986788424033641854148712928121319667477
681503808608794911981134712221284126975357543438-841518471221275042570144506781210008737201997031,4752.922423904525,syn_count <=,Min <=,681503808608794911981134712221284126975357543438,841518471221275042570144506781210008737201997031
681503808608794911981134712221284126975357543438-843826879422383561066103188424018239931401286651,2708.90119817171,syn_count <=,ack_count <=,681503808608794911981134712221284126975357543438,843826879422383561066103188424018239931401286651
681503808608794911981134712221284126975357543438-896530251803066355404557928035950607124936193677,32529.34633105937,syn_count <=,psh_flag_number <=,681503808608794911981134712221284126975357543438,896530251803066355404557928035950607124936193677
681503808608794911981134712221284126975357543438-922599836131670820904126277297069322180441856169,11895.76332163915,syn_count <=,Rate <=,681503808608794911981134712221284126975357543438,922599836131670820904126277297069322180441856169
681503808608794911981134712221284126975357543438-926368966621798523173828527325665066772113177503,12258.604337718214,syn_count <=,UDP <=,681503808608794911981134712221284126975357543438,926368966621798523173828527325665066772113177503
681503808608794911981134712221284126975357543438-940331364486966071141541838460909450599289486914,10864.099648648507,syn_count <=,rst_count >,681503808608794911981134712221284126975357543438,940331364486966071141541838460909450599289486914
681503808608794911981134712221284126975357543438-974265510705878984211701297112044370513255377925,16674.98117008463,syn_count <=,Std <=,681503808608794911981134712221284126975357543438,974265510705878984211701297112044370513255377925
684418957212367241623111035135876005715150589706-1043469376771332113858820724324827897913309990452,5180.280094991137,HTTP <=,LLC >,684418957212367241623111035135876005715150589706,1043469376771332113858820724324827897913309990452
684418957212367241623111035135876005715150589706-1043754360836331848364792327262011021650379248223,230.30490787542803,HTTP <=,DNS >,684418957212367241623111035135876005715150589706,1043754360836331848364792327262011021650379248223
684418957212367241623111035135876005715150589706-1077028023530208599426324724984012030801332581683,2387.409492802028,HTTP <=,Time_To_Live >,684418957212367241623111035135876005715150589706,1077028023530208599426324724984012030801332581683
684418957212367241623111035135876005715150589706-1085488307210616684491611463585545838953333018237,737.3797488993968,HTTP <=,Type >,684418957212367241623111035135876005715150589706,1085488307210616684491611463585545838953333018237
684418957212367241623111035135876005715150589706-1091995366823138898995898948102109473193356840202,7362.686287298223,HTTP <=,DNS <=,684418957212367241623111035135876005715150589706,1091995366823138898995898948102109473193356840202
684418957212367241623111035135876005715150589706-109928824856976412487775174607761519739702474552,637.2974732147084,HTTP <=,Number <=,684418957212367241623111035135876005715150589706,109928824856976412487775174607761519739702474552
684418957212367241623111035135876005715150589706-1118614325010621431186771152252517336813918651911,3624.711857586931,HTTP <=,sum >,684418957212367241623111035135876005715150589706,1118614325010621431186771152252517336813918651911
684418957212367241623111035135876005715150589706-1232849963170894971818913290506039176322619533319,1773.6703739158336,HTTP <=,psh_flag_number >,684418957212367241623111035135876005715150589706,1232849963170894971818913290506039176322619533319
684418957212367241623111035135876005715150589706-1233133706649643691022119102239698495899057226060,15917.138562930313,HTTP <=,Time_To_Live <=,684418957212367241623111035135876005715150589706,1233133706649643691022119102239698495899057226060
684418957212367241623111035135876005715150589706-1236189254858718471128603624930063881324958313531,11508.093168632939,HTTP <=,HTTPS >,684418957212367241623111035135876005715150589706,1236189254858718471128603624930063881324958313531
684418957212367241623111035135876005715150589706-1239329028096551917906154637654656383307088642249,174.74889939670635,HTTP <=,cwr_flag_number <=,684418957212367241623111035135876005715150589706,1239329028096551917906154637654656383307088642249
684418957212367241623111035135876005715150589706-1251276136943778783713685275011300537715092657394,267.6789499429317,HTTP <=,fin_flag_number >,684418957212367241623111035135876005715150589706,1251276136943778783713685275011300537715092657394
684418957212367241623111035135876005715150589706-1329847435934461746074927120436757452470095790255,40.40436980270667,HTTP <=,Min >,684418957212367241623111035135876005715150589706,1329847435934461746074927120436757452470095790255
684418957212367241623111035135876005715150589706-1338222599102815322204523610829624561969283441716,6184.084303319431,HTTP <=,SSH <=,684418957212367241623111035135876005715150589706,1338222599102815322204523610829624561969283441716
684418957212367241623111035135876005715150589706-1345309773886921328764805451107636357621530213384,4796.129032258064,HTTP <=,Class -1,684418957212367241623111035135876005715150589706,1345309773886921328764805451107636357621530213384
684418957212367241623111035135876005715150589706-1375509225989204300559045429796274689340158771149,2323.2512636556335,HTTP <=,rst_count <=,684418957212367241623111035135876005715150589706,1375509225989204300559045429796274689340158771149
684418957212367241623111035135876005715150589706-1379366653555122327876205020011632492492609315477,1197.5822625353062,HTTP <=,Type <=,684418957212367241623111035135876005715150589706,1379366653555122327876205020011632492492609315477
684418957212367241623111035135876005715150589706-1429650867505148313720594668477948880050562903683,369.4556024257981,HTTP <=,syn_flag_number >,684418957212367241623111035135876005715150589706,1429650867505148313720594668477948880050562903683
684418957212367241623111035135876005715150589706-1454952188391427871478129207189215566009723810659,2285.7143007421514,HTTP <=,Std >,684418957212367241623111035135876005715150589706,1454952188391427871478129207189215566009723810659
684418957212367241623111035135876005715150589706-1455733501014453866297060548284701359849809242142,24592.396645855577,HTTP <=,DHCP <=,684418957212367241623111035135876005715150589706,1455733501014453866297060548284701359849809242142
684418957212367241623111035135876005715150589706-153155765823982001952501641876618811106762500815,16971.774075203946,HTTP <=,ack_flag_number >,684418957212367241623111035135876005715150589706,153155765823982001952501641876618811106762500815
684418957212367241623111035135876005715150589706-160227321490815016489601533331665083666172936667,34.34371433230067,HTTP <=,IGMP <=,684418957212367241623111035135876005715150589706,160227321490815016489601533331665083666172936667
684418957212367241623111035135876005715150589706-161772624339136553719839337862344762258727720981,11069.33103832782,HTTP <=,ack_flag_number <=,684418957212367241623111035135876005715150589706,161772624339136553719839337862344762258727720981
684418957212367241623111035135876005715150589706-171982518954274878349485416184092168691833932185,42557.922713190936,HTTP <=,Class 1,684418957212367241623111035135876005715150589706,171982518954274878349485416184092168691833932185
684418957212367241623111035135876005715150589706-207766774224049171901964708681563529125144087827,118.18278167291702,HTTP <=,HTTP >,684418957212367241623111035135876005715150589706,207766774224049171901964708681563529125144087827
684418957212367241623111035135876005715150589706-215123608059624622405742600984392925785664489773,16659.503689716657,HTTP <=,Variance <=,684418957212367241623111035135876005715150589706,215123608059624622405742600984392925785664489773
684418957212367241623111035135876005715150589706-218607780770691257170847497927336330511308420255,4167.140522188268,HTTP <=,ack_count >,684418957212367241623111035135876005715150589706,218607780770691257170847497927336330511308420255
684418957212367241623111035135876005715150589706-335418722972519651500040442315750311827115323662,10994.582954192812,HTTP <=,Rate >,684418957212367241623111035135876005715150589706,335418722972519651500040442315750311827115323662
684418957212367241623111035135876005715150589706-338730224709676774412755851787278702947952010784,8356.552324021817,HTTP <=,sum <=,684418957212367241623111035135876005715150589706,338730224709676774412755851787278702947952010784
684418957212367241623111035135876005715150589706-371266811264664269299964157380215767396824640058,4820.453114562678,HTTP <=,ICMP >,684418957212367241623111035135876005715150589706,371266811264664269299964157380215767396824640058
684418957212367241623111035135876005715150589706-378316838538499851440768051160724422589084218125,5410.9108445585225,HTTP <=,IAT <=,684418957212367241623111035135876005715150589706,378316838538499851440768051160724422589084218125
684418957212367241623111035135876005715150589706-40351198695966294513339726256484683518911283460,9557.490755984285,HTTP <=,fin_flag_number <=,684418957212367241623111035135876005715150589706,40351198695966294513339726256484683518911283460
684418957212367241623111035135876005715150589706-426624906449189252299067265451872698344494536313,30.30327735203,HTTP <=,Number >,684418957212367241623111035135876005715150589706,426624906449189252299067265451872698344494536313
684418957212367241623111035135876005715150589706-475011065740486827108472353828139148231878458661,2785.7183770506463,HTTP <=,syn_flag_number <=,684418957212367241623111035135876005715150589706,475011065740486827108472353828139148231878458661
684418957212367241623111035135876005715150589706-505469541859377927785473031559292540931343582537,11123.241546262157,HTTP <=,ICMP <=,684418957212367241623111035135876005715150589706,505469541859377927785473031559292540931343582537
684418957212367241623111035135876005715150589706-520582048177068818674784514618258893555315007951,1407.8479063553596,HTTP <=,LLC <=,684418957212367241623111035135876005715150589706,520582048177068818674784514618258893555315007951
684418957212367241623111035135876005715150589706-629827923182617752624696690572530002196221478554,167.67813468123268,HTTP <=,DHCP >,684418957212367241623111035135876005715150589706,629827923182617752624696690572530002196221478554
684418957212367241623111035135876005715150589706-681503808608794911981134712221284126975357543438,8332.391162563183,HTTP <=,syn_count <=,684418957212367241623111035135876005715150589706,681503808608794911981134712221284126975357543438
684418957212367241623111035135876005715150589706-684418957212367241623111035135876005715150589706,1983.8545573128974,HTTP <=,HTTP <=,684418957212367241623111035135876005715150589706,684418957212367241623111035135876005715150589706
684418957212367241623111035135876005715150589706-714914936218336719861297767221934377853836589461,1369.6266758887668,HTTP <=,UDP >,684418957212367241623111035135876005715150589706,714914936218336719861297767221934377853836589461
684418957212367241623111035135876005715150589706-786396322989194697344344278946426998739971577495,2523.3669387712166,HTTP <=,HTTPS <=,684418957212367241623111035135876005715150589706,786396322989194697344344278946426998739971577495
684418957212367241623111035135876005715150589706-795584812918386367255521286735341258439959854242,270.7092776781347,HTTP <=,syn_count >,684418957212367241623111035135876005715150589706,795584812918386367255521286735341258439959854242
684418957212367241623111035135876005715150589706-835140271881840015202809914014108690929910415575,1839.408935268221,HTTP <=,IAT >,684418957212367241623111035135876005715150589706,835140271881840015202809914014108690929910415575
684418957212367241623111035135876005715150589706-841356973986788424033641854148712928121319667477,1314.0706674100452,HTTP <=,Variance >,684418957212367241623111035135876005715150589706,841356973986788424033641854148712928121319667477
684418957212367241623111035135876005715150589706-841518471221275042570144506781210008737201997031,2124.259742377303,HTTP <=,Min <=,684418957212367241623111035135876005715150589706,841518471221275042570144506781210008737201997031
684418957212367241623111035135876005715150589706-843826879422383561066103188424018239931401286651,5118.5819706190205,HTTP <=,ack_count <=,684418957212367241623111035135876005715150589706,843826879422383561066103188424018239931401286651
684418957212367241623111035135876005715150589706-896530251803066355404557928035950607124936193677,15085.004050009731,HTTP <=,psh_flag_number <=,684418957212367241623111035135876005715150589706,896530251803066355404557928035950607124936193677
684418957212367241623111035135876005715150589706-922599836131670820904126277297069322180441856169,11296.980336413795,HTTP <=,Rate <=,684418957212367241623111035135876005715150589706,922599836131670820904126277297069322180441856169
684418957212367241623111035135876005715150589706-926368966621798523173828527325665066772113177503,8785.930213598565,HTTP <=,UDP <=,684418957212367241623111035135876005715150589706,926368966621798523173828527325665066772113177503
684418957212367241623111035135876005715150589706-940331364486966071141541838460909450599289486914,30.30327735203,HTTP <=,rst_count >,684418957212367241623111035135876005715150589706,940331364486966071141541838460909450599289486914
684418957212367241623111035135876005715150589706-974265510705878984211701297112044370513255377925,21120.227576358462,HTTP <=,Std <=,684418957212367241623111035135876005715150589706,974265510705878984211701297112044370513255377925
714914936218336719861297767221934377853836589461-1043469376771332113858820724324827897913309990452,1557.1811537793956,UDP >,LLC >,714914936218336719861297767221934377853836589461,1043469376771332113858820724324827897913309990452
714914936218336719861297767221934377853836589461-1043754360836331848364792327262011021650379248223,498.8310462174487,UDP >,DNS >,714914936218336719861297767221934377853836589461,1043754360836331848364792327262011021650379248223
714914936218336719861297767221934377853836589461-1077028023530208599426324724984012030801332581683,1301.0207076471547,UDP >,Time_To_Live >,714914936218336719861297767221934377853836589461,1077028023530208599426324724984012030801332581683
714914936218336719861297767221934377853836589461-1085488307210616684491611463585545838953333018237,149.4961682700147,UDP >,Type >,714914936218336719861297767221934377853836589461,1085488307210616684491611463585545838953333018237
714914936218336719861297767221934377853836589461-1091995366823138898995898948102109473193356840202,2867.6186863241164,UDP >,DNS <=,714914936218336719861297767221934377853836589461,1091995366823138898995898948102109473193356840202
714914936218336719861297767221934377853836589461-109928824856976412487775174607761519739702474552,14.141529430947335,UDP >,Number <=,714914936218336719861297767221934377853836589461,109928824856976412487775174607761519739702474552
714914936218336719861297767221934377853836589461-1118614325010621431186771152252517336813918651911,1522.6745186011162,UDP >,sum >,714914936218336719861297767221934377853836589461,1118614325010621431186771152252517336813918651911
714914936218336719861297767221934377853836589461-1184472685782376059334758133512718430805424685192,40.40436980270667,UDP >,SSH >,714914936218336719861297767221934377853836589461,1184472685782376059334758133512718430805424685192
714914936218336719861297767221934377853836589461-1232849963170894971818913290506039176322619533319,531.2360024826033,UDP >,psh_flag_number >,714914936218336719861297767221934377853836589461,1232849963170894971818913290506039176322619533319
714914936218336719861297767221934377853836589461-1233133706649643691022119102239698495899057226060,969.6234148419708,UDP >,Time_To_Live <=,714914936218336719861297767221934377853836589461,1233133706649643691022119102239698495899057226060
714914936218336719861297767221934377853836589461-1236189254858718471128603624930063881324958313531,380.8111853905104,UDP >,HTTPS >,714914936218336719861297767221934377853836589461,1236189254858718471128603624930063881324958313531
714914936218336719861297767221934377853836589461-1251276136943778783713685275011300537715092657394,434.18405453311806,UDP >,fin_flag_number >,714914936218336719861297767221934377853836589461,1251276136943778783713685275011300537715092657394
714914936218336719861297767221934377853836589461-1329847435934461746074927120436757452470095790255,249.41552310872436,UDP >,Min >,714914936218336719861297767221934377853836589461,1329847435934461746074927120436757452470095790255
714914936218336719861297767221934377853836589461-1338222599102815322204523610829624561969283441716,438.3874123593674,UDP >,SSH <=,714914936218336719861297767221934377853836589461,1338222599102815322204523610829624561969283441716
714914936218336719861297767221934377853836589461-1345309773886921328764805451107636357621530213384,4995.967741935484,UDP >,Class -1,714914936218336719861297767221934377853836589461,1345309773886921328764805451107636357621530213384
714914936218336719861297767221934377853836589461-1375509225989204300559045429796274689340158771149,468.6906897113974,UDP >,rst_count <=,714914936218336719861297767221934377853836589461,1375509225989204300559045429796274689340158771149
714914936218336719861297767221934377853836589461-1379366653555122327876205020011632492492609315477,583.8431436491114,UDP >,Type <=,714914936218336719861297767221934377853836589461,1379366653555122327876205020011632492492609315477
714914936218336719861297767221934377853836589461-1429650867505148313720594668477948880050562903683,771.2347006937614,UDP >,syn_flag_number >,714914936218336719861297767221934377853836589461,1429650867505148313720594668477948880050562903683
714914936218336719861297767221934377853836589461-1454952188391427871478129207189215566009723810659,441.4177400945704,UDP >,Std >,714914936218336719861297767221934377853836589461,1454952188391427871478129207189215566009723810659
714914936218336719861297767221934377853836589461-1455733501014453866297060548284701359849809242142,3114.085342120627,UDP >,DHCP <=,714914936218336719861297767221934377853836589461,1455733501014453866297060548284701359849809242142
714914936218336719861297767221934377853836589461-153155765823982001952501641876618811106762500815,2950.5616890118504,UDP >,ack_flag_number >,714914936218336719861297767221934377853836589461,153155765823982001952501641876618811106762500815
714914936218336719861297767221934377853836589461-160227321490815016489601533331665083666172936667,74.74808413500735,UDP >,IGMP <=,714914936218336719861297767221934377853836589461,160227321490815016489601533331665083666172936667
714914936218336719861297767221934377853836589461-161772624339136553719839337862344762258727720981,4669.360322002072,UDP >,ack_flag_number <=,714914936218336719861297767221934377853836589461,161772624339136553719839337862344762258727720981
714914936218336719861297767221934377853836589461-171982518954274878349485416184092168691833932185,9407.147399315181,UDP >,Class 1,714914936218336719861297767221934377853836589461,171982518954274878349485416184092168691833932185
714914936218336719861297767221934377853836589461-207766774224049171901964708681563529125144087827,654.4693303808588,UDP >,HTTP >,714914936218336719861297767221934377853836589461,207766774224049171901964708681563529125144087827
714914936218336719861297767221934377853836589461-215123608059624622405742600984392925785664489773,5293.901092976652,UDP >,Variance <=,714914936218336719861297767221934377853836589461,215123608059624622405742600984392925785664489773
714914936218336719861297767221934377853836589461-218607780770691257170847497927336330511308420255,1577.5462595267275,UDP >,ack_count >,714914936218336719861297767221934377853836589461,218607780770691257170847497927336330511308420255
714914936218336719861297767221934377853836589461-335418722972519651500040442315750311827115323662,2340.2601999758053,UDP >,Rate >,714914936218336719861297767221934377853836589461,335418722972519651500040442315750311827115323662
714914936218336719861297767221934377853836589461-338730224709676774412755851787278702947952010784,3415.3748625889557,UDP >,sum <=,714914936218336719861297767221934377853836589461,338730224709676774412755851787278702947952010784
714914936218336719861297767221934377853836589461-371266811264664269299964157380215767396824640058,101.01092450676667,UDP >,ICMP >,714914936218336719861297767221934377853836589461,371266811264664269299964157380215767396824640058
714914936218336719861297767221934377853836589461-378316838538499851440768051160724422589084218125,611.1160932659384,UDP >,IAT <=,714914936218336719861297767221934377853836589461,378316838538499851440768051160724422589084218125
714914936218336719861297767221934377853836589461-40351198695966294513339726256484683518911283460,3257.602315343225,UDP >,fin_flag_number <=,714914936218336719861297767221934377853836589461,40351198695966294513339726256484683518911283460
714914936218336719861297767221934377853836589461-426624906449189252299067265451872698344494536313,899.2741935483871,UDP >,Number >,714914936218336719861297767221934377853836589461,426624906449189252299067265451872698344494536313
714914936218336719861297767221934377853836589461-450410814915736770904937984733342042835793211647,58.586336213924675,UDP >,ece_flag_number <=,714914936218336719861297767221934377853836589461,450410814915736770904937984733342042835793211647
714914936218336719861297767221934377853836589461-475011065740486827108472353828139148231878458661,2384.6235463357934,UDP >,syn_flag_number <=,714914936218336719861297767221934377853836589461,475011065740486827108472353828139148231878458661
714914936218336719861297767221934377853836589461-505469541859377927785473031559292540931343582537,826.2693624653514,UDP >,ICMP <=,714914936218336719861297767221934377853836589461,505469541859377927785473031559292540931343582537
714914936218336719861297767221934377853836589461-520582048177068818674784514618258893555315007951,780.4071443223597,UDP >,LLC <=,714914936218336719861297767221934377853836589461,520582048177068818674784514618258893555315007951
714914936218336719861297767221934377853836589461-629827923182617752624696690572530002196221478554,57.57622696885701,UDP >,DHCP >,714914936218336719861297767221934377853836589461,629827923182617752624696690572530002196221478554
714914936218336719861297767221934377853836589461-681503808608794911981134712221284126975357543438,1751.529430947334,UDP >,syn_count <=,714914936218336719861297767221934377853836589461,681503808608794911981134712221284126975357543438
714914936218336719861297767221934377853836589461-684418957212367241623111035135876005715150589706,1965.6725909016795,UDP >,HTTP <=,714914936218336719861297767221934377853836589461,684418957212367241623111035135876005715150589706
714914936218336719861297767221934377853836589461-714914936218336719861297767221934377853836589461,249.49698353171368,UDP >,UDP >,714914936218336719861297767221934377853836589461,714914936218336719861297767221934377853836589461
714914936218336719861297767221934377853836589461-786396322989194697344344278946426998739971577495,354.54834501875104,UDP >,HTTPS <=,714914936218336719861297767221934377853836589461,786396322989194697344344278946426998739971577495
714914936218336719861297767221934377853836589461-795584812918386367255521286735341258439959854242,281.65755852790033,UDP >,syn_count >,714914936218336719861297767221934377853836589461,795584812918386367255521286735341258439959854242
714914936218336719861297767221934377853836589461-835140271881840015202809914014108690929910415575,1670.2319288039848,UDP >,IAT >,714914936218336719861297767221934377853836589461,835140271881840015202809914014108690929910415575
714914936218336719861297767221934377853836589461-841356973986788424033641854148712928121319667477,600.7706195462937,UDP >,Variance >,714914936218336719861297767221934377853836589461,841356973986788424033641854148712928121319667477
714914936218336719861297767221934377853836589461-841518471221275042570144506781210008737201997031,3527.1385629303136,UDP >,Min <=,714914936218336719861297767221934377853836589461,841518471221275042570144506781210008737201997031
714914936218336719861297767221934377853836589461-843826879422383561066103188424018239931401286651,479.72043098415236,UDP >,ack_count <=,714914936218336719861297767221934377853836589461,843826879422383561066103188424018239931401286651
714914936218336719861297767221934377853836589461-896530251803066355404557928035950607124936193677,693.945051361487,UDP >,psh_flag_number <=,714914936218336719861297767221934377853836589461,896530251803066355404557928035950607124936193677
714914936218336719861297767221934377853836589461-922599836131670820904126277297069322180441856169,2931.1741083403904,UDP >,Rate <=,714914936218336719861297767221934377853836589461,922599836131670820904126277297069322180441856169
714914936218336719861297767221934377853836589461-926368966621798523173828527325665066772113177503,1951.0422989327963,UDP >,UDP <=,714914936218336719861297767221934377853836589461,926368966621798523173828527325665066772113177503
714914936218336719861297767221934377853836589461-940331364486966071141541838460909450599289486914,15.151638676015,UDP >,rst_count >,714914936218336719861297767221934377853836589461,940331364486966071141541838460909450599289486914
714914936218336719861297767221934377853836589461-974265510705878984211701297112044370513255377925,1507.9301820400478,UDP >,Std <=,714914936218336719861297767221934377853836589461,974265510705878984211701297112044370513255377925
786396322989194697344344278946426998739971577495-1043469376771332113858820724324827897913309990452,4287.213185674537,HTTPS <=,LLC >,786396322989194697344344278946426998739971577495,1043469376771332113858820724324827897913309990452
786396322989194697344344278946426998739971577495-1043754360836331848364792327262011021650379248223,1033.7001835653762,HTTPS <=,DNS >,786396322989194697344344278946426998739971577495,1043754360836331848364792327262011021650379248223
786396322989194697344344278946426998739971577495-1077028023530208599426324724984012030801332581683,1128.2920267405837,HTTPS <=,Time_To_Live >,786396322989194697344344278946426998739971577495,1077028023530208599426324724984012030801332581683
786396322989194697344344278946426998739971577495-1085488307210616684491611463585545838953333018237,1332.252633821263,HTTPS <=,Type >,786396322989194697344344278946426998739971577495,1085488307210616684491611463585545838953333018237
786396322989194697344344278946426998739971577495-1091995366823138898995898948102109473193356840202,5153.31669498167,HTTPS <=,DNS <=,786396322989194697344344278946426998739971577495,1091995366823138898995898948102109473193356840202
786396322989194697344344278946426998739971577495-109928824856976412487775174607761519739702474552,1123.2414805152455,HTTPS <=,Number <=,786396322989194697344344278946426998739971577495,109928824856976412487775174607761519739702474552
786396322989194697344344278946426998739971577495-1118614325010621431186771152252517336813918651911,2408.3285294256875,HTTPS <=,sum >,786396322989194697344344278946426998739971577495,1118614325010621431186771152252517336813918651911
786396322989194697344344278946426998739971577495-1184472685782376059334758133512718430805424685192,31.31338659709767,HTTPS <=,SSH >,786396322989194697344344278946426998739971577495,1184472685782376059334758133512718430805424685192
786396322989194697344344278946426998739971577495-1232849963170894971818913290506039176322619533319,3222.004110496889,HTTPS <=,psh_flag_number >,786396322989194697344344278946426998739971577495,1232849963170894971818913290506039176322619533319
786396322989194697344344278946426998739971577495-1233133706649643691022119102239698495899057226060,10666.590707068583,HTTPS <=,Time_To_Live <=,786396322989194697344344278946426998739971577495,1233133706649643691022119102239698495899057226060
786396322989194697344344278946426998739971577495-1236189254858718471128603624930063881324958313531,372.73031142996905,HTTPS <=,HTTPS >,786396322989194697344344278946426998739971577495,1236189254858718471128603624930063881324958313531
786396322989194697344344278946426998739971577495-1239329028096551917906154637654656383307088642249,64.64699168433067,HTTPS <=,cwr_flag_number <=,786396322989194697344344278946426998739971577495,1239329028096551917906154637654656383307088642249
786396322989194697344344278946426998739971577495-1251276136943778783713685275011300537715092657394,521.9006380080264,HTTPS <=,fin_flag_number >,786396322989194697344344278946426998739971577495,1251276136943778783713685275011300537715092657394
786396322989194697344344278946426998739971577495-1329847435934461746074927120436757452470095790255,342.427034077939,HTTPS <=,Min >,786396322989194697344344278946426998739971577495,1329847435934461746074927120436757452470095790255
786396322989194697344344278946426998739971577495-1338222599102815322204523610829624561969283441716,5099.862365416073,HTTPS <=,SSH <=,786396322989194697344344278946426998739971577495,1338222599102815322204523610829624561969283441716
786396322989194697344344278946426998739971577495-1345309773886921328764805451107636357621530213384,26478.629032258064,HTTPS <=,Class -1,786396322989194697344344278946426998739971577495,1345309773886921328764805451107636357621530213384
786396322989194697344344278946426998739971577495-1375509225989204300559045429796274689340158771149,171.71857166150335,HTTPS <=,rst_count <=,786396322989194697344344278946426998739971577495,1375509225989204300559045429796274689340158771149
786396322989194697344344278946426998739971577495-1379366653555122327876205020011632492492609315477,10843.099151601858,HTTPS <=,Type <=,786396322989194697344344278946426998739971577495,1379366653555122327876205020011632492492609315477
786396322989194697344344278946426998739971577495-1429650867505148313720594668477948880050562903683,707.5978182544984,HTTPS <=,syn_flag_number >,786396322989194697344344278946426998739971577495,1429650867505148313720594668477948880050562903683
786396322989194697344344278946426998739971577495-1454952188391427871478129207189215566009723810659,1603.8905603214762,HTTPS <=,Std >,786396322989194697344344278946426998739971577495,1454952188391427871478129207189215566009723810659
786396322989194697344344278946426998739971577495-1455733501014453866297060548284701359849809242142,2090.8772610362766,HTTPS <=,DHCP <=,786396322989194697344344278946426998739971577495,1455733501014453866297060548284701359849809242142
786396322989194697344344278946426998739971577495-153155765823982001952501641876618811106762500815,2048.420088574239,HTTPS <=,ack_flag_number >,786396322989194697344344278946426998739971577495,153155765823982001952501641876618811106762500815
786396322989194697344344278946426998739971577495-160227321490815016489601533331665083666172936667,2.0202184901353335,HTTPS <=,IGMP <=,786396322989194697344344278946426998739971577495,160227321490815016489601533331665083666172936667
786396322989194697344344278946426998739971577495-161772624339136553719839337862344762258727720981,7210.892935099909,HTTPS <=,ack_flag_number <=,786396322989194697344344278946426998739971577495,161772624339136553719839337862344762258727720981
786396322989194697344344278946426998739971577495-171982518954274878349485416184092168691833932185,12927.378118375998,HTTPS <=,Class 1,786396322989194697344344278946426998739971577495,171982518954274878349485416184092168691833932185
786396322989194697344344278946426998739971577495-207766774224049171901964708681563529125144087827,177.77922713190935,HTTPS <=,HTTP >,786396322989194697344344278946426998739971577495,207766774224049171901964708681563529125144087827
786396322989194697344344278946426998739971577495-215123608059624622405742600984392925785664489773,1937.3080716167956,HTTPS <=,Variance <=,786396322989194697344344278946426998739971577495,215123608059624622405742600984392925785664489773
786396322989194697344344278946426998739971577495-218607780770691257170847497927336330511308420255,4538.762971865582,HTTPS <=,ack_count >,786396322989194697344344278946426998739971577495,218607780770691257170847497927336330511308420255
786396322989194697344344278946426998739971577495-335418722972519651500040442315750311827115323662,1936.4934673869022,HTTPS <=,Rate >,786396322989194697344344278946426998739971577495,335418722972519651500040442315750311827115323662
786396322989194697344344278946426998739971577495-338730224709676774412755851787278702947952010784,4045.1128085502546,HTTPS <=,sum <=,786396322989194697344344278946426998739971577495,338730224709676774412755851787278702947952010784
786396322989194697344344278946426998739971577495-371266811264664269299964157380215767396824640058,4322.876558859265,HTTPS <=,ICMP >,786396322989194697344344278946426998739971577495,371266811264664269299964157380215767396824640058
786396322989194697344344278946426998739971577495-378316838538499851440768051160724422589084218125,17163.662247597607,HTTPS <=,IAT <=,786396322989194697344344278946426998739971577495,378316838538499851440768051160724422589084218125
786396322989194697344344278946426998739971577495-40351198695966294513339726256484683518911283460,2800.136871919757,HTTPS <=,fin_flag_number <=,786396322989194697344344278946426998739971577495,40351198695966294513339726256484683518911283460
786396322989194697344344278946426998739971577495-426624906449189252299067265451872698344494536313,5900.29248170921,HTTPS <=,Number >,786396322989194697344344278946426998739971577495,426624906449189252299067265451872698344494536313
786396322989194697344344278946426998739971577495-450410814915736770904937984733342042835793211647,191.83929613986737,HTTPS <=,ece_flag_number <=,786396322989194697344344278946426998739971577495,450410814915736770904937984733342042835793211647
786396322989194697344344278946426998739971577495-475011065740486827108472353828139148231878458661,3005.873316221604,HTTPS <=,syn_flag_number <=,786396322989194697344344278946426998739971577495,475011065740486827108472353828139148231878458661
786396322989194697344344278946426998739971577495-505469541859377927785473031559292540931343582537,7766.664816986899,HTTPS <=,ICMP <=,786396322989194697344344278946426998739971577495,505469541859377927785473031559292540931343582537
786396322989194697344344278946426998739971577495-520582048177068818674784514618258893555315007951,79.79863036034567,HTTPS <=,LLC <=,786396322989194697344344278946426998739971577495,520582048177068818674784514618258893555315007951
786396322989194697344344278946426998739971577495-629827923182617752624696690572530002196221478554,2.0202184901353335,HTTPS <=,DHCP >,786396322989194697344344278946426998739971577495,629827923182617752624696690572530002196221478554
786396322989194697344344278946426998739971577495-681503808608794911981134712221284126975357543438,3075.2938886931092,HTTPS <=,syn_count <=,786396322989194697344344278946426998739971577495,681503808608794911981134712221284126975357543438
786396322989194697344344278946426998739971577495-684418957212367241623111035135876005715150589706,1778.9978855793356,HTTPS <=,HTTP <=,786396322989194697344344278946426998739971577495,684418957212367241623111035135876005715150589706
786396322989194697344344278946426998739971577495-714914936218336719861297767221934377853836589461,906.9966416477754,HTTPS <=,UDP >,786396322989194697344344278946426998739971577495,714914936218336719861297767221934377853836589461
786396322989194697344344278946426998739971577495-786396322989194697344344278946426998739971577495,422.06274359230605,HTTPS <=,HTTPS <=,786396322989194697344344278946426998739971577495,786396322989194697344344278946426998739971577495
786396322989194697344344278946426998739971577495-795584812918386367255521286735341258439959854242,2656.652482866355,HTTPS <=,syn_count >,786396322989194697344344278946426998739971577495,795584812918386367255521286735341258439959854242
786396322989194697344344278946426998739971577495-835140271881840015202809914014108690929910415575,1368.6980270666884,HTTPS <=,IAT >,786396322989194697344344278946426998739971577495,835140271881840015202809914014108690929910415575
786396322989194697344344278946426998739971577495-841356973986788424033641854148712928121319667477,472.56820584568936,HTTPS <=,Variance >,786396322989194697344344278946426998739971577495,841356973986788424033641854148712928121319667477
786396322989194697344344278946426998739971577495-841518471221275042570144506781210008737201997031,958.5936735692158,HTTPS <=,Min <=,786396322989194697344344278946426998739971577495,841518471221275042570144506781210008737201997031
786396322989194697344344278946426998739971577495-843826879422383561066103188424018239931401286651,10441.597018772058,HTTPS <=,ack_count <=,786396322989194697344344278946426998739971577495,843826879422383561066103188424018239931401286651
786396322989194697344344278946426998739971577495-896530251803066355404557928035950607124936193677,6342.981004402413,HTTPS <=,psh_flag_number <=,786396322989194697344344278946426998739971577495,896530251803066355404557928035950607124936193677
786396322989194697344344278946426998739971577495-922599836131670820904126277297069322180441856169,5029.9204462374355,HTTPS <=,Rate <=,786396322989194697344344278946426998739971577495,922599836131670820904126277297069322180441856169
786396322989194697344344278946426998739971577495-926368966621798523173828527325665066772113177503,1980.7427691547052,HTTPS <=,UDP <=,786396322989194697344344278946426998739971577495,926368966621798523173828527325665066772113177503
786396322989194697344344278946426998739971577495-974265510705878984211701297112044370513255377925,5170.325631301842,HTTPS <=,Std <=,786396322989194697344344278946426998739971577495,974265510705878984211701297112044370513255377925
795584812918386367255521286735341258439959854242-1043469376771332113858820724324827897913309990452,508.85067824513607,syn_count >,LLC >,795584812918386367255521286735341258439959854242,1043469376771332113858820724324827897913309990452
795584812918386367255521286735341258439959854242-1043754360836331848364792327262011021650379248223,856.0024168564561,syn_count >,DNS >,795584812918386367255521286735341258439959854242,1043754360836331848364792327262011021650379248223
795584812918386367255521286735341258439959854242-1077028023530208599426324724984012030801332581683,666.3462600527027,syn_count >,Time_To_Live >,795584812918386367255521286735341258439959854242,1077028023530208599426324724984012030801332581683
795584812918386367255521286735341258439959854242-1085488307210616684491611463585545838953333018237,567.4370144590607,syn_count >,Type >,795584812918386367255521286735341258439959854242,1085488307210616684491611463585545838953333018237
795584812918386367255521286735341258439959854242-1091995366823138898995898948102109473193356840202,2850.6749183423362,syn_count >,DNS <=,795584812918386367255521286735341258439959854242,1091995366823138898995898948102109473193356840202
795584812918386367255521286735341258439959854242-109928824856976412487775174607761519739702474552,88.88961356595468,syn_count >,Number <=,795584812918386367255521286735341258439959854242,109928824856976412487775174607761519739702474552
795584812918386367255521286735341258439959854242-1118614325010621431186771152252517336813918651911,4041.381921177343,syn_count >,sum >,795584812918386367255521286735341258439959854242,1118614325010621431186771152252517336813918651911
795584812918386367255521286735341258439959854242-1184472685782376059334758133512718430805424685192,64.64699168433067,syn_count >,SSH >,795584812918386367255521286735341258439959854242,1184472685782376059334758133512718430805424685192
795584812918386367255521286735341258439959854242-1232849963170894971818913290506039176322619533319,4167.694453064595,syn_count >,psh_flag_number >,795584812918386367255521286735341258439959854242,1232849963170894971818913290506039176322619533319
795584812918386367255521286735341258439959854242-1233133706649643691022119102239698495899057226060,3065.0624595656495,syn_count >,Time_To_Live <=,795584812918386367255521286735341258439959854242,1233133706649643691022119102239698495899057226060
795584812918386367255521286735341258439959854242-1236189254858718471128603624930063881324958313531,526.2669166802543,syn_count >,HTTPS >,795584812918386367255521286735341258439959854242,1236189254858718471128603624930063881324958313531
795584812918386367255521286735341258439959854242-1239329028096551917906154637654656383307088642249,248.486874286646,syn_count >,cwr_flag_number <=,795584812918386367255521286735341258439959854242,1239329028096551917906154637654656383307088642249
795584812918386367255521286735341258439959854242-1251276136943778783713685275011300537715092657394,1400.0439978329819,syn_count >,fin_flag_number >,795584812918386367255521286735341258439959854242,1251276136943778783713685275011300537715092657394
795584812918386367255521286735341258439959854242-1329847435934461746074927120436757452470095790255,109.09179846730801,syn_count >,Min >,795584812918386367255521286735341258439959854242,1329847435934461746074927120436757452470095790255
795584812918386367255521286735341258439959854242-1338222599102815322204523610829624561969283441716,7098.770808897398,syn_count >,SSH <=,795584812918386367255521286735341258439959854242,1338222599102815322204523610829624561969283441716
795584812918386367255521286735341258439959854242-1345309773886921328764805451107636357621530213384,27977.419354838712,syn_count >,Class -1,795584812918386367255521286735341258439959854242,1345309773886921328764805451107636357621530213384
795584812918386367255521286735341258439959854242-1375509225989204300559045429796274689340158771149,873.3371948685851,syn_count >,rst_count <=,795584812918386367255521286735341258439959854242,1375509225989204300559045429796274689340158771149
795584812918386367255521286735341258439959854242-1379366653555122327876205020011632492492609315477,2272.534004302478,syn_count >,Type <=,795584812918386367255521286735341258439959854242,1379366653555122327876205020011632492492609315477
795584812918386367255521286735341258439959854242-1429650867505148313720594668477948880050562903683,24.242621881624004,syn_count >,syn_flag_number >,795584812918386367255521286735341258439959854242,1429650867505148313720594668477948880050562903683
795584812918386367255521286735341258439959854242-1454952188391427871478129207189215566009723810659,497.7394765493917,syn_count >,Std >,795584812918386367255521286735341258439959854242,1454952188391427871478129207189215566009723810659
795584812918386367255521286735341258439959854242-1455733501014453866297060548284701359849809242142,1327.3161321881098,syn_count >,DHCP <=,795584812918386367255521286735341258439959854242,1455733501014453866297060548284701359849809242142
795584812918386367255521286735341258439959854242-153155765823982001952501641876618811106762500815,1117.6207113289818,syn_count >,ack_flag_number >,795584812918386367255521286735341258439959854242,153155765823982001952501641876618811106762500815
795584812918386367255521286735341258439959854242-160227321490815016489601533331665083666172936667,8.080873960541334,syn_count >,IGMP <=,795584812918386367255521286735341258439959854242,160227321490815016489601533331665083666172936667
795584812918386367255521286735341258439959854242-161772624339136553719839337862344762258727720981,579.5583253998727,syn_count >,ack_flag_number <=,795584812918386367255521286735341258439959854242,161772624339136553719839337862344762258727720981
795584812918386367255521286735341258439959854242-171982518954274878349485416184092168691833932185,5766.7136800913095,syn_count >,Class 1,795584812918386367255521286735341258439959854242,171982518954274878349485416184092168691833932185
795584812918386367255521286735341258439959854242-207766774224049171901964708681563529125144087827,945.7392188214998,syn_count >,HTTP >,795584812918386367255521286735341258439959854242,207766774224049171901964708681563529125144087827
795584812918386367255521286735341258439959854242-215123608059624622405742600984392925785664489773,497.7394765493917,syn_count >,Variance <=,795584812918386367255521286735341258439959854242,215123608059624622405742600984392925785664489773
795584812918386367255521286735341258439959854242-218607780770691257170847497927336330511308420255,7400.272126465499,syn_count >,ack_count >,795584812918386367255521286735341258439959854242,218607780770691257170847497927336330511308420255
795584812918386367255521286735341258439959854242-335418722972519651500040442315750311827115323662,3645.7449388027753,syn_count >,Rate >,795584812918386367255521286735341258439959854242,335418722972519651500040442315750311827115323662
795584812918386367255521286735341258439959854242-338730224709676774412755851787278702947952010784,5139.093705127733,syn_count >,sum <=,795584812918386367255521286735341258439959854242,338730224709676774412755851787278702947952010784
795584812918386367255521286735341258439959854242-371266811264664269299964157380215767396824640058,5.0505462253383335,syn_count >,ICMP >,795584812918386367255521286735341258439959854242,371266811264664269299964157380215767396824640058
795584812918386367255521286735341258439959854242-378316838538499851440768051160724422589084218125,1717.9840287603288,syn_count >,IAT <=,795584812918386367255521286735341258439959854242,378316838538499851440768051160724422589084218125
795584812918386367255521286735341258439959854242-40351198695966294513339726256484683518911283460,8969.23245740915,syn_count >,fin_flag_number <=,795584812918386367255521286735341258439959854242,40351198695966294513339726256484683518911283460
795584812918386367255521286735341258439959854242-450410814915736770904937984733342042835793211647,591.5167154947061,syn_count >,ece_flag_number <=,795584812918386367255521286735341258439959854242,450410814915736770904937984733342042835793211647
795584812918386367255521286735341258439959854242-475011065740486827108472353828139148231878458661,1868.4903062754113,syn_count >,syn_flag_number <=,795584812918386367255521286735341258439959854242,475011065740486827108472353828139148231878458661
795584812918386367255521286735341258439959854242-505469541859377927785473031559292540931343582537,4248.177350978051,syn_count >,ICMP <=,795584812918386367255521286735341258439959854242,505469541859377927785473031559292540931343582537
795584812918386367255521286735341258439959854242-520582048177068818674784514618258893555315007951,15.151638676015,syn_count >,LLC <=,795584812918386367255521286735341258439959854242,520582048177068818674784514618258893555315007951
795584812918386367255521286735341258439959854242-579184915384053252333364217236378176158944003116,3.0303277352030005,syn_count >,cwr_flag_number >,795584812918386367255521286735341258439959854242,579184915384053252333364217236378176158944003116
795584812918386367255521286735341258439959854242-681503808608794911981134712221284126975357543438,658.42830693814,syn_count >,syn_count <=,795584812918386367255521286735341258439959854242,681503808608794911981134712221284126975357543438
795584812918386367255521286735341258439959854242-684418957212367241623111035135876005715150589706,177.77922713190935,syn_count >,HTTP <=,795584812918386367255521286735341258439959854242,684418957212367241623111035135876005715150589706
795584812918386367255521286735341258439959854242-714914936218336719861297767221934377853836589461,509.7793270672144,syn_count >,UDP >,795584812918386367255521286735341258439959854242,714914936218336719861297767221934377853836589461
795584812918386367255521286735341258439959854242-786396322989194697344344278946426998739971577495,5554.313773188936,syn_count >,HTTPS <=,795584812918386367255521286735341258439959854242,786396322989194697344344278946426998739971577495
795584812918386367255521286735341258439959854242-795584812918386367255521286735341258439959854242,1982.3068092761002,syn_count >,syn_count >,795584812918386367255521286735341258439959854242,795584812918386367255521286735341258439959854242
795584812918386367255521286735341258439959854242-835140271881840015202809914014108690929910415575,515.9214429606097,syn_count >,IAT >,795584812918386367255521286735341258439959854242,835140271881840015202809914014108690929910415575
795584812918386367255521286735341258439959854242-841356973986788424033641854148712928121319667477,238.2228609899907,syn_count >,Variance >,795584812918386367255521286735341258439959854242,841356973986788424033641854148712928121319667477
795584812918386367255521286735341258439959854242-841518471221275042570144506781210008737201997031,393.77968473041136,syn_count >,Min <=,795584812918386367255521286735341258439959854242,841518471221275042570144506781210008737201997031
795584812918386367255521286735341258439959854242-843826879422383561066103188424018239931401286651,2597.38187909932,syn_count >,ack_count <=,795584812918386367255521286735341258439959854242,843826879422383561066103188424018239931401286651
795584812918386367255521286735341258439959854242-896530251803066355404557928035950607124936193677,4530.111874944116,syn_count >,psh_flag_number <=,795584812918386367255521286735341258439959854242,896530251803066355404557928035950607124936193677
795584812918386367255521286735341258439959854242-922599836131670820904126277297069322180441856169,3237.1394570883062,syn_count >,Rate <=,795584812918386367255521286735341258439959854242,922599836131670820904126277297069322180441856169
795584812918386367255521286735341258439959854242-926368966621798523173828527325665066772113177503,3948.6147914770963,syn_count >,UDP <=,795584812918386367255521286735341258439959854242,926368966621798523173828527325665066772113177503
795584812918386367255521286735341258439959854242-940331364486966071141541838460909450599289486914,4708.330988360167,syn_count >,rst_count >,795584812918386367255521286735341258439959854242,940331364486966071141541838460909450599289486914
795584812918386367255521286735341258439959854242-974265510705878984211701297112044370513255377925,3127.5263119138663,syn_count >,Std <=,795584812918386367255521286735341258439959854242,974265510705878984211701297112044370513255377925
835140271881840015202809914014108690929910415575-1043469376771332113858820724324827897913309990452,2235.3717593347465,IAT >,LLC >,835140271881840015202809914014108690929910415575,1043469376771332113858820724324827897913309990452
835140271881840015202809914014108690929910415575-1043754360836331848364792327262011021650379248223,693.8635909384977,IAT >,DNS >,835140271881840015202809914014108690929910415575,1043754360836331848364792327262011021650379248223
835140271881840015202809914014108690929910415575-1077028023530208599426324724984012030801332581683,2102.0373389858146,IAT >,Time_To_Live >,835140271881840015202809914014108690929910415575,1077028023530208599426324724984012030801332581683
835140271881840015202809914014108690929910415575-1085488307210616684491611463585545838953333018237,3172.5739258269646,IAT >,Type >,835140271881840015202809914014108690929910415575,1085488307210616684491611463585545838953333018237
835140271881840015202809914014108690929910415575-1091995366823138898995898948102109473193356840202,1256.494440441188,IAT >,DNS <=,835140271881840015202809914014108690929910415575,1091995366823138898995898948102109473193356840202
835140271881840015202809914014108690929910415575-109928824856976412487775174607761519739702474552,130.304092613729,IAT >,Number <=,835140271881840015202809914014108690929910415575,109928824856976412487775174607761519739702474552
835140271881840015202809914014108690929910415575-1118614325010621431186771152252517336813918651911,1934.6361697427456,IAT >,sum >,835140271881840015202809914014108690929910415575,1118614325010621431186771152252517336813918651911
835140271881840015202809914014108690929910415575-1184472685782376059334758133512718430805424685192,67.67731941953367,IAT >,SSH >,835140271881840015202809914014108690929910415575,1184472685782376059334758133512718430805424685192
835140271881840015202809914014108690929910415575-1232849963170894971818913290506039176322619533319,979.7245072926474,IAT >,psh_flag_number >,835140271881840015202809914014108690929910415575,1232849963170894971818913290506039176322619533319
835140271881840015202809914014108690929910415575-1233133706649643691022119102239698495899057226060,11908.73182097905,IAT >,Time_To_Live <=,835140271881840015202809914014108690929910415575,1233133706649643691022119102239698495899057226060
835140271881840015202809914014108690929910415575-1236189254858718471128603624930063881324958313531,1260.616337844448,IAT >,HTTPS >,835140271881840015202809914014108690929910415575,1236189254858718471128603624930063881324958313531
835140271881840015202809914014108690929910415575-1239329028096551917906154637654656383307088642249,831.6783345518428,IAT >,cwr_flag_number <=,835140271881840015202809914014108690929910415575,1239329028096551917906154637654656383307088642249
835140271881840015202809914014108690929910415575-1251276136943778783713685275011300537715092657394,437.2958426913104,IAT >,fin_flag_number >,835140271881840015202809914014108690929910415575,1251276136943778783713685275011300537715092657394
835140271881840015202809914014108690929910415575-1329847435934461746074927120436757452470095790255,1255.4843311961204,IAT >,Min >,835140271881840015202809914014108690929910415575,1329847435934461746074927120436757452470095790255
835140271881840015202809914014108690929910415575-1338222599102815322204523610829624561969283441716,3058.610794064895,IAT >,SSH <=,835140271881840015202809914014108690929910415575,1338222599102815322204523610829624561969283441716
835140271881840015202809914014108690929910415575-1345309773886921328764805451107636357621530213384,20583.387096774193,IAT >,Class -1,835140271881840015202809914014108690929910415575,1345309773886921328764805451107636357621530213384
835140271881840015202809914014108690929910415575-1375509225989204300559045429796274689340158771149,381.82129463557806,IAT >,rst_count <=,835140271881840015202809914014108690929910415575,1375509225989204300559045429796274689340158771149
835140271881840015202809914014108690929910415575-1379366653555122327876205020011632492492609315477,4744.678629098005,IAT >,Type <=,835140271881840015202809914014108690929910415575,1379366653555122327876205020011632492492609315477
835140271881840015202809914014108690929910415575-1429650867505148313720594668477948880050562903683,272.72949616827003,IAT >,syn_flag_number >,835140271881840015202809914014108690929910415575,1429650867505148313720594668477948880050562903683
835140271881840015202809914014108690929910415575-1454952188391427871478129207189215566009723810659,1117.09936462185,IAT >,Std >,835140271881840015202809914014108690929910415575,1454952188391427871478129207189215566009723810659
835140271881840015202809914014108690929910415575-1455733501014453866297060548284701359849809242142,1394.9608674384478,IAT >,DHCP <=,835140271881840015202809914014108690929910415575,1455733501014453866297060548284701359849809242142
835140271881840015202809914014108690929910415575-153155765823982001952501641876618811106762500815,1188.8985814446437,IAT >,ack_flag_number >,835140271881840015202809914014108690929910415575,153155765823982001952501641876618811106762500815
835140271881840015202809914014108690929910415575-160227321490815016489601533331665083666172936667,17939.784573670728,IAT >,IGMP <=,835140271881840015202809914014108690929910415575,160227321490815016489601533331665083666172936667
835140271881840015202809914014108690929910415575-161772624339136553719839337862344762258727720981,1466.3527821462949,IAT >,ack_flag_number <=,835140271881840015202809914014108690929910415575,161772624339136553719839337862344762258727720981
835140271881840015202809914014108690929910415575-171982518954274878349485416184092168691833932185,29751.757704223055,IAT >,Class 1,835140271881840015202809914014108690929910415575,171982518954274878349485416184092168691833932185
835140271881840015202809914014108690929910415575-207766774224049171901964708681563529125144087827,121.21310940812,IAT >,HTTP >,835140271881840015202809914014108690929910415575,207766774224049171901964708681563529125144087827
835140271881840015202809914014108690929910415575-215123608059624622405742600984392925785664489773,3087.822501748868,IAT >,Variance <=,835140271881840015202809914014108690929910415575,215123608059624622405742600984392925785664489773
835140271881840015202809914014108690929910415575-218607780770691257170847497927336330511308420255,641.4193706179684,IAT >,ack_count >,835140271881840015202809914014108690929910415575,218607780770691257170847497927336330511308420255
835140271881840015202809914014108690929910415575-335418722972519651500040442315750311827115323662,2159.043342993746,IAT >,Rate >,835140271881840015202809914014108690929910415575,335418722972519651500040442315750311827115323662
835140271881840015202809914014108690929910415575-337274849629170698169636561573185333120886675912,5.0505462253383335,IAT >,ece_flag_number >,835140271881840015202809914014108690929910415575,337274849629170698169636561573185333120886675912
835140271881840015202809914014108690929910415575-338730224709676774412755851787278702947952010784,6405.542609258217,IAT >,sum <=,835140271881840015202809914014108690929910415575,338730224709676774412755851787278702947952010784
835140271881840015202809914014108690929910415575-371266811264664269299964157380215767396824640058,12168.834951583975,IAT >,ICMP >,835140271881840015202809914014108690929910415575,371266811264664269299964157380215767396824640058
835140271881840015202809914014108690929910415575-378316838538499851440768051160724422589084218125,2420.2217511821295,IAT >,IAT <=,835140271881840015202809914014108690929910415575,378316838538499851440768051160724422589084218125
835140271881840015202809914014108690929910415575-40351198695966294513339726256484683518911283460,2582.7678792150346,IAT >,fin_flag_number <=,835140271881840015202809914014108690929910415575,40351198695966294513339726256484683518911283460
835140271881840015202809914014108690929910415575-426624906449189252299067265451872698344494536313,2398.064516129032,IAT >,Number >,835140271881840015202809914014108690929910415575,426624906449189252299067265451872698344494536313
835140271881840015202809914014108690929910415575-450410814915736770904937984733342042835793211647,173.73879015163868,IAT >,ece_flag_number <=,835140271881840015202809914014108690929910415575,450410814915736770904937984733342042835793211647
835140271881840015202809914014108690929910415575-475011065740486827108472353828139148231878458661,2000.863493633069,IAT >,syn_flag_number <=,835140271881840015202809914014108690929910415575,475011065740486827108472353828139148231878458661
835140271881840015202809914014108690929910415575-505469541859377927785473031559292540931343582537,22238.41851064837,IAT >,ICMP <=,835140271881840015202809914014108690929910415575,505469541859377927785473031559292540931343582537
835140271881840015202809914014108690929910415575-520582048177068818674784514618258893555315007951,511.03381758125005,IAT >,LLC <=,835140271881840015202809914014108690929910415575,520582048177068818674784514618258893555315007951
835140271881840015202809914014108690929910415575-565103970815292376991711972572924808853013487374,164.56634652304035,IAT >,IGMP >,835140271881840015202809914014108690929910415575,565103970815292376991711972572924808853013487374
835140271881840015202809914014108690929910415575-629827923182617752624696690572530002196221478554,111.03055653445402,IAT >,DHCP >,835140271881840015202809914014108690929910415575,629827923182617752624696690572530002196221478554
835140271881840015202809914014108690929910415575-681503808608794911981134712221284126975357543438,3657.4426555440427,IAT >,syn_count <=,835140271881840015202809914014108690929910415575,681503808608794911981134712221284126975357543438
835140271881840015202809914014108690929910415575-684418957212367241623111035135876005715150589706,1399.0013044187185,IAT >,HTTP <=,835140271881840015202809914014108690929910415575,684418957212367241623111035135876005715150589706
835140271881840015202809914014108690929910415575-714914936218336719861297767221934377853836589461,1440.9371301736244,IAT >,UDP >,835140271881840015202809914014108690929910415575,714914936218336719861297767221934377853836589461
835140271881840015202809914014108690929910415575-786396322989194697344344278946426998739971577495,1384.7783145647818,IAT >,HTTPS <=,835140271881840015202809914014108690929910415575,786396322989194697344344278946426998739971577495
835140271881840015202809914014108690929910415575-795584812918386367255521286735341258439959854242,381.65837378959935,IAT >,syn_count >,835140271881840015202809914014108690929910415575,795584812918386367255521286735341258439959854242
835140271881840015202809914014108690929910415575-835140271881840015202809914014108690929910415575,2376.624132798241,IAT >,IAT >,835140271881840015202809914014108690929910415575,835140271881840015202809914014108690929910415575
835140271881840015202809914014108690929910415575-841356973986788424033641854148712928121319667477,755.5617153106148,IAT >,Variance >,835140271881840015202809914014108690929910415575,841356973986788424033641854148712928121319667477
835140271881840015202809914014108690929910415575-841518471221275042570144506781210008737201997031,5892.521157356027,IAT >,Min <=,835140271881840015202809914014108690929910415575,841518471221275042570144506781210008737201997031
835140271881840015202809914014108690929910415575-843826879422383561066103188424018239931401286651,1107.5196188783052,IAT >,ack_count <=,835140271881840015202809914014108690929910415575,843826879422383561066103188424018239931401286651
835140271881840015202809914014108690929910415575-896530251803066355404557928035950607124936193677,2447.168859106999,IAT >,psh_flag_number <=,835140271881840015202809914014108690929910415575,896530251803066355404557928035950607124936193677
835140271881840015202809914014108690929910415575-922599836131670820904126277297069322180441856169,3244.307974311367,IAT >,Rate <=,835140271881840015202809914014108690929910415575,922599836131670820904126277297069322180441856169
835140271881840015202809914014108690929910415575-926368966621798523173828527325665066772113177503,11212.131159828112,IAT >,UDP <=,835140271881840015202809914014108690929910415575,926368966621798523173828527325665066772113177503
835140271881840015202809914014108690929910415575-940331364486966071141541838460909450599289486914,1.0101092450676668,IAT >,rst_count >,835140271881840015202809914014108690929910415575,940331364486966071141541838460909450599289486914
835140271881840015202809914014108690929910415575-974265510705878984211701297112044370513255377925,2092.9463557802055,IAT >,Std <=,835140271881840015202809914014108690929910415575,974265510705878984211701297112044370513255377925
841356973986788424033641854148712928121319667477-1043469376771332113858820724324827897913309990452,1838.2359051771748,Variance >,LLC >,841356973986788424033641854148712928121319667477,1043469376771332113858820724324827897913309990452
841356973986788424033641854148712928121319667477-1043754360836331848364792327262011021650379248223,161.61747921082667,Variance >,DNS >,841356973986788424033641854148712928121319667477,1043754360836331848364792327262011021650379248223
841356973986788424033641854148712928121319667477-1077028023530208599426324724984012030801332581683,2985.9155125892185,Variance >,Time_To_Live >,841356973986788424033641854148712928121319667477,1077028023530208599426324724984012030801332581683
841356973986788424033641854148712928121319667477-1085488307210616684491611463585545838953333018237,584.853252894179,Variance >,Type >,841356973986788424033641854148712928121319667477,1085488307210616684491611463585545838953333018237
841356973986788424033641854148712928121319667477-1091995366823138898995898948102109473193356840202,901.8646349994477,Variance >,DNS <=,841356973986788424033641854148712928121319667477,1091995366823138898995898948102109473193356840202
841356973986788424033641854148712928121319667477-109928824856976412487775174607761519739702474552,189.90053807272136,Variance >,Number <=,841356973986788424033641854148712928121319667477,109928824856976412487775174607761519739702474552
841356973986788424033641854148712928121319667477-1118614325010621431186771152252517336813918651911,425.2559921734877,Variance >,sum >,841356973986788424033641854148712928121319667477,1118614325010621431186771152252517336813918651911
841356973986788424033641854148712928121319667477-1184472685782376059334758133512718430805424685192,5.0505462253383335,Variance >,SSH >,841356973986788424033641854148712928121319667477,1184472685782376059334758133512718430805424685192
841356973986788424033641854148712928121319667477-1232849963170894971818913290506039176322619533319,544.4488830914723,Variance >,psh_flag_number >,841356973986788424033641854148712928121319667477,1232849963170894971818913290506039176322619533319
841356973986788424033641854148712928121319667477-1233133706649643691022119102239698495899057226060,1820.9825875880351,Variance >,Time_To_Live <=,841356973986788424033641854148712928121319667477,1233133706649643691022119102239698495899057226060
841356973986788424033641854148712928121319667477-1236189254858718471128603624930063881324958313531,896.9770096200881,Variance >,HTTPS >,841356973986788424033641854148712928121319667477,1236189254858718471128603624930063881324958313531
841356973986788424033641854148712928121319667477-1239329028096551917906154637654656383307088642249,507.0748410239687,Variance >,cwr_flag_number <=,841356973986788424033641854148712928121319667477,1239329028096551917906154637654656383307088642249
841356973986788424033641854148712928121319667477-1251276136943778783713685275011300537715092657394,40.40436980270667,Variance >,fin_flag_number >,841356973986788424033641854148712928121319667477,1251276136943778783713685275011300537715092657394
841356973986788424033641854148712928121319667477-1329847435934461746074927120436757452470095790255,461.6199249959237,Variance >,Min >,841356973986788424033641854148712928121319667477,1329847435934461746074927120436757452470095790255
841356973986788424033641854148712928121319667477-1338222599102815322204523610829624561969283441716,273.7396054133377,Variance >,SSH <=,841356973986788424033641854148712928121319667477,1338222599102815322204523610829624561969283441716
841356973986788424033641854148712928121319667477-1345309773886921328764805451107636357621530213384,2497.983870967742,Variance >,Class -1,841356973986788424033641854148712928121319667477,1345309773886921328764805451107636357621530213384
841356973986788424033641854148712928121319667477-1375509225989204300559045429796274689340158771149,150.50627751508236,Variance >,rst_count <=,841356973986788424033641854148712928121319667477,1375509225989204300559045429796274689340158771149
841356973986788424033641854148712928121319667477-1379366653555122327876205020011632492492609315477,651.4390026456557,Variance >,Type <=,841356973986788424033641854148712928121319667477,1379366653555122327876205020011632492492609315477
841356973986788424033641854148712928121319667477-1429650867505148313720594668477948880050562903683,128.20241370060435,Variance >,syn_flag_number >,841356973986788424033641854148712928121319667477,1429650867505148313720594668477948880050562903683
841356973986788424033641854148712928121319667477-1454952188391427871478129207189215566009723810659,757.5819338007501,Variance >,Std >,841356973986788424033641854148712928121319667477,1454952188391427871478129207189215566009723810659
841356973986788424033641854148712928121319667477-1455733501014453866297060548284701359849809242142,506.06473177890103,Variance >,DHCP <=,841356973986788424033641854148712928121319667477,1455733501014453866297060548284701359849809242142
841356973986788424033641854148712928121319667477-153155765823982001952501641876618811106762500815,1345.465514430132,Variance >,ack_flag_number >,841356973986788424033641854148712928121319667477,153155765823982001952501641876618811106762500815
841356973986788424033641854148712928121319667477-160227321490815016489601533331665083666172936667,355.5584542638187,Variance >,IGMP <=,841356973986788424033641854148712928121319667477,160227321490815016489601533331665083666172936667
841356973986788424033641854148712928121319667477-161772624339136553719839337862344762258727720981,613.9020397321734,Variance >,ack_flag_number <=,841356973986788424033641854148712928121319667477,161772624339136553719839337862344762258727720981
841356973986788424033641854148712928121319667477-171982518954274878349485416184092168691833932185,11009.1806619925,Variance >,Class 1,841356973986788424033641854148712928121319667477,171982518954274878349485416184092168691833932185
841356973986788424033641854148712928121319667477-207766774224049171901964708681563529125144087827,727.8814635788411,Variance >,HTTP >,841356973986788424033641854148712928121319667477,207766774224049171901964708681563529125144087827
841356973986788424033641854148712928121319667477-215123608059624622405742600984392925785664489773,1560.5373232065558,Variance >,Variance <=,841356973986788424033641854148712928121319667477,215123608059624622405742600984392925785664489773
841356973986788424033641854148712928121319667477-218607780770691257170847497927336330511308420255,739.3185069665427,Variance >,ack_count >,841356973986788424033641854148712928121319667477,218607780770691257170847497927336330511308420255
841356973986788424033641854148712928121319667477-335418722972519651500040442315750311827115323662,338.30513667467903,Variance >,Rate >,841356973986788424033641854148712928121319667477,335418722972519651500040442315750311827115323662
841356973986788424033641854148712928121319667477-338730224709676774412755851787278702947952010784,632.3283874123593,Variance >,sum <=,841356973986788424033641854148712928121319667477,338730224709676774412755851787278702947952010784
841356973986788424033641854148712928121319667477-371266811264664269299964157380215767396824640058,128.28387412359368,Variance >,ICMP >,841356973986788424033641854148712928121319667477,371266811264664269299964157380215767396824640058
841356973986788424033641854148712928121319667477-378316838538499851440768051160724422589084218125,5967.562499013797,Variance >,IAT <=,841356973986788424033641854148712928121319667477,378316838538499851440768051160724422589084218125
841356973986788424033641854148712928121319667477-40351198695966294513339726256484683518911283460,1293.8684825086918,Variance >,fin_flag_number <=,841356973986788424033641854148712928121319667477,40351198695966294513339726256484683518911283460
841356973986788424033641854148712928121319667477-426624906449189252299067265451872698344494536313,2.0202184901353335,Variance >,Number >,841356973986788424033641854148712928121319667477,426624906449189252299067265451872698344494536313
841356973986788424033641854148712928121319667477-450410814915736770904937984733342042835793211647,118.18278167291702,Variance >,ece_flag_number <=,841356973986788424033641854148712928121319667477,450410814915736770904937984733342042835793211647
841356973986788424033641854148712928121319667477-475011065740486827108472353828139148231878458661,421.1340947702277,Variance >,syn_flag_number <=,841356973986788424033641854148712928121319667477,475011065740486827108472353828139148231878458661
841356973986788424033641854148712928121319667477-505469541859377927785473031559292540931343582537,1514.0722979334432,Variance >,ICMP <=,841356973986788424033641854148712928121319667477,505469541859377927785473031559292540931343582537
841356973986788424033641854148712928121319667477-520582048177068818674784514618258893555315007951,309.093428990706,Variance >,LLC <=,841356973986788424033641854148712928121319667477,520582048177068818674784514618258893555315007951
841356973986788424033641854148712928121319667477-565103970815292376991711972572924808853013487374,1.0101092450676668,Variance >,IGMP >,841356973986788424033641854148712928121319667477,565103970815292376991711972572924808853013487374
841356973986788424033641854148712928121319667477-579184915384053252333364217236378176158944003116,2.0202184901353335,Variance >,cwr_flag_number >,841356973986788424033641854148712928121319667477,579184915384053252333364217236378176158944003116
841356973986788424033641854148712928121319667477-629827923182617752624696690572530002196221478554,135.27317841607803,Variance >,DHCP >,841356973986788424033641854148712928121319667477,629827923182617752624696690572530002196221478554
841356973986788424033641854148712928121319667477-681503808608794911981134712221284126975357543438,1648.4168275274428,Variance >,syn_count <=,841356973986788424033641854148712928121319667477,681503808608794911981134712221284126975357543438
841356973986788424033641854148712928121319667477-684418957212367241623111035135876005715150589706,1258.5146589313235,Variance >,HTTP <=,841356973986788424033641854148712928121319667477,684418957212367241623111035135876005715150589706
841356973986788424033641854148712928121319667477-714914936218336719861297767221934377853836589461,323.153497998664,Variance >,UDP >,841356973986788424033641854148712928121319667477,714914936218336719861297767221934377853836589461
841356973986788424033641854148712928121319667477-786396322989194697344344278946426998739971577495,575.6808092655807,Variance >,HTTPS <=,841356973986788424033641854148712928121319667477,786396322989194697344344278946426998739971577495
841356973986788424033641854148712928121319667477-795584812918386367255521286735341258439959854242,59.596445458992335,Variance >,syn_count >,841356973986788424033641854148712928121319667477,795584812918386367255521286735341258439959854242
841356973986788424033641854148712928121319667477-835140271881840015202809914014108690929910415575,1587.6473519774042,Variance >,IAT >,841356973986788424033641854148712928121319667477,835140271881840015202809914014108690929910415575
841356973986788424033641854148712928121319667477-841356973986788424033641854148712928121319667477,1223.160835353955,Variance >,Variance >,841356973986788424033641854148712928121319667477,841356973986788424033641854148712928121319667477
841356973986788424033641854148712928121319667477-841518471221275042570144506781210008737201997031,2389.9184738300996,Variance >,Min <=,841356973986788424033641854148712928121319667477,841518471221275042570144506781210008737201997031
841356973986788424033641854148712928121319667477-843826879422383561066103188424018239931401286651,1041.2597108187858,Variance >,ack_count <=,841356973986788424033641854148712928121319667477,843826879422383561066103188424018239931401286651
841356973986788424033641854148712928121319667477-896530251803066355404557928035950607124936193677,2185.713485480452,Variance >,psh_flag_number <=,841356973986788424033641854148712928121319667477,896530251803066355404557928035950607124936193677
841356973986788424033641854148712928121319667477-922599836131670820904126277297069322180441856169,3393.722682158392,Variance >,Rate <=,841356973986788424033641854148712928121319667477,922599836131670820904126277297069322180441856169
841356973986788424033641854148712928121319667477-926368966621798523173828527325665066772113177503,271.71938692320236,Variance >,UDP <=,841356973986788424033641854148712928121319667477,926368966621798523173828527325665066772113177503
841356973986788424033641854148712928121319667477-974265510705878984211701297112044370513255377925,514.1456057394424,Variance >,Std <=,841356973986788424033641854148712928121319667477,974265510705878984211701297112044370513255377925
841518471221275042570144506781210008737201997031-1043469376771332113858820724324827897913309990452,8892.594491460792,Min <=,LLC >,841518471221275042570144506781210008737201997031,1043469376771332113858820724324827897913309990452
841518471221275042570144506781210008737201997031-1043754360836331848364792327262011021650379248223,1061.136054028182,Min <=,DNS >,841518471221275042570144506781210008737201997031,1043754360836331848364792327262011021650379248223
841518471221275042570144506781210008737201997031-1077028023530208599426324724984012030801332581683,3847.701619477917,Min <=,Time_To_Live >,841518471221275042570144506781210008737201997031,1077028023530208599426324724984012030801332581683
841518471221275042570144506781210008737201997031-1085488307210616684491611463585545838953333018237,11819.255692367573,Min <=,Type >,841518471221275042570144506781210008737201997031,1085488307210616684491611463585545838953333018237
841518471221275042570144506781210008737201997031-1091995366823138898995898948102109473193356840202,2976.7104847914247,Min <=,DNS <=,841518471221275042570144506781210008737201997031,1091995366823138898995898948102109473193356840202
841518471221275042570144506781210008737201997031-109928824856976412487775174607761519739702474552,8100.831764173719,Min <=,Number <=,841518471221275042570144506781210008737201997031,109928824856976412487775174607761519739702474552
841518471221275042570144506781210008737201997031-1118614325010621431186771152252517336813918651911,3685.3835806293823,Min <=,sum >,841518471221275042570144506781210008737201997031,1118614325010621431186771152252517336813918651911
841518471221275042570144506781210008737201997031-1184472685782376059334758133512718430805424685192,271.63792650021304,Min <=,SSH >,841518471221275042570144506781210008737201997031,1184472685782376059334758133512718430805424685192
841518471221275042570144506781210008737201997031-1232849963170894971818913290506039176322619533319,1252.4540034609174,Min <=,psh_flag_number >,841518471221275042570144506781210008737201997031,1232849963170894971818913290506039176322619533319
841518471221275042570144506781210008737201997031-1233133706649643691022119102239698495899057226060,8237.00100724268,Min <=,Time_To_Live <=,841518471221275042570144506781210008737201997031,1233133706649643691022119102239698495899057226060
841518471221275042570144506781210008737201997031-1236189254858718471128603624930063881324958313531,1130.312245230719,Min <=,HTTPS >,841518471221275042570144506781210008737201997031,1236189254858718471128603624930063881324958313531
841518471221275042570144506781210008737201997031-1239329028096551917906154637654656383307088642249,421.215555193217,Min <=,cwr_flag_number <=,841518471221275042570144506781210008737201997031,1239329028096551917906154637654656383307088642249
841518471221275042570144506781210008737201997031-1251276136943778783713685275011300537715092657394,78.788521115278,Min <=,fin_flag_number >,841518471221275042570144506781210008737201997031,1251276136943778783713685275011300537715092657394
841518471221275042570144506781210008737201997031-1329847435934461746074927120436757452470095790255,344.44725256807436,Min <=,Min >,841518471221275042570144506781210008737201997031,1329847435934461746074927120436757452470095790255
841518471221275042570144506781210008737201997031-1338222599102815322204523610829624561969283441716,1832.3381705527474,Min <=,SSH <=,841518471221275042570144506781210008737201997031,1338222599102815322204523610829624561969283441716
841518471221275042570144506781210008737201997031-1345309773886921328764805451107636357621530213384,12889.59677419355,Min <=,Class -1,841518471221275042570144506781210008737201997031,1345309773886921328764805451107636357621530213384
841518471221275042570144506781210008737201997031-1375509225989204300559045429796274689340158771149,21198.836884543165,Min <=,rst_count <=,841518471221275042570144506781210008737201997031,1375509225989204300559045429796274689340158771149
841518471221275042570144506781210008737201997031-1379366653555122327876205020011632492492609315477,8718.301770432825,Min <=,Type <=,841518471221275042570144506781210008737201997031,1379366653555122327876205020011632492492609315477
841518471221275042570144506781210008737201997031-1429650867505148313720594668477948880050562903683,403.88077718108804,Min <=,syn_flag_number >,841518471221275042570144506781210008737201997031,1429650867505148313720594668477948880050562903683
841518471221275042570144506781210008737201997031-1454952188391427871478129207189215566009723810659,3869.4841365852635,Min <=,Std >,841518471221275042570144506781210008737201997031,1454952188391427871478129207189215566009723810659
841518471221275042570144506781210008737201997031-1455733501014453866297060548284701359849809242142,1497.9920104353498,Min <=,DHCP <=,841518471221275042570144506781210008737201997031,1455733501014453866297060548284701359849809242142
841518471221275042570144506781210008737201997031-153155765823982001952501641876618811106762500815,1092.9382031632153,Min <=,ack_flag_number >,841518471221275042570144506781210008737201997031,153155765823982001952501641876618811106762500815
841518471221275042570144506781210008737201997031-160227321490815016489601533331665083666172936667,13004.097544747348,Min <=,IGMP <=,841518471221275042570144506781210008737201997031,160227321490815016489601533331665083666172936667
841518471221275042570144506781210008737201997031-161772624339136553719839337862344762258727720981,3514.9194994819145,Min <=,ack_flag_number <=,841518471221275042570144506781210008737201997031,161772624339136553719839337862344762258727720981
841518471221275042570144506781210008737201997031-171982518954274878349485416184092168691833932185,22777.963476275887,Min <=,Class 1,841518471221275042570144506781210008737201997031,171982518954274878349485416184092168691833932185
841518471221275042570144506781210008737201997031-207766774224049171901964708681563529125144087827,2632.2143559695564,Min <=,HTTP >,841518471221275042570144506781210008737201997031,207766774224049171901964708681563529125144087827
841518471221275042570144506781210008737201997031-215123608059624622405742600984392925785664489773,8098.762669429791,Min <=,Variance <=,841518471221275042570144506781210008737201997031,215123608059624622405742600984392925785664489773
841518471221275042570144506781210008737201997031-218607780770691257170847497927336330511308420255,12779.90216859612,Min <=,ack_count >,841518471221275042570144506781210008737201997031,218607780770691257170847497927336330511308420255
841518471221275042570144506781210008737201997031-335418722972519651500040442315750311827115323662,663.3973927404891,Min <=,Rate >,841518471221275042570144506781210008737201997031,335418722972519651500040442315750311827115323662
841518471221275042570144506781210008737201997031-337274849629170698169636561573185333120886675912,2.0202184901353335,Min <=,ece_flag_number >,841518471221275042570144506781210008737201997031,337274849629170698169636561573185333120886675912
841518471221275042570144506781210008737201997031-338730224709676774412755851787278702947952010784,18271.45883191408,Min <=,sum <=,841518471221275042570144506781210008737201997031,338730224709676774412755851787278702947952010784
841518471221275042570144506781210008737201997031-371266811264664269299964157380215767396824640058,8463.493567322208,Min <=,ICMP >,841518471221275042570144506781210008737201997031,371266811264664269299964157380215767396824640058
841518471221275042570144506781210008737201997031-378316838538499851440768051160724422589084218125,1028.2097510558954,Min <=,IAT <=,841518471221275042570144506781210008737201997031,378316838538499851440768051160724422589084218125
841518471221275042570144506781210008737201997031-40351198695966294513339726256484683518911283460,998.9165829489331,Min <=,fin_flag_number <=,841518471221275042570144506781210008737201997031,40351198695966294513339726256484683518911283460
841518471221275042570144506781210008737201997031-426624906449189252299067265451872698344494536313,13701.072923844038,Min <=,Number >,841518471221275042570144506781210008737201997031,426624906449189252299067265451872698344494536313
841518471221275042570144506781210008737201997031-450410814915736770904937984733342042835793211647,7018.239034730149,Min <=,ece_flag_number <=,841518471221275042570144506781210008737201997031,450410814915736770904937984733342042835793211647
841518471221275042570144506781210008737201997031-475011065740486827108472353828139148231878458661,1386.8799934779065,Min <=,syn_flag_number <=,841518471221275042570144506781210008737201997031,475011065740486827108472353828139148231878458661
841518471221275042570144506781210008737201997031-505469541859377927785473031559292540931343582537,26821.38190802796,Min <=,ICMP <=,841518471221275042570144506781210008737201997031,505469541859377927785473031559292540931343582537
841518471221275042570144506781210008737201997031-520582048177068818674784514618258893555315007951,1307.6027098246925,Min <=,LLC <=,841518471221275042570144506781210008737201997031,520582048177068818674784514618258893555315007951
841518471221275042570144506781210008737201997031-565103970815292376991711972572924808853013487374,4.040436980270667,Min <=,IGMP >,841518471221275042570144506781210008737201997031,565103970815292376991711972572924808853013487374
841518471221275042570144506781210008737201997031-629827923182617752624696690572530002196221478554,27.272949616827002,Min <=,DHCP >,841518471221275042570144506781210008737201997031,629827923182617752624696690572530002196221478554
841518471221275042570144506781210008737201997031-681503808608794911981134712221284126975357543438,4330.533838620262,Min <=,syn_count <=,841518471221275042570144506781210008737201997031,681503808608794911981134712221284126975357543438
841518471221275042570144506781210008737201997031-684418957212367241623111035135876005715150589706,2976.7919452144138,Min <=,HTTP <=,841518471221275042570144506781210008737201997031,684418957212367241623111035135876005715150589706
841518471221275042570144506781210008737201997031-714914936218336719861297767221934377853836589461,6150.310811948055,Min <=,UDP >,841518471221275042570144506781210008737201997031,714914936218336719861297767221934377853836589461
841518471221275042570144506781210008737201997031-786396322989194697344344278946426998739971577495,1242.4343714332301,Min <=,HTTPS <=,841518471221275042570144506781210008737201997031,786396322989194697344344278946426998739971577495
841518471221275042570144506781210008737201997031-795584812918386367255521286735341258439959854242,534.1034093718278,Min <=,syn_count >,841518471221275042570144506781210008737201997031,795584812918386367255521286735341258439959854242
841518471221275042570144506781210008737201997031-835140271881840015202809914014108690929910415575,4701.765278267227,Min <=,IAT >,841518471221275042570144506781210008737201997031,835140271881840015202809914014108690929910415575
841518471221275042570144506781210008737201997031-841356973986788424033641854148712928121319667477,1971.570325526107,Min <=,Variance >,841518471221275042570144506781210008737201997031,841356973986788424033641854148712928121319667477
841518471221275042570144506781210008737201997031-841518471221275042570144506781210008737201997031,1954.5613892059353,Min <=,Min <=,841518471221275042570144506781210008737201997031,841518471221275042570144506781210008737201997031
841518471221275042570144506781210008737201997031-843826879422383561066103188424018239931401286651,3542.81154831346,Min <=,ack_count <=,841518471221275042570144506781210008737201997031,843826879422383561066103188424018239931401286651
841518471221275042570144506781210008737201997031-896530251803066355404557928035950607124936193677,2348.1781530903677,Min <=,psh_flag_number <=,841518471221275042570144506781210008737201997031,896530251803066355404557928035950607124936193677
841518471221275042570144506781210008737201997031-922599836131670820904126277297069322180441856169,3244.9922418644774,Min <=,Rate <=,841518471221275042570144506781210008737201997031,922599836131670820904126277297069322180441856169
841518471221275042570144506781210008737201997031-926368966621798523173828527325665066772113177503,17464.348960935815,Min <=,UDP <=,841518471221275042570144506781210008737201997031,926368966621798523173828527325665066772113177503
841518471221275042570144506781210008737201997031-940331364486966071141541838460909450599289486914,4100.8969062133465,Min <=,rst_count >,841518471221275042570144506781210008737201997031,940331364486966071141541838460909450599289486914
841518471221275042570144506781210008737201997031-974265510705878984211701297112044370513255377925,9904.463281665028,Min <=,Std <=,841518471221275042570144506781210008737201997031,974265510705878984211701297112044370513255377925
843826879422383561066103188424018239931401286651-1043469376771332113858820724324827897913309990452,3309.639233548808,ack_count <=,LLC >,843826879422383561066103188424018239931401286651,1043469376771332113858820724324827897913309990452
843826879422383561066103188424018239931401286651-1043754360836331848364792327262011021650379248223,1225.7024005512221,ack_count <=,DNS >,843826879422383561066103188424018239931401286651,1043754360836331848364792327262011021650379248223
843826879422383561066103188424018239931401286651-1077028023530208599426324724984012030801332581683,10008.439365568605,ack_count <=,Time_To_Live >,843826879422383561066103188424018239931401286651,1077028023530208599426324724984012030801332581683
843826879422383561066103188424018239931401286651-1085488307210616684491611463585545838953333018237,1543.6424314785693,ack_count <=,Type >,843826879422383561066103188424018239931401286651,1085488307210616684491611463585545838953333018237
843826879422383561066103188424018239931401286651-1091995366823138898995898948102109473193356840202,5123.062293883433,ack_count <=,DNS <=,843826879422383561066103188424018239931401286651,1091995366823138898995898948102109473193356840202
843826879422383561066103188424018239931401286651-109928824856976412487775174607761519739702474552,1109.6212977914297,ack_count <=,Number <=,843826879422383561066103188424018239931401286651,109928824856976412487775174607761519739702474552
843826879422383561066103188424018239931401286651-1118614325010621431186771152252517336813918651911,12393.274709004172,ack_count <=,sum >,843826879422383561066103188424018239931401286651,1118614325010621431186771152252517336813918651911
843826879422383561066103188424018239931401286651-1184472685782376059334758133512718430805424685192,25.252731126691668,ack_count <=,SSH >,843826879422383561066103188424018239931401286651,1184472685782376059334758133512718430805424685192
843826879422383561066103188424018239931401286651-1232849963170894971818913290506039176322619533319,242.42621881624,ack_count <=,psh_flag_number >,843826879422383561066103188424018239931401286651,1232849963170894971818913290506039176322619533319
843826879422383561066103188424018239931401286651-1233133706649643691022119102239698495899057226060,10261.178473935295,ack_count <=,Time_To_Live <=,843826879422383561066103188424018239931401286651,1233133706649643691022119102239698495899057226060
843826879422383561066103188424018239931401286651-1236189254858718471128603624930063881324958313531,3786.818099335693,ack_count <=,HTTPS >,843826879422383561066103188424018239931401286651,1236189254858718471128603624930063881324958313531
843826879422383561066103188424018239931401286651-1239329028096551917906154637654656383307088642249,525.2568074351867,ack_count <=,cwr_flag_number <=,843826879422383561066103188424018239931401286651,1239329028096551917906154637654656383307088642249
843826879422383561066103188424018239931401286651-1251276136943778783713685275011300537715092657394,13506.936443775872,ack_count <=,fin_flag_number >,843826879422383561066103188424018239931401286651,1251276136943778783713685275011300537715092657394
843826879422383561066103188424018239931401286651-1329847435934461746074927120436757452470095790255,776.5296281880677,ack_count <=,Min >,843826879422383561066103188424018239931401286651,1329847435934461746074927120436757452470095790255
843826879422383561066103188424018239931401286651-1338222599102815322204523610829624561969283441716,1184.858144464373,ack_count <=,SSH <=,843826879422383561066103188424018239931401286651,1338222599102815322204523610829624561969283441716
843826879422383561066103188424018239931401286651-1345309773886921328764805451107636357621530213384,60850.8870967742,ack_count <=,Class -1,843826879422383561066103188424018239931401286651,1345309773886921328764805451107636357621530213384
843826879422383561066103188424018239931401286651-1375509225989204300559045429796274689340158771149,3591.948475460623,ack_count <=,rst_count <=,843826879422383561066103188424018239931401286651,1375509225989204300559045429796274689340158771149
843826879422383561066103188424018239931401286651-1379366653555122327876205020011632492492609315477,7719.808781683437,ack_count <=,Type <=,843826879422383561066103188424018239931401286651,1379366653555122327876205020011632492492609315477
843826879422383561066103188424018239931401286651-1429650867505148313720594668477948880050562903683,882.3467176512048,ack_count <=,syn_flag_number >,843826879422383561066103188424018239931401286651,1429650867505148313720594668477948880050562903683
843826879422383561066103188424018239931401286651-1454952188391427871478129207189215566009723810659,426.26610141855537,ack_count <=,Std >,843826879422383561066103188424018239931401286651,1454952188391427871478129207189215566009723810659
843826879422383561066103188424018239931401286651-1455733501014453866297060548284701359849809242142,3540.0256018472255,ack_count <=,DHCP <=,843826879422383561066103188424018239931401286651,1455733501014453866297060548284701359849809242142
843826879422383561066103188424018239931401286651-153155765823982001952501641876618811106762500815,4166.619175481136,ack_count <=,ack_flag_number >,843826879422383561066103188424018239931401286651,153155765823982001952501641876618811106762500815
843826879422383561066103188424018239931401286651-160227321490815016489601533331665083666172936667,872.5714668924854,ack_count <=,IGMP <=,843826879422383561066103188424018239931401286651,160227321490815016489601533331665083666172936667
843826879422383561066103188424018239931401286651-161772624339136553719839337862344762258727720981,2006.1910052965711,ack_count <=,ack_flag_number <=,843826879422383561066103188424018239931401286651,161772624339136553719839337862344762258727720981
843826879422383561066103188424018239931401286651-171982518954274878349485416184092168691833932185,27490.12310451655,ack_count <=,Class 1,843826879422383561066103188424018239931401286651,171982518954274878349485416184092168691833932185
843826879422383561066103188424018239931401286651-207766774224049171901964708681563529125144087827,963.2369176796075,ack_count <=,HTTP >,843826879422383561066103188424018239931401286651,207766774224049171901964708681563529125144087827
843826879422383561066103188424018239931401286651-215123608059624622405742600984392925785664489773,13964.825481398884,ack_count <=,Variance <=,843826879422383561066103188424018239931401286651,215123608059624622405742600984392925785664489773
843826879422383561066103188424018239931401286651-218607780770691257170847497927336330511308420255,6038.107225322555,ack_count <=,ack_count >,843826879422383561066103188424018239931401286651,218607780770691257170847497927336330511308420255
843826879422383561066103188424018239931401286651-335418722972519651500040442315750311827115323662,4232.211108072142,ack_count <=,Rate >,843826879422383561066103188424018239931401286651,335418722972519651500040442315750311827115323662
843826879422383561066103188424018239931401286651-338730224709676774412755851787278702947952010784,25194.812765946255,ack_count <=,sum <=,843826879422383561066103188424018239931401286651,338730224709676774412755851787278702947952010784
843826879422383561066103188424018239931401286651-371266811264664269299964157380215767396824640058,628.8092971392205,ack_count <=,ICMP >,843826879422383561066103188424018239931401286651,371266811264664269299964157380215767396824640058
843826879422383561066103188424018239931401286651-378316838538499851440768051160724422589084218125,1911.1592758372212,ack_count <=,IAT <=,843826879422383561066103188424018239931401286651,378316838538499851440768051160724422589084218125
843826879422383561066103188424018239931401286651-40351198695966294513339726256484683518911283460,28182.161981980087,ack_count <=,fin_flag_number <=,843826879422383561066103188424018239931401286651,40351198695966294513339726256484683518911283460
843826879422383561066103188424018239931401286651-426624906449189252299067265451872698344494536313,6299.969901064048,ack_count <=,Number >,843826879422383561066103188424018239931401286651,426624906449189252299067265451872698344494536313
843826879422383561066103188424018239931401286651-450410814915736770904937984733342042835793211647,410.78862105058306,ack_count <=,ece_flag_number <=,843826879422383561066103188424018239931401286651,450410814915736770904937984733342042835793211647
843826879422383561066103188424018239931401286651-475011065740486827108472353828139148231878458661,3620.0197372227453,ack_count <=,syn_flag_number <=,843826879422383561066103188424018239931401286651,475011065740486827108472353828139148231878458661
843826879422383561066103188424018239931401286651-505469541859377927785473031559292540931343582537,3634.128682484497,ack_count <=,ICMP <=,843826879422383561066103188424018239931401286651,505469541859377927785473031559292540931343582537
843826879422383561066103188424018239931401286651-520582048177068818674784514618258893555315007951,290.8300021564987,ack_count <=,LLC <=,843826879422383561066103188424018239931401286651,520582048177068818674784514618258893555315007951
843826879422383561066103188424018239931401286651-565103970815292376991711972572924808853013487374,2.0202184901353335,ack_count <=,IGMP >,843826879422383561066103188424018239931401286651,565103970815292376991711972572924808853013487374
843826879422383561066103188424018239931401286651-579184915384053252333364217236378176158944003116,1.0101092450676668,ack_count <=,cwr_flag_number >,843826879422383561066103188424018239931401286651,579184915384053252333364217236378176158944003116
843826879422383561066103188424018239931401286651-629827923182617752624696690572530002196221478554,18.181966411218003,ack_count <=,DHCP >,843826879422383561066103188424018239931401286651,629827923182617752624696690572530002196221478554
843826879422383561066103188424018239931401286651-681503808608794911981134712221284126975357543438,4552.660120027561,ack_count <=,syn_count <=,843826879422383561066103188424018239931401286651,681503808608794911981134712221284126975357543438
843826879422383561066103188424018239931401286651-684418957212367241623111035135876005715150589706,7826.1146336845095,ack_count <=,HTTP <=,843826879422383561066103188424018239931401286651,684418957212367241623111035135876005715150589706
843826879422383561066103188424018239931401286651-714914936218336719861297767221934377853836589461,541.4185553562694,ack_count <=,UDP >,843826879422383561066103188424018239931401286651,714914936218336719861297767221934377853836589461
843826879422383561066103188424018239931401286651-786396322989194697344344278946426998739971577495,4320.09061239303,ack_count <=,HTTPS <=,843826879422383561066103188424018239931401286651,786396322989194697344344278946426998739971577495
843826879422383561066103188424018239931401286651-795584812918386367255521286735341258439959854242,1138.8330054754028,ack_count <=,syn_count >,843826879422383561066103188424018239931401286651,795584812918386367255521286735341258439959854242
843826879422383561066103188424018239931401286651-835140271881840015202809914014108690929910415575,761.3779895120527,ack_count <=,IAT >,843826879422383561066103188424018239931401286651,835140271881840015202809914014108690929910415575
843826879422383561066103188424018239931401286651-841356973986788424033641854148712928121319667477,1126.2718082504484,ack_count <=,Variance >,843826879422383561066103188424018239931401286651,841356973986788424033641854148712928121319667477
843826879422383561066103188424018239931401286651-841518471221275042570144506781210008737201997031,4182.406205456467,ack_count <=,Min <=,843826879422383561066103188424018239931401286651,841518471221275042570144506781210008737201997031
843826879422383561066103188424018239931401286651-843826879422383561066103188424018239931401286651,6102.330622807341,ack_count <=,ack_count <=,843826879422383561066103188424018239931401286651,843826879422383561066103188424018239931401286651
843826879422383561066103188424018239931401286651-896530251803066355404557928035950607124936193677,2007.282574964628,ack_count <=,psh_flag_number <=,843826879422383561066103188424018239931401286651,896530251803066355404557928035950607124936193677
843826879422383561066103188424018239931401286651-922599836131670820904126277297069322180441856169,8514.227118759962,ack_count <=,Rate <=,843826879422383561066103188424018239931401286651,922599836131670820904126277297069322180441856169
843826879422383561066103188424018239931401286651-926368966621798523173828527325665066772113177503,7352.1778927325995,ack_count <=,UDP <=,843826879422383561066103188424018239931401286651,926368966621798523173828527325665066772113177503
843826879422383561066103188424018239931401286651-940331364486966071141541838460909450599289486914,1223.2748799461401,ack_count <=,rst_count >,843826879422383561066103188424018239931401286651,940331364486966071141541838460909450599289486914
843826879422383561066103188424018239931401286651-974265510705878984211701297112044370513255377925,6465.285683478591,ack_count <=,Std <=,843826879422383561066103188424018239931401286651,974265510705878984211701297112044370513255377925
896530251803066355404557928035950607124936193677-1043469376771332113858820724324827897913309990452,1724.256481330507,psh_flag_number <=,LLC >,896530251803066355404557928035950607124936193677,1043469376771332113858820724324827897913309990452
896530251803066355404557928035950607124936193677-1043754360836331848364792327262011021650379248223,1070.3899580797695,psh_flag_number <=,DNS >,896530251803066355404557928035950607124936193677,1043754360836331848364792327262011021650379248223
896530251803066355404557928035950607124936193677-1077028023530208599426324724984012030801332581683,1433.2635583280298,psh_flag_number <=,Time_To_Live >,896530251803066355404557928035950607124936193677,1077028023530208599426324724984012030801332581683
896530251803066355404557928035950607124936193677-1085488307210616684491611463585545838953333018237,1093.6224707163258,psh_flag_number <=,Type >,896530251803066355404557928035950607124936193677,1085488307210616684491611463585545838953333018237
896530251803066355404557928035950607124936193677-1091995366823138898995898948102109473193356840202,21101.10066904057,psh_flag_number <=,DNS <=,896530251803066355404557928035950607124936193677,1091995366823138898995898948102109473193356840202
896530251803066355404557928035950607124936193677-109928824856976412487775174607761519739702474552,1718.1958258601012,psh_flag_number <=,Number <=,896530251803066355404557928035950607124936193677,109928824856976412487775174607761519739702474552
896530251803066355404557928035950607124936193677-1118614325010621431186771152252517336813918651911,2516.182129463558,psh_flag_number <=,sum >,896530251803066355404557928035950607124936193677,1118614325010621431186771152252517336813918651911
896530251803066355404557928035950607124936193677-1184472685782376059334758133512718430805424685192,38.38415131257133,psh_flag_number <=,SSH >,896530251803066355404557928035950607124936193677,1184472685782376059334758133512718430805424685192
896530251803066355404557928035950607124936193677-1232849963170894971818913290506039176322619533319,7584.747400367131,psh_flag_number <=,psh_flag_number >,896530251803066355404557928035950607124936193677,1232849963170894971818913290506039176322619533319
896530251803066355404557928035950607124936193677-1233133706649643691022119102239698495899057226060,5835.629197940281,psh_flag_number <=,Time_To_Live <=,896530251803066355404557928035950607124936193677,1233133706649643691022119102239698495899057226060
896530251803066355404557928035950607124936193677-1236189254858718471128603624930063881324958313531,11784.944562204468,psh_flag_number <=,HTTPS >,896530251803066355404557928035950607124936193677,1236189254858718471128603624930063881324958313531
896530251803066355404557928035950607124936193677-1251276136943778783713685275011300537715092657394,1817.0561951999496,psh_flag_number <=,fin_flag_number >,896530251803066355404557928035950607124936193677,1251276136943778783713685275011300537715092657394
896530251803066355404557928035950607124936193677-1329847435934461746074927120436757452470095790255,674.7529757052014,psh_flag_number <=,Min >,896530251803066355404557928035950607124936193677,1329847435934461746074927120436757452470095790255
896530251803066355404557928035950607124936193677-1338222599102815322204523610829624561969283441716,7896.023968693951,psh_flag_number <=,SSH <=,896530251803066355404557928035950607124936193677,1338222599102815322204523610829624561969283441716
896530251803066355404557928035950607124936193677-1345309773886921328764805451107636357621530213384,12989.516129032258,psh_flag_number <=,Class -1,896530251803066355404557928035950607124936193677,1345309773886921328764805451107636357621530213384
896530251803066355404557928035950607124936193677-1375509225989204300559045429796274689340158771149,1337.2217196236122,psh_flag_number <=,rst_count <=,896530251803066355404557928035950607124936193677,1375509225989204300559045429796274689340158771149
896530251803066355404557928035950607124936193677-1379366653555122327876205020011632492492609315477,11941.071608905813,psh_flag_number <=,Type <=,896530251803066355404557928035950607124936193677,1379366653555122327876205020011632492492609315477
896530251803066355404557928035950607124936193677-1429650867505148313720594668477948880050562903683,1145.9852306138657,psh_flag_number <=,syn_flag_number >,896530251803066355404557928035950607124936193677,1429650867505148313720594668477948880050562903683
896530251803066355404557928035950607124936193677-1454952188391427871478129207189215566009723810659,1661.5482477133226,psh_flag_number <=,Std >,896530251803066355404557928035950607124936193677,1454952188391427871478129207189215566009723810659
896530251803066355404557928035950607124936193677-1455733501014453866297060548284701359849809242142,15459.559074914661,psh_flag_number <=,DHCP <=,896530251803066355404557928035950607124936193677,1455733501014453866297060548284701359849809242142
896530251803066355404557928035950607124936193677-153155765823982001952501641876618811106762500815,4125.286156856351,psh_flag_number <=,ack_flag_number >,896530251803066355404557928035950607124936193677,153155765823982001952501641876618811106762500815
896530251803066355404557928035950607124936193677-160227321490815016489601533331665083666172936667,671.7226479699984,psh_flag_number <=,IGMP <=,896530251803066355404557928035950607124936193677,160227321490815016489601533331665083666172936667
896530251803066355404557928035950607124936193677-161772624339136553719839337862344762258727720981,3153.75656811643,psh_flag_number <=,ack_flag_number <=,896530251803066355404557928035950607124936193677,161772624339136553719839337862344762258727720981
896530251803066355404557928035950607124936193677-171982518954274878349485416184092168691833932185,57901.482145768794,psh_flag_number <=,Class 1,896530251803066355404557928035950607124936193677,171982518954274878349485416184092168691833932185
896530251803066355404557928035950607124936193677-207766774224049171901964708681563529125144087827,1053.2995613366083,psh_flag_number <=,HTTP >,896530251803066355404557928035950607124936193677,207766774224049171901964708681563529125144087827
896530251803066355404557928035950607124936193677-215123608059624622405742600984392925785664489773,44025.12268373632,psh_flag_number <=,Variance <=,896530251803066355404557928035950607124936193677,215123608059624622405742600984392925785664489773
896530251803066355404557928035950607124936193677-218607780770691257170847497927336330511308420255,3850.454981774956,psh_flag_number <=,ack_count >,896530251803066355404557928035950607124936193677,218607780770691257170847497927336330511308420255
896530251803066355404557928035950607124936193677-335418722972519651500040442315750311827115323662,11504.671830867386,psh_flag_number <=,Rate >,896530251803066355404557928035950607124936193677,335418722972519651500040442315750311827115323662
896530251803066355404557928035950607124936193677-338730224709676774412755851787278702947952010784,2763.5774340821467,psh_flag_number <=,sum <=,896530251803066355404557928035950607124936193677,338730224709676774412755851787278702947952010784
896530251803066355404557928035950607124936193677-371266811264664269299964157380215767396824640058,5749.5906991789525,psh_flag_number <=,ICMP >,896530251803066355404557928035950607124936193677,371266811264664269299964157380215767396824640058
896530251803066355404557928035950607124936193677-378316838538499851440768051160724422589084218125,12153.047921608642,psh_flag_number <=,IAT <=,896530251803066355404557928035950607124936193677,378316838538499851440768051160724422589084218125
896530251803066355404557928035950607124936193677-40351198695966294513339726256484683518911283460,10691.305799403544,psh_flag_number <=,fin_flag_number <=,896530251803066355404557928035950607124936193677,40351198695966294513339726256484683518911283460
896530251803066355404557928035950607124936193677-450410814915736770904937984733342042835793211647,211.11283221914235,psh_flag_number <=,ece_flag_number <=,896530251803066355404557928035950607124936193677,450410814915736770904937984733342042835793211647
896530251803066355404557928035950607124936193677-475011065740486827108472353828139148231878458661,14218.167396895695,psh_flag_number <=,syn_flag_number <=,896530251803066355404557928035950607124936193677,475011065740486827108472353828139148231878458661
896530251803066355404557928035950607124936193677-505469541859377927785473031559292540931343582537,22998.68863840777,psh_flag_number <=,ICMP <=,896530251803066355404557928035950607124936193677,505469541859377927785473031559292540931343582537
896530251803066355404557928035950607124936193677-520582048177068818674784514618258893555315007951,106.06147073210501,psh_flag_number <=,LLC <=,896530251803066355404557928035950607124936193677,520582048177068818674784514618258893555315007951
896530251803066355404557928035950607124936193677-629827923182617752624696690572530002196221478554,47.47513451818034,psh_flag_number <=,DHCP >,896530251803066355404557928035950607124936193677,629827923182617752624696690572530002196221478554
896530251803066355404557928035950607124936193677-681503808608794911981134712221284126975357543438,22887.136735166183,psh_flag_number <=,syn_count <=,896530251803066355404557928035950607124936193677,681503808608794911981134712221284126975357543438
896530251803066355404557928035950607124936193677-684418957212367241623111035135876005715150589706,16507.840674195126,psh_flag_number <=,HTTP <=,896530251803066355404557928035950607124936193677,684418957212367241623111035135876005715150589706
896530251803066355404557928035950607124936193677-714914936218336719861297767221934377853836589461,1076.6949948191434,psh_flag_number <=,UDP >,896530251803066355404557928035950607124936193677,714914936218336719861297767221934377853836589461
896530251803066355404557928035950607124936193677-786396322989194697344344278946426998739971577495,12545.817497093987,psh_flag_number <=,HTTPS <=,896530251803066355404557928035950607124936193677,786396322989194697344344278946426998739971577495
896530251803066355404557928035950607124936193677-795584812918386367255521286735341258439959854242,1963.440575311772,psh_flag_number <=,syn_count >,896530251803066355404557928035950607124936193677,795584812918386367255521286735341258439959854242
896530251803066355404557928035950607124936193677-835140271881840015202809914014108690929910415575,3526.731260815367,psh_flag_number <=,IAT >,896530251803066355404557928035950607124936193677,835140271881840015202809914014108690929910415575
896530251803066355404557928035950607124936193677-841356973986788424033641854148712928121319667477,2980.750921771695,psh_flag_number <=,Variance >,896530251803066355404557928035950607124936193677,841356973986788424033641854148712928121319667477
896530251803066355404557928035950607124936193677-841518471221275042570144506781210008737201997031,3202.9260794327884,psh_flag_number <=,Min <=,896530251803066355404557928035950607124936193677,841518471221275042570144506781210008737201997031
896530251803066355404557928035950607124936193677-843826879422383561066103188424018239931401286651,1999.2017010040868,psh_flag_number <=,ack_count <=,896530251803066355404557928035950607124936193677,843826879422383561066103188424018239931401286651
896530251803066355404557928035950607124936193677-896530251803066355404557928035950607124936193677,8395.897708325663,psh_flag_number <=,psh_flag_number <=,896530251803066355404557928035950607124936193677,896530251803066355404557928035950607124936193677
896530251803066355404557928035950607124936193677-922599836131670820904126277297069322180441856169,24106.110504778488,psh_flag_number <=,Rate <=,896530251803066355404557928035950607124936193677,922599836131670820904126277297069322180441856169
896530251803066355404557928035950607124936193677-926368966621798523173828527325665066772113177503,14849.892977177933,psh_flag_number <=,UDP <=,896530251803066355404557928035950607124936193677,926368966621798523173828527325665066772113177503
896530251803066355404557928035950607124936193677-940331364486966071141541838460909450599289486914,100.92946408377735,psh_flag_number <=,rst_count >,896530251803066355404557928035950607124936193677,940331364486966071141541838460909450599289486914
896530251803066355404557928035950607124936193677-974265510705878984211701297112044370513255377925,5534.176756625974,psh_flag_number <=,Std <=,896530251803066355404557928035950607124936193677,974265510705878984211701297112044370513255377925
922599836131670820904126277297069322180441856169-1043469376771332113858820724324827897913309990452,21811.81027545326,Rate <=,LLC >,922599836131670820904126277297069322180441856169,1043469376771332113858820724324827897913309990452
922599836131670820904126277297069322180441856169-1043754360836331848364792327262011021650379248223,2251.044744717893,Rate <=,DNS >,922599836131670820904126277297069322180441856169,1043754360836331848364792327262011021650379248223
922599836131670820904126277297069322180441856169-1077028023530208599426324724984012030801332581683,8044.510027718898,Rate <=,Time_To_Live >,922599836131670820904126277297069322180441856169,1077028023530208599426324724984012030801332581683
922599836131670820904126277297069322180441856169-1085488307210616684491611463585545838953333018237,968.6947660198924,Rate <=,Type >,922599836131670820904126277297069322180441856169,1085488307210616684491611463585545838953333018237
922599836131670820904126277297069322180441856169-1091995366823138898995898948102109473193356840202,48837.96739479179,Rate <=,DNS <=,922599836131670820904126277297069322180441856169,1091995366823138898995898948102109473193356840202
922599836131670820904126277297069322180441856169-109928824856976412487775174607761519739702474552,13790.614220793908,Rate <=,Number <=,922599836131670820904126277297069322180441856169,109928824856976412487775174607761519739702474552
922599836131670820904126277297069322180441856169-1118614325010621431186771152252517336813918651911,1257.4230892632665,Rate <=,sum >,922599836131670820904126277297069322180441856169,1118614325010621431186771152252517336813918651911
922599836131670820904126277297069322180441856169-1184472685782376059334758133512718430805424685192,204.04206750366868,Rate <=,SSH >,922599836131670820904126277297069322180441856169,1184472685782376059334758133512718430805424685192
922599836131670820904126277297069322180441856169-1232849963170894971818913290506039176322619533319,3469.7252568074355,Rate <=,psh_flag_number >,922599836131670820904126277297069322180441856169,1232849963170894971818913290506039176322619533319
922599836131670820904126277297069322180441856169-1233133706649643691022119102239698495899057226060,9427.577673400903,Rate <=,Time_To_Live <=,922599836131670820904126277297069322180441856169,1233133706649643691022119102239698495899057226060
922599836131670820904126277297069322180441856169-1236189254858718471128603624930063881324958313531,5178.748639038938,Rate <=,HTTPS >,922599836131670820904126277297069322180441856169,1236189254858718471128603624930063881324958313531
922599836131670820904126277297069322180441856169-1239329028096551917906154637654656383307088642249,285.8609163541497,Rate <=,cwr_flag_number <=,922599836131670820904126277297069322180441856169,1239329028096551917906154637654656383307088642249
922599836131670820904126277297069322180441856169-1251276136943778783713685275011300537715092657394,7036.3884169721705,Rate <=,fin_flag_number >,922599836131670820904126277297069322180441856169,1251276136943778783713685275011300537715092657394
922599836131670820904126277297069322180441856169-1329847435934461746074927120436757452470095790255,3855.505528000295,Rate <=,Min >,922599836131670820904126277297069322180441856169,1329847435934461746074927120436757452470095790255
922599836131670820904126277297069322180441856169-1338222599102815322204523610829624561969283441716,6041.463394749715,Rate <=,SSH <=,922599836131670820904126277297069322180441856169,1338222599102815322204523610829624561969283441716
922599836131670820904126277297069322180441856169-1345309773886921328764805451107636357621530213384,32873.467741935485,Rate <=,Class -1,922599836131670820904126277297069322180441856169,1345309773886921328764805451107636357621530213384
922599836131670820904126277297069322180441856169-1375509225989204300559045429796274689340158771149,11026.271058735661,Rate <=,rst_count <=,922599836131670820904126277297069322180441856169,1375509225989204300559045429796274689340158771149
922599836131670820904126277297069322180441856169-1379366653555122327876205020011632492492609315477,12626.316687092041,Rate <=,Type <=,922599836131670820904126277297069322180441856169,1379366653555122327876205020011632492492609315477
922599836131670820904126277297069322180441856169-1429650867505148313720594668477948880050562903683,243.43632806130768,Rate <=,syn_flag_number >,922599836131670820904126277297069322180441856169,1429650867505148313720594668477948880050562903683
922599836131670820904126277297069322180441856169-1454952188391427871478129207189215566009723810659,2252.543616500897,Rate <=,Std >,922599836131670820904126277297069322180441856169,1454952188391427871478129207189215566009723810659
922599836131670820904126277297069322180441856169-1455733501014453866297060548284701359849809242142,9259.264147420354,Rate <=,DHCP <=,922599836131670820904126277297069322180441856169,1455733501014453866297060548284701359849809242142
922599836131670820904126277297069322180441856169-153155765823982001952501641876618811106762500815,3348.5121473993154,Rate <=,ack_flag_number >,922599836131670820904126277297069322180441856169,153155765823982001952501641876618811106762500815
922599836131670820904126277297069322180441856169-160227321490815016489601533331665083666172936667,313.1338659709767,Rate <=,IGMP <=,922599836131670820904126277297069322180441856169,160227321490815016489601533331665083666172936667
922599836131670820904126277297069322180441856169-161772624339136553719839337862344762258727720981,7809.268618210317,Rate <=,ack_flag_number <=,922599836131670820904126277297069322180441856169,161772624339136553719839337862344762258727720981
922599836131670820904126277297069322180441856169-171982518954274878349485416184092168691833932185,46239.77091146258,Rate <=,Class 1,922599836131670820904126277297069322180441856169,171982518954274878349485416184092168691833932185
922599836131670820904126277297069322180441856169-207766774224049171901964708681563529125144087827,529.0528631464894,Rate <=,HTTP >,922599836131670820904126277297069322180441856169,207766774224049171901964708681563529125144087827
922599836131670820904126277297069322180441856169-215123608059624622405742600984392925785664489773,34287.89765046838,Rate <=,Variance <=,922599836131670820904126277297069322180441856169,215123608059624622405742600984392925785664489773
922599836131670820904126277297069322180441856169-218607780770691257170847497927336330511308420255,21068.972678213577,Rate <=,ack_count >,922599836131670820904126277297069322180441856169,218607780770691257170847497927336330511308420255
922599836131670820904126277297069322180441856169-335418722972519651500040442315750311827115323662,5878.966142970603,Rate <=,Rate >,922599836131670820904126277297069322180441856169,335418722972519651500040442315750311827115323662
922599836131670820904126277297069322180441856169-338730224709676774412755851787278702947952010784,5786.590023300705,Rate <=,sum <=,922599836131670820904126277297069322180441856169,338730224709676774412755851787278702947952010784
922599836131670820904126277297069322180441856169-371266811264664269299964157380215767396824640058,7111.608971560517,Rate <=,ICMP >,922599836131670820904126277297069322180441856169,371266811264664269299964157380215767396824640058
922599836131670820904126277297069322180441856169-378316838538499851440768051160724422589084218125,5450.46802596214,Rate <=,IAT <=,922599836131670820904126277297069322180441856169,378316838538499851440768051160724422589084218125
922599836131670820904126277297069322180441856169-40351198695966294513339726256484683518911283460,22066.129716025942,Rate <=,fin_flag_number <=,922599836131670820904126277297069322180441856169,40351198695966294513339726256484683518911283460
922599836131670820904126277297069322180441856169-426624906449189252299067265451872698344494536313,12902.728194379428,Rate <=,Number >,922599836131670820904126277297069322180441856169,426624906449189252299067265451872698344494536313
922599836131670820904126277297069322180441856169-450410814915736770904937984733342042835793211647,552.5297570520137,Rate <=,ece_flag_number <=,922599836131670820904126277297069322180441856169,450410814915736770904937984733342042835793211647
922599836131670820904126277297069322180441856169-475011065740486827108472353828139148231878458661,4109.124408935269,Rate <=,syn_flag_number <=,922599836131670820904126277297069322180441856169,475011065740486827108472353828139148231878458661
922599836131670820904126277297069322180441856169-505469541859377927785473031559292540931343582537,14174.781575611578,Rate <=,ICMP <=,922599836131670820904126277297069322180441856169,505469541859377927785473031559292540931343582537
922599836131670820904126277297069322180441856169-520582048177068818674784514618258893555315007951,3504.9976199618145,Rate <=,LLC <=,922599836131670820904126277297069322180441856169,520582048177068818674784514618258893555315007951
922599836131670820904126277297069322180441856169-565103970815292376991711972572924808853013487374,1.0101092450676668,Rate <=,IGMP >,922599836131670820904126277297069322180441856169,565103970815292376991711972572924808853013487374
922599836131670820904126277297069322180441856169-579184915384053252333364217236378176158944003116,1.0101092450676668,Rate <=,cwr_flag_number >,922599836131670820904126277297069322180441856169,579184915384053252333364217236378176158944003116
922599836131670820904126277297069322180441856169-629827923182617752624696690572530002196221478554,133.334420348932,Rate <=,DHCP >,922599836131670820904126277297069322180441856169,629827923182617752624696690572530002196221478554
922599836131670820904126277297069322180441856169-681503808608794911981134712221284126975357543438,21404.28007132225,Rate <=,syn_count <=,922599836131670820904126277297069322180441856169,681503808608794911981134712221284126975357543438
922599836131670820904126277297069322180441856169-684418957212367241623111035135876005715150589706,6783.89368987445,Rate <=,HTTP <=,922599836131670820904126277297069322180441856169,684418957212367241623111035135876005715150589706
922599836131670820904126277297069322180441856169-714914936218336719861297767221934377853836589461,1850.438676540976,Rate <=,UDP >,922599836131670820904126277297069322180441856169,714914936218336719861297767221934377853836589461
922599836131670820904126277297069322180441856169-786396322989194697344344278946426998739971577495,5798.450660887952,Rate <=,HTTPS <=,922599836131670820904126277297069322180441856169,786396322989194697344344278946426998739971577495
922599836131670820904126277297069322180441856169-795584812918386367255521286735341258439959854242,4632.05144827296,Rate <=,syn_count >,922599836131670820904126277297069322180441856169,795584812918386367255521286735341258439959854242
922599836131670820904126277297069322180441856169-835140271881840015202809914014108690929910415575,2552.4646018630046,Rate <=,IAT >,922599836131670820904126277297069322180441856169,835140271881840015202809914014108690929910415575
922599836131670820904126277297069322180441856169-841356973986788424033641854148712928121319667477,6953.950468906971,Rate <=,Variance >,922599836131670820904126277297069322180441856169,841356973986788424033641854148712928121319667477
922599836131670820904126277297069322180441856169-841518471221275042570144506781210008737201997031,4051.222340274454,Rate <=,Min <=,922599836131670820904126277297069322180441856169,841518471221275042570144506781210008737201997031
922599836131670820904126277297069322180441856169-843826879422383561066103188424018239931401286651,9459.037688759383,Rate <=,ack_count <=,922599836131670820904126277297069322180441856169,843826879422383561066103188424018239931401286651
922599836131670820904126277297069322180441856169-896530251803066355404557928035950607124936193677,14578.678644877264,Rate <=,psh_flag_number <=,922599836131670820904126277297069322180441856169,896530251803066355404557928035950607124936193677
922599836131670820904126277297069322180441856169-922599836131670820904126277297069322180441856169,8035.56567327467,Rate <=,Rate <=,922599836131670820904126277297069322180441856169,922599836131670820904126277297069322180441856169
922599836131670820904126277297069322180441856169-926368966621798523173828527325665066772113177503,6987.91946529352,Rate <=,UDP <=,922599836131670820904126277297069322180441856169,926368966621798523173828527325665066772113177503
922599836131670820904126277297069322180441856169-940331364486966071141541838460909450599289486914,899.4371143943657,Rate <=,rst_count >,922599836131670820904126277297069322180441856169,940331364486966071141541838460909450599289486914
922599836131670820904126277297069322180441856169-974265510705878984211701297112044370513255377925,21733.13579893017,Rate <=,Std <=,922599836131670820904126277297069322180441856169,974265510705878984211701297112044370513255377925
926368966621798523173828527325665066772113177503-1043469376771332113858820724324827897913309990452,6949.9100319267,UDP <=,LLC >,926368966621798523173828527325665066772113177503,1043469376771332113858820724324827897913309990452
926368966621798523173828527325665066772113177503-1043754360836331848364792327262011021650379248223,208.08250448393935,UDP <=,DNS >,926368966621798523173828527325665066772113177503,1043754360836331848364792327262011021650379248223
926368966621798523173828527325665066772113177503-1077028023530208599426324724984012030801332581683,9581.684501612115,UDP <=,Time_To_Live >,926368966621798523173828527325665066772113177503,1077028023530208599426324724984012030801332581683
926368966621798523173828527325665066772113177503-1085488307210616684491611463585545838953333018237,819.1985977498778,UDP <=,Type >,926368966621798523173828527325665066772113177503,1085488307210616684491611463585545838953333018237
926368966621798523173828527325665066772113177503-1091995366823138898995898948102109473193356840202,9974.74733462022,UDP <=,DNS <=,926368966621798523173828527325665066772113177503,1091995366823138898995898948102109473193356840202
926368966621798523173828527325665066772113177503-109928824856976412487775174607761519739702474552,9000.07337355291,UDP <=,Number <=,926368966621798523173828527325665066772113177503,109928824856976412487775174607761519739702474552
926368966621798523173828527325665066772113177503-1118614325010621431186771152252517336813918651911,3190.723308068987,UDP <=,sum >,926368966621798523173828527325665066772113177503,1118614325010621431186771152252517336813918651911
926368966621798523173828527325665066772113177503-1184472685782376059334758133512718430805424685192,636.2873639696408,UDP <=,SSH >,926368966621798523173828527325665066772113177503,1184472685782376059334758133512718430805424685192
926368966621798523173828527325665066772113177503-1232849963170894971818913290506039176322619533319,4835.39295613892,UDP <=,psh_flag_number >,926368966621798523173828527325665066772113177503,1232849963170894971818913290506039176322619533319
926368966621798523173828527325665066772113177503-1233133706649643691022119102239698495899057226060,14523.350725582912,UDP <=,Time_To_Live <=,926368966621798523173828527325665066772113177503,1233133706649643691022119102239698495899057226060
926368966621798523173828527325665066772113177503-1236189254858718471128603624930063881324958313531,4124.2760476112835,UDP <=,HTTPS >,926368966621798523173828527325665066772113177503,1236189254858718471128603624930063881324958313531
926368966621798523173828527325665066772113177503-1251276136943778783713685275011300537715092657394,448.48850481004405,UDP <=,fin_flag_number >,926368966621798523173828527325665066772113177503,1251276136943778783713685275011300537715092657394
926368966621798523173828527325665066772113177503-1329847435934461746074927120436757452470095790255,1274.7578672753955,UDP <=,Min >,926368966621798523173828527325665066772113177503,1329847435934461746074927120436757452470095790255
926368966621798523173828527325665066772113177503-1338222599102815322204523610829624561969283441716,28452.67575464305,UDP <=,SSH <=,926368966621798523173828527325665066772113177503,1338222599102815322204523610829624561969283441716
926368966621798523173828527325665066772113177503-1345309773886921328764805451107636357621530213384,20183.709677419356,UDP <=,Class -1,926368966621798523173828527325665066772113177503,1345309773886921328764805451107636357621530213384
926368966621798523173828527325665066772113177503-1375509225989204300559045429796274689340158771149,5050.057462800398,UDP <=,rst_count <=,926368966621798523173828527325665066772113177503,1375509225989204300559045429796274689340158771149
926368966621798523173828527325665066772113177503-1379366653555122327876205020011632492492609315477,4844.109221398779,UDP <=,Type <=,926368966621798523173828527325665066772113177503,1379366653555122327876205020011632492492609315477
926368966621798523173828527325665066772113177503-1429650867505148313720594668477948880050562903683,2681.3024068629256,UDP <=,syn_flag_number >,926368966621798523173828527325665066772113177503,1429650867505148313720594668477948880050562903683
926368966621798523173828527325665066772113177503-1454952188391427871478129207189215566009723810659,859.6029675525845,UDP <=,Std >,926368966621798523173828527325665066772113177503,1454952188391427871478129207189215566009723810659
926368966621798523173828527325665066772113177503-1455733501014453866297060548284701359849809242142,7220.4563887588565,UDP <=,DHCP <=,926368966621798523173828527325665066772113177503,1455733501014453866297060548284701359849809242142
926368966621798523173828527325665066772113177503-153155765823982001952501641876618811106762500815,6673.547400893106,UDP <=,ack_flag_number >,926368966621798523173828527325665066772113177503,153155765823982001952501641876618811106762500815
926368966621798523173828527325665066772113177503-160227321490815016489601533331665083666172936667,386.8718408609164,UDP <=,IGMP <=,926368966621798523173828527325665066772113177503,160227321490815016489601533331665083666172936667
926368966621798523173828527325665066772113177503-161772624339136553719839337862344762258727720981,4798.686889539929,UDP <=,ack_flag_number <=,926368966621798523173828527325665066772113177503,161772624339136553719839337862344762258727720981
926368966621798523173828527325665066772113177503-171982518954274878349485416184092168691833932185,33149.76520463069,UDP <=,Class 1,926368966621798523173828527325665066772113177503,171982518954274878349485416184092168691833932185
926368966621798523173828527325665066772113177503-207766774224049171901964708681563529125144087827,3541.182339853674,UDP <=,HTTP >,926368966621798523173828527325665066772113177503,207766774224049171901964708681563529125144087827
926368966621798523173828527325665066772113177503-215123608059624622405742600984392925785664489773,9131.14319414274,UDP <=,Variance <=,926368966621798523173828527325665066772113177503,215123608059624622405742600984392925785664489773
926368966621798523173828527325665066772113177503-218607780770691257170847497927336330511308420255,4116.341802412123,UDP <=,ack_count >,926368966621798523173828527325665066772113177503,218607780770691257170847497927336330511308420255
926368966621798523173828527325665066772113177503-335418722972519651500040442315750311827115323662,3697.3419707242156,UDP <=,Rate >,926368966621798523173828527325665066772113177503,335418722972519651500040442315750311827115323662
926368966621798523173828527325665066772113177503-337274849629170698169636561573185333120886675912,111.03055653445402,UDP <=,ece_flag_number >,926368966621798523173828527325665066772113177503,337274849629170698169636561573185333120886675912
926368966621798523173828527325665066772113177503-338730224709676774412755851787278702947952010784,6363.9652093644645,UDP <=,sum <=,926368966621798523173828527325665066772113177503,338730224709676774412755851787278702947952010784
926368966621798523173828527325665066772113177503-371266811264664269299964157380215767396824640058,818.7098352119418,UDP <=,ICMP >,926368966621798523173828527325665066772113177503,371266811264664269299964157380215767396824640058
926368966621798523173828527325665066772113177503-378316838538499851440768051160724422589084218125,2911.0533838620263,UDP <=,IAT <=,926368966621798523173828527325665066772113177503,378316838538499851440768051160724422589084218125
926368966621798523173828527325665066772113177503-40351198695966294513339726256484683518911283460,3103.0556008478725,UDP <=,fin_flag_number <=,926368966621798523173828527325665066772113177503,40351198695966294513339726256484683518911283460
926368966621798523173828527325665066772113177503-426624906449189252299067265451872698344494536313,14738.650623543706,UDP <=,Number >,926368966621798523173828527325665066772113177503,426624906449189252299067265451872698344494536313
926368966621798523173828527325665066772113177503-450410814915736770904937984733342042835793211647,3018.206424262188,UDP <=,ece_flag_number <=,926368966621798523173828527325665066772113177503,450410814915736770904937984733342042835793211647
926368966621798523173828527325665066772113177503-475011065740486827108472353828139148231878458661,3162.929011745028,UDP <=,syn_flag_number <=,926368966621798523173828527325665066772113177503,475011065740486827108472353828139148231878458661
926368966621798523173828527325665066772113177503-505469541859377927785473031559292540931343582537,2478.6451665500754,UDP <=,ICMP <=,926368966621798523173828527325665066772113177503,505469541859377927785473031559292540931343582537
926368966621798523173828527325665066772113177503-520582048177068818674784514618258893555315007951,536.2865487079417,UDP <=,LLC <=,926368966621798523173828527325665066772113177503,520582048177068818674784514618258893555315007951
926368966621798523173828527325665066772113177503-629827923182617752624696690572530002196221478554,133.2529599259427,UDP <=,DHCP >,926368966621798523173828527325665066772113177503,629827923182617752624696690572530002196221478554
926368966621798523173828527325665066772113177503-681503808608794911981134712221284126975357543438,8946.537583564324,UDP <=,syn_count <=,926368966621798523173828527325665066772113177503,681503808608794911981134712221284126975357543438
926368966621798523173828527325665066772113177503-684418957212367241623111035135876005715150589706,12402.039850517824,UDP <=,HTTP <=,926368966621798523173828527325665066772113177503,684418957212367241623111035135876005715150589706
926368966621798523173828527325665066772113177503-714914936218336719861297767221934377853836589461,2373.1050425251024,UDP <=,UDP >,926368966621798523173828527325665066772113177503,714914936218336719861297767221934377853836589461
926368966621798523173828527325665066772113177503-786396322989194697344344278946426998739971577495,1451.4455247392477,UDP <=,HTTPS <=,926368966621798523173828527325665066772113177503,786396322989194697344344278946426998739971577495
926368966621798523173828527325665066772113177503-795584812918386367255521286735341258439959854242,1169.9834712265217,UDP <=,syn_count >,926368966621798523173828527325665066772113177503,795584812918386367255521286735341258439959854242
926368966621798523173828527325665066772113177503-835140271881840015202809914014108690929910415575,9422.299037991195,UDP <=,IAT >,926368966621798523173828527325665066772113177503,835140271881840015202809914014108690929910415575
926368966621798523173828527325665066772113177503-841356973986788424033641854148712928121319667477,277.78004239360837,UDP <=,Variance >,926368966621798523173828527325665066772113177503,841356973986788424033641854148712928121319667477
926368966621798523173828527325665066772113177503-841518471221275042570144506781210008737201997031,15832.712980544175,UDP <=,Min <=,926368966621798523173828527325665066772113177503,841518471221275042570144506781210008737201997031
926368966621798523173828527325665066772113177503-843826879422383561066103188424018239931401286651,9421.109715815552,UDP <=,ack_count <=,926368966621798523173828527325665066772113177503,843826879422383561066103188424018239931401286651
926368966621798523173828527325665066772113177503-896530251803066355404557928035950607124936193677,25144.38876411586,UDP <=,psh_flag_number <=,926368966621798523173828527325665066772113177503,896530251803066355404557928035950607124936193677
926368966621798523173828527325665066772113177503-922599836131670820904126277297069322180441856169,11254.360243105779,UDP <=,Rate <=,926368966621798523173828527325665066772113177503,922599836131670820904126277297069322180441856169
926368966621798523173828527325665066772113177503-926368966621798523173828527325665066772113177503,6776.431915128627,UDP <=,UDP <=,926368966621798523173828527325665066772113177503,926368966621798523173828527325665066772113177503
926368966621798523173828527325665066772113177503-940331364486966071141541838460909450599289486914,3165.177319419534,UDP <=,rst_count >,926368966621798523173828527325665066772113177503,940331364486966071141541838460909450599289486914
926368966621798523173828527325665066772113177503-974265510705878984211701297112044370513255377925,1541.4267079732595,UDP <=,Std <=,926368966621798523173828527325665066772113177503,974265510705878984211701297112044370513255377925
940331364486966071141541838460909450599289486914-1043469376771332113858820724324827897913309990452,10952.907801791473,rst_count >,LLC >,940331364486966071141541838460909450599289486914,1043469376771332113858820724324827897913309990452
940331364486966071141541838460909450599289486914-1077028023530208599426324724984012030801332581683,10.101092450676667,rst_count >,Time_To_Live >,940331364486966071141541838460909450599289486914,1077028023530208599426324724984012030801332581683
940331364486966071141541838460909450599289486914-1085488307210616684491611463585545838953333018237,813.4963681406248,rst_count >,Type >,940331364486966071141541838460909450599289486914,1085488307210616684491611463585545838953333018237
940331364486966071141541838460909450599289486914-1091995366823138898995898948102109473193356840202,131.23274143580736,rst_count >,DNS <=,940331364486966071141541838460909450599289486914,1091995366823138898995898948102109473193356840202
940331364486966071141541838460909450599289486914-109928824856976412487775174607761519739702474552,5.0505462253383335,rst_count >,Number <=,940331364486966071141541838460909450599289486914,109928824856976412487775174607761519739702474552
940331364486966071141541838460909450599289486914-1118614325010621431186771152252517336813918651911,4336.936627867223,rst_count >,sum >,940331364486966071141541838460909450599289486914,1118614325010621431186771152252517336813918651911
940331364486966071141541838460909450599289486914-1232849963170894971818913290506039176322619533319,226.10155004917868,rst_count >,psh_flag_number >,940331364486966071141541838460909450599289486914,1232849963170894971818913290506039176322619533319
940331364486966071141541838460909450599289486914-1233133706649643691022119102239698495899057226060,125.25354638839067,rst_count >,Time_To_Live <=,940331364486966071141541838460909450599289486914,1233133706649643691022119102239698495899057226060
940331364486966071141541838460909450599289486914-1236189254858718471128603624930063881324958313531,5.0505462253383335,rst_count >,HTTPS >,940331364486966071141541838460909450599289486914,1236189254858718471128603624930063881324958313531
940331364486966071141541838460909450599289486914-1338222599102815322204523610829624561969283441716,69.69753790966901,rst_count >,SSH <=,940331364486966071141541838460909450599289486914,1338222599102815322204523610829624561969283441716
940331364486966071141541838460909450599289486914-1345309773886921328764805451107636357621530213384,26378.709677419356,rst_count >,Class -1,940331364486966071141541838460909450599289486914,1345309773886921328764805451107636357621530213384
940331364486966071141541838460909450599289486914-1375509225989204300559045429796274689340158771149,4.040436980270667,rst_count >,rst_count <=,940331364486966071141541838460909450599289486914,1375509225989204300559045429796274689340158771149
940331364486966071141541838460909450599289486914-1454952188391427871478129207189215566009723810659,1.0101092450676668,rst_count >,Std >,940331364486966071141541838460909450599289486914,1454952188391427871478129207189215566009723810659
940331364486966071141541838460909450599289486914-1455733501014453866297060548284701359849809242142,133.2529599259427,rst_count >,DHCP <=,940331364486966071141541838460909450599289486914,1455733501014453866297060548284701359849809242142
940331364486966071141541838460909450599289486914-153155765823982001952501641876618811106762500815,13.131420185879668,rst_count >,ack_flag_number >,940331364486966071141541838460909450599289486914,153155765823982001952501641876618811106762500815
940331364486966071141541838460909450599289486914-160227321490815016489601533331665083666172936667,3.0303277352030005,rst_count >,IGMP <=,940331364486966071141541838460909450599289486914,160227321490815016489601533331665083666172936667
940331364486966071141541838460909450599289486914-161772624339136553719839337862344762258727720981,710.5466855667121,rst_count >,ack_flag_number <=,940331364486966071141541838460909450599289486914,161772624339136553719839337862344762258727720981
940331364486966071141541838460909450599289486914-171982518954274878349485416184092168691833932185,893.946681884885,rst_count >,Class 1,940331364486966071141541838460909450599289486914,171982518954274878349485416184092168691833932185
940331364486966071141541838460909450599289486914-215123608059624622405742600984392925785664489773,514.7484128695634,rst_count >,Variance <=,940331364486966071141541838460909450599289486914,215123608059624622405742600984392925785664489773
940331364486966071141541838460909450599289486914-218607780770691257170847497927336330511308420255,7.0707647154736675,rst_count >,ack_count >,940331364486966071141541838460909450599289486914,218607780770691257170847497927336330511308420255
940331364486966071141541838460909450599289486914-335418722972519651500040442315750311827115323662,7745.305894079096,rst_count >,Rate >,940331364486966071141541838460909450599289486914,335418722972519651500040442315750311827115323662
940331364486966071141541838460909450599289486914-338730224709676774412755851787278702947952010784,2121.6204246724487,rst_count >,sum <=,940331364486966071141541838460909450599289486914,338730224709676774412755851787278702947952010784
940331364486966071141541838460909450599289486914-378316838538499851440768051160724422589084218125,333.09166960336205,rst_count >,IAT <=,940331364486966071141541838460909450599289486914,378316838538499851440768051160724422589084218125
940331364486966071141541838460909450599289486914-40351198695966294513339726256484683518911283460,4.040436980270667,rst_count >,fin_flag_number <=,940331364486966071141541838460909450599289486914,40351198695966294513339726256484683518911283460
940331364486966071141541838460909450599289486914-450410814915736770904937984733342042835793211647,8.080873960541334,rst_count >,ece_flag_number <=,940331364486966071141541838460909450599289486914,450410814915736770904937984733342042835793211647
940331364486966071141541838460909450599289486914-475011065740486827108472353828139148231878458661,2322.3877831719465,rst_count >,syn_flag_number <=,940331364486966071141541838460909450599289486914,475011065740486827108472353828139148231878458661
940331364486966071141541838460909450599289486914-505469541859377927785473031559292540931343582537,213.9802391083667,rst_count >,ICMP <=,940331364486966071141541838460909450599289486914,505469541859377927785473031559292540931343582537
940331364486966071141541838460909450599289486914-520582048177068818674784514618258893555315007951,414.82905803085373,rst_count >,LLC <=,940331364486966071141541838460909450599289486914,520582048177068818674784514618258893555315007951
940331364486966071141541838460909450599289486914-681503808608794911981134712221284126975357543438,2697.9040410681505,rst_count >,syn_count <=,940331364486966071141541838460909450599289486914,681503808608794911981134712221284126975357543438
940331364486966071141541838460909450599289486914-684418957212367241623111035135876005715150589706,28.28305886189467,rst_count >,HTTP <=,940331364486966071141541838460909450599289486914,684418957212367241623111035135876005715150589706
940331364486966071141541838460909450599289486914-714914936218336719861297767221934377853836589461,26.262840371759335,rst_count >,UDP >,940331364486966071141541838460909450599289486914,714914936218336719861297767221934377853836589461
940331364486966071141541838460909450599289486914-795584812918386367255521286735341258439959854242,702.4658116061707,rst_count >,syn_count >,940331364486966071141541838460909450599289486914,795584812918386367255521286735341258439959854242
940331364486966071141541838460909450599289486914-835140271881840015202809914014108690929910415575,1.0101092450676668,rst_count >,IAT >,940331364486966071141541838460909450599289486914,835140271881840015202809914014108690929910415575
940331364486966071141541838460909450599289486914-841518471221275042570144506781210008737201997031,1361.5783860974211,rst_count >,Min <=,940331364486966071141541838460909450599289486914,841518471221275042570144506781210008737201997031
940331364486966071141541838460909450599289486914-843826879422383561066103188424018239931401286651,831.6783345518428,rst_count >,ack_count <=,940331364486966071141541838460909450599289486914,843826879422383561066103188424018239931401286651
940331364486966071141541838460909450599289486914-896530251803066355404557928035950607124936193677,1.0101092450676668,rst_count >,psh_flag_number <=,940331364486966071141541838460909450599289486914,896530251803066355404557928035950607124936193677
940331364486966071141541838460909450599289486914-922599836131670820904126277297069322180441856169,3528.653726797915,rst_count >,Rate <=,940331364486966071141541838460909450599289486914,922599836131670820904126277297069322180441856169
940331364486966071141541838460909450599289486914-926368966621798523173828527325665066772113177503,912.4870741572561,rst_count >,UDP <=,940331364486966071141541838460909450599289486914,926368966621798523173828527325665066772113177503
940331364486966071141541838460909450599289486914-974265510705878984211701297112044370513255377925,501.61699268368375,rst_count >,Std <=,940331364486966071141541838460909450599289486914,974265510705878984211701297112044370513255377925
974265510705878984211701297112044370513255377925-1043469376771332113858820724324827897913309990452,7131.289809754738,Std <=,LLC >,974265510705878984211701297112044370513255377925,1043469376771332113858820724324827897913309990452
974265510705878984211701297112044370513255377925-1043754360836331848364792327262011021650379248223,931.8420706595205,Std <=,DNS >,974265510705878984211701297112044370513255377925,1043754360836331848364792327262011021650379248223
974265510705878984211701297112044370513255377925-1077028023530208599426324724984012030801332581683,5469.25279950348,Std <=,Time_To_Live >,974265510705878984211701297112044370513255377925,1077028023530208599426324724984012030801332581683
974265510705878984211701297112044370513255377925-1085488307210616684491611463585545838953333018237,7661.352782146295,Std <=,Type >,974265510705878984211701297112044370513255377925,1085488307210616684491611463585545838953333018237
974265510705878984211701297112044370513255377925-1091995366823138898995898948102109473193356840202,17642.48661392888,Std <=,DNS <=,974265510705878984211701297112044370513255377925,1091995366823138898995898948102109473193356840202
974265510705878984211701297112044370513255377925-109928824856976412487775174607761519739702474552,3477.561749499009,Std <=,Number <=,974265510705878984211701297112044370513255377925,109928824856976412487775174607761519739702474552
974265510705878984211701297112044370513255377925-1118614325010621431186771152252517336813918651911,8972.670087259301,Std <=,sum >,974265510705878984211701297112044370513255377925,1118614325010621431186771152252517336813918651911
974265510705878984211701297112044370513255377925-1184472685782376059334758133512718430805424685192,94.95026903636068,Std <=,SSH >,974265510705878984211701297112044370513255377925,1184472685782376059334758133512718430805424685192
974265510705878984211701297112044370513255377925-1232849963170894971818913290506039176322619533319,1716.0126865239872,Std <=,psh_flag_number >,974265510705878984211701297112044370513255377925,1232849963170894971818913290506039176322619533319
974265510705878984211701297112044370513255377925-1233133706649643691022119102239698495899057226060,15357.782422431794,Std <=,Time_To_Live <=,974265510705878984211701297112044370513255377925,1233133706649643691022119102239698495899057226060
974265510705878984211701297112044370513255377925-1236189254858718471128603624930063881324958313531,2886.8922224033918,Std <=,HTTPS >,974265510705878984211701297112044370513255377925,1236189254858718471128603624930063881324958313531
974265510705878984211701297112044370513255377925-1239329028096551917906154637654656383307088642249,1677.7914560573945,Std <=,cwr_flag_number <=,974265510705878984211701297112044370513255377925,1239329028096551917906154637654656383307088642249
974265510705878984211701297112044370513255377925-1251276136943778783713685275011300537715092657394,7286.5696680569945,Std <=,fin_flag_number >,974265510705878984211701297112044370513255377925,1251276136943778783713685275011300537715092657394
974265510705878984211701297112044370513255377925-1329847435934461746074927120436757452470095790255,1007.0789173324638,Std <=,Min >,974265510705878984211701297112044370513255377925,1329847435934461746074927120436757452470095790255
974265510705878984211701297112044370513255377925-1338222599102815322204523610829624561969283441716,2722.244415457362,Std <=,SSH <=,974265510705878984211701297112044370513255377925,1338222599102815322204523610829624561969283441716
974265510705878984211701297112044370513255377925-1345309773886921328764805451107636357621530213384,24280.40322580645,Std <=,Class -1,974265510705878984211701297112044370513255377925,1345309773886921328764805451107636357621530213384
974265510705878984211701297112044370513255377925-1375509225989204300559045429796274689340158771149,2276.786238382521,Std <=,rst_count <=,974265510705878984211701297112044370513255377925,1375509225989204300559045429796274689340158771149
974265510705878984211701297112044370513255377925-1379366653555122327876205020011632492492609315477,13507.425206313808,Std <=,Type <=,974265510705878984211701297112044370513255377925,1379366653555122327876205020011632492492609315477
974265510705878984211701297112044370513255377925-1429650867505148313720594668477948880050562903683,605.8211657716321,Std <=,syn_flag_number >,974265510705878984211701297112044370513255377925,1429650867505148313720594668477948880050562903683
974265510705878984211701297112044370513255377925-1454952188391427871478129207189215566009723810659,389.90216859611934,Std <=,Std >,974265510705878984211701297112044370513255377925,1454952188391427871478129207189215566009723810659
974265510705878984211701297112044370513255377925-1455733501014453866297060548284701359849809242142,18282.716662371204,Std <=,DHCP <=,974265510705878984211701297112044370513255377925,1455733501014453866297060548284701359849809242142
974265510705878984211701297112044370513255377925-153155765823982001952501641876618811106762500815,17963.619893437408,Std <=,ack_flag_number >,974265510705878984211701297112044370513255377925,153155765823982001952501641876618811106762500815
974265510705878984211701297112044370513255377925-160227321490815016489601533331665083666172936667,4.040436980270667,Std <=,IGMP <=,974265510705878984211701297112044370513255377925,160227321490815016489601533331665083666172936667
974265510705878984211701297112044370513255377925-161772624339136553719839337862344762258727720981,33257.52105216097,Std <=,ack_flag_number <=,974265510705878984211701297112044370513255377925,161772624339136553719839337862344762258727720981
974265510705878984211701297112044370513255377925-171982518954274878349485416184092168691833932185,70385.42230556009,Std <=,Class 1,974265510705878984211701297112044370513255377925,171982518954274878349485416184092168691833932185
974265510705878984211701297112044370513255377925-207766774224049171901964708681563529125144087827,322.2248491765857,Std <=,HTTP >,974265510705878984211701297112044370513255377925,207766774224049171901964708681563529125144087827
974265510705878984211701297112044370513255377925-215123608059624622405742600984392925785664489773,20592.005609526466,Std <=,Variance <=,974265510705878984211701297112044370513255377925,215123608059624622405742600984392925785664489773
974265510705878984211701297112044370513255377925-218607780770691257170847497927336330511308420255,10593.9443018467,Std <=,ack_count >,974265510705878984211701297112044370513255377925,218607780770691257170847497927336330511308420255
974265510705878984211701297112044370513255377925-335418722972519651500040442315750311827115323662,8079.896435465462,Std <=,Rate >,974265510705878984211701297112044370513255377925,335418722972519651500040442315750311827115323662
974265510705878984211701297112044370513255377925-337274849629170698169636561573185333120886675912,106.99011955418335,Std <=,ece_flag_number >,974265510705878984211701297112044370513255377925,337274849629170698169636561573185333120886675912
974265510705878984211701297112044370513255377925-338730224709676774412755851787278702947952010784,12611.637518869364,Std <=,sum <=,974265510705878984211701297112044370513255377925,338730224709676774412755851787278702947952010784
974265510705878984211701297112044370513255377925-371266811264664269299964157380215767396824640058,243.43632806130768,Std <=,ICMP >,974265510705878984211701297112044370513255377925,371266811264664269299964157380215767396824640058
974265510705878984211701297112044370513255377925-378316838538499851440768051160724422589084218125,9727.873376708763,Std <=,IAT <=,974265510705878984211701297112044370513255377925,378316838538499851440768051160724422589084218125
974265510705878984211701297112044370513255377925-40351198695966294513339726256484683518911283460,35674.58213893112,Std <=,fin_flag_number <=,974265510705878984211701297112044370513255377925,40351198695966294513339726256484683518911283460
974265510705878984211701297112044370513255377925-426624906449189252299067265451872698344494536313,4097.703657632164,Std <=,Number >,974265510705878984211701297112044370513255377925,426624906449189252299067265451872698344494536313
974265510705878984211701297112044370513255377925-450410814915736770904937984733342042835793211647,5259.671423236537,Std <=,ece_flag_number <=,974265510705878984211701297112044370513255377925,450410814915736770904937984733342042835793211647
974265510705878984211701297112044370513255377925-475011065740486827108472353828139148231878458661,19826.424262188164,Std <=,syn_flag_number <=,974265510705878984211701297112044370513255377925,475011065740486827108472353828139148231878458661
974265510705878984211701297112044370513255377925-505469541859377927785473031559292540931343582537,16102.34698063885,Std <=,ICMP <=,974265510705878984211701297112044370513255377925,505469541859377927785473031559292540931343582537
974265510705878984211701297112044370513255377925-520582048177068818674784514618258893555315007951,423.23577368335236,Std <=,LLC <=,974265510705878984211701297112044370513255377925,520582048177068818674784514618258893555315007951
974265510705878984211701297112044370513255377925-579184915384053252333364217236378176158944003116,1.0101092450676668,Std <=,cwr_flag_number >,974265510705878984211701297112044370513255377925,579184915384053252333364217236378176158944003116
974265510705878984211701297112044370513255377925-629827923182617752624696690572530002196221478554,750.1038669703297,Std <=,DHCP >,974265510705878984211701297112044370513255377925,629827923182617752624696690572530002196221478554
974265510705878984211701297112044370513255377925-681503808608794911981134712221284126975357543438,22950.578112590272,Std <=,syn_count <=,974265510705878984211701297112044370513255377925,681503808608794911981134712221284126975357543438
974265510705878984211701297112044370513255377925-684418957212367241623111035135876005715150589706,11077.851798572503,Std <=,HTTP <=,974265510705878984211701297112044370513255377925,684418957212367241623111035135876005715150589706
974265510705878984211701297112044370513255377925-714914936218336719861297767221934377853836589461,1077.7865644872004,Std <=,UDP >,974265510705878984211701297112044370513255377925,714914936218336719861297767221934377853836589461
974265510705878984211701297112044370513255377925-786396322989194697344344278946426998739971577495,3044.5018488031433,Std <=,HTTPS <=,974265510705878984211701297112044370513255377925,786396322989194697344344278946426998739971577495
974265510705878984211701297112044370513255377925-795584812918386367255521286735341258439959854242,6140.42151659715,Std <=,syn_count >,974265510705878984211701297112044370513255377925,795584812918386367255521286735341258439959854242
974265510705878984211701297112044370513255377925-835140271881840015202809914014108690929910415575,2313.0687107819676,Std <=,IAT >,974265510705878984211701297112044370513255377925,835140271881840015202809914014108690929910415575
974265510705878984211701297112044370513255377925-841356973986788424033641854148712928121319667477,638.3075824597761,Std <=,Variance >,974265510705878984211701297112044370513255377925,841356973986788424033641854148712928121319667477
974265510705878984211701297112044370513255377925-841518471221275042570144506781210008737201997031,20581.334294114862,Std <=,Min <=,974265510705878984211701297112044370513255377925,841518471221275042570144506781210008737201997031
974265510705878984211701297112044370513255377925-843826879422383561066103188424018239931401286651,11280.883756831105,Std <=,ack_count <=,974265510705878984211701297112044370513255377925,843826879422383561066103188424018239931401286651
974265510705878984211701297112044370513255377925-896530251803066355404557928035950607124936193677,4579.949361728986,Std <=,psh_flag_number <=,974265510705878984211701297112044370513255377925,896530251803066355404557928035950607124936193677
974265510705878984211701297112044370513255377925-922599836131670820904126277297069322180441856169,18142.23001688381,Std <=,Rate <=,974265510705878984211701297112044370513255377925,922599836131670820904126277297069322180441856169
974265510705878984211701297112044370513255377925-926368966621798523173828527325665066772113177503,1810.1157671612589,Std <=,UDP <=,974265510705878984211701297112044370513255377925,926368966621798523173828527325665066772113177503
974265510705878984211701297112044370513255377925-940331364486966071141541838460909450599289486914,300.7681737611967,Std <=,rst_count >,974265510705878984211701297112044370513255377925,940331364486966071141541838460909450599289486914
974265510705878984211701297112044370513255377925-974265510705878984211701297112044370513255377925,2958.365597534228,Std <=,Std <=,974265510705878984211701297112044370513255377925,974265510705878984211701297112044370513255377925
1239329028096551917906154637654656383307088642249-1043754360836331848364792327262011021650379248223,5.0505462253383335,cwr_flag_number <=,DNS >,1239329028096551917906154637654656383307088642249,1043754360836331848364792327262011021650379248223
1239329028096551917906154637654656383307088642249-1077028023530208599426324724984012030801332581683,301.0125550301647,cwr_flag_number <=,Time_To_Live >,1239329028096551917906154637654656383307088642249,1077028023530208599426324724984012030801332581683
1239329028096551917906154637654656383307088642249-1085488307210616684491611463585545838953333018237,5.0505462253383335,cwr_flag_number <=,Type >,1239329028096551917906154637654656383307088642249,1085488307210616684491611463585545838953333018237
1239329028096551917906154637654656383307088642249-1091995366823138898995898948102109473193356840202,16.161747921082668,cwr_flag_number <=,DNS <=,1239329028096551917906154637654656383307088642249,1091995366823138898995898948102109473193356840202
1239329028096551917906154637654656383307088642249-109928824856976412487775174607761519739702474552,3039.418718408609,cwr_flag_number <=,Number <=,1239329028096551917906154637654656383307088642249,109928824856976412487775174607761519739702474552
1239329028096551917906154637654656383307088642249-1118614325010621431186771152252517336813918651911,8.080873960541334,cwr_flag_number <=,sum >,1239329028096551917906154637654656383307088642249,1118614325010621431186771152252517336813918651911
1239329028096551917906154637654656383307088642249-1233133706649643691022119102239698495899057226060,4489.593460549224,cwr_flag_number <=,Time_To_Live <=,1239329028096551917906154637654656383307088642249,1233133706649643691022119102239698495899057226060
1239329028096551917906154637654656383307088642249-1236189254858718471128603624930063881324958313531,27.272949616827002,cwr_flag_number <=,HTTPS >,1239329028096551917906154637654656383307088642249,1236189254858718471128603624930063881324958313531
1239329028096551917906154637654656383307088642249-1251276136943778783713685275011300537715092657394,59.596445458992335,cwr_flag_number <=,fin_flag_number >,1239329028096551917906154637654656383307088642249,1251276136943778783713685275011300537715092657394
1239329028096551917906154637654656383307088642249-1329847435934461746074927120436757452470095790255,894.9567911299528,cwr_flag_number <=,Min >,1239329028096551917906154637654656383307088642249,1329847435934461746074927120436757452470095790255
1239329028096551917906154637654656383307088642249-1338222599102815322204523610829624561969283441716,310.9507266348627,cwr_flag_number <=,SSH <=,1239329028096551917906154637654656383307088642249,1338222599102815322204523610829624561969283441716
1239329028096551917906154637654656383307088642249-1345309773886921328764805451107636357621530213384,999.1935483870968,cwr_flag_number <=,Class -1,1239329028096551917906154637654656383307088642249,1345309773886921328764805451107636357621530213384
1239329028096551917906154637654656383307088642249-1379366653555122327876205020011632492492609315477,261.6182944725257,cwr_flag_number <=,Type <=,1239329028096551917906154637654656383307088642249,1379366653555122327876205020011632492492609315477
1239329028096551917906154637654656383307088642249-1429650867505148313720594668477948880050562903683,414.06333005475403,cwr_flag_number <=,syn_flag_number >,1239329028096551917906154637654656383307088642249,1429650867505148313720594668477948880050562903683
1239329028096551917906154637654656383307088642249-1454952188391427871478129207189215566009723810659,3.0303277352030005,cwr_flag_number <=,Std >,1239329028096551917906154637654656383307088642249,1454952188391427871478129207189215566009723810659
1239329028096551917906154637654656383307088642249-1455733501014453866297060548284701359849809242142,874.7546062285994,cwr_flag_number <=,DHCP <=,1239329028096551917906154637654656383307088642249,1455733501014453866297060548284701359849809242142
1239329028096551917906154637654656383307088642249-153155765823982001952501641876618811106762500815,12.121310940812002,cwr_flag_number <=,ack_flag_number >,1239329028096551917906154637654656383307088642249,153155765823982001952501641876618811106762500815
1239329028096551917906154637654656383307088642249-160227321490815016489601533331665083666172936667,4063.6694929072232,cwr_flag_number <=,IGMP <=,1239329028096551917906154637654656383307088642249,160227321490815016489601533331665083666172936667
1239329028096551917906154637654656383307088642249-161772624339136553719839337862344762258727720981,2.0202184901353335,cwr_flag_number <=,ack_flag_number <=,1239329028096551917906154637654656383307088642249,161772624339136553719839337862344762258727720981
1239329028096551917906154637654656383307088642249-171982518954274878349485416184092168691833932185,3577.8069460296756,cwr_flag_number <=,Class 1,1239329028096551917906154637654656383307088642249,171982518954274878349485416184092168691833932185
1239329028096551917906154637654656383307088642249-207766774224049171901964708681563529125144087827,90.90983205609001,cwr_flag_number <=,HTTP >,1239329028096551917906154637654656383307088642249,207766774224049171901964708681563529125144087827
1239329028096551917906154637654656383307088642249-215123608059624622405742600984392925785664489773,10815.239686939507,cwr_flag_number <=,Variance <=,1239329028096551917906154637654656383307088642249,215123608059624622405742600984392925785664489773
1239329028096551917906154637654656383307088642249-218607780770691257170847497927336330511308420255,15.151638676015,cwr_flag_number <=,ack_count >,1239329028096551917906154637654656383307088642249,218607780770691257170847497927336330511308420255
1239329028096551917906154637654656383307088642249-337274849629170698169636561573185333120886675912,2.0202184901353335,cwr_flag_number <=,ece_flag_number >,1239329028096551917906154637654656383307088642249,337274849629170698169636561573185333120886675912
1239329028096551917906154637654656383307088642249-338730224709676774412755851787278702947952010784,26.262840371759335,cwr_flag_number <=,sum <=,1239329028096551917906154637654656383307088642249,338730224709676774412755851787278702947952010784
1239329028096551917906154637654656383307088642249-371266811264664269299964157380215767396824640058,99.91935483870968,cwr_flag_number <=,ICMP >,1239329028096551917906154637654656383307088642249,371266811264664269299964157380215767396824640058
1239329028096551917906154637654656383307088642249-378316838538499851440768051160724422589084218125,2328.3018098809716,cwr_flag_number <=,IAT <=,1239329028096551917906154637654656383307088642249,378316838538499851440768051160724422589084218125
1239329028096551917906154637654656383307088642249-40351198695966294513339726256484683518911283460,2260.624490461438,cwr_flag_number <=,fin_flag_number <=,1239329028096551917906154637654656383307088642249,40351198695966294513339726256484683518911283460
1239329028096551917906154637654656383307088642249-426624906449189252299067265451872698344494536313,11999.41356385077,cwr_flag_number <=,Number >,1239329028096551917906154637654656383307088642249,426624906449189252299067265451872698344494536313
1239329028096551917906154637654656383307088642249-475011065740486827108472353828139148231878458661,1438.3955649763575,cwr_flag_number <=,syn_flag_number <=,1239329028096551917906154637654656383307088642249,475011065740486827108472353828139148231878458661
1239329028096551917906154637654656383307088642249-505469541859377927785473031559292540931343582537,4892.64334141582,cwr_flag_number <=,ICMP <=,1239329028096551917906154637654656383307088642249,505469541859377927785473031559292540931343582537
1239329028096551917906154637654656383307088642249-565103970815292376991711972572924808853013487374,10.101092450676667,cwr_flag_number <=,IGMP >,1239329028096551917906154637654656383307088642249,565103970815292376991711972572924808853013487374
1239329028096551917906154637654656383307088642249-681503808608794911981134712221284126975357543438,835.1974248249818,cwr_flag_number <=,syn_count <=,1239329028096551917906154637654656383307088642249,681503808608794911981134712221284126975357543438
1239329028096551917906154637654656383307088642249-684418957212367241623111035135876005715150589706,84.849176585684,cwr_flag_number <=,HTTP <=,1239329028096551917906154637654656383307088642249,684418957212367241623111035135876005715150589706
1239329028096551917906154637654656383307088642249-786396322989194697344344278946426998739971577495,67.67731941953367,cwr_flag_number <=,HTTPS <=,1239329028096551917906154637654656383307088642249,786396322989194697344344278946426998739971577495
1239329028096551917906154637654656383307088642249-795584812918386367255521286735341258439959854242,134.34452959399968,cwr_flag_number <=,syn_count >,1239329028096551917906154637654656383307088642249,795584812918386367255521286735341258439959854242
1239329028096551917906154637654656383307088642249-835140271881840015202809914014108690929910415575,1934.83167475792,cwr_flag_number <=,IAT >,1239329028096551917906154637654656383307088642249,835140271881840015202809914014108690929910415575
1239329028096551917906154637654656383307088642249-841356973986788424033641854148712928121319667477,447.4783955649764,cwr_flag_number <=,Variance >,1239329028096551917906154637654656383307088642249,841356973986788424033641854148712928121319667477
1239329028096551917906154637654656383307088642249-841518471221275042570144506781210008737201997031,980.8160769607044,cwr_flag_number <=,Min <=,1239329028096551917906154637654656383307088642249,841518471221275042570144506781210008737201997031
1239329028096551917906154637654656383307088642249-843826879422383561066103188424018239931401286651,493.943420838089,cwr_flag_number <=,ack_count <=,1239329028096551917906154637654656383307088642249,843826879422383561066103188424018239931401286651
1239329028096551917906154637654656383307088642249-922599836131670820904126277297069322180441856169,227.27458014022503,cwr_flag_number <=,Rate <=,1239329028096551917906154637654656383307088642249,922599836131670820904126277297069322180441856169
1239329028096551917906154637654656383307088642249-974265510705878984211701297112044370513255377925,1614.1545736181315,cwr_flag_number <=,Std <=,1239329028096551917906154637654656383307088642249,974265510705878984211701297112044370513255377925
565103970815292376991711972572924808853013487374-109928824856976412487775174607761519739702474552,7.0707647154736675,IGMP >,Number <=,565103970815292376991711972572924808853013487374,109928824856976412487775174607761519739702474552
565103970815292376991711972572924808853013487374-1239329028096551917906154637654656383307088642249,3.0303277352030005,IGMP >,cwr_flag_number <=,565103970815292376991711972572924808853013487374,1239329028096551917906154637654656383307088642249
565103970815292376991711972572924808853013487374-1345309773886921328764805451107636357621530213384,99.91935483870968,IGMP >,Class -1,565103970815292376991711972572924808853013487374,1345309773886921328764805451107636357621530213384
565103970815292376991711972572924808853013487374-171982518954274878349485416184092168691833932185,152.52649600521767,IGMP >,Class 1,565103970815292376991711972572924808853013487374,171982518954274878349485416184092168691833932185
565103970815292376991711972572924808853013487374-215123608059624622405742600984392925785664489773,11.111201695744334,IGMP >,Variance <=,565103970815292376991711972572924808853013487374,215123608059624622405742600984392925785664489773
565103970815292376991711972572924808853013487374-378316838538499851440768051160724422589084218125,2.0202184901353335,IGMP >,IAT <=,565103970815292376991711972572924808853013487374,378316838538499851440768051160724422589084218125
565103970815292376991711972572924808853013487374-475011065740486827108472353828139148231878458661,1.0101092450676668,IGMP >,syn_flag_number <=,565103970815292376991711972572924808853013487374,475011065740486827108472353828139148231878458661
565103970815292376991711972572924808853013487374-835140271881840015202809914014108690929910415575,6.060655470406001,IGMP >,IAT >,565103970815292376991711972572924808853013487374,835140271881840015202809914014108690929910415575
565103970815292376991711972572924808853013487374-841356973986788424033641854148712928121319667477,1.0101092450676668,IGMP >,Variance >,565103970815292376991711972572924808853013487374,841356973986788424033641854148712928121319667477
565103970815292376991711972572924808853013487374-841518471221275042570144506781210008737201997031,1.0101092450676668,IGMP >,Min <=,565103970815292376991711972572924808853013487374,841518471221275042570144506781210008737201997031
565103970815292376991711972572924808853013487374-922599836131670820904126277297069322180441856169,1.0101092450676668,IGMP >,Rate <=,565103970815292376991711972572924808853013487374,922599836131670820904126277297069322180441856169
337274849629170698169636561573185333120886675912-1091995366823138898995898948102109473193356840202,10.101092450676667,ece_flag_number >,DNS <=,337274849629170698169636561573185333120886675912,1091995366823138898995898948102109473193356840202
337274849629170698169636561573185333120886675912-109928824856976412487775174607761519739702474552,18.181966411218003,ece_flag_number >,Number <=,337274849629170698169636561573185333120886675912,109928824856976412487775174607761519739702474552
337274849629170698169636561573185333120886675912-1239329028096551917906154637654656383307088642249,1.0101092450676668,ece_flag_number >,cwr_flag_number <=,337274849629170698169636561573185333120886675912,1239329028096551917906154637654656383307088642249
337274849629170698169636561573185333120886675912-1345309773886921328764805451107636357621530213384,299.758064516129,ece_flag_number >,Class -1,337274849629170698169636561573185333120886675912,1345309773886921328764805451107636357621530213384
337274849629170698169636561573185333120886675912-1379366653555122327876205020011632492492609315477,13.131420185879668,ece_flag_number >,Type <=,337274849629170698169636561573185333120886675912,1379366653555122327876205020011632492492609315477
337274849629170698169636561573185333120886675912-160227321490815016489601533331665083666172936667,2.0202184901353335,ece_flag_number >,IGMP <=,337274849629170698169636561573185333120886675912,160227321490815016489601533331665083666172936667
337274849629170698169636561573185333120886675912-161772624339136553719839337862344762258727720981,7.0707647154736675,ece_flag_number >,ack_flag_number <=,337274849629170698169636561573185333120886675912,161772624339136553719839337862344762258727720981
337274849629170698169636561573185333120886675912-171982518954274878349485416184092168691833932185,202.02184901353334,ece_flag_number >,Class 1,337274849629170698169636561573185333120886675912,171982518954274878349485416184092168691833932185
337274849629170698169636561573185333120886675912-215123608059624622405742600984392925785664489773,10.101092450676667,ece_flag_number >,Variance <=,337274849629170698169636561573185333120886675912,215123608059624622405742600984392925785664489773
337274849629170698169636561573185333120886675912-218607780770691257170847497927336330511308420255,110.02044728938635,ece_flag_number >,ack_count >,337274849629170698169636561573185333120886675912,218607780770691257170847497927336330511308420255
337274849629170698169636561573185333120886675912-378316838538499851440768051160724422589084218125,128.20241370060435,ece_flag_number >,IAT <=,337274849629170698169636561573185333120886675912,378316838538499851440768051160724422589084218125
337274849629170698169636561573185333120886675912-40351198695966294513339726256484683518911283460,115.07099351472468,ece_flag_number >,fin_flag_number <=,337274849629170698169636561573185333120886675912,40351198695966294513339726256484683518911283460
337274849629170698169636561573185333120886675912-579184915384053252333364217236378176158944003116,2.0202184901353335,ece_flag_number >,cwr_flag_number >,337274849629170698169636561573185333120886675912,579184915384053252333364217236378176158944003116
337274849629170698169636561573185333120886675912-681503808608794911981134712221284126975357543438,47.47513451818034,ece_flag_number >,syn_count <=,337274849629170698169636561573185333120886675912,681503808608794911981134712221284126975357543438
337274849629170698169636561573185333120886675912-795584812918386367255521286735341258439959854242,207.9195836379607,ece_flag_number >,syn_count >,337274849629170698169636561573185333120886675912,795584812918386367255521286735341258439959854242
337274849629170698169636561573185333120886675912-835140271881840015202809914014108690929910415575,15.151638676015,ece_flag_number >,IAT >,337274849629170698169636561573185333120886675912,835140271881840015202809914014108690929910415575
337274849629170698169636561573185333120886675912-841518471221275042570144506781210008737201997031,2.0202184901353335,ece_flag_number >,Min <=,337274849629170698169636561573185333120886675912,841518471221275042570144506781210008737201997031
337274849629170698169636561573185333120886675912-926368966621798523173828527325665066772113177503,8.080873960541334,ece_flag_number >,UDP <=,337274849629170698169636561573185333120886675912,926368966621798523173828527325665066772113177503
337274849629170698169636561573185333120886675912-974265510705878984211701297112044370513255377925,7.0707647154736675,ece_flag_number >,Std <=,337274849629170698169636561573185333120886675912,974265510705878984211701297112044370513255377925
579184915384053252333364217236378176158944003116-1077028023530208599426324724984012030801332581683,1.0101092450676668,cwr_flag_number >,Time_To_Live >,579184915384053252333364217236378176158944003116,1077028023530208599426324724984012030801332581683
579184915384053252333364217236378176158944003116-1233133706649643691022119102239698495899057226060,2.0202184901353335,cwr_flag_number >,Time_To_Live <=,579184915384053252333364217236378176158944003116,1233133706649643691022119102239698495899057226060
579184915384053252333364217236378176158944003116-1338222599102815322204523610829624561969283441716,2.0202184901353335,cwr_flag_number >,SSH <=,579184915384053252333364217236378176158944003116,1338222599102815322204523610829624561969283441716
579184915384053252333364217236378176158944003116-1345309773886921328764805451107636357621530213384,199.83870967741936,cwr_flag_number >,Class -1,579184915384053252333364217236378176158944003116,1345309773886921328764805451107636357621530213384
579184915384053252333364217236378176158944003116-1379366653555122327876205020011632492492609315477,5.0505462253383335,cwr_flag_number >,Type <=,579184915384053252333364217236378176158944003116,1379366653555122327876205020011632492492609315477
579184915384053252333364217236378176158944003116-1429650867505148313720594668477948880050562903683,2.0202184901353335,cwr_flag_number >,syn_flag_number >,579184915384053252333364217236378176158944003116,1429650867505148313720594668477948880050562903683
579184915384053252333364217236378176158944003116-1455733501014453866297060548284701359849809242142,1.0101092450676668,cwr_flag_number >,DHCP <=,579184915384053252333364217236378176158944003116,1455733501014453866297060548284701359849809242142
579184915384053252333364217236378176158944003116-171982518954274878349485416184092168691833932185,105.05136148703734,cwr_flag_number >,Class 1,579184915384053252333364217236378176158944003116,171982518954274878349485416184092168691833932185
579184915384053252333364217236378176158944003116-207766774224049171901964708681563529125144087827,2.0202184901353335,cwr_flag_number >,HTTP >,579184915384053252333364217236378176158944003116,207766774224049171901964708681563529125144087827
579184915384053252333364217236378176158944003116-337274849629170698169636561573185333120886675912,4.040436980270667,cwr_flag_number >,ece_flag_number >,579184915384053252333364217236378176158944003116,337274849629170698169636561573185333120886675912
579184915384053252333364217236378176158944003116-378316838538499851440768051160724422589084218125,2.0202184901353335,cwr_flag_number >,IAT <=,579184915384053252333364217236378176158944003116,378316838538499851440768051160724422589084218125
579184915384053252333364217236378176158944003116-475011065740486827108472353828139148231878458661,1.0101092450676668,cwr_flag_number >,syn_flag_number <=,579184915384053252333364217236378176158944003116,475011065740486827108472353828139148231878458661
579184915384053252333364217236378176158944003116-505469541859377927785473031559292540931343582537,10.101092450676667,cwr_flag_number >,ICMP <=,579184915384053252333364217236378176158944003116,505469541859377927785473031559292540931343582537
579184915384053252333364217236378176158944003116-681503808608794911981134712221284126975357543438,8.080873960541334,cwr_flag_number >,syn_count <=,579184915384053252333364217236378176158944003116,681503808608794911981134712221284126975357543438
579184915384053252333364217236378176158944003116-795584812918386367255521286735341258439959854242,3.0303277352030005,cwr_flag_number >,syn_count >,579184915384053252333364217236378176158944003116,795584812918386367255521286735341258439959854242
579184915384053252333364217236378176158944003116-841356973986788424033641854148712928121319667477,1.0101092450676668,cwr_flag_number >,Variance >,579184915384053252333364217236378176158944003116,841356973986788424033641854148712928121319667477
579184915384053252333364217236378176158944003116-843826879422383561066103188424018239931401286651,1.0101092450676668,cwr_flag_number >,ack_count <=,579184915384053252333364217236378176158944003116,843826879422383561066103188424018239931401286651
579184915384053252333364217236378176158944003116-974265510705878984211701297112044370513255377925,3.0303277352030005,cwr_flag_number >,Std <=,579184915384053252333364217236378176158944003116,974265510705878984211701297112044370513255377925
