Edge,Weight,Node_u_label,Node_v_label,Source_id,Target_id
1075164529392186212084223707925516428068963221936-745586487109724305384321573361999760499104808565,1094.0,ack_flag_number > 0.1,Header_Length <= 32.6,1075164529392186212084223707925516428068963221936,745586487109724305384321573361999760499104808565
1075164529392186212084223707925516428068963221936-737353391047160921689703947234990300017800519006,1151.0,ack_flag_number > 0.1,AVG > 72.55,1075164529392186212084223707925516428068963221936,737353391047160921689703947234990300017800519006
1075164529392186212084223707925516428068963221936-1238815493313229803767284947742880983558777714529,1265.0,ack_flag_number > 0.1,ack_flag_number <= 0.95,1075164529392186212084223707925516428068963221936,1238815493313229803767284947742880983558777714529
1075164529392186212084223707925516428068963221936-1361653232660995247225098458485078879598815803506,1293.0,ack_flag_number > 0.1,Max > 1513.0,1075164529392186212084223707925516428068963221936,1361653232660995247225098458485078879598815803506
1075164529392186212084223707925516428068963221936-1417394437485653248370221845596117295625354908880,1475.0,ack_flag_number > 0.1,Number > 22.0,1075164529392186212084223707925516428068963221936,1417394437485653248370221845596117295625354908880
1075164529392186212084223707925516428068963221936-450732185867019503557253938593748687470332854114,1730.0,ack_flag_number > 0.1,fin_flag_number <= 0.05,1075164529392186212084223707925516428068963221936,450732185867019503557253938593748687470332854114
1075164529392186212084223707925516428068963221936-674196853837619115087533412010134527129516958514,1779.0,ack_flag_number > 0.1,IAT > 0.0,1075164529392186212084223707925516428068963221936,674196853837619115087533412010134527129516958514
1075164529392186212084223707925516428068963221936-279278748635462491609709169030615220444371953148,1817.0,ack_flag_number > 0.1,ack_flag_number > 0.95,1075164529392186212084223707925516428068963221936,279278748635462491609709169030615220444371953148
1075164529392186212084223707925516428068963221936-368895190526474322630463350262516775731513218980,2365.0,ack_flag_number > 0.1,AVG > 206.35,1075164529392186212084223707925516428068963221936,368895190526474322630463350262516775731513218980
1075164529392186212084223707925516428068963221936-651362461792400935886262818312778517146751498200,2577.0,ack_flag_number > 0.1,AVG <= 206.35,1075164529392186212084223707925516428068963221936,651362461792400935886262818312778517146751498200
1075164529392186212084223707925516428068963221936-609793686190684687059712071953436220871075398054,3966.0,ack_flag_number > 0.1,Max <= 1513.0,1075164529392186212084223707925516428068963221936,609793686190684687059712071953436220871075398054
745586487109724305384321573361999760499104808565-53149436127449868924240680690378258004358920789,1094.0,Header_Length <= 32.6,Std <= 28.22,745586487109724305384321573361999760499104808565,53149436127449868924240680690378258004358920789
745586487109724305384321573361999760499104808565-257711990708449088883374418234561981791379092145,1730.0,Header_Length <= 32.6,Max > 2874.0,745586487109724305384321573361999760499104808565,257711990708449088883374418234561981791379092145
53149436127449868924240680690378258004358920789-1248437611222062269094667128421142588065502000586,1094.0,Std <= 28.22,rst_flag_number <= 0.15,53149436127449868924240680690378258004358920789,1248437611222062269094667128421142588065502000586
1248437611222062269094667128421142588065502000586-792331884089540777882596353507246673619962020573,1094.0,rst_flag_number <= 0.15,Tot sum > 618.0,1248437611222062269094667128421142588065502000586,792331884089540777882596353507246673619962020573
1248437611222062269094667128421142588065502000586-436321289875897528465499028965310311445215755872,1255.0,rst_flag_number <= 0.15,Tot sum > 631.0,1248437611222062269094667128421142588065502000586,436321289875897528465499028965310311445215755872
792331884089540777882596353507246673619962020573-529227758651409631228480425428457185552285181315,1094.0,Tot sum > 618.0,Tot size <= 90.95,792331884089540777882596353507246673619962020573,529227758651409631228480425428457185552285181315
529227758651409631228480425428457185552285181315-1260996581259071097527833462707170428778657907709,1094.0,Tot size <= 90.95,SSH <= 0.05,529227758651409631228480425428457185552285181315,1260996581259071097527833462707170428778657907709
1260996581259071097527833462707170428778657907709-598581671913471130647956824591506198796207170495,1094.0,SSH <= 0.05,Tot size <= 77.0,1260996581259071097527833462707170428778657907709,598581671913471130647956824591506198796207170495
1260996581259071097527833462707170428778657907709-1252639526832289973629344770868355037803053633706,1492.0,SSH <= 0.05,Tot sum > 3713.0,1260996581259071097527833462707170428778657907709,1252639526832289973629344770868355037803053633706
598581671913471130647956824591506198796207170495-525381118122291178613547005998267981831493448012,1094.0,Tot size <= 77.0,HTTPS > 0.35,598581671913471130647956824591506198796207170495,525381118122291178613547005998267981831493448012
525381118122291178613547005998267981831493448012-1035069942411780462596450318131727219922774582329,1094.0,HTTPS > 0.35,Rate <= 39547.11,525381118122291178613547005998267981831493448012,1035069942411780462596450318131727219922774582329
525381118122291178613547005998267981831493448012-460799070582671976303251392029561228530909168980,3728.0,HTTPS > 0.35,Std <= 755.98,525381118122291178613547005998267981831493448012,460799070582671976303251392029561228530909168980
1035069942411780462596450318131727219922774582329-1065678358868830613118634470078609803156730625463,1094.0,Rate <= 39547.11,Min > 59.0,1035069942411780462596450318131727219922774582329,1065678358868830613118634470078609803156730625463
1065678358868830613118634470078609803156730625463-450732185867019503557253938593748687470332854114,1094.0,Min > 59.0,fin_flag_number <= 0.05,1065678358868830613118634470078609803156730625463,450732185867019503557253938593748687470332854114
1065678358868830613118634470078609803156730625463-1211779019603258000957243660708019163554054981716,1255.0,Min > 59.0,IAT <= 0.01,1065678358868830613118634470078609803156730625463,1211779019603258000957243660708019163554054981716
1065678358868830613118634470078609803156730625463-392309697882436665536451611615504397657469986205,1257.0,Min > 59.0,Tot sum > 591.5,1065678358868830613118634470078609803156730625463,392309697882436665536451611615504397657469986205
1065678358868830613118634470078609803156730625463-133930239342433631128276537975592981919354717081,1447.0,Min > 59.0,rst_count <= 1.5,1065678358868830613118634470078609803156730625463,133930239342433631128276537975592981919354717081
1065678358868830613118634470078609803156730625463-313966293707852304271238602452879935845810138389,1542.0,Min > 59.0,Class Benign,1065678358868830613118634470078609803156730625463,313966293707852304271238602452879935845810138389
1065678358868830613118634470078609803156730625463-1417934636759409488646659014188540628782694085883,1639.0,Min > 59.0,ack_flag_number > 0.55,1065678358868830613118634470078609803156730625463,1417934636759409488646659014188540628782694085883
1065678358868830613118634470078609803156730625463-325551195483518595353909212855727284622040285051,1730.0,Min > 59.0,Tot sum <= 35794.0,1065678358868830613118634470078609803156730625463,325551195483518595353909212855727284622040285051
1065678358868830613118634470078609803156730625463-1099727549522855783864797575311522371614377295046,1789.0,Min > 59.0,HTTPS > 0.1,1065678358868830613118634470078609803156730625463,1099727549522855783864797575311522371614377295046
1065678358868830613118634470078609803156730625463-861787560656561436082810504550992117758191350423,2295.0,Min > 59.0,Tot size <= 138.05,1065678358868830613118634470078609803156730625463,861787560656561436082810504550992117758191350423
1065678358868830613118634470078609803156730625463-285848756680663301328249263588796850659393704237,2691.0,Min > 59.0,syn_flag_number <= 0.0,1065678358868830613118634470078609803156730625463,285848756680663301328249263588796850659393704237
1065678358868830613118634470078609803156730625463-1089278806871601723968592234327512044041647505481,2719.0,Min > 59.0,Min <= 61.0,1065678358868830613118634470078609803156730625463,1089278806871601723968592234327512044041647505481
1065678358868830613118634470078609803156730625463-444903398511190255204347034984188376704789605296,2949.0,Min > 59.0,syn_count <= 0.5,1065678358868830613118634470078609803156730625463,444903398511190255204347034984188376704789605296
1065678358868830613118634470078609803156730625463-1399401813432697514972361185561401703116868648764,3196.0,Min > 59.0,Number <= 22.0,1065678358868830613118634470078609803156730625463,1399401813432697514972361185561401703116868648764
1065678358868830613118634470078609803156730625463-1144197040251997211190350465913788187543239067957,6378.0,Min > 59.0,syn_count > 0.5,1065678358868830613118634470078609803156730625463,1144197040251997211190350465913788187543239067957
450732185867019503557253938593748687470332854114-1367466275793494495487688982288844671879356068319,1151.0,fin_flag_number <= 0.05,Header_Length > 11.8,450732185867019503557253938593748687470332854114,1367466275793494495487688982288844671879356068319
450732185867019503557253938593748687470332854114-984053500588784488228367892743500793516364787233,1269.0,fin_flag_number <= 0.05,Time_To_Live <= 161.55,450732185867019503557253938593748687470332854114,984053500588784488228367892743500793516364787233
450732185867019503557253938593748687470332854114-71289489250157073843808280449977051905804961170,1730.0,fin_flag_number <= 0.05,psh_flag_number <= 0.25,450732185867019503557253938593748687470332854114,71289489250157073843808280449977051905804961170
450732185867019503557253938593748687470332854114-1107962566984981584164276445501195726979424753061,3196.0,fin_flag_number <= 0.05,UDP <= 0.85,450732185867019503557253938593748687470332854114,1107962566984981584164276445501195726979424753061
450732185867019503557253938593748687470332854114-444903398511190255204347034984188376704789605296,4472.0,fin_flag_number <= 0.05,syn_count <= 0.5,450732185867019503557253938593748687470332854114,444903398511190255204347034984188376704789605296
444903398511190255204347034984188376704789605296-1211179840315814102050366698863412564375406693168,1094.0,syn_count <= 0.5,ack_count <= 10.5,444903398511190255204347034984188376704789605296,1211179840315814102050366698863412564375406693168
444903398511190255204347034984188376704789605296-1037584906676310569385606190963094293221882392926,1151.0,syn_count <= 0.5,Header_Length <= 29.4,444903398511190255204347034984188376704789605296,1037584906676310569385606190963094293221882392926
444903398511190255204347034984188376704789605296-450619439970260140363444461884469391454835761557,1203.0,syn_count <= 0.5,Variance > 92557.64,444903398511190255204347034984188376704789605296,450619439970260140363444461884469391454835761557
444903398511190255204347034984188376704789605296-400381712981511484664070085984055454620756473568,1226.0,syn_count <= 0.5,psh_flag_number <= 0.2,444903398511190255204347034984188376704789605296,400381712981511484664070085984055454620756473568
444903398511190255204347034984188376704789605296-138077334004252778430181930540733405593193044581,1789.0,syn_count <= 0.5,ack_count > 8.5,444903398511190255204347034984188376704789605296,138077334004252778430181930540733405593193044581
444903398511190255204347034984188376704789605296-985521245487824745037099104251507828209310611423,1835.0,syn_count <= 0.5,Rate <= 10256.96,444903398511190255204347034984188376704789605296,985521245487824745037099104251507828209310611423
444903398511190255204347034984188376704789605296-281377077607284898538664687494022656661413605293,2363.0,syn_count <= 0.5,Variance <= 92557.64,444903398511190255204347034984188376704789605296,281377077607284898538664687494022656661413605293
444903398511190255204347034984188376704789605296-900447062492459457955238210065352270538849298598,2896.0,syn_count <= 0.5,Variance <= 534782.66,444903398511190255204347034984188376704789605296,900447062492459457955238210065352270538849298598
444903398511190255204347034984188376704789605296-1089278806871601723968592234327512044041647505481,2949.0,syn_count <= 0.5,Min <= 61.0,444903398511190255204347034984188376704789605296,1089278806871601723968592234327512044041647505481
444903398511190255204347034984188376704789605296-1443408784530807454011493104434508352261197687017,3082.0,syn_count <= 0.5,psh_flag_number <= 0.26,444903398511190255204347034984188376704789605296,1443408784530807454011493104434508352261197687017
444903398511190255204347034984188376704789605296-834170176002351162089815128544616488077312328407,3378.0,syn_count <= 0.5,Header_Length <= 33.0,444903398511190255204347034984188376704789605296,834170176002351162089815128544616488077312328407
444903398511190255204347034984188376704789605296-398067670434286439144393088615206949933423905258,7399.0,syn_count <= 0.5,Tot sum > 26071.0,444903398511190255204347034984188376704789605296,398067670434286439144393088615206949933423905258
444903398511190255204347034984188376704789605296-382345008508603652571712327509459978290105352764,7647.0,syn_count <= 0.5,Tot sum <= 26071.0,444903398511190255204347034984188376704789605296,382345008508603652571712327509459978290105352764
444903398511190255204347034984188376704789605296-905819544296855301716224989833827187799626155007,10052.0,syn_count <= 0.5,Time_To_Live <= 147.4,444903398511190255204347034984188376704789605296,905819544296855301716224989833827187799626155007
444903398511190255204347034984188376704789605296-674196853837619115087533412010134527129516958514,10087.0,syn_count <= 0.5,IAT > 0.0,444903398511190255204347034984188376704789605296,674196853837619115087533412010134527129516958514
1211179840315814102050366698863412564375406693168-651362461792400935886262818312778517146751498200,1094.0,ack_count <= 10.5,AVG <= 206.35,1211179840315814102050366698863412564375406693168,651362461792400935886262818312778517146751498200
1211179840315814102050366698863412564375406693168-913934229985918927260874460680951411120138465741,1151.0,ack_count <= 10.5,Max <= 1493.5,1211179840315814102050366698863412564375406693168,913934229985918927260874460680951411120138465741
1211179840315814102050366698863412564375406693168-843002548960477477622483711282002215058518940907,3082.0,ack_count <= 10.5,Rate <= 3265.26,1211179840315814102050366698863412564375406693168,843002548960477477622483711282002215058518940907
651362461792400935886262818312778517146751498200-509662846021224091981558506161146441974990569614,1094.0,AVG <= 206.35,ack_count > 5.5,651362461792400935886262818312778517146751498200,509662846021224091981558506161146441974990569614
651362461792400935886262818312778517146751498200-326422692296825843811100508251790776115352659574,2577.0,AVG <= 206.35,ack_count > 10.5,651362461792400935886262818312778517146751498200,326422692296825843811100508251790776115352659574
509662846021224091981558506161146441974990569614-313966293707852304271238602452879935845810138389,1094.0,ack_count > 5.5,Class Benign,509662846021224091981558506161146441974990569614,313966293707852304271238602452879935845810138389
228369524332212249435307099043468580179851430248-369704779461116629496268409534905407408423558101,1097.0,Number <= 10.5,Tot sum <= 3520.0,228369524332212249435307099043468580179851430248,369704779461116629496268409534905407408423558101
228369524332212249435307099043468580179851430248-299942158036777560429240003267347668566940654871,1147.0,Number <= 10.5,Tot size > 350.75,228369524332212249435307099043468580179851430248,299942158036777560429240003267347668566940654871
228369524332212249435307099043468580179851430248-1045777643599004391385926847837630459689287939264,1525.0,Number <= 10.5,Header_Length > 12.4,228369524332212249435307099043468580179851430248,1045777643599004391385926847837630459689287939264
228369524332212249435307099043468580179851430248-860440226307720286688657566047220952632368634317,1698.0,Number <= 10.5,UDP <= 0.15,228369524332212249435307099043468580179851430248,860440226307720286688657566047220952632368634317
228369524332212249435307099043468580179851430248-1081120431056829239705557225884792952917305544014,1741.0,Number <= 10.5,AVG <= 3404.2,228369524332212249435307099043468580179851430248,1081120431056829239705557225884792952917305544014
228369524332212249435307099043468580179851430248-674196853837619115087533412010134527129516958514,3728.0,Number <= 10.5,IAT > 0.0,228369524332212249435307099043468580179851430248,674196853837619115087533412010134527129516958514
369704779461116629496268409534905407408423558101-387587405642621519745509255499974046560031130251,1097.0,Tot sum <= 3520.0,syn_flag_number <= 0.05,369704779461116629496268409534905407408423558101,387587405642621519745509255499974046560031130251
387587405642621519745509255499974046560031130251-1270562219278966630109242817886207307040672253255,1097.0,syn_flag_number <= 0.05,Min <= 59.0,387587405642621519745509255499974046560031130251,1270562219278966630109242817886207307040672253255
387587405642621519745509255499974046560031130251-1018220883058315390792001266131730017588394075826,1292.0,syn_flag_number <= 0.05,Max <= 1501.5,387587405642621519745509255499974046560031130251,1018220883058315390792001266131730017588394075826
387587405642621519745509255499974046560031130251-492059831088415984496740481587514332254607280136,1447.0,syn_flag_number <= 0.05,Header_Length > 11.0,387587405642621519745509255499974046560031130251,492059831088415984496740481587514332254607280136
387587405642621519745509255499974046560031130251-740043199848874537428689106371244464475456534152,1698.0,syn_flag_number <= 0.05,Std > 755.98,387587405642621519745509255499974046560031130251,740043199848874537428689106371244464475456534152
387587405642621519745509255499974046560031130251-1240109455169276991964195549603100205343920124650,3266.0,syn_flag_number <= 0.05,rst_flag_number <= 0.05,387587405642621519745509255499974046560031130251,1240109455169276991964195549603100205343920124650
1270562219278966630109242817886207307040672253255-832818805207219958385965786826879211534392508830,1244.0,Min <= 59.0,syn_count <= 4.5,1270562219278966630109242817886207307040672253255,832818805207219958385965786826879211534392508830
1270562219278966630109242817886207307040672253255-328841072803826724837110389485312510194016552872,5138.0,Min <= 59.0,Class Spoofing,1270562219278966630109242817886207307040672253255,328841072803826724837110389485312510194016552872
831459107027161355059853087709334160875522489318-674196853837619115087533412010134527129516958514,1147.0,Time_To_Live > 69.8,IAT > 0.0,831459107027161355059853087709334160875522489318,674196853837619115087533412010134527129516958514
831459107027161355059853087709334160875522489318-1331163826998701005988327749618535286588076394133,1226.0,Time_To_Live > 69.8,Header_Length > 23.8,831459107027161355059853087709334160875522489318,1331163826998701005988327749618535286588076394133
674196853837619115087533412010134527129516958514-395553839061760183450769792032050296186856610739,1147.0,IAT > 0.0,HTTP <= 0.25,674196853837619115087533412010134527129516958514,395553839061760183450769792032050296186856610739
674196853837619115087533412010134527129516958514-569527265265868573570325283223576200882124786394,1147.0,IAT > 0.0,ack_flag_number > 0.35,674196853837619115087533412010134527129516958514,569527265265868573570325283223576200882124786394
674196853837619115087533412010134527129516958514-1248437611222062269094667128421142588065502000586,1255.0,IAT > 0.0,rst_flag_number <= 0.15,674196853837619115087533412010134527129516958514,1248437611222062269094667128421142588065502000586
674196853837619115087533412010134527129516958514-939995650699590723201922265298166474358622686971,1292.0,IAT > 0.0,AVG <= 201.35,674196853837619115087533412010134527129516958514,939995650699590723201922265298166474358622686971
674196853837619115087533412010134527129516958514-765646696511445317973357682684857858999533673724,1542.0,IAT > 0.0,fin_flag_number <= 0.1,674196853837619115087533412010134527129516958514,765646696511445317973357682684857858999533673724
674196853837619115087533412010134527129516958514-1154519493277843990052013356129047846396442255412,1651.0,IAT > 0.0,SSH <= 0.15,674196853837619115087533412010134527129516958514,1154519493277843990052013356129047846396442255412
674196853837619115087533412010134527129516958514-519246868803490290752420769250736118639714922742,1779.0,IAT > 0.0,Tot size > 58.0,674196853837619115087533412010134527129516958514,519246868803490290752420769250736118639714922742
674196853837619115087533412010134527129516958514-612649706603416837611305011066426657549645347859,2149.0,IAT > 0.0,AVG > 515.7,674196853837619115087533412010134527129516958514,612649706603416837611305011066426657549645347859
674196853837619115087533412010134527129516958514-1419168125538624078599657756977532058827999042450,2975.0,IAT > 0.0,ARP > 0.0,674196853837619115087533412010134527129516958514,1419168125538624078599657756977532058827999042450
674196853837619115087533412010134527129516958514-1284953019999077639689787687065846909638350406130,3082.0,IAT > 0.0,Tot size <= 1541.55,674196853837619115087533412010134527129516958514,1284953019999077639689787687065846909638350406130
674196853837619115087533412010134527129516958514-1437081467055428746021978433282703033443826359871,3378.0,IAT > 0.0,fin_count <= 1.5,674196853837619115087533412010134527129516958514,1437081467055428746021978433282703033443826359871
674196853837619115087533412010134527129516958514-1083310673319171210273031182674634355098045505686,6492.0,IAT > 0.0,Max > 366.5,674196853837619115087533412010134527129516958514,1083310673319171210273031182674634355098045505686
674196853837619115087533412010134527129516958514-313966293707852304271238602452879935845810138389,6994.0,IAT > 0.0,Class Benign,674196853837619115087533412010134527129516958514,313966293707852304271238602452879935845810138389
674196853837619115087533412010134527129516958514-1144197040251997211190350465913788187543239067957,7188.0,IAT > 0.0,syn_count > 0.5,674196853837619115087533412010134527129516958514,1144197040251997211190350465913788187543239067957
674196853837619115087533412010134527129516958514-1097156266083003217765660851225381067026127401895,7647.0,IAT > 0.0,Tot size <= 60.3,674196853837619115087533412010134527129516958514,1097156266083003217765660851225381067026127401895
674196853837619115087533412010134527129516958514-666179399781949004947332462038171845488893058518,7938.0,IAT > 0.0,AVG <= 515.7,674196853837619115087533412010134527129516958514,666179399781949004947332462038171845488893058518
674196853837619115087533412010134527129516958514-383116836596496468262090029448909352167655453320,8188.0,IAT > 0.0,Class Reconnaissance,674196853837619115087533412010134527129516958514,383116836596496468262090029448909352167655453320
674196853837619115087533412010134527129516958514-137751422963072178856572769601519995868130997864,8672.0,IAT > 0.0,AVG > 351.81,674196853837619115087533412010134527129516958514,137751422963072178856572769601519995868130997864
674196853837619115087533412010134527129516958514-208797973962340694904605892894863341665156159963,9400.0,IAT > 0.0,ARP <= 0.0,674196853837619115087533412010134527129516958514,208797973962340694904605892894863341665156159963
674196853837619115087533412010134527129516958514-674196853837619115087533412010134527129516958514,10087.0,IAT > 0.0,IAT > 0.0,674196853837619115087533412010134527129516958514,674196853837619115087533412010134527129516958514
674196853837619115087533412010134527129516958514-847468502583258508188253642404047919662167770598,11800.0,IAT > 0.0,Header_Length > 11.88,674196853837619115087533412010134527129516958514,847468502583258508188253642404047919662167770598
674196853837619115087533412010134527129516958514-208684570419164485895332832501367733238966769160,12678.0,IAT > 0.0,Header_Length <= 11.88,674196853837619115087533412010134527129516958514,208684570419164485895332832501367733238966769160
674196853837619115087533412010134527129516958514-178770328222626990939801532630396996345334714737,14561.0,IAT > 0.0,Rate > 869.07,674196853837619115087533412010134527129516958514,178770328222626990939801532630396996345334714737
674196853837619115087533412010134527129516958514-112463115052154748847798171851360218469121395129,16181.0,IAT > 0.0,AVG <= 351.81,674196853837619115087533412010134527129516958514,112463115052154748847798171851360218469121395129
674196853837619115087533412010134527129516958514-444903398511190255204347034984188376704789605296,18612.0,IAT > 0.0,syn_count <= 0.5,674196853837619115087533412010134527129516958514,444903398511190255204347034984188376704789605296
395553839061760183450769792032050296186856610739-1437081467055428746021978433282703033443826359871,1147.0,HTTP <= 0.25,fin_count <= 1.5,395553839061760183450769792032050296186856610739,1437081467055428746021978433282703033443826359871
395553839061760183450769792032050296186856610739-612539620358672076897566158135546820227928190589,2363.0,HTTP <= 0.25,Min > 57.5,395553839061760183450769792032050296186856610739,612539620358672076897566158135546820227928190589
395553839061760183450769792032050296186856610739-444791086211730916272239923741044123035707850091,3266.0,HTTP <= 0.25,Time_To_Live <= 221.25,395553839061760183450769792032050296186856610739,444791086211730916272239923741044123035707850091
1437081467055428746021978433282703033443826359871-796663833304951335607215153502823208410961469538,1147.0,fin_count <= 1.5,syn_flag_number <= 0.15,1437081467055428746021978433282703033443826359871,796663833304951335607215153502823208410961469538
1437081467055428746021978433282703033443826359871-1065678358868830613118634470078609803156730625463,1447.0,fin_count <= 1.5,Min > 59.0,1437081467055428746021978433282703033443826359871,1065678358868830613118634470078609803156730625463
1437081467055428746021978433282703033443826359871-901820364115932856845557992498318406983176010040,1698.0,fin_count <= 1.5,Max > 2931.5,1437081467055428746021978433282703033443826359871,901820364115932856845557992498318406983176010040
1437081467055428746021978433282703033443826359871-444903398511190255204347034984188376704789605296,3082.0,fin_count <= 1.5,syn_count <= 0.5,1437081467055428746021978433282703033443826359871,444903398511190255204347034984188376704789605296
1437081467055428746021978433282703033443826359871-1011208414435707529345775831254676804108612927017,3378.0,fin_count <= 1.5,AVG <= 2074.3,1437081467055428746021978433282703033443826359871,1011208414435707529345775831254676804108612927017
796663833304951335607215153502823208410961469538-774208217208898530265820716038953292986810213011,1147.0,syn_flag_number <= 0.15,Std > 598.22,796663833304951335607215153502823208410961469538,774208217208898530265820716038953292986810213011
796663833304951335607215153502823208410961469538-851172426444758081805882780132578406878799820184,3378.0,syn_flag_number <= 0.15,AVG > 499.45,796663833304951335607215153502823208410961469538,851172426444758081805882780132578406878799820184
774208217208898530265820716038953292986810213011-1025520312540656970049943517486942098102090587070,1147.0,Std > 598.22,DNS <= 0.05,774208217208898530265820716038953292986810213011,1025520312540656970049943517486942098102090587070
1025520312540656970049943517486942098102090587070-622666970840200344191566336878595586235437997465,1147.0,DNS <= 0.05,HTTPS > 0.15,1025520312540656970049943517486942098102090587070,622666970840200344191566336878595586235437997465
1025520312540656970049943517486942098102090587070-1356918774125706948148669054462171222594891604227,1517.0,DNS <= 0.05,Variance <= 831186.41,1025520312540656970049943517486942098102090587070,1356918774125706948148669054462171222594891604227
1025520312540656970049943517486942098102090587070-1197103207803047308000839155547999628248001264277,2295.0,DNS <= 0.05,syn_count <= 1.5,1025520312540656970049943517486942098102090587070,1197103207803047308000839155547999628248001264277
622666970840200344191566336878595586235437997465-953913665845140399695198589392976727662944162410,1147.0,HTTPS > 0.15,Max > 1507.0,622666970840200344191566336878595586235437997465,953913665845140399695198589392976727662944162410
622666970840200344191566336878595586235437997465-297159962591209266883682523885187846035591003400,1226.0,HTTPS > 0.15,Min <= 154.0,622666970840200344191566336878595586235437997465,297159962591209266883682523885187846035591003400
622666970840200344191566336878595586235437997465-14677893904445507785574192933477396509830395368,1651.0,HTTPS > 0.15,Header_Length <= 32.4,622666970840200344191566336878595586235437997465,14677893904445507785574192933477396509830395368
622666970840200344191566336878595586235437997465-1342412290037990275801029368844730198597963714935,1835.0,HTTPS > 0.15,ICMP <= 0.05,622666970840200344191566336878595586235437997465,1342412290037990275801029368844730198597963714935
622666970840200344191566336878595586235437997465-341229906854321590164057706723530186765515835426,2363.0,HTTPS > 0.15,Min <= 786.0,622666970840200344191566336878595586235437997465,341229906854321590164057706723530186765515835426
953913665845140399695198589392976727662944162410-674196853837619115087533412010134527129516958514,1147.0,Max > 1507.0,IAT > 0.0,953913665845140399695198589392976727662944162410,674196853837619115087533412010134527129516958514
953913665845140399695198589392976727662944162410-854737470679532947107657314026081295833069183844,1203.0,Max > 1507.0,UDP <= 0.14,953913665845140399695198589392976727662944162410,854737470679532947107657314026081295833069183844
953913665845140399695198589392976727662944162410-722481527646075884317646237155021822185490894379,1433.0,Max > 1507.0,Min <= 1507.0,953913665845140399695198589392976727662944162410,722481527646075884317646237155021822185490894379
953913665845140399695198589392976727662944162410-422705652263043289873859759118275221583044103512,1789.0,Max > 1507.0,Header_Length > 24.66,953913665845140399695198589392976727662944162410,422705652263043289873859759118275221583044103512
569527265265868573570325283223576200882124786394-228369524332212249435307099043468580179851430248,1147.0,ack_flag_number > 0.35,Number <= 10.5,569527265265868573570325283223576200882124786394,228369524332212249435307099043468580179851430248
299942158036777560429240003267347668566940654871-1124213884117542697417192597182180274792342289779,1147.0,Tot size > 350.75,Variance <= 571308.56,299942158036777560429240003267347668566940654871,1124213884117542697417192597182180274792342289779
1124213884117542697417192597182180274792342289779-392411771682679707527492238297144199619242557498,1147.0,Variance <= 571308.56,rst_flag_number <= 0.1,1124213884117542697417192597182180274792342289779,392411771682679707527492238297144199619242557498
392411771682679707527492238297144199619242557498-823667221673605223908033781583315449730179591180,1147.0,rst_flag_number <= 0.1,Time_To_Live <= 202.1,392411771682679707527492238297144199619242557498,823667221673605223908033781583315449730179591180
392411771682679707527492238297144199619242557498-124181416782325075940557531987760243047869062506,1226.0,rst_flag_number <= 0.1,ack_count <= 15.0,392411771682679707527492238297144199619242557498,124181416782325075940557531987760243047869062506
823667221673605223908033781583315449730179591180-313966293707852304271238602452879935845810138389,1147.0,Time_To_Live <= 202.1,Class Benign,823667221673605223908033781583315449730179591180,313966293707852304271238602452879935845810138389
522296290625812105210965960736507767100196631621-1180772193218401498113880918061067704338583680853,1150.0,ack_count > 0.5,syn_flag_number > 0.1,522296290625812105210965960736507767100196631621,1180772193218401498113880918061067704338583680853
522296290625812105210965960736507767100196631621-1018458204602455991644889288734705161316767948312,1292.0,ack_count > 0.5,Std <= 346.63,522296290625812105210965960736507767100196631621,1018458204602455991644889288734705161316767948312
522296290625812105210965960736507767100196631621-578090820621180084042190616769804575845934420364,1517.0,ack_count > 0.5,HTTP <= 0.05,522296290625812105210965960736507767100196631621,578090820621180084042190616769804575845934420364
522296290625812105210965960736507767100196631621-464462760819080325052423935384869207843731932912,2896.0,ack_count > 0.5,Rate <= 214.21,522296290625812105210965960736507767100196631621,464462760819080325052423935384869207843731932912
522296290625812105210965960736507767100196631621-703354571316526670705826685636552632944029910339,3034.0,ack_count > 0.5,Class DoS/DDoS,522296290625812105210965960736507767100196631621,703354571316526670705826685636552632944029910339
522296290625812105210965960736507767100196631621-548457630762247645813412579056652155648214399551,3196.0,ack_count > 0.5,HTTPS <= 0.55,522296290625812105210965960736507767100196631621,548457630762247645813412579056652155648214399551
522296290625812105210965960736507767100196631621-319488763998053370058054861272361034649617834884,5473.0,ack_count > 0.5,syn_flag_number <= 0.1,522296290625812105210965960736507767100196631621,319488763998053370058054861272361034649617834884
522296290625812105210965960736507767100196631621-1336780167325142884822165751392515518789351968738,6341.0,ack_count > 0.5,Number > 12.0,522296290625812105210965960736507767100196631621,1336780167325142884822165751392515518789351968738
1180772193218401498113880918061067704338583680853-450888053468968058004736573118422158697206088732,1150.0,syn_flag_number > 0.1,rst_count <= 9.5,1180772193218401498113880918061067704338583680853,450888053468968058004736573118422158697206088732
450888053468968058004736573118422158697206088732-135218022300416971984138762094495387107563226576,1150.0,rst_count <= 9.5,syn_count > 9.5,450888053468968058004736573118422158697206088732,135218022300416971984138762094495387107563226576
135218022300416971984138762094495387107563226576-1052395324327561835603722649024062637786820972558,1150.0,syn_count > 9.5,Number > 21.0,135218022300416971984138762094495387107563226576,1052395324327561835603722649024062637786820972558
1052395324327561835603722649024062637786820972558-703354571316526670705826685636552632944029910339,1150.0,Number > 21.0,Class DoS/DDoS,1052395324327561835603722649024062637786820972558,703354571316526670705826685636552632944029910339
737353391047160921689703947234990300017800519006-237495190485034945823156883082714997515285584755,1151.0,AVG > 72.55,DHCP <= 0.05,737353391047160921689703947234990300017800519006,237495190485034945823156883082714997515285584755
237495190485034945823156883082714997515285584755-466266383504612808955807328124660275084734411073,1151.0,DHCP <= 0.05,psh_flag_number > 0.05,237495190485034945823156883082714997515285584755,466266383504612808955807328124660275084734411073
466266383504612808955807328124660275084734411073-18451952157075982996268275914942224630362834167,1151.0,psh_flag_number > 0.05,Rate <= 335.24,466266383504612808955807328124660275084734411073,18451952157075982996268275914942224630362834167
18451952157075982996268275914942224630362834167-1220799681354223785193438987264436551740754232467,1151.0,Rate <= 335.24,Time_To_Live <= 139.05,18451952157075982996268275914942224630362834167,1220799681354223785193438987264436551740754232467
1220799681354223785193438987264436551740754232467-1459038864937564118531243094993440061825756632364,1151.0,Time_To_Live <= 139.05,HTTPS > 0.45,1220799681354223785193438987264436551740754232467,1459038864937564118531243094993440061825756632364
1459038864937564118531243094993440061825756632364-883213370144670373722979335944220487736753131083,1151.0,HTTPS > 0.45,Max > 153.5,1459038864937564118531243094993440061825756632364,883213370144670373722979335944220487736753131083
1459038864937564118531243094993440061825756632364-761363108908658183045851163077875448346092207002,1203.0,HTTPS > 0.45,Tot sum <= 30949.0,1459038864937564118531243094993440061825756632364,761363108908658183045851163077875448346092207002
883213370144670373722979335944220487736753131083-450732185867019503557253938593748687470332854114,1151.0,Max > 153.5,fin_flag_number <= 0.05,883213370144670373722979335944220487736753131083,450732185867019503557253938593748687470332854114
1367466275793494495487688982288844671879356068319-444903398511190255204347034984188376704789605296,1151.0,Header_Length > 11.8,syn_count <= 0.5,1367466275793494495487688982288844671879356068319,444903398511190255204347034984188376704789605296
1367466275793494495487688982288844671879356068319-1065678358868830613118634470078609803156730625463,1257.0,Header_Length > 11.8,Min > 59.0,1367466275793494495487688982288844671879356068319,1065678358868830613118634470078609803156730625463
1037584906676310569385606190963094293221882392926-1211179840315814102050366698863412564375406693168,1151.0,Header_Length <= 29.4,ack_count <= 10.5,1037584906676310569385606190963094293221882392926,1211179840315814102050366698863412564375406693168
913934229985918927260874460680951411120138465741-609793686190684687059712071953436220871075398054,1151.0,Max <= 1493.5,Max <= 1513.0,913934229985918927260874460680951411120138465741,609793686190684687059712071953436220871075398054
913934229985918927260874460680951411120138465741-326422692296825843811100508251790776115352659574,2474.0,Max <= 1493.5,ack_count > 10.5,913934229985918927260874460680951411120138465741,326422692296825843811100508251790776115352659574
609793686190684687059712071953436220871075398054-776648585396230254201433345253227033476602560220,1151.0,Max <= 1513.0,Tot size > 62.95,609793686190684687059712071953436220871075398054,776648585396230254201433345253227033476602560220
609793686190684687059712071953436220871075398054-845625221445319325732150460278565301810546003116,1492.0,Max <= 1513.0,Max > 1493.5,609793686190684687059712071953436220871075398054,845625221445319325732150460278565301810546003116
609793686190684687059712071953436220871075398054-913934229985918927260874460680951411120138465741,2474.0,Max <= 1513.0,Max <= 1493.5,609793686190684687059712071953436220871075398054,913934229985918927260874460680951411120138465741
609793686190684687059712071953436220871075398054-22296661685532604903372749796856100047246562640,5270.0,Max <= 1513.0,Tot sum > 15003.0,609793686190684687059712071953436220871075398054,22296661685532604903372749796856100047246562640
776648585396230254201433345253227033476602560220-313966293707852304271238602452879935845810138389,1151.0,Tot size > 62.95,Class Benign,776648585396230254201433345253227033476602560220,313966293707852304271238602452879935845810138389
1099727549522855783864797575311522371614377295046-1271685220936427656436548112584081639555402886398,1203.0,HTTPS > 0.1,Variance <= 562976.78,1099727549522855783864797575311522371614377295046,1271685220936427656436548112584081639555402886398
1099727549522855783864797575311522371614377295046-479558918440328824313980257606716486705651346406,1265.0,HTTPS > 0.1,Variance > 198750.05,1099727549522855783864797575311522371614377295046,479558918440328824313980257606716486705651346406
1099727549522855783864797575311522371614377295046-286685310546126887007670494299097221294244185637,1542.0,HTTPS > 0.1,Std > 0.63,1099727549522855783864797575311522371614377295046,286685310546126887007670494299097221294244185637
1099727549522855783864797575311522371614377295046-1125172360728859089301234411074419920961484457594,1789.0,HTTPS > 0.1,Time_To_Live > 63.35,1099727549522855783864797575311522371614377295046,1125172360728859089301234411074419920961484457594
1099727549522855783864797575311522371614377295046-837148820430552964350024515657176049236210822581,1817.0,HTTPS > 0.1,AVG > 216.4,1099727549522855783864797575311522371614377295046,837148820430552964350024515657176049236210822581
1099727549522855783864797575311522371614377295046-232471171496965278670239735263264724812388216587,2363.0,HTTPS > 0.1,Tot size <= 92.6,1099727549522855783864797575311522371614377295046,232471171496965278670239735263264724812388216587
1271685220936427656436548112584081639555402886398-1459038864937564118531243094993440061825756632364,1203.0,Variance <= 562976.78,HTTPS > 0.45,1271685220936427656436548112584081639555402886398,1459038864937564118531243094993440061825756632364
761363108908658183045851163077875448346092207002-836578261654120794657391343844453847547234002369,1203.0,Tot sum <= 30949.0,Time_To_Live > 66.0,761363108908658183045851163077875448346092207002,836578261654120794657391343844453847547234002369
836578261654120794657391343844453847547234002369-1313313205130014714347127647863310026252814877850,1203.0,Time_To_Live > 66.0,Time_To_Live <= 232.25,836578261654120794657391343844453847547234002369,1313313205130014714347127647863310026252814877850
1313313205130014714347127647863310026252814877850-1342412290037990275801029368844730198597963714935,1203.0,Time_To_Live <= 232.25,ICMP <= 0.05,1313313205130014714347127647863310026252814877850,1342412290037990275801029368844730198597963714935
1342412290037990275801029368844730198597963714935-876121379949928295909454210951193330045979237216,1203.0,ICMP <= 0.05,Std > 448.37,1342412290037990275801029368844730198597963714935,876121379949928295909454210951193330045979237216
1342412290037990275801029368844730198597963714935-444903398511190255204347034984188376704789605296,1835.0,ICMP <= 0.05,syn_count <= 0.5,1342412290037990275801029368844730198597963714935,444903398511190255204347034984188376704789605296
1342412290037990275801029368844730198597963714935-880098917183594222002260548128829020659899940427,2363.0,ICMP <= 0.05,IAT <= 0.04,1342412290037990275801029368844730198597963714935,880098917183594222002260548128829020659899940427
1342412290037990275801029368844730198597963714935-674196853837619115087533412010134527129516958514,3082.0,ICMP <= 0.05,IAT > 0.0,1342412290037990275801029368844730198597963714935,674196853837619115087533412010134527129516958514
876121379949928295909454210951193330045979237216-953913665845140399695198589392976727662944162410,1203.0,Std > 448.37,Max > 1507.0,876121379949928295909454210951193330045979237216,953913665845140399695198589392976727662944162410
854737470679532947107657314026081295833069183844-371591821625166726613853158278384607871803201524,3566.0,UDP <= 0.14,fin_count <= 0.5,854737470679532947107657314026081295833069183844,371591821625166726613853158278384607871803201524
450619439970260140363444461884469391454835761557-313966293707852304271238602452879935845810138389,1203.0,Variance > 92557.64,Class Benign,450619439970260140363444461884469391454835761557,313966293707852304271238602452879935845810138389
228352784087401773064080368050365694341687966897-1399401813432697514972361185561401703116868648764,1210.0,Std <= 755.85,Number <= 22.0,228352784087401773064080368050365694341687966897,1399401813432697514972361185561401703116868648764
228352784087401773064080368050365694341687966897-319488763998053370058054861272361034649617834884,3196.0,Std <= 755.85,syn_flag_number <= 0.1,228352784087401773064080368050365694341687966897,319488763998053370058054861272361034649617834884
228352784087401773064080368050365694341687966897-1417394437485653248370221845596117295625354908880,4263.0,Std <= 755.85,Number > 22.0,228352784087401773064080368050365694341687966897,1417394437485653248370221845596117295625354908880
1399401813432697514972361185561401703116868648764-1270562219278966630109242817886207307040672253255,1210.0,Number <= 22.0,Min <= 59.0,1399401813432697514972361185561401703116868648764,1270562219278966630109242817886207307040672253255
1399401813432697514972361185561401703116868648764-228352784087401773064080368050365694341687966897,3196.0,Number <= 22.0,Std <= 755.85,1399401813432697514972361185561401703116868648764,228352784087401773064080368050365694341687966897
394083753513914301384721806483963457225439561087-1144197040251997211190350465913788187543239067957,1220.0,Header_Length > 20.38,syn_count > 0.5,394083753513914301384721806483963457225439561087,1144197040251997211190350465913788187543239067957
1144197040251997211190350465913788187543239067957-467241809142469580954101248130479217213781612207,1220.0,syn_count > 0.5,syn_count > 10.5,1144197040251997211190350465913788187543239067957,467241809142469580954101248130479217213781612207
1144197040251997211190350465913788187543239067957-76523785222702968606005854402947631102372927327,1283.0,syn_count > 0.5,syn_count > 1.5,1144197040251997211190350465913788187543239067957,76523785222702968606005854402947631102372927327
1144197040251997211190350465913788187543239067957-703354571316526670705826685636552632944029910339,4474.0,syn_count > 0.5,Class DoS/DDoS,1144197040251997211190350465913788187543239067957,703354571316526670705826685636552632944029910339
1144197040251997211190350465913788187543239067957-319488763998053370058054861272361034649617834884,5095.0,syn_count > 0.5,syn_flag_number <= 0.1,1144197040251997211190350465913788187543239067957,319488763998053370058054861272361034649617834884
1144197040251997211190350465913788187543239067957-875227399290715743426157651645940707655825087528,6129.0,syn_count > 0.5,Tot sum > 4822.0,1144197040251997211190350465913788187543239067957,875227399290715743426157651645940707655825087528
1144197040251997211190350465913788187543239067957-1181363647866021518916616016321270404391676421869,7188.0,syn_count > 0.5,Number > 27.5,1144197040251997211190350465913788187543239067957,1181363647866021518916616016321270404391676421869
467241809142469580954101248130479217213781612207-703354571316526670705826685636552632944029910339,1220.0,syn_count > 10.5,Class DoS/DDoS,467241809142469580954101248130479217213781612207,703354571316526670705826685636552632944029910339
1331163826998701005988327749618535286588076394133-398927191248703264102191878649203257886026496233,1226.0,Header_Length > 23.8,Variance > 623806.34,1331163826998701005988327749618535286588076394133,398927191248703264102191878649203257886026496233
398927191248703264102191878649203257886026496233-1368085777749806954510424449031662725325551931919,1226.0,Variance > 623806.34,ARP <= 0.05,398927191248703264102191878649203257886026496233,1368085777749806954510424449031662725325551931919
1368085777749806954510424449031662725325551931919-890157151933730487206560358436928763492526365967,1226.0,ARP <= 0.05,Min <= 970.5,1368085777749806954510424449031662725325551931919,890157151933730487206560358436928763492526365967
890157151933730487206560358436928763492526365967-1254652323580417465321813615400850719079092153960,1226.0,Min <= 970.5,IPv > 0.85,890157151933730487206560358436928763492526365967,1254652323580417465321813615400850719079092153960
1254652323580417465321813615400850719079092153960-622666970840200344191566336878595586235437997465,1226.0,IPv > 0.85,HTTPS > 0.15,1254652323580417465321813615400850719079092153960,622666970840200344191566336878595586235437997465
1254652323580417465321813615400850719079092153960-119344160183475244949093914849963595993797471657,3378.0,IPv > 0.85,HTTPS > 0.25,1254652323580417465321813615400850719079092153960,119344160183475244949093914849963595993797471657
297159962591209266883682523885187846035591003400-876906660692558949267778359831024521684096312962,1226.0,Min <= 154.0,Variance <= 3350968.12,297159962591209266883682523885187846035591003400,876906660692558949267778359831024521684096312962
876906660692558949267778359831024521684096312962-511591514204494996345684360765622442170002798897,1226.0,Variance <= 3350968.12,Max > 2958.0,876906660692558949267778359831024521684096312962,511591514204494996345684360765622442170002798897
511591514204494996345684360765622442170002798897-1277578065395582997390985360652132583624767470358,1226.0,Max > 2958.0,Std <= 1833.38,511591514204494996345684360765622442170002798897,1277578065395582997390985360652132583624767470358
511591514204494996345684360765622442170002798897-797610753350974897814736785778043014385684562947,1651.0,Max > 2958.0,Time_To_Live > 61.95,511591514204494996345684360765622442170002798897,797610753350974897814736785778043014385684562947
1277578065395582997390985360652132583624767470358-444903398511190255204347034984188376704789605296,1226.0,Std <= 1833.38,syn_count <= 0.5,1277578065395582997390985360652132583624767470358,444903398511190255204347034984188376704789605296
400381712981511484664070085984055454620756473568-332764691206988582057718629617666658783570619567,1226.0,psh_flag_number <= 0.2,Variance > 571308.56,400381712981511484664070085984055454620756473568,332764691206988582057718629617666658783570619567
332764691206988582057718629617666658783570619567-392411771682679707527492238297144199619242557498,1226.0,Variance > 571308.56,rst_flag_number <= 0.1,332764691206988582057718629617666658783570619567,392411771682679707527492238297144199619242557498
124181416782325075940557531987760243047869062506-313966293707852304271238602452879935845810138389,1226.0,ack_count <= 15.0,Class Benign,124181416782325075940557531987760243047869062506,313966293707852304271238602452879935845810138389
1394414938751630133600879251490207247212425569527-1270562219278966630109242817886207307040672253255,1244.0,ack_count > 1.5,Min <= 59.0,1394414938751630133600879251490207247212425569527,1270562219278966630109242817886207307040672253255
1394414938751630133600879251490207247212425569527-622666970840200344191566336878595586235437997465,1835.0,ack_count > 1.5,HTTPS > 0.15,1394414938751630133600879251490207247212425569527,622666970840200344191566336878595586235437997465
1394414938751630133600879251490207247212425569527-1421919128814804351690947703424341912816295245856,3024.0,ack_count > 1.5,Tot sum <= 35426.0,1394414938751630133600879251490207247212425569527,1421919128814804351690947703424341912816295245856
1394414938751630133600879251490207247212425569527-722324590764736192333694774638005755189324671827,3555.0,ack_count > 1.5,Tot sum > 35426.0,1394414938751630133600879251490207247212425569527,722324590764736192333694774638005755189324671827
1394414938751630133600879251490207247212425569527-503370148974855972752773457293497706085178597391,6221.0,ack_count > 1.5,Number > 13.0,1394414938751630133600879251490207247212425569527,503370148974855972752773457293497706085178597391
1394414938751630133600879251490207247212425569527-1065678358868830613118634470078609803156730625463,8044.0,ack_count > 1.5,Min > 59.0,1394414938751630133600879251490207247212425569527,1065678358868830613118634470078609803156730625463
832818805207219958385965786826879211534392508830-1045874808088107332530545743065116310327379466881,1244.0,syn_count <= 4.5,Number <= 55.0,832818805207219958385965786826879211534392508830,1045874808088107332530545743065116310327379466881
1045874808088107332530545743065116310327379466881-328841072803826724837110389485312510194016552872,1244.0,Number <= 55.0,Class Spoofing,1045874808088107332530545743065116310327379466881,328841072803826724837110389485312510194016552872
1045874808088107332530545743065116310327379466881-1245026685790655421385463149120880012921441103318,1365.0,Number <= 55.0,TCP > 0.5,1045874808088107332530545743065116310327379466881,1245026685790655421385463149120880012921441103318
1045874808088107332530545743065116310327379466881-671328880370758937403800270241477012788812950970,1789.0,Number <= 55.0,ece_flag_number <= 0.05,1045874808088107332530545743065116310327379466881,671328880370758937403800270241477012788812950970
956613943525031571374420419991157733051395288889-71289489250157073843808280449977051905804961170,1255.0,Rate <= 1355.55,psh_flag_number <= 0.25,956613943525031571374420419991157733051395288889,71289489250157073843808280449977051905804961170
71289489250157073843808280449977051905804961170-834170176002351162089815128544616488077312328407,1255.0,psh_flag_number <= 0.25,Header_Length <= 33.0,71289489250157073843808280449977051905804961170,834170176002351162089815128544616488077312328407
71289489250157073843808280449977051905804961170-674196853837619115087533412010134527129516958514,1292.0,psh_flag_number <= 0.25,IAT > 0.0,71289489250157073843808280449977051905804961170,674196853837619115087533412010134527129516958514
71289489250157073843808280449977051905804961170-1283881692392161277493995882646230642943665593038,1447.0,psh_flag_number <= 0.25,Min <= 72.0,71289489250157073843808280449977051905804961170,1283881692392161277493995882646230642943665593038
71289489250157073843808280449977051905804961170-649426050610508850936826706344673526547318907744,1698.0,psh_flag_number <= 0.25,Time_To_Live <= 216.1,71289489250157073843808280449977051905804961170,649426050610508850936826706344673526547318907744
71289489250157073843808280449977051905804961170-1240109455169276991964195549603100205343920124650,1730.0,psh_flag_number <= 0.25,rst_flag_number <= 0.05,71289489250157073843808280449977051905804961170,1240109455169276991964195549603100205343920124650
834170176002351162089815128544616488077312328407-988533864090924689998327117632004085676706683697,1255.0,Header_Length <= 33.0,Rate > 121.29,834170176002351162089815128544616488077312328407,988533864090924689998327117632004085676706683697
834170176002351162089815128544616488077312328407-371591821625166726613853158278384607871803201524,2295.0,Header_Length <= 33.0,fin_count <= 0.5,834170176002351162089815128544616488077312328407,371591821625166726613853158278384607871803201524
834170176002351162089815128544616488077312328407-796663833304951335607215153502823208410961469538,3378.0,Header_Length <= 33.0,syn_flag_number <= 0.15,834170176002351162089815128544616488077312328407,796663833304951335607215153502823208410961469538
988533864090924689998327117632004085676706683697-831747041846740180737004389888464620526491013295,1255.0,Rate > 121.29,IRC <= 0.05,988533864090924689998327117632004085676706683697,831747041846740180737004389888464620526491013295
831747041846740180737004389888464620526491013295-1197103207803047308000839155547999628248001264277,1255.0,IRC <= 0.05,syn_count <= 1.5,831747041846740180737004389888464620526491013295,1197103207803047308000839155547999628248001264277
1197103207803047308000839155547999628248001264277-674196853837619115087533412010134527129516958514,1255.0,syn_count <= 1.5,IAT > 0.0,1197103207803047308000839155547999628248001264277,674196853837619115087533412010134527129516958514
1197103207803047308000839155547999628248001264277-834170176002351162089815128544616488077312328407,2295.0,syn_count <= 1.5,Header_Length <= 33.0,1197103207803047308000839155547999628248001264277,834170176002351162089815128544616488077312328407
436321289875897528465499028965310311445215755872-371591821625166726613853158278384607871803201524,1255.0,Tot sum > 631.0,fin_count <= 0.5,436321289875897528465499028965310311445215755872,371591821625166726613853158278384607871803201524
371591821625166726613853158278384607871803201524-1323862965427776696036947695291374953401284971461,1255.0,fin_count <= 0.5,Tot size <= 204.45,371591821625166726613853158278384607871803201524,1323862965427776696036947695291374953401284971461
371591821625166726613853158278384607871803201524-1065678358868830613118634470078609803156730625463,2295.0,fin_count <= 0.5,Min > 59.0,371591821625166726613853158278384607871803201524,1065678358868830613118634470078609803156730625463
371591821625166726613853158278384607871803201524-818077061849896056661990455555440447663154144039,2691.0,fin_count <= 0.5,Protocol Type <= 11.5,371591821625166726613853158278384607871803201524,818077061849896056661990455555440447663154144039
371591821625166726613853158278384607871803201524-1240109455169276991964195549603100205343920124650,2896.0,fin_count <= 0.5,rst_flag_number <= 0.05,371591821625166726613853158278384607871803201524,1240109455169276991964195549603100205343920124650
371591821625166726613853158278384607871803201524-54740740771356227275522432144612129784905455487,3566.0,fin_count <= 0.5,ack_flag_number > 0.39,371591821625166726613853158278384607871803201524,54740740771356227275522432144612129784905455487
371591821625166726613853158278384607871803201524-703354571316526670705826685636552632944029910339,13606.0,fin_count <= 0.5,Class DoS/DDoS,371591821625166726613853158278384607871803201524,703354571316526670705826685636552632944029910339
1323862965427776696036947695291374953401284971461-1065678358868830613118634470078609803156730625463,1255.0,Tot size <= 204.45,Min > 59.0,1323862965427776696036947695291374953401284971461,1065678358868830613118634470078609803156730625463
1211779019603258000957243660708019163554054981716-1202400470003894971655325614399469881292256509272,1255.0,IAT <= 0.01,HTTPS > 0.4,1211779019603258000957243660708019163554054981716,1202400470003894971655325614399469881292256509272
1211779019603258000957243660708019163554054981716-106677032266674133856302899606386379125545998459,1542.0,IAT <= 0.01,psh_flag_number <= 0.33,1211779019603258000957243660708019163554054981716,106677032266674133856302899606386379125545998459
1211779019603258000957243660708019163554054981716-905408325027538164089697993925715892446347564046,1698.0,IAT <= 0.01,Rate <= 15745.77,1211779019603258000957243660708019163554054981716,905408325027538164089697993925715892446347564046
1211779019603258000957243660708019163554054981716-525033459985603071059454004586368716056114286579,3676.0,IAT <= 0.01,Min > 57.0,1211779019603258000957243660708019163554054981716,525033459985603071059454004586368716056114286579
1211779019603258000957243660708019163554054981716-578090820621180084042190616769804575845934420364,5426.0,IAT <= 0.01,HTTP <= 0.05,1211779019603258000957243660708019163554054981716,578090820621180084042190616769804575845934420364
1211779019603258000957243660708019163554054981716-1404068155286408143823987806082408094255316813901,10052.0,IAT <= 0.01,HTTPS <= 0.11,1211779019603258000957243660708019163554054981716,1404068155286408143823987806082408094255316813901
1202400470003894971655325614399469881292256509272-324257255996341444250924282238468811742361554261,1255.0,HTTPS > 0.4,Std <= 573.92,1202400470003894971655325614399469881292256509272,324257255996341444250924282238468811742361554261
324257255996341444250924282238468811742361554261-34074896765766719437366549824949234562672804536,1255.0,Std <= 573.92,Max <= 301.5,324257255996341444250924282238468811742361554261,34074896765766719437366549824949234562672804536
34074896765766719437366549824949234562672804536-313966293707852304271238602452879935845810138389,1255.0,Max <= 301.5,Class Benign,34074896765766719437366549824949234562672804536,313966293707852304271238602452879935845810138389
1018553467616496908475176424391053228891111154905-578090820621180084042190616769804575845934420364,1257.0,TCP > 0.1,HTTP <= 0.05,1018553467616496908475176424391053228891111154905,578090820621180084042190616769804575845934420364
1018553467616496908475176424391053228891111154905-138077334004252778430181930540733405593193044581,1292.0,TCP > 0.1,ack_count > 8.5,1018553467616496908475176424391053228891111154905,138077334004252778430181930540733405593193044581
1018553467616496908475176424391053228891111154905-1125172360728859089301234411074419920961484457594,1517.0,TCP > 0.1,Time_To_Live > 63.35,1018553467616496908475176424391053228891111154905,1125172360728859089301234411074419920961484457594
1018553467616496908475176424391053228891111154905-852550629365964024920766762540278066576525600948,1639.0,TCP > 0.1,Tot size <= 198.05,1018553467616496908475176424391053228891111154905,852550629365964024920766762540278066576525600948
1018553467616496908475176424391053228891111154905-506523410093399856950676228462350948269604701352,3196.0,TCP > 0.1,Rate <= 240.87,1018553467616496908475176424391053228891111154905,506523410093399856950676228462350948269604701352
1018553467616496908475176424391053228891111154905-522296290625812105210965960736507767100196631621,12964.0,TCP > 0.1,ack_count > 0.5,1018553467616496908475176424391053228891111154905,522296290625812105210965960736507767100196631621
1018553467616496908475176424391053228891111154905-1324371470327791779098880434634111243200462776602,16425.0,TCP > 0.1,ack_count <= 0.5,1018553467616496908475176424391053228891111154905,1324371470327791779098880434634111243200462776602
578090820621180084042190616769804575845934420364-1367466275793494495487688982288844671879356068319,1257.0,HTTP <= 0.05,Header_Length > 11.8,578090820621180084042190616769804575845934420364,1367466275793494495487688982288844671879356068319
578090820621180084042190616769804575845934420364-631465366138246779477533698662401654966400487210,1326.0,HTTP <= 0.05,Header_Length > 21.4,578090820621180084042190616769804575845934420364,631465366138246779477533698662401654966400487210
578090820621180084042190616769804575845934420364-160617870897841111451605648390929784691552556427,1365.0,HTTP <= 0.05,Variance > 680547.12,578090820621180084042190616769804575845934420364,160617870897841111451605648390929784691552556427
578090820621180084042190616769804575845934420364-760255495060850404408588223994525456047654918389,1447.0,HTTP <= 0.05,Tot size > 62.65,578090820621180084042190616769804575845934420364,760255495060850404408588223994525456047654918389
578090820621180084042190616769804575845934420364-313966293707852304271238602452879935845810138389,3352.0,HTTP <= 0.05,Class Benign,578090820621180084042190616769804575845934420364,313966293707852304271238602452879935845810138389
578090820621180084042190616769804575845934420364-228369524332212249435307099043468580179851430248,5426.0,HTTP <= 0.05,Number <= 10.5,578090820621180084042190616769804575845934420364,228369524332212249435307099043468580179851430248
392309697882436665536451611615504397657469986205-1237973980580025940325858167616113640843235459595,1257.0,Tot sum > 591.5,ack_flag_number <= 0.55,392309697882436665536451611615504397657469986205,1237973980580025940325858167616113640843235459595
1237973980580025940325858167616113640843235459595-581472790269322698779126534108153174844124457892,1257.0,ack_flag_number <= 0.55,Tot size <= 546.4,1237973980580025940325858167616113640843235459595,581472790269322698779126534108153174844124457892
581472790269322698779126534108153174844124457892-622378290932172203859505445258077236365739138030,1257.0,Tot size <= 546.4,Rate > 38.11,581472790269322698779126534108153174844124457892,622378290932172203859505445258077236365739138030
581472790269322698779126534108153174844124457892-667636065960217070606624729671006003304038343669,1639.0,Tot size <= 546.4,Time_To_Live <= 193.0,581472790269322698779126534108153174844124457892,667636065960217070606624729671006003304038343669
622378290932172203859505445258077236365739138030-444903398511190255204347034984188376704789605296,1257.0,Rate > 38.11,syn_count <= 0.5,622378290932172203859505445258077236365739138030,444903398511190255204347034984188376704789605296
1238815493313229803767284947742880983558777714529-1417934636759409488646659014188540628782694085883,1265.0,ack_flag_number <= 0.95,ack_flag_number > 0.55,1238815493313229803767284947742880983558777714529,1417934636759409488646659014188540628782694085883
1417934636759409488646659014188540628782694085883-581472790269322698779126534108153174844124457892,1639.0,ack_flag_number > 0.55,Tot size <= 546.4,1417934636759409488646659014188540628782694085883,581472790269322698779126534108153174844124457892
1417934636759409488646659014188540628782694085883-1342412290037990275801029368844730198597963714935,3082.0,ack_flag_number > 0.55,ICMP <= 0.05,1417934636759409488646659014188540628782694085883,1342412290037990275801029368844730198597963714935
479558918440328824313980257606716486705651346406-1437081467055428746021978433282703033443826359871,1265.0,Variance > 198750.05,fin_count <= 1.5,479558918440328824313980257606716486705651346406,1437081467055428746021978433282703033443826359871
43740599017155961745267266686215514673098991247-480622243251905441489889965862991046125458939243,1269.0,Tot sum <= 5999.0,AVG > 62.65,43740599017155961745267266686215514673098991247,480622243251905441489889965862991046125458939243
43740599017155961745267266686215514673098991247-1065678358868830613118634470078609803156730625463,1283.0,Tot sum <= 5999.0,Min > 59.0,43740599017155961745267266686215514673098991247,1065678358868830613118634470078609803156730625463
43740599017155961745267266686215514673098991247-199737191447430138803116354132034043655074465787,1447.0,Tot sum <= 5999.0,Rate <= 9671.28,43740599017155961745267266686215514673098991247,199737191447430138803116354132034043655074465787
43740599017155961745267266686215514673098991247-1270562219278966630109242817886207307040672253255,1562.0,Tot sum <= 5999.0,Min <= 59.0,43740599017155961745267266686215514673098991247,1270562219278966630109242817886207307040672253255
480622243251905441489889965862991046125458939243-450732185867019503557253938593748687470332854114,1269.0,AVG > 62.65,fin_flag_number <= 0.05,480622243251905441489889965862991046125458939243,450732185867019503557253938593748687470332854114
984053500588784488228367892743500793516364787233-1270562219278966630109242817886207307040672253255,1269.0,Time_To_Live <= 161.55,Min <= 59.0,984053500588784488228367892743500793516364787233,1270562219278966630109242817886207307040672253255
76523785222702968606005854402947631102372927327-1304103064613305154034866345562235325963084635879,1283.0,syn_count > 1.5,HTTPS <= 0.26,76523785222702968606005854402947631102372927327,1304103064613305154034866345562235325963084635879
1304103064613305154034866345562235325963084635879-261809960037971438420289186308236045771928427897,1283.0,HTTPS <= 0.26,Std <= 55.65,1304103064613305154034866345562235325963084635879,261809960037971438420289186308236045771928427897
261809960037971438420289186308236045771928427897-982861737465550443797822186330435540154942808116,1283.0,Std <= 55.65,AVG <= 88.1,261809960037971438420289186308236045771928427897,982861737465550443797822186330435540154942808116
982861737465550443797822186330435540154942808116-940512226975629965296538738181838624545539129217,1283.0,AVG <= 88.1,cwr_flag_number <= 0.05,982861737465550443797822186330435540154942808116,940512226975629965296538738181838624545539129217
940512226975629965296538738181838624545539129217-780656447339424975669998279099129813803912414836,1283.0,cwr_flag_number <= 0.05,Header_Length <= 37.6,940512226975629965296538738181838624545539129217,780656447339424975669998279099129813803912414836
780656447339424975669998279099129813803912414836-444843896754161623394905911924461747604963139459,1283.0,Header_Length <= 37.6,Tot sum <= 889.5,780656447339424975669998279099129813803912414836,444843896754161623394905911924461747604963139459
444843896754161623394905911924461747604963139459-129667429336600849652190762844194431447029181889,1283.0,Tot sum <= 889.5,Rate > 62.35,444843896754161623394905911924461747604963139459,129667429336600849652190762844194431447029181889
129667429336600849652190762844194431447029181889-383116836596496468262090029448909352167655453320,1283.0,Rate > 62.35,Class Reconnaissance,129667429336600849652190762844194431447029181889,383116836596496468262090029448909352167655453320
138077334004252778430181930540733405593193044581-215322154371937964049723679897287616709960052998,1292.0,ack_count > 8.5,Tot sum > 653.0,138077334004252778430181930540733405593193044581,215322154371937964049723679897287616709960052998
138077334004252778430181930540733405593193044581-961790671073174262019667008806020090392547209682,1789.0,ack_count > 8.5,ack_flag_number > 0.85,138077334004252778430181930540733405593193044581,961790671073174262019667008806020090392547209682
215322154371937964049723679897287616709960052998-1387081056399495679439882211514993657010116846517,1292.0,Tot sum > 653.0,Tot sum <= 8403.0,215322154371937964049723679897287616709960052998,1387081056399495679439882211514993657010116846517
1387081056399495679439882211514993657010116846517-405354473725904549589388532478448600812513409143,1292.0,Tot sum <= 8403.0,Rate > 136.08,1387081056399495679439882211514993657010116846517,405354473725904549589388532478448600812513409143
405354473725904549589388532478448600812513409143-71289489250157073843808280449977051905804961170,1292.0,Rate > 136.08,psh_flag_number <= 0.25,405354473725904549589388532478448600812513409143,71289489250157073843808280449977051905804961170
939995650699590723201922265298166474358622686971-387587405642621519745509255499974046560031130251,1292.0,AVG <= 201.35,syn_flag_number <= 0.05,939995650699590723201922265298166474358622686971,387587405642621519745509255499974046560031130251
1018220883058315390792001266131730017588394075826-825772407670504315594556767788188293322909939823,1292.0,Max <= 1501.5,HTTPS > 0.55,1018220883058315390792001266131730017588394075826,825772407670504315594556767788188293322909939823
825772407670504315594556767788188293322909939823-313966293707852304271238602452879935845810138389,1447.0,HTTPS > 0.55,Class Benign,825772407670504315594556767788188293322909939823,313966293707852304271238602452879935845810138389
825772407670504315594556767788188293322909939823-662564091846865226614315628924945971397979328296,2809.0,HTTPS > 0.55,Rate <= 3182.08,825772407670504315594556767788188293322909939823,662564091846865226614315628924945971397979328296
1018458204602455991644889288734705161316767948312-313966293707852304271238602452879935845810138389,1292.0,Std <= 346.63,Class Benign,1018458204602455991644889288734705161316767948312,313966293707852304271238602452879935845810138389
1361653232660995247225098458485078879598815803506-829650571075610833687368979855650942004633378987,1293.0,Max > 1513.0,rst_count <= 0.5,1361653232660995247225098458485078879598815803506,829650571075610833687368979855650942004633378987
1361653232660995247225098458485078879598815803506-1125172360728859089301234411074419920961484457594,3082.0,Max > 1513.0,Time_To_Live > 63.35,1361653232660995247225098458485078879598815803506,1125172360728859089301234411074419920961484457594
1361653232660995247225098458485078879598815803506-287706430603178195962515513166763322582899449909,3378.0,Max > 1513.0,psh_flag_number <= 0.35,1361653232660995247225098458485078879598815803506,287706430603178195962515513166763322582899449909
1361653232660995247225098458485078879598815803506-266740630840317329171528273647945793974448548576,4451.0,Max > 1513.0,Variance <= 396943.52,1361653232660995247225098458485078879598815803506,266740630840317329171528273647945793974448548576
829650571075610833687368979855650942004633378987-843002548960477477622483711282002215058518940907,1293.0,rst_count <= 0.5,Rate <= 3265.26,829650571075610833687368979855650942004633378987,843002548960477477622483711282002215058518940907
829650571075610833687368979855650942004633378987-538191563477924688606736272023174950367364502356,1651.0,rst_count <= 0.5,Time_To_Live <= 220.45,829650571075610833687368979855650942004633378987,538191563477924688606736272023174950367364502356
829650571075610833687368979855650942004633378987-275409520758972370643478582459551709901991264221,1789.0,rst_count <= 0.5,Rate <= 14492.19,829650571075610833687368979855650942004633378987,275409520758972370643478582459551709901991264221
829650571075610833687368979855650942004633378987-1272649707028492453534506069803621213969054135506,1835.0,rst_count <= 0.5,Time_To_Live > 63.43,829650571075610833687368979855650942004633378987,1272649707028492453534506069803621213969054135506
829650571075610833687368979855650942004633378987-1361653232660995247225098458485078879598815803506,3082.0,rst_count <= 0.5,Max > 1513.0,829650571075610833687368979855650942004633378987,1361653232660995247225098458485078879598815803506
843002548960477477622483711282002215058518940907-326422692296825843811100508251790776115352659574,1293.0,Rate <= 3265.26,ack_count > 10.5,843002548960477477622483711282002215058518940907,326422692296825843811100508251790776115352659574
843002548960477477622483711282002215058518940907-829650571075610833687368979855650942004633378987,3082.0,Rate <= 3265.26,rst_count <= 0.5,843002548960477477622483711282002215058518940907,829650571075610833687368979855650942004633378987
326422692296825843811100508251790776115352659574-703354571316526670705826685636552632944029910339,8123.0,ack_count > 10.5,Class DoS/DDoS,326422692296825843811100508251790776115352659574,703354571316526670705826685636552632944029910339
887410298125323304580009916080107716121325863727-39708696020348123235565526697395683715588118597,1326.0,Rate <= 1319.67,IAT <= 0.05,887410298125323304580009916080107716121325863727,39708696020348123235565526697395683715588118597
887410298125323304580009916080107716121325863727-287821443460509989541134239124900878905846943910,1365.0,Rate <= 1319.67,Tot sum > 3655.0,887410298125323304580009916080107716121325863727,287821443460509989541134239124900878905846943910
887410298125323304580009916080107716121325863727-319488763998053370058054861272361034649617834884,5013.0,Rate <= 1319.67,syn_flag_number <= 0.1,887410298125323304580009916080107716121325863727,319488763998053370058054861272361034649617834884
39708696020348123235565526697395683715588118597-1263975943052018020445551843902594361750291670747,1326.0,IAT <= 0.05,Variance > 2813.51,39708696020348123235565526697395683715588118597,1263975943052018020445551843902594361750291670747
1263975943052018020445551843902594361750291670747-1057262703474651913660834877410341273440101450279,1326.0,Variance > 2813.51,AVG > 92.05,1263975943052018020445551843902594361750291670747,1057262703474651913660834877410341273440101450279
1057262703474651913660834877410341273440101450279-31158052822109126636792237170785467052136843787,1326.0,AVG > 92.05,AVG <= 202.2,1057262703474651913660834877410341273440101450279,31158052822109126636792237170785467052136843787
31158052822109126636792237170785467052136843787-578090820621180084042190616769804575845934420364,1326.0,AVG <= 202.2,HTTP <= 0.05,31158052822109126636792237170785467052136843787,578090820621180084042190616769804575845934420364
631465366138246779477533698662401654966400487210-875731176622575420765562840084503318498783192379,1326.0,Header_Length > 21.4,HTTPS > 0.05,631465366138246779477533698662401654966400487210,875731176622575420765562840084503318498783192379
875731176622575420765562840084503318498783192379-729090439143476131512000309647445146357753464353,1326.0,HTTPS > 0.05,Tot sum <= 3514.0,875731176622575420765562840084503318498783192379,729090439143476131512000309647445146357753464353
729090439143476131512000309647445146357753464353-1024878119325809578755093240367609418988755042814,1326.0,Tot sum <= 3514.0,Time_To_Live <= 241.65,729090439143476131512000309647445146357753464353,1024878119325809578755093240367609418988755042814
1024878119325809578755093240367609418988755042814-371591821625166726613853158278384607871803201524,2691.0,Time_To_Live <= 241.65,fin_count <= 0.5,1024878119325809578755093240367609418988755042814,371591821625166726613853158278384607871803201524
319488763998053370058054861272361034649617834884-521549965839577152187537545293086910980978866510,1326.0,syn_flag_number <= 0.1,Max <= 1502.5,319488763998053370058054861272361034649617834884,521549965839577152187537545293086910980978866510
319488763998053370058054861272361034649617834884-576742253695607762951764783882693162844639509317,1365.0,syn_flag_number <= 0.1,Max > 1502.5,319488763998053370058054861272361034649617834884,576742253695607762951764783882693162844639509317
319488763998053370058054861272361034649617834884-522296290625812105210965960736507767100196631621,3196.0,syn_flag_number <= 0.1,ack_count > 0.5,319488763998053370058054861272361034649617834884,522296290625812105210965960736507767100196631621
319488763998053370058054861272361034649617834884-1220766635983168857953194327455980387076212473266,5013.0,syn_flag_number <= 0.1,syn_flag_number > 0.0,319488763998053370058054861272361034649617834884,1220766635983168857953194327455980387076212473266
319488763998053370058054861272361034649617834884-703354571316526670705826685636552632944029910339,5095.0,syn_flag_number <= 0.1,Class DoS/DDoS,319488763998053370058054861272361034649617834884,703354571316526670705826685636552632944029910339
319488763998053370058054861272361034649617834884-228352784087401773064080368050365694341687966897,5473.0,syn_flag_number <= 0.1,Std <= 755.85,319488763998053370058054861272361034649617834884,228352784087401773064080368050365694341687966897
521549965839577152187537545293086910980978866510-313966293707852304271238602452879935845810138389,1326.0,Max <= 1502.5,Class Benign,521549965839577152187537545293086910980978866510,313966293707852304271238602452879935845810138389
521549965839577152187537545293086910980978866510-1065678358868830613118634470078609803156730625463,1639.0,Max <= 1502.5,Min > 59.0,521549965839577152187537545293086910980978866510,1065678358868830613118634470078609803156730625463
287821443460509989541134239124900878905846943910-769883456016408675130867629565186605804844250268,1365.0,Tot sum > 3655.0,psh_flag_number <= 0.37,287821443460509989541134239124900878905846943910,769883456016408675130867629565186605804844250268
769883456016408675130867629565186605804844250268-578090820621180084042190616769804575845934420364,1365.0,psh_flag_number <= 0.37,HTTP <= 0.05,769883456016408675130867629565186605804844250268,578090820621180084042190616769804575845934420364
160617870897841111451605648390929784691552556427-1045874808088107332530545743065116310327379466881,1365.0,Variance > 680547.12,Number <= 55.0,160617870897841111451605648390929784691552556427,1045874808088107332530545743065116310327379466881
1245026685790655421385463149120880012921441103318-75076807411882376712545480296411618658635315001,1365.0,TCP > 0.5,Tot size > 790.65,1245026685790655421385463149120880012921441103318,75076807411882376712545480296411618658635315001
75076807411882376712545480296411618658635315001-1280070445702808825270612652459169078303947795821,1365.0,Tot size > 790.65,Rate <= 561.46,75076807411882376712545480296411618658635315001,1280070445702808825270612652459169078303947795821
1280070445702808825270612652459169078303947795821-1024878119325809578755093240367609418988755042814,1365.0,Rate <= 561.46,Time_To_Live <= 241.65,1280070445702808825270612652459169078303947795821,1024878119325809578755093240367609418988755042814
576742253695607762951764783882693162844639509317-313966293707852304271238602452879935845810138389,1365.0,Max > 1502.5,Class Benign,576742253695607762951764783882693162844639509317,313966293707852304271238602452879935845810138389
1089278806871601723968592234327512044041647505481-764735980117750030315605608738585207796786331778,1375.0,Min <= 61.0,Max <= 64.0,1089278806871601723968592234327512044041647505481,764735980117750030315605608738585207796786331778
1089278806871601723968592234327512044041647505481-97352969154438240085198864070416002873253676928,1574.0,Min <= 61.0,Max > 64.0,1089278806871601723968592234327512044041647505481,97352969154438240085198864070416002873253676928
1089278806871601723968592234327512044041647505481-1443938865280111957689155697521086135929227929716,2719.0,Min <= 61.0,Tot sum > 1377.0,1089278806871601723968592234327512044041647505481,1443938865280111957689155697521086135929227929716
764735980117750030315605608738585207796786331778-242003031567136668363197194432475934037144718052,1375.0,Max <= 64.0,Time_To_Live <= 78.33,764735980117750030315605608738585207796786331778,242003031567136668363197194432475934037144718052
242003031567136668363197194432475934037144718052-178313380883674538535079461257912540181207652075,1375.0,Time_To_Live <= 78.33,ack_count > 13.0,242003031567136668363197194432475934037144718052,178313380883674538535079461257912540181207652075
178313380883674538535079461257912540181207652075-208797973962340694904605892894863341665156159963,1375.0,ack_count > 13.0,ARP <= 0.0,178313380883674538535079461257912540181207652075,208797973962340694904605892894863341665156159963
208797973962340694904605892894863341665156159963-288962697968753331165993254338939671802058239314,4109.0,ARP <= 0.0,Tot sum <= 14232.0,208797973962340694904605892894863341665156159963,288962697968753331165993254338939671802058239314
208797973962340694904605892894863341665156159963-1264051081729598176640443974598654340820920494284,5291.0,ARP <= 0.0,Tot sum > 14232.0,208797973962340694904605892894863341665156159963,1264051081729598176640443974598654340820920494284
208797973962340694904605892894863341665156159963-703354571316526670705826685636552632944029910339,21911.0,ARP <= 0.0,Class DoS/DDoS,208797973962340694904605892894863341665156159963,703354571316526670705826685636552632944029910339
1420685708284266301654482384429494113974136251503-669010142043334812880994917204690672892220988294,1433.0,Tot size > 62.99,Tot sum > 2199.5,1420685708284266301654482384429494113974136251503,669010142043334812880994917204690672892220988294
1420685708284266301654482384429494113974136251503-1211779019603258000957243660708019163554054981716,1698.0,Tot size > 62.99,IAT <= 0.01,1420685708284266301654482384429494113974136251503,1211779019603258000957243660708019163554054981716
1420685708284266301654482384429494113974136251503-1025520312540656970049943517486942098102090587070,2295.0,Tot size > 62.99,DNS <= 0.05,1420685708284266301654482384429494113974136251503,1025520312540656970049943517486942098102090587070
1420685708284266301654482384429494113974136251503-1254652323580417465321813615400850719079092153960,3378.0,Tot size > 62.99,IPv > 0.85,1420685708284266301654482384429494113974136251503,1254652323580417465321813615400850719079092153960
1420685708284266301654482384429494113974136251503-1361653232660995247225098458485078879598815803506,4451.0,Tot size > 62.99,Max > 1513.0,1420685708284266301654482384429494113974136251503,1361653232660995247225098458485078879598815803506
1420685708284266301654482384429494113974136251503-609793686190684687059712071953436220871075398054,5270.0,Tot size > 62.99,Max <= 1513.0,1420685708284266301654482384429494113974136251503,609793686190684687059712071953436220871075398054
1420685708284266301654482384429494113974136251503-1067319981965712872034330218970832335074422150196,11878.0,Tot size > 62.99,Number > 10.5,1420685708284266301654482384429494113974136251503,1067319981965712872034330218970832335074422150196
669010142043334812880994917204690672892220988294-287706430603178195962515513166763322582899449909,1433.0,Tot sum > 2199.5,psh_flag_number <= 0.35,669010142043334812880994917204690672892220988294,287706430603178195962515513166763322582899449909
287706430603178195962515513166763322582899449909-467419630406932571459402889509334424700560294682,1433.0,psh_flag_number <= 0.35,Min <= 1244.0,287706430603178195962515513166763322582899449909,467419630406932571459402889509334424700560294682
287706430603178195962515513166763322582899449909-750231297996923997242439424236313561011736078496,3266.0,psh_flag_number <= 0.35,Max > 1511.0,287706430603178195962515513166763322582899449909,750231297996923997242439424236313561011736078496
287706430603178195962515513166763322582899449909-313966293707852304271238602452879935845810138389,3378.0,psh_flag_number <= 0.35,Class Benign,287706430603178195962515513166763322582899449909,313966293707852304271238602452879935845810138389
467419630406932571459402889509334424700560294682-953913665845140399695198589392976727662944162410,1433.0,Min <= 1244.0,Max > 1507.0,467419630406932571459402889509334424700560294682,953913665845140399695198589392976727662944162410
722481527646075884317646237155021822185490894379-58977739486709030565696475807692003242045520459,1433.0,Min <= 1507.0,Tot size > 138.05,722481527646075884317646237155021822185490894379,58977739486709030565696475807692003242045520459
58977739486709030565696475807692003242045520459-38876684936712147130762768298287451902109053099,1433.0,Tot size > 138.05,Variance > 173096.54,58977739486709030565696475807692003242045520459,38876684936712147130762768298287451902109053099
38876684936712147130762768298287451902109053099-525381118122291178613547005998267981831493448012,1433.0,Variance > 173096.54,HTTPS > 0.35,38876684936712147130762768298287451902109053099,525381118122291178613547005998267981831493448012
944163511000872468149254282351031011082291088324-1070884623453240339280433190821302531375921195414,1441.0,AVG > 63.4,Header_Length > 7.98,944163511000872468149254282351031011082291088324,1070884623453240339280433190821302531375921195414
944163511000872468149254282351031011082291088324-1134478022427460238394908820842039118972553949667,5321.0,AVG > 63.4,Header_Length <= 7.98,944163511000872468149254282351031011082291088324,1134478022427460238394908820842039118972553949667
1070884623453240339280433190821302531375921195414-1259515608472676073103123575058680234823132293976,1441.0,Header_Length > 7.98,Tot sum > 15087.0,1070884623453240339280433190821302531375921195414,1259515608472676073103123575058680234823132293976
1259515608472676073103123575058680234823132293976-703354571316526670705826685636552632944029910339,1441.0,Tot sum > 15087.0,Class DoS/DDoS,1259515608472676073103123575058680234823132293976,703354571316526670705826685636552632944029910339
199737191447430138803116354132034043655074465787-71289489250157073843808280449977051905804961170,1447.0,Rate <= 9671.28,psh_flag_number <= 0.25,199737191447430138803116354132034043655074465787,71289489250157073843808280449977051905804961170
1283881692392161277493995882646230642943665593038-990359920748717526760110089629081703072830752382,1447.0,Min <= 72.0,IAT <= 0.03,1283881692392161277493995882646230642943665593038,990359920748717526760110089629081703072830752382
990359920748717526760110089629081703072830752382-1437081467055428746021978433282703033443826359871,1447.0,IAT <= 0.03,fin_count <= 1.5,990359920748717526760110089629081703072830752382,1437081467055428746021978433282703033443826359871
990359920748717526760110089629081703072830752382-640622367002324962573331379986077387627350883759,3196.0,IAT <= 0.03,Header_Length > 9.8,990359920748717526760110089629081703072830752382,640622367002324962573331379986077387627350883759
133930239342433631128276537975592981919354717081-1127753242925124148421563386584774746262661462027,1447.0,rst_count <= 1.5,AVG <= 204.45,133930239342433631128276537975592981919354717081,1127753242925124148421563386584774746262661462027
1127753242925124148421563386584774746262661462027-558214097872403342659570267817618905457622066308,1447.0,AVG <= 204.45,Max <= 1502.0,1127753242925124148421563386584774746262661462027,558214097872403342659570267817618905457622066308
558214097872403342659570267817618905457622066308-329432857009351640730558022655178830695085912619,1447.0,Max <= 1502.0,HTTPS <= 0.95,558214097872403342659570267817618905457622066308,329432857009351640730558022655178830695085912619
329432857009351640730558022655178830695085912619-387587405642621519745509255499974046560031130251,1447.0,HTTPS <= 0.95,syn_flag_number <= 0.05,329432857009351640730558022655178830695085912619,387587405642621519745509255499974046560031130251
492059831088415984496740481587514332254607280136-578090820621180084042190616769804575845934420364,1447.0,Header_Length > 11.0,HTTP <= 0.05,492059831088415984496740481587514332254607280136,578090820621180084042190616769804575845934420364
760255495060850404408588223994525456047654918389-825772407670504315594556767788188293322909939823,1447.0,Tot size > 62.65,HTTPS > 0.55,760255495060850404408588223994525456047654918389,825772407670504315594556767788188293322909939823
1421919128814804351690947703424341912816295245856-820237168816403091456178268166039007939825388434,1456.0,Tot sum <= 35426.0,ack_flag_number <= 0.81,1421919128814804351690947703424341912816295245856,820237168816403091456178268166039007939825388434
1421919128814804351690947703424341912816295245856-306301110546769032185094571534824386624637298002,1568.0,Tot sum <= 35426.0,ack_flag_number > 0.81,1421919128814804351690947703424341912816295245856,306301110546769032185094571534824386624637298002
1421919128814804351690947703424341912816295245856-578090820621180084042190616769804575845934420364,1835.0,Tot sum <= 35426.0,HTTP <= 0.05,1421919128814804351690947703424341912816295245856,578090820621180084042190616769804575845934420364
820237168816403091456178268166039007939825388434-1067319981965712872034330218970832335074422150196,1456.0,ack_flag_number <= 0.81,Number > 10.5,820237168816403091456178268166039007939825388434,1067319981965712872034330218970832335074422150196
1067319981965712872034330218970832335074422150196-703354571316526670705826685636552632944029910339,45444.0,Number > 10.5,Class DoS/DDoS,1067319981965712872034330218970832335074422150196,703354571316526670705826685636552632944029910339
240019841931461733319951309975157696724938261847-1075164529392186212084223707925516428068963221936,1475.0,Variance <= 16.85,ack_flag_number > 0.1,240019841931461733319951309975157696724938261847,1075164529392186212084223707925516428068963221936
240019841931461733319951309975157696724938261847-624235337273177539161176326505068371443306109387,14561.0,Variance <= 16.85,ack_flag_number <= 0.1,240019841931461733319951309975157696724938261847,624235337273177539161176326505068371443306109387
1417394437485653248370221845596117295625354908880-151444507604518152594472521617972724807284761113,1475.0,Number > 22.0,Tot sum <= 6001.0,1417394437485653248370221845596117295625354908880,151444507604518152594472521617972724807284761113
1417394437485653248370221845596117295625354908880-703354571316526670705826685636552632944029910339,4263.0,Number > 22.0,Class DoS/DDoS,1417394437485653248370221845596117295625354908880,703354571316526670705826685636552632944029910339
151444507604518152594472521617972724807284761113-703354571316526670705826685636552632944029910339,12472.0,Tot sum <= 6001.0,Class DoS/DDoS,151444507604518152594472521617972724807284761113,703354571316526670705826685636552632944029910339
845625221445319325732150460278565301810546003116-72988825123612038016896977355075383732386589131,1492.0,Max > 1493.5,fin_flag_number <= 0.0,845625221445319325732150460278565301810546003116,72988825123612038016896977355075383732386589131
72988825123612038016896977355075383732386589131-395648652244969670113659251312984123434839001726,1492.0,fin_flag_number <= 0.0,syn_count <= 3.5,72988825123612038016896977355075383732386589131,395648652244969670113659251312984123434839001726
72988825123612038016896977355075383732386589131-703354571316526670705826685636552632944029910339,8672.0,fin_flag_number <= 0.0,Class DoS/DDoS,72988825123612038016896977355075383732386589131,703354571316526670705826685636552632944029910339
395648652244969670113659251312984123434839001726-1240401884464610778318695628466402756462828655241,1492.0,syn_count <= 3.5,ack_count <= 11.5,395648652244969670113659251312984123434839001726,1240401884464610778318695628466402756462828655241
1240401884464610778318695628466402756462828655241-1260996581259071097527833462707170428778657907709,1492.0,ack_count <= 11.5,SSH <= 0.05,1240401884464610778318695628466402756462828655241,1260996581259071097527833462707170428778657907709
1252639526832289973629344770868355037803053633706-489573195238351656105740412854787983644059380819,1492.0,Tot sum > 3713.0,Max > 1498.5,1252639526832289973629344770868355037803053633706,489573195238351656105740412854787983644059380819
489573195238351656105740412854787983644059380819-328841072803826724837110389485312510194016552872,1492.0,Max > 1498.5,Class Spoofing,489573195238351656105740412854787983644059380819,328841072803826724837110389485312510194016552872
1292811525283570822709640436693746544342173587717-423744820951928538799224631582991160814696992213,1514.0,Rate > 47.19,TCP > 0.3,1292811525283570822709640436693746544342173587717,423744820951928538799224631582991160814696992213
1292811525283570822709640436693746544342173587717-1300558834465352034371393236901202719107082230798,2937.0,Rate > 47.19,TCP <= 0.3,1292811525283570822709640436693746544342173587717,1300558834465352034371393236901202719107082230798
423744820951928538799224631582991160814696992213-1242074094213274666803667927274434019568687379698,1514.0,TCP > 0.3,HTTPS <= 0.1,423744820951928538799224631582991160814696992213,1242074094213274666803667927274434019568687379698
1242074094213274666803667927274434019568687379698-703354571316526670705826685636552632944029910339,1514.0,HTTPS <= 0.1,Class DoS/DDoS,1242074094213274666803667927274434019568687379698,703354571316526670705826685636552632944029910339
1242074094213274666803667927274434019568687379698-1245406723190135219943199717374607889961516359156,25010.0,HTTPS <= 0.1,Number > 11.0,1242074094213274666803667927274434019568687379698,1245406723190135219943199717374607889961516359156
1242074094213274666803667927274434019568687379698-1300458713484834160074531523305281587195861463124,25440.0,HTTPS <= 0.1,IPv > 0.91,1242074094213274666803667927274434019568687379698,1300458713484834160074531523305281587195861463124
1242074094213274666803667927274434019568687379698-674196853837619115087533412010134527129516958514,46712.0,HTTPS <= 0.1,IAT > 0.0,1242074094213274666803667927274434019568687379698,674196853837619115087533412010134527129516958514
1125172360728859089301234411074419920961484457594-472512680751737609582395093648090616059092428020,1517.0,Time_To_Live > 63.35,Tot sum > 2495.5,1125172360728859089301234411074419920961484457594,472512680751737609582395093648090616059092428020
1125172360728859089301234411074419920961484457594-313966293707852304271238602452879935845810138389,4871.0,Time_To_Live > 63.35,Class Benign,1125172360728859089301234411074419920961484457594,313966293707852304271238602452879935845810138389
472512680751737609582395093648090616059092428020-423813136630461862428170049462436520474605241419,1517.0,Tot sum > 2495.5,Std > 355.28,472512680751737609582395093648090616059092428020,423813136630461862428170049462436520474605241419
423813136630461862428170049462436520474605241419-609964491472781634300320393105792312732988135165,1517.0,Std > 355.28,Min <= 1504.0,423813136630461862428170049462436520474605241419,609964491472781634300320393105792312732988135165
609964491472781634300320393105792312732988135165-961790671073174262019667008806020090392547209682,1517.0,Min <= 1504.0,ack_flag_number > 0.85,609964491472781634300320393105792312732988135165,961790671073174262019667008806020090392547209682
961790671073174262019667008806020090392547209682-613148910390529016751623441696139971801492582077,1517.0,ack_flag_number > 0.85,psh_flag_number <= 0.45,961790671073174262019667008806020090392547209682,613148910390529016751623441696139971801492582077
961790671073174262019667008806020090392547209682-1320569302170672074896921704835796692620326038749,1789.0,ack_flag_number > 0.85,Tot sum > 10816.0,961790671073174262019667008806020090392547209682,1320569302170672074896921704835796692620326038749
613148910390529016751623441696139971801492582077-1025520312540656970049943517486942098102090587070,1517.0,psh_flag_number <= 0.45,DNS <= 0.05,613148910390529016751623441696139971801492582077,1025520312540656970049943517486942098102090587070
613148910390529016751623441696139971801492582077-745586487109724305384321573361999760499104808565,1730.0,psh_flag_number <= 0.45,Header_Length <= 32.6,613148910390529016751623441696139971801492582077,745586487109724305384321573361999760499104808565
1356918774125706948148669054462171222594891604227-798603967889225453342412611697162446110455859273,1517.0,Variance <= 831186.41,Max > 1501.5,1356918774125706948148669054462171222594891604227,798603967889225453342412611697162446110455859273
798603967889225453342412611697162446110455859273-825772407670504315594556767788188293322909939823,1517.0,Max > 1501.5,HTTPS > 0.55,798603967889225453342412611697162446110455859273,825772407670504315594556767788188293322909939823
1045777643599004391385926847837630459689287939264-635354149074139914033287563243257259408313222875,1525.0,Header_Length > 12.4,Max <= 5051.5,1045777643599004391385926847837630459689287939264,635354149074139914033287563243257259408313222875
635354149074139914033287563243257259408313222875-1422306862440093384681277638044350865412974807270,1525.0,Max <= 5051.5,Tot sum <= 9140.0,635354149074139914033287563243257259408313222875,1422306862440093384681277638044350865412974807270
1422306862440093384681277638044350865412974807270-395553839061760183450769792032050296186856610739,1525.0,Tot sum <= 9140.0,HTTP <= 0.25,1422306862440093384681277638044350865412974807270,395553839061760183450769792032050296186856610739
797610753350974897814736785778043014385684562947-596061063106738351138860738677110511205079585077,1525.0,Time_To_Live > 61.95,Time_To_Live > 69.85,797610753350974897814736785778043014385684562947,596061063106738351138860738677110511205079585077
797610753350974897814736785778043014385684562947-533300537982710134758957631630164172637141352729,1651.0,Time_To_Live > 61.95,Variance > 580973.53,797610753350974897814736785778043014385684562947,533300537982710134758957631630164172637141352729
797610753350974897814736785778043014385684562947-404792258416932853105473822002114249667118477531,1741.0,Time_To_Live > 61.95,Std > 426.91,797610753350974897814736785778043014385684562947,404792258416932853105473822002114249667118477531
596061063106738351138860738677110511205079585077-387587405642621519745509255499974046560031130251,1525.0,Time_To_Live > 69.85,syn_flag_number <= 0.05,596061063106738351138860738677110511205079585077,387587405642621519745509255499974046560031130251
1376634548742164969356006375947159510816243110280-422065796223582463013367896756194658963435873121,1527.0,TCP <= 0.35,UDP <= 0.75,1376634548742164969356006375947159510816243110280,422065796223582463013367896756194658963435873121
1376634548742164969356006375947159510816243110280-1178346501042903603685888066771216345446795210129,2719.0,TCP <= 0.35,UDP > 0.75,1376634548742164969356006375947159510816243110280,1178346501042903603685888066771216345446795210129
422065796223582463013367896756194658963435873121-202878882476447525732333096665579083464379500285,1527.0,UDP <= 0.75,IGMP <= 0.0,422065796223582463013367896756194658963435873121,202878882476447525732333096665579083464379500285
202878882476447525732333096665579083464379500285-799196049277313133980009762549410737429987400111,1527.0,IGMP <= 0.0,Max <= 189.5,202878882476447525732333096665579083464379500285,799196049277313133980009762549410737429987400111
799196049277313133980009762549410737429987400111-493070114341962535091645238940707157157035096044,1527.0,Max <= 189.5,Rate > 397.62,799196049277313133980009762549410737429987400111,493070114341962535091645238940707157157035096044
493070114341962535091645238940707157157035096044-328841072803826724837110389485312510194016552872,1527.0,Rate > 397.62,Class Spoofing,493070114341962535091645238940707157157035096044,328841072803826724837110389485312510194016552872
286685310546126887007670494299097221294244185637-1257968538875361669878432494109017667506314514486,1542.0,Std > 0.63,Variance <= 157684.25,286685310546126887007670494299097221294244185637,1257968538875361669878432494109017667506314514486
1257968538875361669878432494109017667506314514486-1211779019603258000957243660708019163554054981716,1542.0,Variance <= 157684.25,IAT <= 0.01,1257968538875361669878432494109017667506314514486,1211779019603258000957243660708019163554054981716
106677032266674133856302899606386379125545998459-267766837448580909343568355559586073746133809003,1542.0,psh_flag_number <= 0.33,Header_Length > 21.8,106677032266674133856302899606386379125545998459,267766837448580909343568355559586073746133809003
267766837448580909343568355559586073746133809003-1325247533922567384199826234154149144455423597831,1542.0,Header_Length > 21.8,Max <= 1499.0,267766837448580909343568355559586073746133809003,1325247533922567384199826234154149144455423597831
1325247533922567384199826234154149144455423597831-157129820854489943240615883809057190212337482094,1542.0,Max <= 1499.0,Header_Length <= 33.8,1325247533922567384199826234154149144455423597831,157129820854489943240615883809057190212337482094
157129820854489943240615883809057190212337482094-285848756680663301328249263588796850659393704237,1542.0,Header_Length <= 33.8,syn_flag_number <= 0.0,157129820854489943240615883809057190212337482094,285848756680663301328249263588796850659393704237
285848756680663301328249263588796850659393704237-223189813334151023042436244472510009493740278033,1542.0,syn_flag_number <= 0.0,Tot size <= 295.8,285848756680663301328249263588796850659393704237,223189813334151023042436244472510009493740278033
285848756680663301328249263588796850659393704237-319488763998053370058054861272361034649617834884,2691.0,syn_flag_number <= 0.0,syn_flag_number <= 0.1,285848756680663301328249263588796850659393704237,319488763998053370058054861272361034649617834884
223189813334151023042436244472510009493740278033-424950702532613617959377208745492680643099068772,1542.0,Tot size <= 295.8,ack_flag_number > 0.67,223189813334151023042436244472510009493740278033,424950702532613617959377208745492680643099068772
424950702532613617959377208745492680643099068772-938189542570215176261121276807716263056094446364,1542.0,ack_flag_number > 0.67,Max <= 1507.0,424950702532613617959377208745492680643099068772,938189542570215176261121276807716263056094446364
938189542570215176261121276807716263056094446364-583903694319149047033643317629698834907786427405,1542.0,Max <= 1507.0,Std <= 587.83,938189542570215176261121276807716263056094446364,583903694319149047033643317629698834907786427405
583903694319149047033643317629698834907786427405-674196853837619115087533412010134527129516958514,1542.0,Std <= 587.83,IAT > 0.0,583903694319149047033643317629698834907786427405,674196853837619115087533412010134527129516958514
765646696511445317973357682684857858999533673724-1065678358868830613118634470078609803156730625463,1542.0,fin_flag_number <= 0.1,Min > 59.0,765646696511445317973357682684857858999533673724,1065678358868830613118634470078609803156730625463
306301110546769032185094571534824386624637298002-712096193970046199609239327328025936024851381184,1568.0,ack_flag_number > 0.81,Tot size <= 63.55,306301110546769032185094571534824386624637298002,712096193970046199609239327328025936024851381184
306301110546769032185094571534824386624637298002-1421919128814804351690947703424341912816295245856,1835.0,ack_flag_number > 0.81,Tot sum <= 35426.0,306301110546769032185094571534824386624637298002,1421919128814804351690947703424341912816295245856
712096193970046199609239327328025936024851381184-1305548457797075109785190514645234014228223041301,1568.0,Tot size <= 63.55,ack_count > 22.0,712096193970046199609239327328025936024851381184,1305548457797075109785190514645234014228223041301
1305548457797075109785190514645234014228223041301-639025992518995640837875136019703437249644650736,1568.0,ack_count > 22.0,ICMP <= 0.0,1305548457797075109785190514645234014228223041301,639025992518995640837875136019703437249644650736
639025992518995640837875136019703437249644650736-703354571316526670705826685636552632944029910339,1568.0,ICMP <= 0.0,Class DoS/DDoS,639025992518995640837875136019703437249644650736,703354571316526670705826685636552632944029910339
97352969154438240085198864070416002873253676928-503370148974855972752773457293497706085178597391,1574.0,Max > 64.0,Number > 13.0,97352969154438240085198864070416002873253676928,503370148974855972752773457293497706085178597391
503370148974855972752773457293497706085178597391-703354571316526670705826685636552632944029910339,7795.0,Number > 13.0,Class DoS/DDoS,503370148974855972752773457293497706085178597391,703354571316526670705826685636552632944029910339
852550629365964024920766762540278066576525600948-1091772061019709319601978724012727821998230414986,1639.0,Tot size <= 198.05,Tot size <= 289.8,852550629365964024920766762540278066576525600948,1091772061019709319601978724012727821998230414986
1091772061019709319601978724012727821998230414986-521549965839577152187537545293086910980978866510,1639.0,Tot size <= 289.8,Max <= 1502.5,1091772061019709319601978724012727821998230414986,521549965839577152187537545293086910980978866510
667636065960217070606624729671006003304038343669-444903398511190255204347034984188376704789605296,1639.0,Time_To_Live <= 193.0,syn_count <= 0.5,667636065960217070606624729671006003304038343669,444903398511190255204347034984188376704789605296
1306196843901709884584010498063340687302478744424-1342657469448605099144946880924325899461158473766,1651.0,Tot sum > 5999.0,Min > 64.0,1306196843901709884584010498063340687302478744424,1342657469448605099144946880924325899461158473766
1306196843901709884584010498063340687302478744424-973560185652923633558202018993356923804493848003,2479.0,Tot sum > 5999.0,ack_flag_number > 0.59,1306196843901709884584010498063340687302478744424,973560185652923633558202018993356923804493848003
1306196843901709884584010498063340687302478744424-1305131285784390864871095629393467166513977487406,5031.0,Tot sum > 5999.0,AVG > 599.41,1306196843901709884584010498063340687302478744424,1305131285784390864871095629393467166513977487406
1306196843901709884584010498063340687302478744424-372642444799816041694164114553795421613254901355,22029.0,Tot sum > 5999.0,AVG <= 599.41,1306196843901709884584010498063340687302478744424,372642444799816041694164114553795421613254901355
1306196843901709884584010498063340687302478744424-1004306843730028786066540523215282685019378287335,23202.0,Tot sum > 5999.0,ack_flag_number <= 0.59,1306196843901709884584010498063340687302478744424,1004306843730028786066540523215282685019378287335
1306196843901709884584010498063340687302478744424-1245406723190135219943199717374607889961516359156,27034.0,Tot sum > 5999.0,Number > 11.0,1306196843901709884584010498063340687302478744424,1245406723190135219943199717374607889961516359156
1342657469448605099144946880924325899461158473766-743400083604207944956401889141438126223736557272,1651.0,Min > 64.0,Rate > 109.13,1342657469448605099144946880924325899461158473766,743400083604207944956401889141438126223736557272
743400083604207944956401889141438126223736557272-1275124814045766080220536199544136293601400070153,1651.0,Rate > 109.13,psh_flag_number <= 0.55,743400083604207944956401889141438126223736557272,1275124814045766080220536199544136293601400070153
1275124814045766080220536199544136293601400070153-829650571075610833687368979855650942004633378987,1651.0,psh_flag_number <= 0.55,rst_count <= 0.5,1275124814045766080220536199544136293601400070153,829650571075610833687368979855650942004633378987
538191563477924688606736272023174950367364502356-674196853837619115087533412010134527129516958514,1651.0,Time_To_Live <= 220.45,IAT > 0.0,538191563477924688606736272023174950367364502356,674196853837619115087533412010134527129516958514
1154519493277843990052013356129047846396442255412-1393034587460734275108259379502894745998649883453,1651.0,SSH <= 0.15,Time_To_Live > 62.65,1154519493277843990052013356129047846396442255412,1393034587460734275108259379502894745998649883453
1393034587460734275108259379502894745998649883453-622666970840200344191566336878595586235437997465,1651.0,Time_To_Live > 62.65,HTTPS > 0.15,1393034587460734275108259379502894745998649883453,622666970840200344191566336878595586235437997465
14677893904445507785574192933477396509830395368-511591514204494996345684360765622442170002798897,1651.0,Header_Length <= 32.4,Max > 2958.0,14677893904445507785574192933477396509830395368,511591514204494996345684360765622442170002798897
14677893904445507785574192933477396509830395368-421810167286508725908152788207505037850485167188,1835.0,Header_Length <= 32.4,Tot sum <= 15205.0,14677893904445507785574192933477396509830395368,421810167286508725908152788207505037850485167188
533300537982710134758957631630164172637141352729-555642575953710064919159085884314165050572529859,1651.0,Variance > 580973.53,Number <= 11.0,533300537982710134758957631630164172637141352729,555642575953710064919159085884314165050572529859
555642575953710064919159085884314165050572529859-1261648531580620706137645758813299989332518146751,1651.0,Number <= 11.0,Header_Length > 26.2,555642575953710064919159085884314165050572529859,1261648531580620706137645758813299989332518146751
1261648531580620706137645758813299989332518146751-313966293707852304271238602452879935845810138389,1651.0,Header_Length > 26.2,Class Benign,1261648531580620706137645758813299989332518146751,313966293707852304271238602452879935845810138389
905408325027538164089697993925715892446347564046-598312813686706157215425232647728526516685883132,1698.0,Rate <= 15745.77,HTTPS > 0.2,905408325027538164089697993925715892446347564046,598312813686706157215425232647728526516685883132
598312813686706157215425232647728526516685883132-71289489250157073843808280449977051905804961170,1698.0,HTTPS > 0.2,psh_flag_number <= 0.25,598312813686706157215425232647728526516685883132,71289489250157073843808280449977051905804961170
649426050610508850936826706344673526547318907744-1437081467055428746021978433282703033443826359871,1698.0,Time_To_Live <= 216.1,fin_count <= 1.5,649426050610508850936826706344673526547318907744,1437081467055428746021978433282703033443826359871
901820364115932856845557992498318406983176010040-387587405642621519745509255499974046560031130251,1698.0,Max > 2931.5,syn_flag_number <= 0.05,901820364115932856845557992498318406983176010040,387587405642621519745509255499974046560031130251
740043199848874537428689106371244464475456534152-560272444880348369899404688872655100551086879065,1698.0,Std > 755.98,UDP <= 0.55,740043199848874537428689106371244464475456534152,560272444880348369899404688872655100551086879065
560272444880348369899404688872655100551086879065-870159635553521972749932994033067496367964670111,5426.0,UDP <= 0.55,Time_To_Live > 63.45,560272444880348369899404688872655100551086879065,870159635553521972749932994033067496367964670111
860440226307720286688657566047220952632368634317-313966293707852304271238602452879935845810138389,1698.0,UDP <= 0.15,Class Benign,860440226307720286688657566047220952632368634317,313966293707852304271238602452879935845810138389
1240109455169276991964195549603100205343920124650-353678676405108312753446367337787706651403358644,1730.0,rst_flag_number <= 0.05,Tot sum > 7960.5,1240109455169276991964195549603100205343920124650,353678676405108312753446367337787706651403358644
1240109455169276991964195549603100205343920124650-525381118122291178613547005998267981831493448012,2295.0,rst_flag_number <= 0.05,HTTPS > 0.35,1240109455169276991964195549603100205343920124650,525381118122291178613547005998267981831493448012
1240109455169276991964195549603100205343920124650-1209939404480133779835797991547514822344758955278,2896.0,rst_flag_number <= 0.05,Header_Length <= 28.2,1240109455169276991964195549603100205343920124650,1209939404480133779835797991547514822344758955278
1240109455169276991964195549603100205343920124650-990359920748717526760110089629081703072830752382,3196.0,rst_flag_number <= 0.05,IAT <= 0.03,1240109455169276991964195549603100205343920124650,990359920748717526760110089629081703072830752382
1240109455169276991964195549603100205343920124650-536612352203444219941520255017816880726320196521,3266.0,rst_flag_number <= 0.05,Rate <= 3729.12,1240109455169276991964195549603100205343920124650,536612352203444219941520255017816880726320196521
353678676405108312753446367337787706651403358644-613148910390529016751623441696139971801492582077,1730.0,Tot sum > 7960.5,psh_flag_number <= 0.45,353678676405108312753446367337787706651403358644,613148910390529016751623441696139971801492582077
257711990708449088883374418234561981791379092145-119344160183475244949093914849963595993797471657,1730.0,Max > 2874.0,HTTPS > 0.25,257711990708449088883374418234561981791379092145,119344160183475244949093914849963595993797471657
119344160183475244949093914849963595993797471657-743075882901197344619292071143398815035102873878,1730.0,HTTPS > 0.25,Time_To_Live > 62.45,119344160183475244949093914849963595993797471657,743075882901197344619292071143398815035102873878
119344160183475244949093914849963595993797471657-450732185867019503557253938593748687470332854114,3378.0,HTTPS > 0.25,fin_flag_number <= 0.05,119344160183475244949093914849963595993797471657,450732185867019503557253938593748687470332854114
743075882901197344619292071143398815035102873878-894271682574492716380138675952294725999112443407,1730.0,Time_To_Live > 62.45,Rate <= 1765.69,743075882901197344619292071143398815035102873878,894271682574492716380138675952294725999112443407
894271682574492716380138675952294725999112443407-248033278716617619972145658768251396818632364186,1730.0,Rate <= 1765.69,Std > 755.85,894271682574492716380138675952294725999112443407,248033278716617619972145658768251396818632364186
248033278716617619972145658768251396818632364186-1065678358868830613118634470078609803156730625463,1730.0,Std > 755.85,Min > 59.0,248033278716617619972145658768251396818632364186,1065678358868830613118634470078609803156730625463
325551195483518595353909212855727284622040285051-368895190526474322630463350262516775731513218980,1730.0,Tot sum <= 35794.0,AVG > 206.35,325551195483518595353909212855727284622040285051,368895190526474322630463350262516775731513218980
368895190526474322630463350262516775731513218980-485286984889666322070978850247914612689823260711,1730.0,AVG > 206.35,AVG > 781.85,368895190526474322630463350262516775731513218980,485286984889666322070978850247914612689823260711
368895190526474322630463350262516775731513218980-960204804290866912202461537498692335600870319897,2365.0,AVG > 206.35,Tot sum > 35794.0,368895190526474322630463350262516775731513218980,960204804290866912202461537498692335600870319897
485286984889666322070978850247914612689823260711-313966293707852304271238602452879935845810138389,1730.0,AVG > 781.85,Class Benign,485286984889666322070978850247914612689823260711,313966293707852304271238602452879935845810138389
1081120431056829239705557225884792952917305544014-408188955411007800742274299601350483998307949934,1741.0,AVG <= 3404.2,Rate > 329.77,1081120431056829239705557225884792952917305544014,408188955411007800742274299601350483998307949934
408188955411007800742274299601350483998307949934-1327591587969702676170349114218927800435590920039,1741.0,Rate > 329.77,Tot sum > 9140.0,408188955411007800742274299601350483998307949934,1327591587969702676170349114218927800435590920039
1327591587969702676170349114218927800435590920039-395553839061760183450769792032050296186856610739,1741.0,Tot sum > 9140.0,HTTP <= 0.25,1327591587969702676170349114218927800435590920039,395553839061760183450769792032050296186856610739
404792258416932853105473822002114249667118477531-387587405642621519745509255499974046560031130251,1741.0,Std > 426.91,syn_flag_number <= 0.05,404792258416932853105473822002114249667118477531,387587405642621519745509255499974046560031130251
1422903831267254838319679233631999844356305844515-1075164529392186212084223707925516428068963221936,1779.0,Max <= 655.5,ack_flag_number > 0.1,1422903831267254838319679233631999844356305844515,1075164529392186212084223707925516428068963221936
1422903831267254838319679233631999844356305844515-624235337273177539161176326505068371443306109387,17342.0,Max <= 655.5,ack_flag_number <= 0.1,1422903831267254838319679233631999844356305844515,624235337273177539161176326505068371443306109387
519246868803490290752420769250736118639714922742-326422692296825843811100508251790776115352659574,1779.0,Tot size > 58.0,ack_count > 10.5,519246868803490290752420769250736118639714922742,326422692296825843811100508251790776115352659574
881628252635621084750814762093090114513283890033-444903398511190255204347034984188376704789605296,1789.0,psh_flag_number <= 0.1,syn_count <= 0.5,881628252635621084750814762093090114513283890033,444903398511190255204347034984188376704789605296
881628252635621084750814762093090114513283890033-1242074094213274666803667927274434019568687379698,22234.0,psh_flag_number <= 0.1,HTTPS <= 0.1,881628252635621084750814762093090114513283890033,1242074094213274666803667927274434019568687379698
881628252635621084750814762093090114513283890033-732492459352802983988368572173578474720121195817,23202.0,psh_flag_number <= 0.1,Tot size <= 958.05,881628252635621084750814762093090114513283890033,732492459352802983988368572173578474720121195817
1320569302170672074896921704835796692620326038749-1289684885355651410163396270336711081686957920053,1789.0,Tot sum > 10816.0,Time_To_Live <= 219.5,1320569302170672074896921704835796692620326038749,1289684885355651410163396270336711081686957920053
1289684885355651410163396270336711081686957920053-829650571075610833687368979855650942004633378987,1789.0,Time_To_Live <= 219.5,rst_count <= 0.5,1289684885355651410163396270336711081686957920053,829650571075610833687368979855650942004633378987
275409520758972370643478582459551709901991264221-1045874808088107332530545743065116310327379466881,1789.0,Rate <= 14492.19,Number <= 55.0,275409520758972370643478582459551709901991264221,1045874808088107332530545743065116310327379466881
671328880370758937403800270241477012788812950970-112036831443961378545640353474359831949825462812,1789.0,ece_flag_number <= 0.05,Tot sum <= 34688.0,671328880370758937403800270241477012788812950970,112036831443961378545640353474359831949825462812
112036831443961378545640353474359831949825462812-953913665845140399695198589392976727662944162410,1789.0,Tot sum <= 34688.0,Max > 1507.0,112036831443961378545640353474359831949825462812,953913665845140399695198589392976727662944162410
422705652263043289873859759118275221583044103512-1065678358868830613118634470078609803156730625463,1789.0,Header_Length > 24.66,Min > 59.0,422705652263043289873859759118275221583044103512,1065678358868830613118634470078609803156730625463
279278748635462491609709169030615220444371953148-1417934636759409488646659014188540628782694085883,1817.0,ack_flag_number > 0.95,ack_flag_number > 0.55,279278748635462491609709169030615220444371953148,1417934636759409488646659014188540628782694085883
837148820430552964350024515657176049236210822581-1437081467055428746021978433282703033443826359871,1817.0,AVG > 216.4,fin_count <= 1.5,837148820430552964350024515657176049236210822581,1437081467055428746021978433282703033443826359871
985521245487824745037099104251507828209310611423-14677893904445507785574192933477396509830395368,1835.0,Rate <= 10256.96,Header_Length <= 32.4,985521245487824745037099104251507828209310611423,14677893904445507785574192933477396509830395368
421810167286508725908152788207505037850485167188-1434014076214317828935633160096098169519529924231,1835.0,Tot sum <= 15205.0,Time_To_Live <= 158.55,421810167286508725908152788207505037850485167188,1434014076214317828935633160096098169519529924231
1434014076214317828935633160096098169519529924231-805220564124955600797736809356531748257259736745,1835.0,Time_To_Live <= 158.55,psh_flag_number <= 0.22,1434014076214317828935633160096098169519529924231,805220564124955600797736809356531748257259736745
805220564124955600797736809356531748257259736745-829650571075610833687368979855650942004633378987,1835.0,psh_flag_number <= 0.22,rst_count <= 0.5,805220564124955600797736809356531748257259736745,829650571075610833687368979855650942004633378987
1272649707028492453534506069803621213969054135506-369881654893140381416228384718218743524158348019,1835.0,Time_To_Live > 63.43,Max > 1512.0,1272649707028492453534506069803621213969054135506,369881654893140381416228384718218743524158348019
369881654893140381416228384718218743524158348019-350163972690850470090105637270036798825466227248,1835.0,Max > 1512.0,Tot size > 63.55,369881654893140381416228384718218743524158348019,350163972690850470090105637270036798825466227248
350163972690850470090105637270036798825466227248-306301110546769032185094571534824386624637298002,1835.0,Tot size > 63.55,ack_flag_number > 0.81,350163972690850470090105637270036798825466227248,306301110546769032185094571534824386624637298002
265164409785125000337025115981884796686465554463-108816870880086561133628790988784737831150212659,1855.0,Tot sum > 5965.5,Std > 124.64,265164409785125000337025115981884796686465554463,108816870880086561133628790988784737831150212659
265164409785125000337025115981884796686465554463-1439385643897364330281901333148065384887505356139,12375.0,Tot sum > 5965.5,Tot size <= 956.8,265164409785125000337025115981884796686465554463,1439385643897364330281901333148065384887505356139
265164409785125000337025115981884796686465554463-1205794517085955892190441569471599920599031313020,18051.0,Tot sum > 5965.5,Std <= 124.64,265164409785125000337025115981884796686465554463,1205794517085955892190441569471599920599031313020
265164409785125000337025115981884796686465554463-1245406723190135219943199717374607889961516359156,21904.0,Tot sum > 5965.5,Number > 11.0,265164409785125000337025115981884796686465554463,1245406723190135219943199717374607889961516359156
108816870880086561133628790988784737831150212659-138261212437244355443558943885623470980555004436,1855.0,Std > 124.64,Header_Length <= 7.18,108816870880086561133628790988784737831150212659,138261212437244355443558943885623470980555004436
138261212437244355443558943885623470980555004436-814746951838240332608886231201515917226116142391,1855.0,Header_Length <= 7.18,AVG > 74.74,138261212437244355443558943885623470980555004436,814746951838240332608886231201515917226116142391
814746951838240332608886231201515917226116142391-703354571316526670705826685636552632944029910339,1855.0,AVG > 74.74,Class DoS/DDoS,814746951838240332608886231201515917226116142391,703354571316526670705826685636552632944029910339
989488082182082875042633887578890713818719295651-1458069876979971502522853390778048609769483190189,2137.0,Std <= 626.26,Std <= 585.28,989488082182082875042633887578890713818719295651,1458069876979971502522853390778048609769483190189
989488082182082875042633887578890713818719295651-1398596639925280509074546129649157066313129858562,2221.0,Std <= 626.26,Std > 585.28,989488082182082875042633887578890713818719295651,1398596639925280509074546129649157066313129858562
1458069876979971502522853390778048609769483190189-703354571316526670705826685636552632944029910339,2137.0,Std <= 585.28,Class DoS/DDoS,1458069876979971502522853390778048609769483190189,703354571316526670705826685636552632944029910339
612649706603416837611305011066426657549645347859-703354571316526670705826685636552632944029910339,2149.0,AVG > 515.7,Class DoS/DDoS,612649706603416837611305011066426657549645347859,703354571316526670705826685636552632944029910339
1398596639925280509074546129649157066313129858562-80548824216953943797182989301716843687711845884,2221.0,Std > 585.28,Number > 18.0,1398596639925280509074546129649157066313129858562,80548824216953943797182989301716843687711845884
80548824216953943797182989301716843687711845884-703354571316526670705826685636552632944029910339,2221.0,Number > 18.0,Class DoS/DDoS,80548824216953943797182989301716843687711845884,703354571316526670705826685636552632944029910339
861787560656561436082810504550992117758191350423-1240109455169276991964195549603100205343920124650,2295.0,Tot size <= 138.05,rst_flag_number <= 0.05,861787560656561436082810504550992117758191350423,1240109455169276991964195549603100205343920124650
1424688532515866046171614830311112795329768338746-1192984920266809387410797841281899793702001594780,2343.0,Protocol Type > 11.5,Min > 77.0,1424688532515866046171614830311112795329768338746,1192984920266809387410797841281899793702001594780
1424688532515866046171614830311112795329768338746-975524105111316058055353624768463829073713361696,2392.0,Protocol Type > 11.5,Min <= 77.0,1424688532515866046171614830311112795329768338746,975524105111316058055353624768463829073713361696
1192984920266809387410797841281899793702001594780-960712946849304431979344770075945334255366423260,2343.0,Min > 77.0,Tot sum > 1337.0,1192984920266809387410797841281899793702001594780,960712946849304431979344770075945334255366423260
960712946849304431979344770075945334255366423260-150513471142592898771949335311264544562595106682,2343.0,Tot sum > 1337.0,Rate > 1388.34,960712946849304431979344770075945334255366423260,150513471142592898771949335311264544562595106682
150513471142592898771949335311264544562595106682-703354571316526670705826685636552632944029910339,2343.0,Rate > 1388.34,Class DoS/DDoS,150513471142592898771949335311264544562595106682,703354571316526670705826685636552632944029910339
1441998074012024563725737147226929701163051738616-1102463209797783125282733392579005370720404020145,2348.0,Number > 55.0,fin_count > 0.5,1441998074012024563725737147226929701163051738616,1102463209797783125282733392579005370720404020145
1441998074012024563725737147226929701163051738616-283764534524763299334854818536642510251537977387,3676.0,Number > 55.0,Std <= 12.13,1441998074012024563725737147226929701163051738616,283764534524763299334854818536642510251537977387
1441998074012024563725737147226929701163051738616-703354571316526670705826685636552632944029910339,12298.0,Number > 55.0,Class DoS/DDoS,1441998074012024563725737147226929701163051738616,703354571316526670705826685636552632944029910339
1441998074012024563725737147226929701163051738616-371591821625166726613853158278384607871803201524,13606.0,Number > 55.0,fin_count <= 0.5,1441998074012024563725737147226929701163051738616,371591821625166726613853158278384607871803201524
1102463209797783125282733392579005370720404020145-703354571316526670705826685636552632944029910339,2348.0,fin_count > 0.5,Class DoS/DDoS,1102463209797783125282733392579005370720404020145,703354571316526670705826685636552632944029910339
232471171496965278670239735263264724812388216587-622666970840200344191566336878595586235437997465,2363.0,Tot size <= 92.6,HTTPS > 0.15,232471171496965278670239735263264724812388216587,622666970840200344191566336878595586235437997465
341229906854321590164057706723530186765515835426-395553839061760183450769792032050296186856610739,2363.0,Min <= 786.0,HTTP <= 0.25,341229906854321590164057706723530186765515835426,395553839061760183450769792032050296186856610739
612539620358672076897566158135546820227928190589-1106208575857103525639177361189982018872780416326,2363.0,Min > 57.5,Tot sum > 639.0,612539620358672076897566158135546820227928190589,1106208575857103525639177361189982018872780416326
1106208575857103525639177361189982018872780416326-1342412290037990275801029368844730198597963714935,2363.0,Tot sum > 639.0,ICMP <= 0.05,1106208575857103525639177361189982018872780416326,1342412290037990275801029368844730198597963714935
880098917183594222002260548128829020659899940427-854737470679532947107657314026081295833069183844,2363.0,IAT <= 0.04,UDP <= 0.14,880098917183594222002260548128829020659899940427,854737470679532947107657314026081295833069183844
281377077607284898538664687494022656661413605293-313966293707852304271238602452879935845810138389,2363.0,Variance <= 92557.64,Class Benign,281377077607284898538664687494022656661413605293,313966293707852304271238602452879935845810138389
960204804290866912202461537498692335600870319897-844911967272613826591924016364646972616501644298,2365.0,Tot sum > 35794.0,Max <= 8369.0,960204804290866912202461537498692335600870319897,844911967272613826591924016364646972616501644298
844911967272613826591924016364646972616501644298-1191548126855183117026812200425042075474859640510,2365.0,Max <= 8369.0,ack_flag_number <= 1.0,844911967272613826591924016364646972616501644298,1191548126855183117026812200425042075474859640510
1191548126855183117026812200425042075474859640510-703354571316526670705826685636552632944029910339,2365.0,ack_flag_number <= 1.0,Class DoS/DDoS,1191548126855183117026812200425042075474859640510,703354571316526670705826685636552632944029910339
975524105111316058055353624768463829073713361696-1283991082173772016518065909568524892283508500682,2392.0,Min <= 77.0,HTTPS <= 0.0,975524105111316058055353624768463829073713361696,1283991082173772016518065909568524892283508500682
1283991082173772016518065909568524892283508500682-703354571316526670705826685636552632944029910339,2392.0,HTTPS <= 0.0,Class DoS/DDoS,1283991082173772016518065909568524892283508500682,703354571316526670705826685636552632944029910339
973560185652923633558202018993356923804493848003-515726689223306649845658265472094983740505059862,2479.0,ack_flag_number > 0.59,AVG <= 593.51,973560185652923633558202018993356923804493848003,515726689223306649845658265472094983740505059862
515726689223306649845658265472094983740505059862-703354571316526670705826685636552632944029910339,2479.0,AVG <= 593.51,Class DoS/DDoS,515726689223306649845658265472094983740505059862,703354571316526670705826685636552632944029910339
666179399781949004947332462038171845488893058518-1201839425245329478570475159940823220330920583566,2519.0,AVG <= 515.7,UDP > 0.97,666179399781949004947332462038171845488893058518,1201839425245329478570475159940823220330920583566
666179399781949004947332462038171845488893058518-69835040025580699091582929884945651255745658196,5419.0,AVG <= 515.7,UDP <= 0.97,666179399781949004947332462038171845488893058518,69835040025580699091582929884945651255745658196
1201839425245329478570475159940823220330920583566-741153011582869714873084406512034323273068316360,2519.0,UDP > 0.97,Rate > 3145.84,1201839425245329478570475159940823220330920583566,741153011582869714873084406512034323273068316360
741153011582869714873084406512034323273068316360-328841072803826724837110389485312510194016552872,2519.0,Rate > 3145.84,Class Spoofing,741153011582869714873084406512034323273068316360,328841072803826724837110389485312510194016552872
1283157300508050323013809171883556607780373106600-67205272051125165186951376074651752795823479906,2558.0,Time_To_Live > 61.78,Std > 4.43,1283157300508050323013809171883556607780373106600,67205272051125165186951376074651752795823479906
1283157300508050323013809171883556607780373106600-1216489113853753915604628974778656984209918368728,14784.0,Time_To_Live > 61.78,Std <= 4.43,1283157300508050323013809171883556607780373106600,1216489113853753915604628974778656984209918368728
67205272051125165186951376074651752795823479906-977723732207961979164288775723787702930984386820,2558.0,Std > 4.43,Variance > 19.97,67205272051125165186951376074651752795823479906,977723732207961979164288775723787702930984386820
977723732207961979164288775723787702930984386820-710636389650206056198304914971118465150447953773,2558.0,Variance > 19.97,Max > 195.5,977723732207961979164288775723787702930984386820,710636389650206056198304914971118465150447953773
710636389650206056198304914971118465150447953773-1143980720523680101460713612878190184461508651473,2558.0,Max > 195.5,Number > 62.0,710636389650206056198304914971118465150447953773,1143980720523680101460713612878190184461508651473
1143980720523680101460713612878190184461508651473-703354571316526670705826685636552632944029910339,2558.0,Number > 62.0,Class DoS/DDoS,1143980720523680101460713612878190184461508651473,703354571316526670705826685636552632944029910339
818077061849896056661990455555440447663154144039-1065678358868830613118634470078609803156730625463,2691.0,Protocol Type <= 11.5,Min > 59.0,818077061849896056661990455555440447663154144039,1065678358868830613118634470078609803156730625463
818077061849896056661990455555440447663154144039-703354571316526670705826685636552632944029910339,10049.0,Protocol Type <= 11.5,Class DoS/DDoS,818077061849896056661990455555440447663154144039,703354571316526670705826685636552632944029910339
1287212664407640669162129149148787634517421767935-1216656226668550951453257253303810218334859091054,2705.0,psh_flag_number > 0.1,ack_count > 12.5,1287212664407640669162129149148787634517421767935,1216656226668550951453257253303810218334859091054
1216656226668550951453257253303810218334859091054-703354571316526670705826685636552632944029910339,2705.0,ack_count > 12.5,Class DoS/DDoS,1216656226668550951453257253303810218334859091054,703354571316526670705826685636552632944029910339
1178346501042903603685888066771216345446795210129-1049308223139374455056156438453340037531020795440,2719.0,UDP > 0.75,Tot sum > 609.5,1178346501042903603685888066771216345446795210129,1049308223139374455056156438453340037531020795440
1049308223139374455056156438453340037531020795440-783867881833598900577405146546009793642425438522,2719.0,Tot sum > 609.5,Max <= 1274.0,1049308223139374455056156438453340037531020795440,783867881833598900577405146546009793642425438522
783867881833598900577405146546009793642425438522-1065678358868830613118634470078609803156730625463,2719.0,Max <= 1274.0,Min > 59.0,783867881833598900577405146546009793642425438522,1065678358868830613118634470078609803156730625463
1443938865280111957689155697521086135929227929716-297935284819783291026583786906335024192044226889,2719.0,Tot sum > 1377.0,psh_flag_number <= 0.06,1443938865280111957689155697521086135929227929716,297935284819783291026583786906335024192044226889
297935284819783291026583786906335024192044226889-383116836596496468262090029448909352167655453320,2719.0,psh_flag_number <= 0.06,Class Reconnaissance,297935284819783291026583786906335024192044226889,383116836596496468262090029448909352167655453320
662564091846865226614315628924945971397979328296-695308908941315970274590391232864677644860852080,2809.0,Rate <= 3182.08,Header_Length > 28.2,662564091846865226614315628924945971397979328296,695308908941315970274590391232864677644860852080
695308908941315970274590391232864677644860852080-576098142795445991198676559136888773589592364687,2809.0,Header_Length > 28.2,Number <= 12.0,695308908941315970274590391232864677644860852080,576098142795445991198676559136888773589592364687
576098142795445991198676559136888773589592364687-522296290625812105210965960736507767100196631621,5705.0,Number <= 12.0,ack_count > 0.5,576098142795445991198676559136888773589592364687,522296290625812105210965960736507767100196631621
900447062492459457955238210065352270538849298598-371591821625166726613853158278384607871803201524,2896.0,Variance <= 534782.66,fin_count <= 0.5,900447062492459457955238210065352270538849298598,371591821625166726613853158278384607871803201524
1209939404480133779835797991547514822344758955278-576098142795445991198676559136888773589592364687,2896.0,Header_Length <= 28.2,Number <= 12.0,1209939404480133779835797991547514822344758955278,576098142795445991198676559136888773589592364687
464462760819080325052423935384869207843731932912-313966293707852304271238602452879935845810138389,2896.0,Rate <= 214.21,Class Benign,464462760819080325052423935384869207843731932912,313966293707852304271238602452879935845810138389
1300558834465352034371393236901202719107082230798-703354571316526670705826685636552632944029910339,2937.0,TCP <= 0.3,Class DoS/DDoS,1300558834465352034371393236901202719107082230798,703354571316526670705826685636552632944029910339
1419168125538624078599657756977532058827999042450-703354571316526670705826685636552632944029910339,7449.0,ARP > 0.0,Class DoS/DDoS,1419168125538624078599657756977532058827999042450,703354571316526670705826685636552632944029910339
1341094497353571418319768081553120496649707545523-1138053261661479461510748557912526932048895916681,3019.0,Header_Length <= 21.18,Max > 655.5,1341094497353571418319768081553120496649707545523,1138053261661479461510748557912526932048895916681
1341094497353571418319768081553120496649707545523-1422903831267254838319679233631999844356305844515,19121.0,Header_Length <= 21.18,Max <= 655.5,1341094497353571418319768081553120496649707545523,1422903831267254838319679233631999844356305844515
1138053261661479461510748557912526932048895916681-365011058872607914143006638605133985106246786905,3019.0,Max > 655.5,UDP <= 0.59,1138053261661479461510748557912526932048895916681,365011058872607914143006638605133985106246786905
365011058872607914143006638605133985106246786905-390617425911578969969008717168999866776748399131,3019.0,UDP <= 0.59,Max > 1505.0,365011058872607914143006638605133985106246786905,390617425911578969969008717168999866776748399131
390617425911578969969008717168999866776748399131-1077132718344370919309779171468850985364783821703,3019.0,Max > 1505.0,ack_flag_number <= 0.63,390617425911578969969008717168999866776748399131,1077132718344370919309779171468850985364783821703
1077132718344370919309779171468850985364783821703-729934659361728954644399723536945985335308612549,3019.0,ack_flag_number <= 0.63,Time_To_Live <= 87.6,1077132718344370919309779171468850985364783821703,729934659361728954644399723536945985335308612549
729934659361728954644399723536945985335308612549-703354571316526670705826685636552632944029910339,3019.0,Time_To_Live <= 87.6,Class DoS/DDoS,729934659361728954644399723536945985335308612549,703354571316526670705826685636552632944029910339
1181363647866021518916616016321270404391676421869-522296290625812105210965960736507767100196631621,3034.0,Number > 27.5,ack_count > 0.5,1181363647866021518916616016321270404391676421869,522296290625812105210965960736507767100196631621
1181363647866021518916616016321270404391676421869-1324371470327791779098880434634111243200462776602,4154.0,Number > 27.5,ack_count <= 0.5,1181363647866021518916616016321270404391676421869,1324371470327791779098880434634111243200462776602
1284953019999077639689787687065846909638350406130-1099727549522855783864797575311522371614377295046,3082.0,Tot size <= 1541.55,HTTPS > 0.1,1284953019999077639689787687065846909638350406130,1099727549522855783864797575311522371614377295046
1443408784530807454011493104434508352261197687017-1211179840315814102050366698863412564375406693168,3082.0,psh_flag_number <= 0.26,ack_count <= 10.5,1443408784530807454011493104434508352261197687017,1211179840315814102050366698863412564375406693168
1318493838278240466377205066012770314744188920263-1148374734560588385688644899927068439511312820095,3144.0,Rate > 1355.55,ack_count > 3.5,1318493838278240466377205066012770314744188920263,1148374734560588385688644899927068439511312820095
1318493838278240466377205066012770314744188920263-1039268936451367663632860312739660554909116889619,19906.0,Rate > 1355.55,ack_count <= 3.5,1318493838278240466377205066012770314744188920263,1039268936451367663632860312739660554909116889619
1148374734560588385688644899927068439511312820095-750715658610681918071823783281475990499573374711,3144.0,ack_count > 3.5,Header_Length <= 24.74,1148374734560588385688644899927068439511312820095,750715658610681918071823783281475990499573374711
750715658610681918071823783281475990499573374711-1062534171911505039908694785573498526808904210827,3144.0,Header_Length <= 24.74,Tot sum > 5878.0,750715658610681918071823783281475990499573374711,1062534171911505039908694785573498526808904210827
1062534171911505039908694785573498526808904210827-36624958289464548099323262086305134770053121598,3144.0,Tot sum > 5878.0,Time_To_Live <= 78.17,1062534171911505039908694785573498526808904210827,36624958289464548099323262086305134770053121598
36624958289464548099323262086305134770053121598-86878835192610735389778643883234450463265321706,3144.0,Time_To_Live <= 78.17,Tot size <= 985.99,36624958289464548099323262086305134770053121598,86878835192610735389778643883234450463265321706
86878835192610735389778643883234450463265321706-1342518191469937762923262513380857591886183571049,3144.0,Tot size <= 985.99,Std <= 667.95,86878835192610735389778643883234450463265321706,1342518191469937762923262513380857591886183571049
1342518191469937762923262513380857591886183571049-166894311956269608002512327041411332076577752833,3144.0,Std <= 667.95,Variance <= 372531.17,1342518191469937762923262513380857591886183571049,166894311956269608002512327041411332076577752833
166894311956269608002512327041411332076577752833-703354571316526670705826685636552632944029910339,3144.0,Variance <= 372531.17,Class DoS/DDoS,166894311956269608002512327041411332076577752833,703354571316526670705826685636552632944029910339
506523410093399856950676228462350948269604701352-1240109455169276991964195549603100205343920124650,3196.0,Rate <= 240.87,rst_flag_number <= 0.05,506523410093399856950676228462350948269604701352,1240109455169276991964195549603100205343920124650
640622367002324962573331379986077387627350883759-450732185867019503557253938593748687470332854114,3196.0,Header_Length > 9.8,fin_flag_number <= 0.05,640622367002324962573331379986077387627350883759,450732185867019503557253938593748687470332854114
1107962566984981584164276445501195726979424753061-1241045048677361136577950123348728108935815268443,3196.0,UDP <= 0.85,Tot size <= 266.5,1107962566984981584164276445501195726979424753061,1241045048677361136577950123348728108935815268443
1241045048677361136577950123348728108935815268443-879266922460690374232116611985104141275645924147,3196.0,Tot size <= 266.5,AVG > 64.35,1241045048677361136577950123348728108935815268443,879266922460690374232116611985104141275645924147
879266922460690374232116611985104141275645924147-556092270317629925150923924076204117359349390275,3196.0,AVG > 64.35,AVG <= 458.2,879266922460690374232116611985104141275645924147,556092270317629925150923924076204117359349390275
556092270317629925150923924076204117359349390275-1065678358868830613118634470078609803156730625463,3196.0,AVG <= 458.2,Min > 59.0,556092270317629925150923924076204117359349390275,1065678358868830613118634470078609803156730625463
548457630762247645813412579056652155648214399551-313966293707852304271238602452879935845810138389,3196.0,HTTPS <= 0.55,Class Benign,548457630762247645813412579056652155648214399551,313966293707852304271238602452879935845810138389
444791086211730916272239923741044123035707850091-797610753350974897814736785778043014385684562947,3266.0,Time_To_Live <= 221.25,Time_To_Live > 61.95,444791086211730916272239923741044123035707850091,797610753350974897814736785778043014385684562947
536612352203444219941520255017816880726320196521-1109891862553880570870087005248412160592323073197,3266.0,Rate <= 3729.12,fin_flag_number <= 0.15,536612352203444219941520255017816880726320196521,1109891862553880570870087005248412160592323073197
1109891862553880570870087005248412160592323073197-287706430603178195962515513166763322582899449909,3266.0,fin_flag_number <= 0.15,psh_flag_number <= 0.35,1109891862553880570870087005248412160592323073197,287706430603178195962515513166763322582899449909
750231297996923997242439424236313561011736078496-787587498094420844059893172129906091894471566758,3266.0,Max > 1511.0,Tot sum > 3520.0,750231297996923997242439424236313561011736078496,787587498094420844059893172129906091894471566758
787587498094420844059893172129906091894471566758-674196853837619115087533412010134527129516958514,3266.0,Tot sum > 3520.0,IAT > 0.0,787587498094420844059893172129906091894471566758,674196853837619115087533412010134527129516958514
851172426444758081805882780132578406878799820184-480444894448734478336407594292655332020214443346,3378.0,AVG > 499.45,Time_To_Live > 62.25,851172426444758081805882780132578406878799820184,480444894448734478336407594292655332020214443346
480444894448734478336407594292655332020214443346-674196853837619115087533412010134527129516958514,3378.0,Time_To_Live > 62.25,IAT > 0.0,480444894448734478336407594292655332020214443346,674196853837619115087533412010134527129516958514
1011208414435707529345775831254676804108612927017-1422048007536021465387005774963801659724276283989,3378.0,AVG <= 2074.3,Number <= 18.0,1011208414435707529345775831254676804108612927017,1422048007536021465387005774963801659724276283989
1422048007536021465387005774963801659724276283989-280541201996830105921788891544189229414914893639,3378.0,Number <= 18.0,Variance > 396943.52,1422048007536021465387005774963801659724276283989,280541201996830105921788891544189229414914893639
280541201996830105921788891544189229414914893639-1361653232660995247225098458485078879598815803506,3378.0,Variance > 396943.52,Max > 1513.0,280541201996830105921788891544189229414914893639,1361653232660995247225098458485078879598815803506
722324590764736192333694774638005755189324671827-125996128077238319553760239803857056277001115420,3555.0,Tot sum > 35426.0,Std <= 1985.01,722324590764736192333694774638005755189324671827,125996128077238319553760239803857056277001115420
125996128077238319553760239803857056277001115420-355249126926666873204661139437831492057184788591,3555.0,Std <= 1985.01,Std <= 1032.24,125996128077238319553760239803857056277001115420,355249126926666873204661139437831492057184788591
355249126926666873204661139437831492057184788591-703354571316526670705826685636552632944029910339,3555.0,Std <= 1032.24,Class DoS/DDoS,355249126926666873204661139437831492057184788591,703354571316526670705826685636552632944029910339
54740740771356227275522432144612129784905455487-890119504645636842306548231927299309037545655088,3566.0,ack_flag_number > 0.39,Variance <= 574705.44,54740740771356227275522432144612129784905455487,890119504645636842306548231927299309037545655088
890119504645636842306548231927299309037545655088-674196853837619115087533412010134527129516958514,3566.0,Variance <= 574705.44,IAT > 0.0,890119504645636842306548231927299309037545655088,674196853837619115087533412010134527129516958514
208684570419164485895332832501367733238966769160-833309946493601400073896666621678595832587445315,3676.0,Header_Length <= 11.88,UDP > 0.58,208684570419164485895332832501367733238966769160,833309946493601400073896666621678595832587445315
208684570419164485895332832501367733238966769160-169785108169009958364060615379062928148012989424,9002.0,Header_Length <= 11.88,UDP <= 0.58,208684570419164485895332832501367733238966769160,169785108169009958364060615379062928148012989424
833309946493601400073896666621678595832587445315-253073028212269479547431695579629254221260745352,3676.0,UDP > 0.58,UDP <= 1.0,833309946493601400073896666621678595832587445315,253073028212269479547431695579629254221260745352
253073028212269479547431695579629254221260745352-842479784107547652941848003352668766054772120007,3676.0,UDP <= 1.0,Std <= 222.26,253073028212269479547431695579629254221260745352,842479784107547652941848003352668766054772120007
253073028212269479547431695579629254221260745352-240432388360939171694781277912371607478304293723,12078.0,UDP <= 1.0,Number > 11.5,253073028212269479547431695579629254221260745352,240432388360939171694781277912371607478304293723
842479784107547652941848003352668766054772120007-1327206516476610967058765188076591807606724495915,3676.0,Std <= 222.26,DNS <= 0.09,842479784107547652941848003352668766054772120007,1327206516476610967058765188076591807606724495915
1327206516476610967058765188076591807606724495915-1211779019603258000957243660708019163554054981716,3676.0,DNS <= 0.09,IAT <= 0.01,1327206516476610967058765188076591807606724495915,1211779019603258000957243660708019163554054981716
525033459985603071059454004586368716056114286579-1441998074012024563725737147226929701163051738616,7830.0,Min > 57.0,Number > 55.0,525033459985603071059454004586368716056114286579,1441998074012024563725737147226929701163051738616
525033459985603071059454004586368716056114286579-240432388360939171694781277912371607478304293723,8523.0,Min > 57.0,Number > 11.5,525033459985603071059454004586368716056114286579,240432388360939171694781277912371607478304293723
283764534524763299334854818536642510251537977387-703354571316526670705826685636552632944029910339,3676.0,Std <= 12.13,Class DoS/DDoS,283764534524763299334854818536642510251537977387,703354571316526670705826685636552632944029910339
460799070582671976303251392029561228530909168980-560272444880348369899404688872655100551086879065,3728.0,Std <= 755.98,UDP <= 0.55,460799070582671976303251392029561228530909168980,560272444880348369899404688872655100551086879065
288962697968753331165993254338939671802058239314-794821667500053655150969924307629105748926585447,4109.0,Tot sum <= 14232.0,Std <= 605.79,288962697968753331165993254338939671802058239314,794821667500053655150969924307629105748926585447
794821667500053655150969924307629105748926585447-1115682839386467005613863071740969176767863781991,4109.0,Std <= 605.79,Std <= 250.07,794821667500053655150969924307629105748926585447,1115682839386467005613863071740969176767863781991
1115682839386467005613863071740969176767863781991-328841072803826724837110389485312510194016552872,4109.0,Std <= 250.07,Class Spoofing,1115682839386467005613863071740969176767863781991,328841072803826724837110389485312510194016552872
169785108169009958364060615379062928148012989424-1172358098904527448374252329916237069637277488586,4154.0,UDP <= 0.58,Std <= 90.03,169785108169009958364060615379062928148012989424,1172358098904527448374252329916237069637277488586
169785108169009958364060615379062928148012989424-1312315897727878441378115642902215916781317521321,4848.0,UDP <= 0.58,Std > 90.03,169785108169009958364060615379062928148012989424,1312315897727878441378115642902215916781317521321
1172358098904527448374252329916237069637277488586-525033459985603071059454004586368716056114286579,4154.0,Std <= 90.03,Min > 57.0,1172358098904527448374252329916237069637277488586,525033459985603071059454004586368716056114286579
1324371470327791779098880434634111243200462776602-703354571316526670705826685636552632944029910339,4154.0,ack_count <= 0.5,Class DoS/DDoS,1324371470327791779098880434634111243200462776602,703354571316526670705826685636552632944029910339
1324371470327791779098880434634111243200462776602-626798074334538041087755234039547347804107580426,8188.0,ack_count <= 0.5,Rate > 2316.01,1324371470327791779098880434634111243200462776602,626798074334538041087755234039547347804107580426
1324371470327791779098880434634111243200462776602-935368900367045303396006419119921256298114482995,8237.0,ack_count <= 0.5,Time_To_Live > 62.6,1324371470327791779098880434634111243200462776602,935368900367045303396006419119921256298114482995
1404068155286408143823987806082408094255316813901-1376634548742164969356006375947159510816243110280,4246.0,HTTPS <= 0.11,TCP <= 0.35,1404068155286408143823987806082408094255316813901,1376634548742164969356006375947159510816243110280
1404068155286408143823987806082408094255316813901-1389102515941023894885110939789391197150731644612,5806.0,HTTPS <= 0.11,TCP > 0.35,1404068155286408143823987806082408094255316813901,1389102515941023894885110939789391197150731644612
1109307915479772492230693105897794416028184701012-936475851095496409784000222401091129542592958474,4358.0,IPv > 0.81,Max > 803.5,1109307915479772492230693105897794416028184701012,936475851095496409784000222401091129542592958474
1109307915479772492230693105897794416028184701012-991077255200765236987696860251901756883563763549,18844.0,IPv > 0.81,Max <= 803.5,1109307915479772492230693105897794416028184701012,991077255200765236987696860251901756883563763549
936475851095496409784000222401091129542592958474-904090736423641079283040975160202066293997915027,4358.0,Max > 803.5,Variance > 322767.88,936475851095496409784000222401091129542592958474,904090736423641079283040975160202066293997915027
904090736423641079283040975160202066293997915027-989488082182082875042633887578890713818719295651,4358.0,Variance > 322767.88,Std <= 626.26,904090736423641079283040975160202066293997915027,989488082182082875042633887578890713818719295651
266740630840317329171528273647945793974448548576-297711530331782528804436213478149167029893383186,4451.0,Variance <= 396943.52,HTTPS <= 0.2,266740630840317329171528273647945793974448548576,297711530331782528804436213478149167029893383186
297711530331782528804436213478149167029893383186-494358679614839600690720791797676443032204335761,4451.0,HTTPS <= 0.2,Header_Length <= 22.1,297711530331782528804436213478149167029893383186,494358679614839600690720791797676443032204335761
494358679614839600690720791797676443032204335761-1292811525283570822709640436693746544342173587717,4451.0,Header_Length <= 22.1,Rate > 47.19,494358679614839600690720791797676443032204335761,1292811525283570822709640436693746544342173587717
1245406723190135219943199717374607889961516359156-1419168125538624078599657756977532058827999042450,4474.0,Number > 11.0,ARP > 0.0,1245406723190135219943199717374607889961516359156,1419168125538624078599657756977532058827999042450
1245406723190135219943199717374607889961516359156-703354571316526670705826685636552632944029910339,8237.0,Number > 11.0,Class DoS/DDoS,1245406723190135219943199717374607889961516359156,703354571316526670705826685636552632944029910339
1245406723190135219943199717374607889961516359156-208797973962340694904605892894863341665156159963,20536.0,Number > 11.0,ARP <= 0.0,1245406723190135219943199717374607889961516359156,208797973962340694904605892894863341665156159963
1245406723190135219943199717374607889961516359156-915934335915084089623335188256102403558618268605,21376.0,Number > 11.0,LLC > 0.86,1245406723190135219943199717374607889961516359156,915934335915084089623335188256102403558618268605
1245406723190135219943199717374607889961516359156-381769665212252081230293747969820041211648327914,21904.0,Number > 11.0,Rate > 91.99,1245406723190135219943199717374607889961516359156,381769665212252081230293747969820041211648327914
1245406723190135219943199717374607889961516359156-667429767284158547254199917470297407896432065842,27034.0,Number > 11.0,IRC <= 0.0,1245406723190135219943199717374607889961516359156,667429767284158547254199917470297407896432065842
178770328222626990939801532630396996345334714737-1144197040251997211190350465913788187543239067957,4474.0,Rate > 869.07,syn_count > 0.5,178770328222626990939801532630396996345334714737,1144197040251997211190350465913788187543239067957
178770328222626990939801532630396996345334714737-444903398511190255204347034984188376704789605296,10087.0,Rate > 869.07,syn_count <= 0.5,178770328222626990939801532630396996345334714737,444903398511190255204347034984188376704789605296
1216489113853753915604628974778656984209918368728-1424688532515866046171614830311112795329768338746,4735.0,Std <= 4.43,Protocol Type > 11.5,1216489113853753915604628974778656984209918368728,1424688532515866046171614830311112795329768338746
1216489113853753915604628974778656984209918368728-818077061849896056661990455555440447663154144039,10049.0,Std <= 4.43,Protocol Type <= 11.5,1216489113853753915604628974778656984209918368728,818077061849896056661990455555440447663154144039
1312315897727878441378115642902215916781317521321-1036018034959656270570200180854457735414304275681,4848.0,Std > 90.03,Number > 21.5,1312315897727878441378115642902215916781317521321,1036018034959656270570200180854457735414304275681
1036018034959656270570200180854457735414304275681-703354571316526670705826685636552632944029910339,4848.0,Number > 21.5,Class DoS/DDoS,1036018034959656270570200180854457735414304275681,703354571316526670705826685636552632944029910339
1220766635983168857953194327455980387076212473266-703354571316526670705826685636552632944029910339,5013.0,syn_flag_number > 0.0,Class DoS/DDoS,1220766635983168857953194327455980387076212473266,703354571316526670705826685636552632944029910339
1305131285784390864871095629393467166513977487406-1067319981965712872034330218970832335074422150196,5031.0,AVG > 599.41,Number > 10.5,1305131285784390864871095629393467166513977487406,1067319981965712872034330218970832335074422150196
22296661685532604903372749796856100047246562640-703354571316526670705826685636552632944029910339,5270.0,Tot sum > 15003.0,Class DoS/DDoS,22296661685532604903372749796856100047246562640,703354571316526670705826685636552632944029910339
1264051081729598176640443974598654340820920494284-703354571316526670705826685636552632944029910339,5291.0,Tot sum > 14232.0,Class DoS/DDoS,1264051081729598176640443974598654340820920494284,703354571316526670705826685636552632944029910339
1134478022427460238394908820842039118972553949667-704445618733285572103051451627920443491295653839,5321.0,Header_Length <= 7.98,Tot sum > 8559.0,1134478022427460238394908820842039118972553949667,704445618733285572103051451627920443491295653839
704445618733285572103051451627920443491295653839-703354571316526670705826685636552632944029910339,5321.0,Tot sum > 8559.0,Class DoS/DDoS,704445618733285572103051451627920443491295653839,703354571316526670705826685636552632944029910339
69835040025580699091582929884945651255745658196-1231497703296121074389186347585707657251325382494,5419.0,UDP <= 0.97,Variance <= 1.03,69835040025580699091582929884945651255745658196,1231497703296121074389186347585707657251325382494
1231497703296121074389186347585707657251325382494-703354571316526670705826685636552632944029910339,5419.0,Variance <= 1.03,Class DoS/DDoS,1231497703296121074389186347585707657251325382494,703354571316526670705826685636552632944029910339
870159635553521972749932994033067496367964670111-1211779019603258000957243660708019163554054981716,5426.0,Time_To_Live > 63.45,IAT <= 0.01,870159635553521972749932994033067496367964670111,1211779019603258000957243660708019163554054981716
1389102515941023894885110939789391197150731644612-1264576668640158638805959450082356730802328390639,5806.0,TCP > 0.35,Time_To_Live > 49.1,1389102515941023894885110939789391197150731644612,1264576668640158638805959450082356730802328390639
1264576668640158638805959450082356730802328390639-1441998074012024563725737147226929701163051738616,5806.0,Time_To_Live > 49.1,Number > 55.0,1264576668640158638805959450082356730802328390639,1441998074012024563725737147226929701163051738616
240432388360939171694781277912371607478304293723-737627493677955186747450508205653664810130445388,6056.0,Number > 11.5,Variance > 0.02,240432388360939171694781277912371607478304293723,737627493677955186747450508205653664810130445388
240432388360939171694781277912371607478304293723-146383932459656317567181771630520457828204116692,13317.0,Number > 11.5,Variance <= 0.02,240432388360939171694781277912371607478304293723,146383932459656317567181771630520457828204116692
240432388360939171694781277912371607478304293723-703354571316526670705826685636552632944029910339,20601.0,Number > 11.5,Class DoS/DDoS,240432388360939171694781277912371607478304293723,703354571316526670705826685636552632944029910339
737627493677955186747450508205653664810130445388-703354571316526670705826685636552632944029910339,6056.0,Variance > 0.02,Class DoS/DDoS,737627493677955186747450508205653664810130445388,703354571316526670705826685636552632944029910339
112463115052154748847798171851360218469121395129-1144197040251997211190350465913788187543239067957,6129.0,AVG <= 351.81,syn_count > 0.5,112463115052154748847798171851360218469121395129,1144197040251997211190350465913788187543239067957
112463115052154748847798171851360218469121395129-444903398511190255204347034984188376704789605296,10052.0,AVG <= 351.81,syn_count <= 0.5,112463115052154748847798171851360218469121395129,444903398511190255204347034984188376704789605296
875227399290715743426157651645940707655825087528-703354571316526670705826685636552632944029910339,6129.0,Tot sum > 4822.0,Class DoS/DDoS,875227399290715743426157651645940707655825087528,703354571316526670705826685636552632944029910339
1300458713484834160074531523305281587195861463124-1394414938751630133600879251490207247212425569527,6221.0,IPv > 0.91,ack_count > 1.5,1300458713484834160074531523305281587195861463124,1394414938751630133600879251490207247212425569527
1300458713484834160074531523305281587195861463124-837350019345797083069017098769523350833973862102,19219.0,IPv > 0.91,ack_count <= 1.5,1300458713484834160074531523305281587195861463124,837350019345797083069017098769523350833973862102
1336780167325142884822165751392515518789351968738-703354571316526670705826685636552632944029910339,6341.0,Number > 12.0,Class DoS/DDoS,1336780167325142884822165751392515518789351968738,703354571316526670705826685636552632944029910339
1114833483885943008202034496725391059621261810548-738953110610944697101327621849696099931041673481,6492.0,Min > 56.5,AVG > 63.44,1114833483885943008202034496725391059621261810548,738953110610944697101327621849696099931041673481
1114833483885943008202034496725391059621261810548-1196499593581690841409680359289011637174721238561,13004.0,Min > 56.5,AVG <= 63.44,1114833483885943008202034496725391059621261810548,1196499593581690841409680359289011637174721238561
738953110610944697101327621849696099931041673481-674196853837619115087533412010134527129516958514,6492.0,AVG > 63.44,IAT > 0.0,738953110610944697101327621849696099931041673481,674196853837619115087533412010134527129516958514
1083310673319171210273031182674634355098045505686-351719838132079246673137711173414664727990693919,6492.0,Max > 366.5,IPv <= 1.0,1083310673319171210273031182674634355098045505686,351719838132079246673137711173414664727990693919
351719838132079246673137711173414664727990693919-1441998074012024563725737147226929701163051738616,6492.0,IPv <= 1.0,Number > 55.0,351719838132079246673137711173414664727990693919,1441998074012024563725737147226929701163051738616
837350019345797083069017098769523350833973862102-944163511000872468149254282351031011082291088324,6762.0,ack_count <= 1.5,AVG > 63.4,837350019345797083069017098769523350833973862102,944163511000872468149254282351031011082291088324
837350019345797083069017098769523350833973862102-674875779900185601645763417904528668138102711132,12457.0,ack_count <= 1.5,AVG <= 63.4,837350019345797083069017098769523350833973862102,674875779900185601645763417904528668138102711132
837350019345797083069017098769523350833973862102-387940528080874977707499700504446456900649032785,19373.0,ack_count <= 1.5,ack_flag_number <= 0.06,837350019345797083069017098769523350833973862102,387940528080874977707499700504446456900649032785
837350019345797083069017098769523350833973862102-1114833483885943008202034496725391059621261810548,19496.0,ack_count <= 1.5,Min > 56.5,837350019345797083069017098769523350833973862102,1114833483885943008202034496725391059621261810548
1125215929017646742599533041742513381208535861229-672089498321413807234755498364571982777300352386,7054.0,AVG <= 666.06,Tot sum > 6001.0,1125215929017646742599533041742513381208535861229,672089498321413807234755498364571982777300352386
1125215929017646742599533041742513381208535861229-151444507604518152594472521617972724807284761113,10997.0,AVG <= 666.06,Tot sum <= 6001.0,1125215929017646742599533041742513381208535861229,151444507604518152594472521617972724807284761113
672089498321413807234755498364571982777300352386-703354571316526670705826685636552632944029910339,7054.0,Tot sum > 6001.0,Class DoS/DDoS,672089498321413807234755498364571982777300352386,703354571316526670705826685636552632944029910339
398067670434286439144393088615206949933423905258-1425606424558845704740871636399088910678962814226,7399.0,Tot sum > 26071.0,HTTP <= 0.82,398067670434286439144393088615206949933423905258,1425606424558845704740871636399088910678962814226
1425606424558845704740871636399088910678962814226-703354571316526670705826685636552632944029910339,7399.0,HTTP <= 0.82,Class DoS/DDoS,1425606424558845704740871636399088910678962814226,703354571316526670705826685636552632944029910339
382345008508603652571712327509459978290105352764-1352074734128349562991805735276868127964782893615,7647.0,Tot sum <= 26071.0,Max <= 348.5,382345008508603652571712327509459978290105352764,1352074734128349562991805735276868127964782893615
1352074734128349562991805735276868127964782893615-979397025342863323356478228877266284941962490764,7647.0,Max <= 348.5,Time_To_Live <= 82.45,1352074734128349562991805735276868127964782893615,979397025342863323356478228877266284941962490764
979397025342863323356478228877266284941962490764-4733137617653653137346715796607230065035179847,7647.0,Time_To_Live <= 82.45,Variance <= 226.36,979397025342863323356478228877266284941962490764,4733137617653653137346715796607230065035179847
4733137617653653137346715796607230065035179847-38673335061015056733573013660808876998242654472,7647.0,Variance <= 226.36,Tot size > 59.4,4733137617653653137346715796607230065035179847,38673335061015056733573013660808876998242654472
38673335061015056733573013660808876998242654472-674196853837619115087533412010134527129516958514,7647.0,Tot size > 59.4,IAT > 0.0,38673335061015056733573013660808876998242654472,674196853837619115087533412010134527129516958514
1097156266083003217765660851225381067026127401895-508378631910284752768636948485529392594149440251,7647.0,Tot size <= 60.3,ARP <= 0.5,1097156266083003217765660851225381067026127401895,508378631910284752768636948485529392594149440251
508378631910284752768636948485529392594149440251-566849091796878587518410566640157536089374762223,7647.0,ARP <= 0.5,Time_To_Live > 62.85,508378631910284752768636948485529392594149440251,566849091796878587518410566640157536089374762223
566849091796878587518410566640157536089374762223-271839452148162645987794639296699827389962211028,7647.0,Time_To_Live > 62.85,Rate > 57.68,566849091796878587518410566640157536089374762223,271839452148162645987794639296699827389962211028
271839452148162645987794639296699827389962211028-313966293707852304271238602452879935845810138389,7647.0,Rate > 57.68,Class Benign,271839452148162645987794639296699827389962211028,313966293707852304271238602452879935845810138389
626798074334538041087755234039547347804107580426-756957845169559430742632189045135816707713446262,8188.0,Rate > 2316.01,Time_To_Live > 57.54,626798074334538041087755234039547347804107580426,756957845169559430742632189045135816707713446262
756957845169559430742632189045135816707713446262-538235646755901345835904878641492979084045547010,8188.0,Time_To_Live > 57.54,AVG <= 74.75,756957845169559430742632189045135816707713446262,538235646755901345835904878641492979084045547010
538235646755901345835904878641492979084045547010-674196853837619115087533412010134527129516958514,8188.0,AVG <= 74.75,IAT > 0.0,538235646755901345835904878641492979084045547010,674196853837619115087533412010134527129516958514
935368900367045303396006419119921256298114482995-1245406723190135219943199717374607889961516359156,8237.0,Time_To_Live > 62.6,Number > 11.0,935368900367045303396006419119921256298114482995,1245406723190135219943199717374607889961516359156
300055835468973060813722108799277211115350246183-304606219433483058770762637031152124132977238040,8523.0,ARP <= 0.1,Variance > 16.85,300055835468973060813722108799277211115350246183,304606219433483058770762637031152124132977238040
300055835468973060813722108799277211115350246183-605895374886568556987868220590857892600523236732,12375.0,ARP <= 0.1,Time_To_Live > 59.27,300055835468973060813722108799277211115350246183,605895374886568556987868220590857892600523236732
300055835468973060813722108799277211115350246183-240019841931461733319951309975157696724938261847,16036.0,ARP <= 0.1,Variance <= 16.85,300055835468973060813722108799277211115350246183,240019841931461733319951309975157696724938261847
304606219433483058770762637031152124132977238040-525033459985603071059454004586368716056114286579,8523.0,Variance > 16.85,Min > 57.0,304606219433483058770762637031152124132977238040,525033459985603071059454004586368716056114286579
137751422963072178856572769601519995868130997864-1040394420510017096978360746695810674736693702812,8672.0,AVG > 351.81,AVG <= 1500.4,137751422963072178856572769601519995868130997864,1040394420510017096978360746695810674736693702812
1040394420510017096978360746695810674736693702812-300234240866567870082078429145520800165132986697,8672.0,AVG <= 1500.4,Header_Length <= 14.32,1040394420510017096978360746695810674736693702812,300234240866567870082078429145520800165132986697
300234240866567870082078429145520800165132986697-1373053892578028125128591584518814844029720207924,8672.0,Header_Length <= 14.32,Tot sum > 21652.5,300234240866567870082078429145520800165132986697,1373053892578028125128591584518814844029720207924
1373053892578028125128591584518814844029720207924-72988825123612038016896977355075383732386589131,8672.0,Tot sum > 21652.5,fin_flag_number <= 0.0,1373053892578028125128591584518814844029720207924,72988825123612038016896977355075383732386589131
905819544296855301716224989833827187799626155007-1211779019603258000957243660708019163554054981716,10052.0,Time_To_Live <= 147.4,IAT <= 0.01,905819544296855301716224989833827187799626155007,1211779019603258000957243660708019163554054981716
847468502583258508188253642404047919662167770598-1441998074012024563725737147226929701163051738616,11800.0,Header_Length > 11.88,Number > 55.0,847468502583258508188253642404047919662167770598,1441998074012024563725737147226929701163051738616
178139137722496541699672926315921293167370554290-1423415856153973161933223645538645235042800027787,12078.0,TCP <= 0.1,Time_To_Live > 61.2,178139137722496541699672926315921293167370554290,1423415856153973161933223645538645235042800027787
178139137722496541699672926315921293167370554290-265164409785125000337025115981884796686465554463,12375.0,TCP <= 0.1,Tot sum > 5965.5,178139137722496541699672926315921293167370554290,265164409785125000337025115981884796686465554463
1423415856153973161933223645538645235042800027787-1040372781549012606548812053849029482609610337871,12078.0,Time_To_Live > 61.2,Time_To_Live <= 72.19,1423415856153973161933223645538645235042800027787,1040372781549012606548812053849029482609610337871
1423415856153973161933223645538645235042800027787-787048127316270964323692211227440410420141584501,23202.0,Time_To_Live > 61.2,Variance <= 398961.84,1423415856153973161933223645538645235042800027787,787048127316270964323692211227440410420141584501
1040372781549012606548812053849029482609610337871-253073028212269479547431695579629254221260745352,12078.0,Time_To_Live <= 72.19,UDP <= 1.0,1040372781549012606548812053849029482609610337871,253073028212269479547431695579629254221260745352
1439385643897364330281901333148065384887505356139-300055835468973060813722108799277211115350246183,12375.0,Tot size <= 956.8,ARP <= 0.1,1439385643897364330281901333148065384887505356139,300055835468973060813722108799277211115350246183
605895374886568556987868220590857892600523236732-674196853837619115087533412010134527129516958514,12375.0,Time_To_Live > 59.27,IAT > 0.0,605895374886568556987868220590857892600523236732,674196853837619115087533412010134527129516958514
674875779900185601645763417904528668138102711132-387940528080874977707499700504446456900649032785,12457.0,AVG <= 63.4,ack_flag_number <= 0.06,674875779900185601645763417904528668138102711132,387940528080874977707499700504446456900649032785
387940528080874977707499700504446456900649032785-609582868919628906943679261492406568140299245150,19373.0,ack_flag_number <= 0.06,Rate > 1147.0,387940528080874977707499700504446456900649032785,609582868919628906943679261492406568140299245150
387940528080874977707499700504446456900649032785-908330053850651092074876839164236996542219951709,25461.0,ack_flag_number <= 0.06,Number > 12.5,387940528080874977707499700504446456900649032785,908330053850651092074876839164236996542219951709
1196499593581690841409680359289011637174721238561-1349307035499388204217202247120362139938524449735,13004.0,AVG <= 63.44,Header_Length <= 20.9,1196499593581690841409680359289011637174721238561,1349307035499388204217202247120362139938524449735
1349307035499388204217202247120362139938524449735-387940528080874977707499700504446456900649032785,13004.0,Header_Length <= 20.9,ack_flag_number <= 0.06,1349307035499388204217202247120362139938524449735,387940528080874977707499700504446456900649032785
146383932459656317567181771630520457828204116692-703354571316526670705826685636552632944029910339,13317.0,Variance <= 0.02,Class DoS/DDoS,146383932459656317567181771630520457828204116692,703354571316526670705826685636552632944029910339
624235337273177539161176326505068371443306109387-402906162017670122506265404551317967736573309216,14561.0,ack_flag_number <= 0.1,Tot size <= 721.5,624235337273177539161176326505068371443306109387,402906162017670122506265404551317967736573309216
624235337273177539161176326505068371443306109387-13143449079645779264213200188640174150642751292,17342.0,ack_flag_number <= 0.1,Variance <= 11647.6,624235337273177539161176326505068371443306109387,13143449079645779264213200188640174150642751292
624235337273177539161176326505068371443306109387-960372219117936199562012985646945759096300274550,21376.0,ack_flag_number <= 0.1,Rate > 669.21,624235337273177539161176326505068371443306109387,960372219117936199562012985646945759096300274550
624235337273177539161176326505068371443306109387-265164409785125000337025115981884796686465554463,21904.0,ack_flag_number <= 0.1,Tot sum > 5965.5,624235337273177539161176326505068371443306109387,265164409785125000337025115981884796686465554463
402906162017670122506265404551317967736573309216-674196853837619115087533412010134527129516958514,14561.0,Tot size <= 721.5,IAT > 0.0,402906162017670122506265404551317967736573309216,674196853837619115087533412010134527129516958514
327053324170183204674031350746307237115263611826-908330053850651092074876839164236996542219951709,15198.0,Tot size <= 62.99,Number > 12.5,327053324170183204674031350746307237115263611826,908330053850651092074876839164236996542219951709
327053324170183204674031350746307237115263611826-490288992419340851103471347159887135086874719483,15200.0,Tot size <= 62.99,Number > 16.0,327053324170183204674031350746307237115263611826,490288992419340851103471347159887135086874719483
908330053850651092074876839164236996542219951709-232461901136382909872665715972494107355194419282,15198.0,Number > 12.5,LLC > 0.94,908330053850651092074876839164236996542219951709,232461901136382909872665715972494107355194419282
908330053850651092074876839164236996542219951709-703354571316526670705826685636552632944029910339,25461.0,Number > 12.5,Class DoS/DDoS,908330053850651092074876839164236996542219951709,703354571316526670705826685636552632944029910339
232461901136382909872665715972494107355194419282-703354571316526670705826685636552632944029910339,15198.0,LLC > 0.94,Class DoS/DDoS,232461901136382909872665715972494107355194419282,703354571316526670705826685636552632944029910339
490288992419340851103471347159887135086874719483-703354571316526670705826685636552632944029910339,15200.0,Number > 16.0,Class DoS/DDoS,490288992419340851103471347159887135086874719483,703354571316526670705826685636552632944029910339
13143449079645779264213200188640174150642751292-997539355458254244571212073762646371745047622010,17342.0,Variance <= 11647.6,Rate <= 181063.55,13143449079645779264213200188640174150642751292,997539355458254244571212073762646371745047622010
997539355458254244571212073762646371745047622010-1283157300508050323013809171883556607780373106600,17342.0,Rate <= 181063.55,Time_To_Live > 61.78,997539355458254244571212073762646371745047622010,1283157300508050323013809171883556607780373106600
1205794517085955892190441569471599920599031313020-1125215929017646742599533041742513381208535861229,18051.0,Std <= 124.64,AVG <= 666.06,1205794517085955892190441569471599920599031313020,1125215929017646742599533041742513381208535861229
991077255200765236987696860251901756883563763549-539654624076749484069434299544952645435113656225,18844.0,Max <= 803.5,Telnet <= 0.0,991077255200765236987696860251901756883563763549,539654624076749484069434299544952645435113656225
539654624076749484069434299544952645435113656225-703354571316526670705826685636552632944029910339,18844.0,Telnet <= 0.0,Class DoS/DDoS,539654624076749484069434299544952645435113656225,703354571316526670705826685636552632944029910339
609582868919628906943679261492406568140299245150-35369181419355985234419995978796054021066819216,19373.0,Rate > 1147.0,Tot sum > 5965.0,609582868919628906943679261492406568140299245150,35369181419355985234419995978796054021066819216
35369181419355985234419995978796054021066819216-240432388360939171694781277912371607478304293723,19373.0,Tot sum > 5965.0,Number > 11.5,35369181419355985234419995978796054021066819216,240432388360939171694781277912371607478304293723
1039268936451367663632860312739660554909116889619-265164409785125000337025115981884796686465554463,19906.0,ack_count <= 3.5,Tot sum > 5965.5,1039268936451367663632860312739660554909116889619,265164409785125000337025115981884796686465554463
960372219117936199562012985646945759096300274550-151086482158745331853352841239232195217218750964,21376.0,Rate > 669.21,Tot size <= 970.98,960372219117936199562012985646945759096300274550,151086482158745331853352841239232195217218750964
151086482158745331853352841239232195217218750964-1245406723190135219943199717374607889961516359156,21376.0,Tot size <= 970.98,Number > 11.0,151086482158745331853352841239232195217218750964,1245406723190135219943199717374607889961516359156
915934335915084089623335188256102403558618268605-703354571316526670705826685636552632944029910339,21376.0,LLC > 0.86,Class DoS/DDoS,915934335915084089623335188256102403558618268605,703354571316526670705826685636552632944029910339
381769665212252081230293747969820041211648327914-703354571316526670705826685636552632944029910339,21904.0,Rate > 91.99,Class DoS/DDoS,381769665212252081230293747969820041211648327914,703354571316526670705826685636552632944029910339
372642444799816041694164114553795421613254901355-703354571316526670705826685636552632944029910339,22029.0,AVG <= 599.41,Class DoS/DDoS,372642444799816041694164114553795421613254901355,703354571316526670705826685636552632944029910339
303296443544764722051227217830864928274730168707-1341094497353571418319768081553120496649707545523,22140.0,Rate > 1319.67,Header_Length <= 21.18,303296443544764722051227217830864928274730168707,1341094497353571418319768081553120496649707545523
1004306843730028786066540523215282685019378287335-881628252635621084750814762093090114513283890033,23202.0,ack_flag_number <= 0.59,psh_flag_number <= 0.1,1004306843730028786066540523215282685019378287335,881628252635621084750814762093090114513283890033
732492459352802983988368572173578474720121195817-1423415856153973161933223645538645235042800027787,23202.0,Tot size <= 958.05,Time_To_Live > 61.2,732492459352802983988368572173578474720121195817,1423415856153973161933223645538645235042800027787
787048127316270964323692211227440410420141584501-671949503053795505998684551190780352504710539557,23202.0,Variance <= 398961.84,Time_To_Live <= 95.87,787048127316270964323692211227440410420141584501,671949503053795505998684551190780352504710539557
671949503053795505998684551190780352504710539557-622649677702198916039220330632367821676274328979,23202.0,Time_To_Live <= 95.87,DNS <= 0.17,671949503053795505998684551190780352504710539557,622649677702198916039220330632367821676274328979
622649677702198916039220330632367821676274328979-368136863819188400110657394857539294709760590896,23202.0,DNS <= 0.17,Min > 48.0,622649677702198916039220330632367821676274328979,368136863819188400110657394857539294709760590896
368136863819188400110657394857539294709760590896-1109307915479772492230693105897794416028184701012,23202.0,Min > 48.0,IPv > 0.81,368136863819188400110657394857539294709760590896,1109307915479772492230693105897794416028184701012
728908325170040173788032888167898809472915493865-300055835468973060813722108799277211115350246183,24559.0,Header_Length <= 20.38,ARP <= 0.1,728908325170040173788032888167898809472915493865,300055835468973060813722108799277211115350246183
1442802046963895858168922464185347323032452229067-1242074094213274666803667927274434019568687379698,25010.0,Time_To_Live <= 69.8,HTTPS <= 0.1,1442802046963895858168922464185347323032452229067,1242074094213274666803667927274434019568687379698
667429767284158547254199917470297407896432065842-703354571316526670705826685636552632944029910339,27034.0,IRC <= 0.0,Class DoS/DDoS,667429767284158547254199917470297407896432065842,703354571316526670705826685636552632944029910339
